

<<< NEW FLIGHT DATA >>>


-0.024433, 0.000000, 1000.000000, 0.006981, 2000.000000, 1000.000000, 10.103141, 9.896399, 9.963328, 10.037131, -0.070136, 0.000230, 0.033235, -0.122164, 0.000000, 0.034904, -1.169684, 0.075020, 0.031772, 0.000611, -0.000368, 0.000712, 0.001748, 14.418945, 0.561523, 8.300781
-0.024433, 0.000000, 1000.000000, 0.006981, 2000.000000, 1000.000000, 10.120424, 9.875816, 9.982592, 10.021168, -0.070796, 0.001879, 0.051508, -0.122164, 0.000000, 0.034904, -1.171816, 0.073368, 0.040486, 0.001677, -0.003563, -0.018463, 0.001789, 14.235352, 8.441162, 123.107903
-0.024433, 0.000000, 1000.000000, 0.006981, 2000.000000, 1000.000000, 10.110107, 9.890833, 9.966465, 10.032595, -0.071351, -0.000470, 0.038286, -0.122164, 0.000000, 0.034904, -1.147318, 0.077659, 0.028995, 0.002742, 0.000698, -0.004615, 0.001747, 14.329102, 3.601074, 52.795406
-0.024433, 0.000000, 1000.000000, 0.006981, 2000.000000, 1000.000000, 10.097242, 9.869102, 9.976006, 10.057650, -0.077446, 0.016827, 0.036624, -0.122164, 0.000000, 0.034904, -1.126192, 0.034888, 0.041354, 0.012329, -0.030195, -0.002484, 0.002259, 14.258789, 12.719727, 184.631332
-0.024433, 0.000000, 1000.000000, 0.006981, 2000.000000, 1000.000000, 10.092483, 9.909665, 9.980577, 10.017276, -0.054880, -0.001074, 0.036529, -0.122164, 0.000000, 0.034904, -1.129014, -0.025738, 0.027025, -0.028151, 0.001763, -0.002484, 0.002259, 14.297852, 5.520630, 80.810539
-0.024433, 0.000000, 1000.000000, 0.006981, 2000.000000, 1000.000000, 10.087884, 9.914096, 9.970725, 10.027295, -0.057590, -0.000990, 0.029304, -0.122164, 0.000000, 0.034904, -1.217526, -0.007278, 0.030246, -0.022824, 0.001763, 0.004973, 0.001820, 14.321289, 4.238892, 62.194820
-0.024433, 0.000000, 1000.000000, 0.006981, 2000.000000, 1000.000000, 10.097852, 9.915446, 9.962768, 10.023934, -0.060894, -0.006649, 0.030310, -0.122164, 0.000000, 0.034904, -1.234752, 0.016972, 0.045584, -0.016433, 0.012416, 0.003907, 0.001817, 14.333008, 4.000854, 53.405758
-0.024433, 0.000000, 1000.000000, 0.006981, 2000.000000, 1000.000000, 10.102198, 9.899445, 9.966671, 10.031687, -0.066942, -0.000822, 0.034435, -0.122164, 0.000000, 0.034904, -1.241677, 0.015368, 0.065432, -0.005780, 0.001763, -0.000354, 0.002099, 14.329102, 4.159546, 60.974117
-0.024433, 0.000000, 1000.000000, 0.006981, 2000.000000, 1000.000000, 10.098529, 9.899915, 9.959910, 10.041646, -0.070087, 0.000778, 0.029220, -0.122164, 0.000000, 0.034904, -1.209622, -0.000151, 0.095704, 0.000611, -0.001433, 0.004973, 0.001754, 14.336914, 3.878784, 56.884762
-0.024433, 0.000000, 1000.000000, 0.006981, 2000.000000, 1000.000000, 10.106223, 9.892306, 9.960834, 10.040637, -0.073430, 0.000735, 0.033528, -0.122164, 0.000000, 0.034904, -1.160383, -0.012092, 0.105591, 0.004872, -0.001433, 0.000712, 0.002439, 14.336914, 3.759766, 55.175777
-0.024433, 0.000000, 1000.000000, 0.006981, 2000.000000, 1000.000000, 10.097614, 9.889723, 9.973427, 10.039236, -0.068426, 0.006332, 0.035521, -0.122164, 0.000000, 0.034904, -1.135580, -0.038519, 0.129296, -0.003650, -0.011020, -0.001419, 0.002220, 14.333008, 4.159546, 59.875484
-0.024433, 0.000000, 1000.000000, 0.006981, 2000.000000, 1000.000000, 10.104859, 9.904489, 9.957561, 10.033092, -0.068975, -0.004674, 0.031210, -0.122164, 0.000000, 0.034904, -1.144126, -0.049807, 0.147774, -0.001519, 0.008155, 0.002842, 0.001777, 14.336914, 3.799438, 55.786129
-0.024433, 0.000000, 1000.000000, 0.006981, 2000.000000, 1000.000000, 10.094810, 9.899859, 9.965468, 10.039863, -0.067336, 0.002666, 0.030139, -0.122164, 0.000000, 0.034904, -1.140088, -0.083396, 0.167837, -0.004715, -0.004629, 0.003907, 0.001765, 14.333008, 3.720093, 54.626461
-0.024433, 0.000000, 1000.000000, 0.006981, 2000.000000, 1000.000000, 10.110540, 9.896387, 9.958326, 10.034746, -0.072644, -0.003463, 0.034434, -0.122164, 0.000000, 0.034904, -1.140996, -0.074641, 0.170051, 0.003807, 0.006024, -0.000354, 0.002226, 14.340820, 3.518677, 51.696774
-0.024433, 0.000000, 1000.000000, 0.006981, 2000.000000, 1000.000000, 10.105589, 9.897490, 9.963211, 10.033710, -0.069650, -0.001540, 0.034400, -0.122164, 0.000000, 0.034904, -1.145168, -0.097016, 0.185182, -0.001519, 0.002828, -0.000354, 0.002137, 14.329102, 4.119873, 60.424801
-0.024433, 0.000000, 1000.000000, 0.006981, 2000.000000, 1000.000000, 10.093663, 9.901120, 9.971347, 10.033870, -0.063766, 0.002609, 0.032505, -0.122164, 0.000000, 0.034904, -1.113748, -0.100736, 0.191505, -0.012172, -0.004629, 0.001777, 0.002433, 14.325195, 3.961182, 58.105465
-0.024433, 0.000000, 1000.000000, 0.006981, 2000.000000, 1000.000000, 10.097982, 9.900192, 9.968872, 10.032953, -0.065468, 0.000913, 0.033427, -0.122164, 0.000000, 0.034904, -1.091447, -0.103056, 0.204762, -0.008976, -0.001433, 0.000712, 0.002327, 14.336914, 3.799438, 55.786129
-0.024433, 0.000000, 1000.000000, 0.006981, 2000.000000, 1000.000000, 10.103129, 9.892993, 9.963445, 10.040433, -0.071781, 0.001939, 0.033287, -0.122164, 0.000000, 0.034904, -1.039018, -0.103628, 0.212701, 0.003807, -0.003563, 0.000712, 0.001791, 14.333008, 3.680420, 54.016109
-0.024433, 0.000000, 1000.000000, 0.006981, 2000.000000, 1000.000000, 10.107078, 9.892585, 9.961345, 10.038993, -0.073036, 0.000169, 0.034211, -0.122164, 0.000000, 0.034904, -1.023153, -0.087881, 0.198260, 0.005938, -0.000368, -0.000354, 0.001752, 14.336914, 3.640747, 53.405758
-0.022688, 0.000000, 1000.000000, 0.006981, 2000.000000, 1000.000000, 10.095945, 9.902557, 9.966829, 10.034668, -0.065307, 0.000748, 0.031387, -0.113438, 0.000000, 0.034904, -0.998579, -0.104455, 0.213961, -0.000454, -0.001433, 0.002842, 0.002244, 14.336914, 3.518677, 51.574703
-0.022688, 0.000000, 1000.000000, 0.006981, 2000.000000, 1000.000000, 10.099493, 9.903738, 9.967445, 10.029324, -0.064409, -0.001616, 0.033469, -0.113438, 0.000000, 0.034904, -0.975361, -0.101259, 0.212703, -0.001519, 0.002828, 0.000712, 0.002168, 14.329102, 3.961182, 58.105465
-0.022688, 0.000000, 1000.000000, 0.006981, 2000.000000, 1000.000000, 10.098430, 9.907216, 9.970473, 10.023881, -0.061155, -0.002823, 0.034452, -0.113438, 0.000000, 0.034904, -0.931570, -0.099315, 0.210825, -0.007911, 0.004959, -0.000354, 0.002209, 14.329102, 3.479004, 51.086422
-0.022688, 0.000000, 1000.000000, 0.006981, 2000.000000, 1000.000000, 10.094633, 9.895590, 9.971970, 10.037807, -0.066220, 0.004889, 0.033301, -0.113438, 0.000000, 0.034904, -0.910745, -0.113224, 0.223319, 0.002742, -0.008890, 0.000712, 0.001998, 14.333008, 3.479004, 51.086422
-0.024433, 0.000000, 1000.000000, 0.006981, 2000.000000, 1000.000000, 10.107318, 9.894414, 9.965425, 10.032844, -0.070081, -0.000866, 0.036371, -0.122164, 0.000000, 0.034904, -0.926953, -0.111326, 0.214238, 0.000611, 0.001763, -0.002484, 0.001751, 14.329102, 3.601074, 52.795406
-0.022688, 0.000000, 1000.000000, 0.006981, 2000.000000, 1000.000000, 10.106773, 9.897772, 9.964094, 10.031361, -0.069067, -0.002273, 0.035434, -0.113438, 0.000000, 0.034904, -0.976951, -0.144068, 0.240897, 0.007003, 0.003894, -0.001419, 0.001943, 14.325195, 3.839111, 56.274410
-0.022688, 0.000000, 1000.000000, 0.006981, 2000.000000, 1000.000000, 10.099250, 9.890548, 9.973779, 10.036424, -0.067837, 0.005101, 0.036514, -0.113438, 0.000000, 0.034904, -0.991908, -0.133161, 0.234274, 0.003807, -0.008890, -0.002484, 0.002220, 14.329102, 3.640747, 53.405758
-0.022688, 0.000000, 1000.000000, 0.006981, 2000.000000, 1000.000000, 10.098504, 9.901177, 9.964286, 10.036033, -0.067268, 0.000160, 0.031395, -0.113438, 0.000000, 0.034904, -0.964967, -0.107168, 0.211229, 0.002742, -0.000368, 0.002842, 0.002350, 14.325195, 3.878784, 56.884762
-0.024433, 0.000000, 1000.000000, 0.006981, 2000.000000, 1000.000000, 10.105634, 9.889270, 9.969630, 10.035466, -0.070550, 0.002549, 0.037632, -0.122164, 0.000000, 0.034904, -0.941396, -0.134204, 0.232311, -0.000454, -0.004629, -0.003549, 0.002492, 14.329102, 3.720093, 54.626461
-0.024433, 0.000000, 1000.000000, 0.006981, 2000.000000, 1000.000000, 10.095147, 9.892528, 9.969451, 10.042874, -0.069011, 0.006163, 0.032299, -0.122164, 0.000000, 0.034904, -0.931563, -0.133384, 0.224010, -0.002584, -0.011020, 0.001777, 0.002215, 14.329102, 3.839111, 56.274410
-0.024433, 0.000000, 1000.000000, 0.006981, 2000.000000, 1000.000000, 10.111109, 9.893391, 9.961866, 10.033634, -0.072371, -0.002250, 0.036488, -0.122164, 0.000000, 0.034904, -0.943822, -0.126930, 0.219169, 0.003807, 0.003894, -0.002484, 0.002037, 14.329102, 3.680420, 54.016109
-0.024433, 0.000000, 1000.000000, 0.006981, 2000.000000, 1000.000000, 10.104170, 9.891537, 9.966433, 10.037861, -0.071016, 0.002147, 0.035301, -0.122164, 0.000000, 0.034904, -0.955471, -0.179431, 0.270881, 0.001677, -0.003563, -0.001419, 0.001795, 14.329102, 3.320312, 48.706051
-0.024433, 0.000000, 1000.000000, 0.006981, 2000.000000, 1000.000000, 10.101312, 9.890788, 9.971507, 10.036393, -0.068852, 0.003950, 0.036409, -0.122164, 0.000000, 0.034904, -1.008251, -0.187018, 0.273704, -0.002584, -0.006759, -0.002484, 0.001873, 14.329102, 3.561401, 52.307125
-0.024433, 0.000000, 1000.000000, 0.006981, 2000.000000, 1000.000000, 10.099753, 9.892568, 9.965053, 10.042626, -0.071190, 0.003839, 0.032403, -0.122164, 0.000000, 0.034904, -1.062164, -0.176729, 0.261674, 0.000611, -0.006759, 0.001777, 0.002385, 14.333008, 3.640747, 53.405758
-0.024433, 0.000000, 1000.000000, 0.006981, 2000.000000, 1000.000000, 10.104439, 9.899075, 9.962467, 10.034019, -0.069229, -0.001756, 0.033453, -0.122164, 0.000000, 0.034904, -1.040609, -0.191199, 0.270461, -0.002584, 0.002828, 0.000712, 0.002407, 14.333008, 3.601074, 52.795406
-0.024433, 0.000000, 1002.000000, 0.006981, 2000.000000, 1000.000000, 10.110968, 9.899210, 9.957882, 10.031940, -0.071454, -0.005089, 0.034425, -0.122164, 0.000000, 0.034904, -1.033046, -0.173000, 0.252631, 0.001677, 0.009220, -0.000354, 0.002202, 14.321289, 4.040527, 59.326168
-0.024433, 0.000000, 1007.000000, 0.006981, 2000.000000, 1000.000000, 10.106776, 9.892999, 9.963981, 10.036244, -0.071510, 0.000113, 0.035378, -0.122164, 0.000000, 0.034904, -1.048638, -0.176197, 0.258010, 0.002742, -0.000368, -0.001419, 0.001828, 14.325195, 3.799438, 55.725094
-0.022688, 0.000000, 1010.000000, 0.006981, 2000.000000, 1000.000000, 11.092635, 10.905797, 10.973987, 11.027581, -0.060108, 0.000784, 0.033311, -0.113438, 0.000000, 0.034904, -1.032469, -0.142189, 0.229245, -0.008976, -0.001433, 0.000712, 0.001900, 14.329102, 3.439331, 50.292965
-0.024433, 0.000000, 1008.000000, 0.006981, 2000.000000, 1000.000000, 10.107536, 9.895750, 9.965740, 10.030973, -0.069255, -0.001644, 0.036638, -0.122164, 0.000000, 0.034904, -1.063233, -0.122407, 0.231072, -0.002584, 0.002828, -0.002484, 0.002304, 14.336914, 3.240967, 47.607418
-0.024433, 0.000000, 1019.000000, 0.006981, 2000.000000, 1000.000000, 11.092133, 10.904810, 10.968567, 11.034491, -0.063312, 0.001529, 0.030350, -0.122164, 0.000000, 0.034904, -1.056322, -0.135202, 0.244570, -0.013237, -0.002498, 0.003907, 0.002340, 14.278320, 5.758667, 84.228508
-0.024433, 0.000000, 1019.000000, 0.006981, 2000.000000, 1000.000000, 11.093040, 10.893314, 10.973845, 11.039801, -0.066421, 0.006822, 0.033442, -0.122164, 0.000000, 0.034904, -1.045269, -0.138323, 0.253284, -0.007911, -0.012085, 0.000712, 0.002445, 14.282227, 5.560303, 81.298820
-0.024433, 0.000000, 1028.000000, 0.006981, 2000.000000, 1000.000000, 12.090800, 11.891316, 11.965743, 12.052140, -0.071470, 0.008942, 0.028271, -0.122164, 0.000000, 0.034904, -1.059198, -0.194292, 0.295175, 0.000611, -0.015281, 0.006038, 0.002277, 14.223633, 7.879639, 114.807121
-0.024433, 0.000000, 1045.000000, 0.006981, 2000.000000, 1000.000000, 14.052023, 13.931501, 14.000278, 14.016197, -0.034110, 0.008238, 0.026150, -0.122164, 0.000000, 0.034904, -1.127591, -0.222833, 0.302751, -0.064369, -0.014216, 0.008168, 0.001768, 14.024414, 16.400146, 235.595688
-0.022688, 0.000000, 1046.000000, 0.006981, 2000.000000, 1000.000000, 13.958022, 13.964295, 14.044639, 14.033044, 0.004467, 0.038842, 0.001330, -0.113438, 0.000000, 0.034904, -1.361924, -0.348311, 0.401561, -0.129350, -0.070675, 0.034800, 0.001849, 14.141602, 11.361694, 162.719711
-0.024433, 0.000000, 1049.000000, 0.006981, 2000.000000, 1000.000000, 13.958674, 13.947080, 14.148002, 13.946244, 0.047541, 0.047123, 0.053338, -0.122164, 0.000000, 0.034904, -1.885566, -0.584520, 0.418287, -0.218832, -0.085588, -0.020594, 0.001885, 14.180664, 9.680176, 140.625000
-0.024433, 0.000000, 1051.000000, 0.006981, 2000.000000, 1000.000000, 15.047333, 14.888752, 15.089371, 14.974545, -0.010938, 0.031958, 0.068352, -0.122164, 0.000000, 0.034904, -2.595871, -0.605781, 0.248224, -0.104849, -0.055761, -0.035507, 0.002300, 14.083008, 14.080811, 203.308090
-0.024433, 0.000000, 1058.000000, 0.006981, 2000.000000, 1000.000000, 15.226767, 14.764944, 14.832069, 15.176220, -0.201493, 0.004145, 0.029418, -0.122164, 0.000000, 0.034904, -2.333608, -0.705528, 0.265833, 0.232838, -0.006759, 0.004973, 0.002358, 14.110352, 12.561035, 176.879868
-0.024433, 0.000000, 1067.000000, 0.006981, 2000.000000, 1000.000000, 16.224094, 15.891281, 16.006308, 15.878315, -0.051205, -0.057688, 0.115202, -0.122164, 0.000000, 0.034904, -1.851200, -0.547095, 0.141153, -0.027085, 0.104028, -0.085574, 0.001819, 13.997070, 18.798828, 269.409180
-0.024433, 0.000000, 1069.000000, 0.006981, 2000.000000, 1000.000000, 15.965992, 15.939734, 16.249542, 15.844730, 0.094639, 0.047137, 0.107768, -0.122164, 0.000000, 0.034904, -2.207565, -0.467111, -0.104645, -0.302987, -0.086653, -0.078117, 0.001778, 13.868164, 23.760986, 340.576141
-0.022688, 0.000000, 1070.000000, 0.006981, 2000.000000, 1000.000000, 16.561079, 16.610834, 17.685831, 17.142256, 0.148333, 0.414043, 0.123454, -0.113438, 0.000000, 0.034904, -3.950310, -2.293377, -0.387139, -0.375425, -0.742852, -0.093031, 0.002269, 13.918945, 21.881104, 311.523438
-0.024433, 0.000000, 1069.000000, 0.006981, 2000.000000, 1000.000000, 15.943316, 15.471764, 16.541828, 16.043089, 0.006796, 0.292459, 0.242572, -0.122164, 0.000000, 0.034904, -4.546763, -4.085837, -0.851144, -0.136807, -0.523409, -0.216601, 0.002351, 14.083008, 13.159180, 189.819321
-0.022688, 0.000000, 1069.000000, 0.006981, 2000.000000, 1000.000000, 16.305353, 15.599135, 16.247343, 15.848169, -0.076761, 0.047756, 0.276348, -0.113438, 0.000000, 0.034904, -4.572534, -4.897085, -1.525379, 0.021917, -0.088784, -0.256016, 0.001841, 14.059570, 14.559937, 209.716782
-0.024433, 0.000000, 1070.000000, 0.006981, 2000.000000, 1000.000000, 17.365480, 16.794889, 16.982721, 16.856909, -0.111194, -0.080185, 0.174101, -0.122164, 0.000000, 0.034904, -4.385102, -4.782815, -2.071604, 0.080506, 0.145573, -0.148424, 0.001747, 13.942383, 19.158936, 273.498535
-0.024433, 0.000000, 1070.000000, 0.006981, 2000.000000, 1000.000000, 17.255524, 16.468216, 17.091564, 17.184696, -0.220109, 0.138130, 0.173544, -0.122164, 0.000000, 0.034904, -3.374643, -4.744261, -2.464013, 0.269056, -0.245377, -0.145229, 0.002321, 13.950195, 19.439697, 277.832031
-0.024433, 0.000000, 1070.000000, 0.006981, 2000.000000, 1000.000000, 16.967566, 16.324389, 17.418058, 17.289988, -0.128776, 0.354022, 0.192812, -0.122164, 0.000000, 0.034904, -2.915009, -5.916411, -2.893030, 0.103941, -0.631000, -0.165469, 0.002247, 13.942383, 19.320679, 275.695801
-0.024433, 0.000000, 1071.000000, 0.006981, 2000.000000, 1000.000000, 16.872383, 16.413727, 17.484032, 17.229858, -0.051122, 0.356945, 0.178207, -0.122164, 0.000000, 0.034904, -3.117327, -7.561554, -3.304118, -0.039868, -0.635261, -0.149490, 0.002384, 13.961914, 17.959595, 257.019043
-0.022688, 0.000000, 1069.000000, 0.006981, 2000.000000, 1000.000000, 16.185150, 15.579582, 16.300501, 15.934768, -0.059959, 0.117634, 0.242825, -0.113438, 0.000000, 0.034904, -3.342606, -8.617638, -3.827046, -0.004715, -0.213419, -0.220862, 0.001747, 14.083008, 11.840820, 170.715317
-0.022688, 0.000000, 1069.000000, 0.006981, 2000.000000, 1000.000000, 16.557751, 15.752530, 15.790877, 15.898843, -0.228297, -0.155140, 0.174314, -0.113438, 0.000000, 0.034904, -2.876016, -8.392611, -4.277037, 0.299949, 0.286187, -0.148424, 0.001747, 14.098633, 12.399292, 178.894028
-0.024433, 0.000000, 1069.000000, 0.006981, 2000.000000, 1000.000000, 16.627773, 15.643137, 15.604679, 16.124409, -0.376092, -0.135456, 0.116227, -0.122164, 0.000000, 0.034904, -1.518106, -7.596013, -4.381519, 0.563067, 0.251033, -0.086640, 0.001797, 14.024414, 15.960693, 229.309067
-0.024433, 0.000000, 1067.000000, 0.006981, 2000.000000, 1000.000000, 16.351143, 15.461315, 16.027199, 16.160343, -0.255743, 0.093771, 0.189171, -0.122164, 0.000000, 0.034904, 0.557684, -7.541089, -4.608279, 0.325515, -0.165482, -0.161208, 0.002348, 14.024414, 17.361450, 248.474106
-0.022688, 0.000000, 1067.000000, 0.006981, 2000.000000, 1000.000000, 15.934645, 15.766643, 16.333595, 15.965115, 0.050120, 0.149355, 0.134121, -0.113438, 0.000000, 0.034904, 0.561176, -8.172995, -5.014153, -0.204983, -0.268812, -0.104749, 0.002224, 14.028320, 14.840698, 213.195786
-0.022688, 0.000000, 1067.000000, 0.006981, 2000.000000, 1000.000000, 15.860336, 15.935966, 16.248112, 15.955585, 0.092040, 0.101849, 0.054225, -0.113438, 0.000000, 0.034904, -0.291868, -8.730627, -5.308966, -0.290204, -0.186788, -0.021659, 0.001785, 14.055664, 14.001465, 201.477036
-0.024433, 0.000000, 1066.000000, 0.006981, 2000.000000, 1000.000000, 16.190399, 15.993408, 15.893944, 15.922249, -0.056324, -0.091903, 0.042171, -0.122164, 0.000000, 0.034904, -0.766384, -8.766682, -5.437002, -0.027085, 0.167943, -0.008876, 0.001860, 14.024414, 15.078735, 216.674789
-0.022688, 0.000000, 1065.000000, 0.006981, 2000.000000, 1000.000000, 16.467482, 15.821640, 15.647770, 16.063108, -0.265295, -0.144561, 0.057626, -0.113438, 0.000000, 0.034904, -0.120016, -8.013812, -5.403611, 0.367060, 0.268077, -0.024855, 0.001776, 14.040039, 14.678955, 210.632309
-0.022688, 0.000000, 1060.000000, 0.006981, 2000.000000, 1000.000000, 16.223583, 15.812720, 16.039003, 15.924690, -0.074138, -0.018152, 0.131294, -0.113438, 0.000000, 0.034904, 1.188826, -7.623085, -5.476064, 0.013395, 0.032655, -0.100488, 0.002440, 14.028320, 15.039062, 215.881332
-0.022688, 0.000000, 1057.000000, 0.006981, 2000.000000, 1000.000000, 14.780408, 15.192559, 15.345138, 14.681895, 0.268848, 0.013516, 0.062773, -0.113438, 0.000000, 0.034904, 0.386531, -7.557228, -5.795238, -0.600194, -0.024868, -0.030181, 0.002045, 14.125977, 10.119629, 146.423340
-0.022688, 0.000000, 1034.000000, 0.006981, 2000.000000, 1000.000000, 12.798844, 13.200999, 13.386922, 12.613235, 0.293961, 0.000079, 0.092883, -0.113438, 0.000000, 0.034904, -1.490747, -7.347770, -6.123241, -0.661979, 0.000698, -0.062139, 0.001747, 14.196289, 6.838989, 99.426262
-0.022688, 0.000000, 1025.000000, 0.006981, 2000.000000, 1000.000000, 12.248158, 11.834785, 12.102006, 11.815051, -0.031604, -0.041472, 0.175082, -0.113438, 0.000000, 0.034904, -2.703797, -7.105697, -6.588861, -0.066500, 0.074201, -0.149490, 0.001770, 14.309570, 2.560425, 37.475586
-0.022688, 0.000000, 1026.000000, 0.006981, 2000.000000, 1000.000000, 12.493209, 11.652398, 11.667462, 12.186931, -0.340070, -0.072803, 0.080335, -0.113438, 0.000000, 0.034904, -2.078468, -6.898181, -6.800543, 0.493826, 0.131724, -0.048290, 0.002225, 14.239258, 5.319214, 77.575684
-0.022688, 0.000000, 1040.000000, 0.006981, 2000.000000, 1000.000000, 14.584299, 13.601646, 13.748377, 14.065678, -0.324988, -0.092972, 0.166338, -0.113438, 0.000000, 0.034904, 0.350343, -6.527718, -6.835371, 0.467194, 0.166878, -0.137772, 0.002340, 14.141602, 9.320068, 135.009766
-0.022688, 0.000000, 1048.000000, 0.006981, 2000.000000, 1000.000000, 14.342490, 13.883367, 14.048245, 13.725898, -0.034194, -0.112928, 0.195368, -0.113438, 0.000000, 0.034904, 1.040306, -6.118962, -7.183924, -0.053717, 0.203097, -0.168664, 0.002328, 14.102539, 11.441040, 165.283188
-0.022688, 0.000000, 1046.000000, 0.006981, 2000.000000, 1000.000000, 14.022417, 14.196770, 14.158649, 13.622164, 0.177709, -0.109593, 0.090534, -0.113438, 0.000000, 0.034904, -0.232009, -5.111159, -7.719897, -0.436144, 0.195640, -0.058943, 0.002354, 14.098633, 10.919189, 157.714844
-0.022688, 0.000000, 1046.000000, 0.006981, 2000.000000, 1000.000000, 14.151542, 13.879870, 14.027211, 13.941377, -0.046459, -0.015706, 0.089377, -0.113438, 0.000000, 0.034904, -0.897023, -4.748160, -7.925671, -0.036673, 0.027329, -0.057878, 0.002181, 14.129883, 9.320068, 134.887695
-0.022688, 0.000000, 1046.000000, 0.006981, 2000.000000, 1000.000000, 14.242159, 13.620300, 13.904476, 14.233065, -0.237612, 0.068771, 0.073317, -0.113438, 0.000000, 0.034904, -0.476600, -5.044010, -8.015062, 0.322319, -0.127133, -0.041899, 0.001764, 14.129883, 10.159302, 146.911621
-0.022688, 0.000000, 1043.000000, 0.006981, 2000.000000, 1000.000000, 14.216004, 13.703536, 14.124885, 13.955575, -0.085790, 0.040229, 0.170445, -0.113438, 0.000000, 0.034904, 0.610435, -5.654278, -8.326903, 0.040026, -0.072805, -0.143098, 0.002216, 14.106445, 12.200928, 176.208481
-0.022688, 0.000000, 1066.000000, 0.006981, 2000.000000, 1000.000000, 15.950607, 16.065655, 16.219978, 15.763760, 0.142817, -0.008132, 0.085292, -0.113438, 0.000000, 0.034904, 0.104115, -5.665941, -8.700256, -0.373294, 0.014546, -0.053617, 0.002242, 14.032227, 13.919067, 204.101547
-0.022688, 0.000000, 1069.000000, 0.006981, 2000.000000, 1000.000000, 15.969739, 15.975407, 16.224255, 15.830602, 0.099830, 0.027428, 0.096997, -0.113438, 0.000000, 0.034904, -1.070144, -5.463603, -8.905250, -0.304052, -0.049369, -0.066400, 0.001774, 13.958008, 16.839600, 240.600571
-0.022688, 0.000000, 1069.000000, 0.006981, 2000.000000, 1000.000000, 16.308651, 15.244951, 15.967665, 16.478733, -0.393692, 0.223199, 0.138158, -0.113438, 0.000000, 0.034904, -0.325791, -6.417146, -9.265179, 0.584373, -0.395578, -0.107945, 0.002399, 14.000977, 15.319824, 219.604477
-0.020942, 0.000000, 1069.000000, 0.006981, 2000.000000, 1000.000000, 16.156967, 15.191251, 16.172060, 16.479719, -0.318344, 0.325890, 0.164514, -0.104712, 0.000000, 0.034904, 0.879780, -7.922971, -9.445978, 0.468260, -0.596912, -0.137772, 0.001764, 13.965820, 17.041016, 243.774399
-0.022688, 0.000000, 1065.000000, 0.006981, 2000.000000, 1000.000000, 15.686016, 15.504866, 16.538342, 16.270775, 0.021605, 0.404559, 0.112179, -0.113438, 0.000000, 0.034904, 0.869249, -9.879357, -9.730171, -0.154916, -0.744983, -0.082379, 0.001756, 14.020508, 12.960815, 186.096176
-0.022688, 0.000000, 1049.000000, 0.006981, 2000.000000, 1000.000000, 13.809924, 13.931729, 14.497540, 13.760806, 0.214634, 0.129173, 0.153732, -0.113438, 0.000000, 0.034904, -1.027405, -11.722836, -10.518358, -0.501125, -0.232594, -0.124989, 0.002312, 14.125977, 9.478760, 137.329102
-0.022688, 0.000000, 1047.000000, 0.006981, 2000.000000, 1000.000000, 14.116644, 14.104015, 14.143543, 13.635798, 0.123779, -0.110330, 0.130093, -0.113438, 0.000000, 0.034904, -2.190186, -11.410774, -11.075006, -0.344532, 0.198836, -0.100488, 0.002246, 14.118164, 10.360718, 149.902344
-0.022688, 0.000000, 1046.000000, 0.006981, 2000.000000, 1000.000000, 14.455025, 13.926613, 13.779568, 13.838795, -0.146910, -0.190819, 0.117296, -0.113438, 0.000000, 0.034904, -2.338369, -10.491941, -11.359403, 0.146552, 0.349037, -0.087705, 0.001839, 14.129883, 9.359741, 135.620117
-0.024433, 0.000000, 1044.000000, 0.006981, 2000.000000, 1000.000000, 14.377913, 13.491322, 13.878382, 14.252384, -0.315149, 0.065383, 0.128147, -0.122164, 0.000000, 0.034904, -0.915113, -10.287637, -11.472792, 0.438432, -0.117546, -0.098357, 0.002202, 14.110352, 10.159302, 146.789551
-0.024433, 0.000000, 1045.000000, 0.006981, 2000.000000, 1000.000000, 14.119226, 13.568845, 14.209453, 14.102477, -0.110851, 0.155965, 0.164339, -0.122164, 0.000000, 0.034904, -0.335432, -10.978537, -11.693538, 0.073049, -0.280530, -0.136707, 0.002120, 14.094727, 11.199951, 161.621078
-0.024433, 0.001745, 1046.000000, 0.006981, 2000.000000, 1000.000000, 14.043760, 13.938520, 14.230429, 13.787291, 0.084474, 0.008859, 0.137095, -0.122164, 0.008726, 0.034904, -0.870430, -11.317932, -12.124628, -0.283812, -0.007824, -0.107945, 0.002133, 14.145508, 8.679199, 125.732414
-0.024433, 0.001745, 1046.000000, 0.006981, 2000.000000, 1000.000000, 14.387669, 14.256054, 13.905165, 13.451113, 0.080610, -0.321861, 0.146417, -0.122164, 0.008726, 0.034904, -2.072629, -9.662480, -12.777341, -0.273160, 0.586589, -0.117532, 0.002278, 14.118164, 9.719849, 140.502930
-0.020942, 0.045375, 1046.000000, 0.006981, 2000.000000, 1000.000000, 14.402740, 13.925448, 14.029344, 13.642468, -0.022604, -0.164094, 0.216042, -0.104712, 0.226876, 0.034904, -2.138198, -8.038664, -13.209331, -0.068630, 0.540783, -0.193165, 0.001760, 14.114258, 9.881592, 142.822266
-0.034904, 0.118674, 1049.000000, 0.006981, 2000.000000, 1000.000000, 14.158581, 13.478643, 14.200310, 14.162466, -0.160523, 0.181388, 0.179445, -0.174520, 0.593368, 0.034904, -1.826422, -7.065900, -13.692805, 0.108202, 0.290448, -0.153751, 0.001859, 14.086914, 11.441040, 164.978012
-0.036649, 0.150087, 1048.000000, 0.006981, 2000.000000, 1000.000000, 14.054679, 13.789079, 14.178977, 13.977265, -0.015973, 0.078122, 0.116828, -0.183246, 0.750436, 0.034904, -1.278847, -5.548792, -14.098392, -0.155981, 0.639852, -0.086640, 0.002230, 14.098633, 10.440063, 150.695801
-0.034904, 0.141361, 1057.000000, 0.006981, 2000.000000, 1000.000000, 15.142535, 15.363065, 14.959422, 14.534978, 0.161243, -0.252800, 0.050979, -0.174520, 0.706806, 0.034904, -1.359278, -2.989806, -14.251028, -0.467037, 1.189525, -0.017398, 0.002189, 13.950195, 18.038940, 257.690430
-0.036649, 0.157068, 1059.000000, 0.006981, 2000.000000, 1000.000000, 14.995659, 15.269325, 15.183825, 14.551191, 0.226575, -0.132492, 0.089742, -0.183246, 0.785340, 0.034904, -1.942649, 2.625083, -14.297728, -0.592737, 1.057433, -0.057878, 0.002145, 14.032227, 13.839722, 198.791489
-0.034904, 0.179756, 1059.000000, 0.006981, 2000.000000, 1000.000000, 14.793101, 14.774201, 15.449674, 14.983024, 0.111938, 0.216349, 0.121388, -0.174520, 0.898778, 0.034904, -2.769887, 4.883659, -14.389120, -0.383947, 0.549305, -0.090901, 0.002168, 13.989258, 15.121460, 216.674789
-0.034904, 0.179756, 1067.000000, 0.006981, 2000.000000, 1000.000000, 16.141905, 15.621700, 16.127169, 16.109224, -0.125565, 0.118197, 0.134537, -0.174520, 0.898778, 0.034904, -2.670610, 6.446821, -14.616045, 0.051744, 0.725073, -0.105814, 0.001859, 13.926758, 18.881226, 269.226074
-0.034904, 0.136126, 1072.000000, 0.006981, 2000.000000, 1000.000000, 17.702755, 16.795544, 16.550869, 16.950832, -0.326794, -0.249149, 0.126811, -0.174520, 0.680628, 0.034904, -1.108865, 8.880724, -15.095802, 0.405409, 1.163959, -0.097292, 0.002046, 13.989258, 14.880371, 213.195786
-0.036649, 0.000000, 1081.000000, 0.006981, 2000.000000, 1000.000000, 18.775848, 18.218330, 17.534115, 17.471706, -0.123778, -0.497089, 0.154981, -0.183246, 0.000000, 0.034904, 0.704838, 13.421343, -15.832407, 0.027243, 0.895514, -0.126054, 0.002280, 13.899414, 18.600464, 264.892578
-0.034904, 0.000000, 1086.000000, 0.006981, 2000.000000, 1000.000000, 18.331633, 17.590807, 18.109518, 17.968042, -0.149838, 0.038781, 0.220574, -0.174520, 0.000000, 0.034904, 1.126376, 14.550564, -16.397902, 0.093289, -0.069609, -0.197426, 0.001767, 13.786133, 24.041748, 339.416473
-0.036649, 0.000000, 1086.000000, 0.006981, 2000.000000, 1000.000000, 17.818583, 17.074377, 18.527967, 18.579073, -0.198827, 0.553520, 0.173274, -0.183246, 0.000000, 0.034904, 1.097075, 12.724792, -16.854666, 0.174248, -1.016623, -0.147359, 0.001752, 13.829102, 21.600342, 305.908203
-0.036649, 0.000000, 1083.000000, 0.008726, 2000.000000, 1000.000000, 18.145687, 17.386051, 18.350872, 18.117390, -0.131539, 0.234130, 0.248279, -0.183246, 0.000000, 0.043630, 0.491340, 8.926806, -17.477022, 0.045352, -0.428601, -0.214470, 0.002162, 13.766602, 24.841309, 350.219696
-0.036649, 0.000000, 1083.000000, 0.008726, 2000.000000, 1000.000000, 18.349133, 17.934399, 18.096527, 17.619942, 0.015462, -0.141765, 0.222830, -0.183246, 0.000000, 0.043630, 0.254499, 8.867004, -17.997923, -0.216701, 0.255294, -0.187839, 0.002196, 13.836914, 21.441650, 303.710938
-0.036649, 0.000000, 1083.000000, 0.006981, 2000.000000, 1000.000000, 18.281536, 18.213535, 17.999607, 17.505322, 0.106571, -0.247536, 0.140571, -0.183246, 0.000000, 0.034904, -0.204242, 10.270871, -18.267435, -0.387142, 0.455563, -0.112206, 0.001793, 13.825195, 21.920776, 310.302734
-0.036649, 0.000000, 1083.000000, 0.006981, 2000.000000, 1000.000000, 17.900015, 17.606421, 18.336081, 18.157484, -0.028749, 0.246781, 0.118048, -0.183246, 0.000000, 0.034904, -1.355885, 10.733414, -18.614452, -0.137872, -0.443515, -0.087705, 0.002223, 13.825195, 21.560669, 305.297852
-0.036649, 0.000000, 1068.000000, 0.006981, 2000.000000, 1000.000000, 15.952702, 15.365824, 16.368080, 16.313396, -0.133049, 0.340738, 0.160390, -0.183246, 0.000000, 0.034904, -1.941648, 9.169457, -18.753660, 0.048548, -0.611825, -0.131380, 0.002248, 13.969727, 14.599609, 208.923325
-0.036649, 0.000000, 1055.000000, 0.006981, 2000.000000, 1000.000000, 15.425882, 14.584242, 15.012903, 14.976973, -0.201428, -0.005062, 0.219393, -0.183246, 0.000000, 0.034904, -1.848935, 8.140911, -19.260918, 0.175314, 0.003894, -0.194231, 0.002090, 14.118164, 7.040405, 101.684563
-0.036649, 0.000000, 1054.000000, 0.006981, 2000.000000, 1000.000000, 15.536664, 14.905732, 14.783944, 14.773660, -0.155162, -0.221198, 0.160304, -0.183246, 0.000000, 0.034904, -0.668770, 9.008701, -20.097197, 0.090093, 0.399104, -0.131380, 0.002198, 14.075195, 10.281372, 148.193359
-0.036649, 0.000000, 1053.000000, 0.008726, 2000.000000, 1000.000000, 15.238180, 14.860445, 14.962170, 14.939205, -0.088693, -0.049313, 0.100175, -0.183246, 0.000000, 0.043630, -0.453222, 9.565675, -20.264709, -0.035607, 0.091245, -0.061073, 0.001769, 14.051758, 11.880493, 170.898422
-0.036649, 0.000000, 1053.000000, 0.036649, 2000.000000, 1000.000000, 14.888067, 14.719641, 15.401039, 14.991253, 0.060340, 0.196146, 0.144553, -0.183246, 0.000000, 0.183246, -1.121937, 9.322814, -20.197515, -0.298726, -0.359359, 0.035865, 0.001795, 14.028320, 12.600708, 181.030258
-0.036649, 0.000000, 1031.000000, 0.055846, 2000.000000, 1000.000000, 12.969459, 12.436225, 13.494103, 13.100213, -0.034836, 0.297158, 0.231781, -0.183246, 0.000000, 0.279232, -2.706879, 7.411922, -19.617691, -0.121893, -0.536192, 0.043322, 0.002242, 14.122070, 7.598877, 110.473625
-0.038394, 0.000000, 1004.000000, 0.064572, 2000.000000, 1000.000000, 10.444755, 9.435060, 10.142226, 9.977960, -0.211357, 0.060093, 0.293490, -0.191972, 0.000000, 0.322862, -2.824170, 6.511784, -19.558170, 0.179575, -0.111154, 0.023082, 0.002225, 17.188477, 0.000000, 0.671387
-0.038394, 0.000000, 1007.000000, 0.087260, 2000.000000, 1000.000000, 10.596765, 9.609363, 9.849933, 9.943940, -0.270353, -0.103064, 0.223349, -0.191972, 0.000000, 0.436300, -1.852861, 6.633272, -19.113579, 0.285035, 0.184987, 0.212698, 0.002360, 14.305664, 0.561523, 8.178711
-0.036649, 0.000000, 1010.000000, 0.127400, 2000.000000, 1000.000000, 11.603313, 10.255634, 11.225252, 10.915800, -0.259557, 0.070526, 0.414283, -0.183246, 0.000000, 0.636998, -1.114549, 6.510771, -18.630323, 0.277578, -0.126068, 0.218024, 0.002142, 14.161133, 7.641602, 110.778801
-0.036649, 0.000000, 1011.000000, 0.179756, 2000.000000, 1000.000000, 11.538364, 9.920744, 11.601343, 10.939548, -0.238957, 0.270445, 0.569854, -0.183246, 0.000000, 0.898778, -0.769072, 5.497167, -17.949133, 0.241360, -0.488256, 0.323485, 0.002174, 14.176758, 5.841064, 84.777824
-0.034904, 0.000000, 1011.000000, 0.204188, 2000.000000, 1000.000000, 11.434911, 9.762485, 11.693589, 11.109015, -0.271963, 0.401302, 0.564250, -0.174520, 0.000000, 1.020942, -0.518972, 3.557406, -16.890196, 0.318058, -0.739656, 0.453446, 0.001757, 14.188477, 5.560303, 80.810539
-0.036649, 0.001745, 1040.000000, 0.216405, 2000.000000, 1000.000000, 14.294695, 13.084166, 14.705696, 13.915443, -0.105069, 0.310570, 0.500195, -0.183246, 0.008726, 1.082024, -0.482045, 0.617442, -14.768684, -0.000454, -0.550040, 0.583408, 0.002280, 13.817383, 27.041626, 382.324188
-0.034904, 0.001745, 1071.000000, 0.219895, 2000.000000, 1000.000000, 17.147474, 16.391520, 17.766325, 16.694681, 0.078922, 0.230503, 0.456900, -0.174520, 0.008726, 1.099476, -1.254668, -0.369408, -13.142254, -0.323227, -0.404100, 0.648388, 0.002231, 13.711914, 26.959229, 378.784149
-0.026178, 0.001745, 1092.000000, 0.176265, 2000.000000, 1000.000000, 18.722069, 18.480202, 19.690861, 19.106869, 0.085532, 0.398864, 0.206465, -0.130890, 0.008726, 0.881326, -2.446260, -1.648358, -11.365528, -0.292334, -0.719416, 0.687803, 0.001866, 13.426758, 43.481445, 597.839355
-0.031414, 0.001745, 1090.000000, 0.122164, 2000.000000, 1000.000000, 19.065695, 18.367544, 19.236601, 19.330160, -0.197928, 0.283380, 0.151147, -0.157068, 0.008726, 0.610820, -3.141851, -4.607695, -9.058002, 0.190227, -0.499973, 0.466229, 0.002323, 13.692383, 28.359985, 397.277802
-0.029668, 0.001745, 1071.000000, 0.069808, 2000.000000, 1000.000000, 17.396614, 16.819427, 16.534142, 17.249817, -0.323216, -0.108022, -0.034623, -0.148342, 0.008726, 0.349040, -2.289693, -5.128031, -7.860746, 0.423519, 0.197770, 0.392726, 0.002350, 13.989258, 13.198853, 189.025864
-0.033159, 0.003490, 1070.000000, 0.052356, 2000.000000, 1000.000000, 17.376574, 17.046877, 16.585657, 16.990892, -0.183734, -0.211725, -0.018885, -0.165794, 0.017452, 0.261780, -1.377425, -4.346237, -6.870021, 0.159335, 0.408691, 0.289396, 0.001764, 13.891602, 19.119263, 271.789551
-0.031414, 0.020942, 1063.000000, 0.040140, 2000.000000, 1000.000000, 15.725973, 15.782845, 16.452112, 16.039068, 0.117480, 0.245590, 0.089043, -0.157068, 0.104712, 0.200698, -2.112443, -3.674435, -6.223884, -0.373294, -0.328467, 0.112564, 0.002267, 14.020508, 12.359619, 177.429184
-0.003490, 0.050611, 1059.000000, 0.034904, 2000.000000, 1000.000000, 14.475672, 14.354086, 15.753874, 15.416368, 0.053980, 0.585121, 0.114773, -0.017452, 0.253054, 0.174520, -2.946436, -5.256981, -6.032214, -0.116567, -0.787593, 0.059301, 0.002215, 14.055664, 7.919312, 114.196770
-0.003490, 0.057592, 1047.000000, 0.027923, 2000.000000, 1000.000000, 13.794312, 13.284900, 14.513307, 14.407481, -0.100897, 0.460394, 0.153810, -0.017452, 0.287958, 0.139616, -3.100232, -7.174465, -5.996965, 0.160400, -0.534062, -0.018463, 0.002055, 14.149414, 6.201172, 89.782707
-0.019197, 0.050611, 1051.000000, 0.026178, 2000.000000, 1000.000000, 15.707672, 14.690037, 14.617346, 14.984945, -0.346308, -0.198854, 0.162509, -0.095986, 0.253054, 0.130890, -0.973612, -6.830055, -6.082672, 0.531110, 0.630265, -0.036572, 0.001753, 14.004883, 12.680054, 181.884750
-0.031414, 0.031414, 1069.000000, 0.054101, 2000.000000, 1000.000000, 16.542543, 15.971602, 15.939989, 15.545861, -0.044204, -0.257074, 0.241267, -0.157068, 0.157068, 0.270506, 0.217158, -4.211100, -6.037375, -0.077152, 0.622808, 0.025213, 0.002283, 13.911133, 17.520142, 249.633774
-0.026178, 0.050611, 1078.000000, 0.048866, 2000.000000, 1000.000000, 16.783556, 16.709608, 17.360849, 17.145987, 0.035230, 0.253419, 0.072204, -0.130890, 0.253054, 0.244328, -0.368299, -3.230216, -5.772478, -0.202853, -0.187853, 0.174349, 0.002244, 13.875977, 18.161011, 257.995605
-0.019197, 0.089005, 1077.000000, 0.029668, 2000.000000, 1000.000000, 16.634779, 16.537394, 17.341806, 17.486021, -0.060400, 0.413914, -0.011708, -0.095986, 0.445026, 0.148342, -0.798671, -3.977907, -5.314154, 0.009133, -0.291183, 0.164761, 0.001804, 13.864258, 18.719482, 265.686035
-0.027923, 0.120419, 1077.000000, 0.012216, 2000.000000, 1000.000000, 17.075310, 16.491421, 16.885906, 17.547363, -0.311336, 0.216635, -0.019392, -0.139616, 0.602094, 0.061082, -0.227491, -4.213480, -4.945917, 0.418192, 0.235054, 0.083802, 0.001761, 13.872070, 19.039917, 270.385742
-0.033159, 0.122164, 1077.000000, 0.010471, 2000.000000, 1000.000000, 17.647419, 16.758450, 16.374607, 17.219524, -0.433471, -0.202935, 0.011013, -0.165794, 0.610820, 0.052356, 2.306211, -1.556254, -4.549560, 0.601417, 0.996714, 0.042257, 0.002253, 13.883789, 18.600464, 264.282227
-0.031414, 0.136126, 1077.000000, 0.010471, 2000.000000, 1000.000000, 17.266249, 16.892088, 16.802465, 17.039198, -0.152722, -0.079168, 0.034357, -0.157068, 0.680628, 0.052356, 3.373599, 0.904456, -4.458948, 0.109268, 0.853969, 0.017756, 0.002204, 13.868164, 18.920898, 268.615723
-0.033159, 0.181501, 1069.000000, 0.006981, 2000.000000, 1000.000000, 15.441953, 15.968490, 16.557638, 16.031919, 0.263063, 0.294778, -0.000205, -0.165794, 0.907504, 0.034904, 1.879715, 3.684817, -4.297615, -0.648130, 0.412952, 0.035865, 0.002354, 13.852539, 19.079590, 270.629883
-0.033159, 0.186736, 1047.000000, 0.006981, 2000.000000, 1000.000000, 13.422768, 13.667309, 14.650106, 14.259817, 0.158707, 0.454962, 0.036437, -0.165794, 0.933682, 0.034904, 0.410619, 4.353287, -4.157008, -0.452123, 0.150899, -0.002484, 0.002264, 14.188477, 2.920532, 42.419430
-0.033159, 0.176265, 1043.000000, 0.006981, 2000.000000, 1000.000000, 13.928532, 13.522738, 14.252190, 14.296541, -0.112536, 0.274366, 0.090360, -0.165794, 0.881326, 0.034904, 0.099383, 5.013876, -4.199001, 0.032569, 0.421475, -0.058943, 0.002069, 14.098633, 8.239746, 118.896477
-0.029668, 0.150087, 1043.000000, 0.006981, 2000.000000, 1000.000000, 14.449877, 13.743933, 13.715956, 14.090235, -0.270056, -0.096905, 0.082916, -0.148342, 0.750436, 0.034904, 0.854484, 6.888392, -4.447707, 0.337233, 0.959430, -0.051486, 0.002000, 14.079102, 9.161377, 132.019043
-0.027923, 0.108202, 1045.000000, 0.006981, 2000.000000, 1000.000000, 14.570895, 14.132993, 13.468839, 13.827273, -0.199084, -0.351944, 0.019867, -0.139616, 0.541012, 0.034904, 2.693623, 11.379369, -4.834997, 0.217924, 1.194852, 0.014560, 0.002281, 14.059570, 10.720825, 154.296875
-0.034904, 0.047120, 1041.000000, 0.006981, 2000.000000, 1000.000000, 14.499969, 13.988869, 13.558159, 13.953003, -0.226486, -0.244419, 0.029064, -0.174520, 0.235602, 0.034904, 3.559583, 13.883206, -5.003011, 0.234968, 0.697376, 0.004973, 0.001808, 14.051758, 10.598755, 152.526855
-0.033159, 0.000000, 1048.000000, 0.006981, 2000.000000, 1000.000000, 14.060922, 13.410422, 14.030196, 14.498460, -0.279691, 0.264328, 0.045559, -0.165794, 0.000000, 0.034904, 5.122409, 14.035842, -5.422555, 0.335102, -0.473342, -0.012071, 0.002235, 14.059570, 10.440063, 150.329590
-0.034904, 0.000000, 1048.000000, 0.006981, 2000.000000, 1000.000000, 13.705433, 13.343491, 14.283567, 14.667509, -0.186471, 0.475538, -0.005500, -0.174520, 0.000000, 0.034904, 5.689565, 12.145937, -5.547510, 0.156139, -0.857900, 0.041191, 0.002202, 14.055664, 10.321045, 148.498535
-0.034904, 0.000000, 1048.000000, 0.006981, 2000.000000, 1000.000000, 13.692863, 13.383390, 14.256727, 14.667019, -0.179941, 0.461873, -0.025204, -0.174520, 0.000000, 0.034904, 5.763297, 9.735497, -5.411494, 0.145486, -0.850443, 0.062497, 0.001797, 14.059570, 10.241699, 145.629883
-0.034904, 0.000000, 1072.000000, 0.006981, 2000.000000, 1000.000000, 17.142267, 16.607901, 16.785910, 17.463923, -0.303094, 0.124916, -0.035911, -0.174520, 0.000000, 0.034904, 6.578455, 7.326082, -5.249362, 0.363864, -0.225137, 0.073149, 0.002322, 13.668945, 32.281494, 451.599091
-0.036649, 0.000000, 1074.000000, 0.006981, 2000.000000, 1000.000000, 17.095343, 16.735384, 16.729841, 17.439432, -0.267388, 0.084637, -0.087408, -0.183246, 0.000000, 0.034904, 7.583943, 6.828758, -5.104025, 0.290361, -0.151634, 0.126412, 0.002355, 13.801758, 21.279907, 300.598145
-0.036649, 0.000000, 1075.000000, 0.006981, 2000.000000, 1000.000000, 16.580790, 16.829737, 17.242361, 17.347113, 0.036048, 0.294737, -0.088425, -0.183246, 0.000000, 0.034904, 7.575403, 5.998693, -4.754990, -0.256116, -0.536192, 0.129608, 0.001790, 13.891602, 16.799927, 239.013657
-0.036649, 0.000000, 1075.000000, 0.006981, 2000.000000, 1000.000000, 16.234859, 16.952095, 17.529919, 17.283127, 0.241006, 0.406522, -0.117610, -0.183246, 0.000000, 0.034904, 6.067687, 4.311932, -4.246622, -0.624695, -0.729004, 0.158370, 0.002223, 13.872070, 19.201660, 272.705078
-0.038394, 0.000000, 1074.000000, 0.006981, 2000.000000, 1000.000000, 16.567862, 16.922937, 17.204779, 17.304422, 0.063858, 0.254600, -0.113680, -0.191972, 0.000000, 0.034904, 3.712459, 1.987398, -3.456114, -0.313640, -0.459494, 0.154109, 0.002218, 13.887695, 17.678833, 251.281723
-0.034904, 0.000000, 1074.000000, 0.006981, 2000.000000, 1000.000000, 16.941154, 16.881371, 16.742805, 17.434669, -0.187912, 0.088737, -0.158020, -0.174520, 0.000000, 0.034904, 3.549128, 1.023837, -2.985987, 0.159335, -0.167613, 0.203111, 0.001747, 13.907227, 16.439819, 234.008774
-0.036649, 0.001745, 1074.000000, 0.005236, 2000.000000, 1000.000000, 17.085800, 16.940865, 16.508633, 17.464703, -0.275252, -0.013333, -0.202784, -0.183246, 0.008726, 0.026178, 4.400017, 0.869002, -2.410389, 0.313797, 0.032655, 0.241460, 0.001760, 13.856445, 18.359375, 260.498047
-0.036649, 0.003490, 1058.000000, 0.005236, 2000.000000, 1000.000000, 14.523034, 14.906022, 15.179776, 15.391168, 0.042899, 0.285472, -0.148595, -0.183246, 0.017452, 0.026178, 4.405000, 0.058879, -1.446213, -0.265703, -0.493582, 0.181805, 0.002227, 13.973633, 13.839722, 198.608383
-0.036649, 0.003490, 1056.000000, 0.005236, 2000.000000, 1000.000000, 14.335042, 14.913766, 15.267291, 15.483901, 0.090528, 0.375596, -0.198833, -0.183246, 0.017452, 0.026178, 3.504452, -1.546524, -0.922331, -0.354119, -0.653370, 0.234003, 0.002231, 14.036133, 10.720825, 154.174805
-0.036649, 0.033159, 1049.000000, 0.005236, 2000.000000, 1000.000000, 13.446468, 13.997833, 14.069563, 14.486135, 0.033698, 0.277849, -0.241985, -0.183246, 0.165794, 0.026178, 2.617638, -2.891847, -0.230381, -0.253985, -0.335924, 0.283005, 0.001815, 14.004883, 11.999512, 171.997055
-0.036649, 0.047120, 1049.000000, 0.005236, 2000.000000, 1000.000000, 14.042363, 13.976192, 13.554751, 14.426694, -0.234529, -0.009277, -0.201443, -0.183246, 0.235602, 0.026178, 2.416413, -3.010727, 0.770150, 0.225381, 0.259555, 0.237199, 0.002312, 14.086914, 8.441162, 121.826164
-0.036649, 0.048866, 1048.000000, 0.005236, 2000.000000, 1000.000000, 14.059668, 14.188251, 13.512369, 14.239712, -0.149690, -0.123959, -0.213981, -0.183246, 0.244328, 0.026178, 2.810167, -1.948564, 1.412376, 0.079440, 0.478998, 0.251047, 0.002166, 14.024414, 11.599731, 166.503891
-0.036649, 0.054101, 1049.000000, 0.005236, 2000.000000, 1000.000000, 13.742085, 14.316491, 13.820828, 14.120595, 0.068660, -0.029288, -0.218543, -0.183246, 0.270506, 0.026178, 2.531468, -0.719695, 2.104199, -0.312574, 0.340515, 0.258504, 0.001769, 14.055664, 9.359741, 134.704590
-0.036649, 0.061082, 1049.000000, 0.005236, 2000.000000, 1000.000000, 13.402967, 14.200186, 14.190636, 14.206211, 0.195410, 0.198424, -0.203198, -0.183246, 0.305410, 0.026178, 0.625603, -0.353852, 3.027592, -0.542670, -0.040847, 0.239329, 0.002257, 14.032227, 10.598755, 152.404785
-0.034904, 0.061082, 1050.000000, 0.005236, 2000.000000, 1000.000000, 14.478637, 15.169408, 15.033721, 15.318234, 0.101564, 0.175977, -0.243821, -0.174520, 0.305410, 0.026178, -0.631508, -0.556701, 3.699442, -0.370098, -0.001433, 0.283005, 0.001910, 13.907227, 17.279053, 246.093735
-0.036649, 0.055846, 1049.000000, 0.005236, 2000.000000, 1000.000000, 13.848819, 14.047872, 13.721047, 14.382262, -0.115541, 0.051655, -0.215067, -0.183246, 0.279232, 0.026178, -1.203043, -0.318508, 4.435161, 0.019786, 0.197770, 0.255308, 0.001783, 13.977539, 12.759399, 182.678207
-0.034904, 0.045375, 1060.000000, 0.005236, 2000.000000, 1000.000000, 16.035522, 15.969946, 15.534756, 16.459774, -0.247649, -0.002735, -0.214861, -0.174520, 0.226876, 0.026178, -0.425712, 0.789088, 5.316298, 0.261600, 0.240381, 0.249982, 0.002362, 13.856445, 21.081543, 298.889160
-0.033159, 0.027923, 1066.000000, 0.005236, 2000.000000, 1000.000000, 15.865193, 16.163765, 15.710340, 16.260704, -0.062948, -0.014479, -0.212234, -0.165794, 0.139616, 0.026178, -0.247235, 1.349165, 6.011932, -0.060108, 0.171139, 0.247851, 0.002320, 13.907227, 16.241455, 231.323227
-0.034904, 0.026178, 1068.000000, 0.005236, 2000.000000, 1000.000000, 15.783616, 16.224335, 15.929050, 16.063000, 0.076692, -0.003975, -0.143667, -0.174520, 0.130890, 0.026178, -0.831961, 1.641695, 6.607992, -0.325357, 0.145573, 0.178610, 0.001748, 13.930664, 15.039062, 214.599594
-0.034904, 0.000000, 1067.000000, 0.005236, 2000.000000, 1000.000000, 15.972991, 16.285160, 15.889870, 15.851981, 0.087514, -0.129075, -0.068570, -0.174520, 0.000000, 0.026178, -2.475218, 2.380569, 7.159527, -0.339206, 0.232924, 0.098715, 0.002164, 13.950195, 14.361572, 205.200180
-0.033159, 0.000000, 1068.000000, 0.005236, 2000.000000, 1000.000000, 15.988902, 15.932618, 15.843562, 16.234919, -0.111909, 0.039240, -0.083768, -0.165794, 0.000000, 0.026178, -3.026513, 2.584049, 7.468612, 0.022982, -0.069609, 0.113629, 0.002383, 13.911133, 16.641235, 236.999496
-0.033159, 0.000000, 1069.000000, 0.005236, 2000.000000, 1000.000000, 15.809301, 15.613439, 15.980958, 16.596302, -0.202802, 0.288630, -0.104871, -0.165794, 0.000000, 0.026178, -2.553654, 1.824823, 7.734406, 0.194488, -0.523409, 0.137065, 0.001867, 13.950195, 13.800049, 197.082504
-0.034904, 0.000000, 1068.000000, 0.005236, 2000.000000, 1000.000000, 15.439113, 16.074928, 15.988604, 16.497358, 0.031765, 0.242980, -0.286143, -0.174520, 0.000000, 0.026178, -2.291627, -0.684967, 8.619029, -0.236941, -0.446710, 0.327746, 0.001912, 13.922852, 15.960693, 227.478012
-0.034904, 0.000000, 1068.000000, 0.005236, 2000.000000, 1000.000000, 15.598982, 16.391043, 15.758391, 16.251585, 0.074716, 0.004988, -0.321313, -0.174520, 0.000000, 0.026178, -3.011363, -1.415052, 9.602810, -0.317901, -0.011020, 0.362899, 0.002159, 13.918945, 15.881348, 226.318344
-0.034904, 0.000000, 1068.000000, 0.005236, 2000.000000, 1000.000000, 15.732523, 16.463232, 15.789239, 16.015007, 0.126235, -0.097877, -0.239119, -0.174520, 0.000000, 0.026178, -4.000850, -1.332336, 10.432490, -0.408448, 0.177531, 0.279809, 0.001757, 13.911133, 15.438843, 220.031723
-0.034904, 0.000000, 1068.000000, 0.005236, 2000.000000, 1000.000000, 15.633310, 16.365297, 15.984910, 16.016483, 0.175104, 0.000696, -0.190890, -0.174520, 0.000000, 0.026178, -5.670364, -1.269112, 11.395994, -0.492603, -0.000368, 0.225481, 0.002277, 13.918945, 16.241455, 231.506332
-0.036649, 0.000000, 1068.000000, 0.005236, 2000.000000, 1000.000000, 15.601508, 16.163448, 16.083115, 16.151926, 0.123282, 0.117521, -0.157688, -0.183246, 0.000000, 0.026178, -6.826480, -1.837826, 11.894446, -0.413774, -0.211289, 0.191393, 0.002270, 13.891602, 16.799927, 239.013657
-0.034904, 0.000000, 1068.000000, 0.005236, 2000.000000, 1000.000000, 15.828710, 15.892513, 15.862124, 16.416655, -0.122682, 0.139389, -0.154584, -0.174520, 0.000000, 0.026178, -7.251359, -2.575219, 12.426530, 0.040026, -0.250703, 0.190327, 0.001823, 13.926758, 14.361572, 205.017075
-0.034904, 0.000000, 1067.000000, 0.005236, 2000.000000, 1000.000000, 16.155067, 15.589851, 15.628849, 16.626232, -0.390649, 0.127540, -0.108041, -0.174520, 0.000000, 0.026178, -5.505945, -2.943714, 13.069602, 0.518327, -0.227267, 0.139195, 0.002319, 13.918945, 15.481567, 214.477524
-0.036649, 0.000000, 1068.000000, 0.005236, 2000.000000, 1000.000000, 15.723463, 15.749154, 15.962159, 16.565228, -0.144344, 0.263692, -0.157190, -0.183246, 0.000000, 0.026178, -4.542634, -3.667053, 13.579358, 0.067723, -0.483995, 0.193523, 0.001758, 13.958008, 13.958740, 199.401840
-0.036649, 0.001745, 1068.000000, 0.003490, 2000.000000, 1000.000000, 15.268222, 15.948263, 16.420582, 16.362930, 0.184424, 0.391757, -0.155597, -0.183246, 0.008726, 0.017452, -4.957873, -5.545843, 14.059361, -0.523495, -0.694916, 0.180740, 0.002188, 13.918945, 15.359497, 218.811020
-0.036649, 0.001745, 1069.000000, 0.003490, 2000.000000, 1000.000000, 15.742378, 15.947227, 16.230030, 16.080366, 0.088628, 0.155198, -0.013796, -0.183246, 0.008726, 0.017452, -6.830325, -8.046803, 14.360966, -0.358380, -0.268812, 0.032669, 0.002206, 13.899414, 16.159058, 230.102524
-0.036649, 0.001745, 1069.000000, -0.001745, 2000.000000, 1000.000000, 16.262346, 15.864935, 15.806328, 16.066393, -0.164369, -0.063640, 0.034336, -0.183246, 0.008726, -0.008726, -7.168771, -8.345085, 14.263205, 0.108202, 0.122137, -0.045094, 0.001811, 13.915039, 15.921021, 226.806625
-0.036649, 0.001745, 1068.000000, -0.005236, 2000.000000, 1000.000000, 16.307505, 16.098928, 15.664177, 15.929387, -0.118447, -0.203217, -0.014158, -0.183246, 0.008726, -0.026178, -6.779431, -6.722891, 14.215838, 0.022982, 0.373538, -0.012071, 0.002346, 13.915039, 16.241455, 231.201157
-0.036649, 0.001745, 1068.000000, -0.003490, 2000.000000, 1000.000000, 15.844343, 15.940202, 16.185087, 16.030369, 0.062644, 0.107728, 0.014715, -0.183246, 0.008726, -0.017452, -7.295119, -6.442668, 14.076604, -0.299791, -0.181461, -0.033377, 0.002368, 13.915039, 15.679932, 223.388657
-0.036649, 0.001745, 1067.000000, -0.003490, 2000.000000, 1000.000000, 15.407005, 15.682960, 16.520451, 16.389585, 0.101705, 0.455018, -0.036272, -0.183246, 0.008726, -0.017452, -7.743143, -8.139909, 14.014693, -0.375425, -0.821681, 0.019886, 0.001854, 13.922852, 15.161133, 216.186508
-0.036649, 0.003490, 1067.000000, -0.005236, 2000.000000, 1000.000000, 15.567762, 15.737247, 16.432652, 16.262342, 0.084949, 0.347496, 0.000207, -0.183246, 0.017452, -0.026178, -7.985297, -10.472402, 13.958373, -0.338141, -0.613956, -0.026985, 0.002040, 13.922852, 14.199829, 202.392563
-0.036649, 0.003490, 1068.000000, 0.006981, 2000.000000, 1000.000000, 16.399767, 16.108536, 15.675529, 15.816165, -0.107966, -0.254152, 0.037649, -0.183246, 0.017452, 0.034904, -8.197101, -10.927851, 13.756872, 0.007003, 0.468346, -0.003549, 0.002347, 13.934570, 13.720703, 195.922836
-0.036649, 0.003490, 1068.000000, 0.006981, 2000.000000, 1000.000000, 16.448589, 16.159874, 15.383827, 16.007710, -0.228150, -0.304232, -0.083791, -0.183246, 0.017452, 0.034904, -8.079822, -9.264465, 13.973084, 0.217924, 0.565284, 0.123216, 0.002177, 13.918945, 15.200806, 216.491684
-0.036649, 0.003490, 1067.000000, 0.006981, 2000.000000, 1000.000000, 16.126089, 15.751186, 15.703070, 16.419657, -0.272872, 0.061363, -0.085421, -0.183246, 0.017452, 0.034904, -7.537980, -8.369308, 14.408952, 0.304210, -0.089849, 0.125347, 0.002008, 13.926758, 14.599609, 208.190903
-0.036649, 0.003490, 1054.000000, 0.006981, 2000.000000, 1000.000000, 14.359295, 14.386263, 15.239271, 16.015171, -0.187233, 0.627221, -0.200717, -0.183246, 0.017452, 0.034904, -5.916528, -10.607228, 15.397738, 0.140160, -1.102909, 0.244656, 0.002301, 13.977539, 12.561035, 179.809555
-0.036649, 0.003490, 1050.000000, -0.012216, 2000.000000, 1000.000000, 13.990131, 14.634584, 15.287106, 16.088179, -0.039155, 0.687642, -0.361382, -0.183246, 0.017452, -0.061082, -4.916757, -13.751925, 16.339005, -0.113371, -1.232871, 0.317093, 0.001937, 13.965820, 13.119507, 187.683090
-0.036649, 0.003490, 1053.000000, -0.022688, 2000.000000, 1000.000000, 14.175212, 14.863496, 15.017634, 15.943658, -0.059435, 0.480647, -0.403577, -0.183246, 0.017452, -0.113438, -4.189955, -16.598589, 17.368071, -0.082479, -0.858965, 0.308571, 0.001878, 14.012695, 10.400391, 149.230957
-0.036649, 0.003490, 1054.000000, 0.005236, 2000.000000, 1000.000000, 14.746689, 15.010359, 14.838991, 15.403961, -0.075325, 0.121476, -0.207160, -0.183246, 0.017452, 0.026178, -3.662007, -18.183987, 18.660547, -0.051586, -0.198505, 0.242525, 0.002324, 13.989258, 11.361694, 162.780746
-0.036649, 0.003490, 1054.000000, 0.006981, 2000.000000, 1000.000000, 14.914081, 14.668288, 14.863118, 15.554513, -0.234297, 0.208815, -0.111400, -0.183246, 0.017452, 0.034904, -3.053149, -18.709023, 19.337862, 0.229642, -0.357229, 0.151978, 0.002169, 13.993164, 12.200928, 174.804672
-0.038394, 0.003490, 1094.000000, 0.006981, 2000.000000, 1000.000000, 18.902157, 18.376945, 19.043076, 19.677822, -0.289989, 0.360448, -0.027383, -0.191972, 0.017452, 0.034904, -1.601861, -19.627380, 20.038689, 0.325515, -0.628870, 0.064627, 0.002155, 13.532227, 40.841675, 564.392090
-0.038394, 0.003490, 1090.000000, 0.006981, 2000.000000, 1000.000000, 19.003590, 18.227100, 19.014191, 19.755119, -0.379354, 0.384655, 0.008890, -0.191972, 0.017452, 0.034904, 1.113429, -21.679491, 21.074800, 0.485304, -0.677871, 0.026278, 0.002161, 13.594727, 28.561401, 397.827118
-0.036649, 0.003490, 1090.000000, 0.005236, 2000.000000, 1000.000000, 19.290018, 18.083471, 18.704836, 19.921675, -0.605847, 0.313255, -0.002573, -0.183246, 0.017452, 0.026178, 5.246153, -22.767916, 22.784983, 0.908211, -0.554302, 0.029474, 0.001934, 13.665039, 25.881958, 361.816376
-0.036649, 0.003490, 1099.000000, 0.005236, 2000.000000, 1000.000000, 19.016060, 18.024078, 18.984928, 19.974934, -0.495497, 0.479930, 0.000495, -0.183246, 0.017452, 0.026178, 8.252380, -23.620665, 24.043667, 0.701551, -0.841921, 0.026278, 0.002217, 13.665039, 26.119995, 365.234344
-0.036649, 0.003490, 1121.000000, 0.003490, 2000.000000, 1000.000000, 21.762764, 20.980183, 22.272999, 22.984055, -0.373410, 0.628527, 0.017882, -0.183246, 0.017452, 0.017452, 11.023201, -25.437536, 25.239710, 0.491695, -1.135932, -0.000354, 0.001765, 13.223633, 44.201660, 599.426270
-0.036649, 0.003490, 1119.000000, 0.005236, 2000.000000, 1000.000000, 21.224192, 20.262247, 20.817579, 21.695982, -0.460086, 0.256780, 0.020886, -0.183246, 0.017452, 0.026178, 13.620014, -26.996389, 26.454868, 0.633375, -0.446710, 0.004973, 0.002216, 13.239258, 34.320068, 469.116180
-0.036649, 0.350785, 1045.000000, 0.006981, 2000.000000, 1000.000000, 14.160408, 12.339830, 14.200344, 15.299417, -0.729913, 0.749881, 0.180376, -0.183246, 1.753926, 0.034904, 17.239218, -24.745792, 27.777281, 1.122328, 0.471542, -0.152686, 0.002270, 16.083008, 0.000000, 0.000000
-0.019197, 0.490401, 1010.000000, 0.006981, 2000.000000, 1000.000000, 10.680806, 9.530711, 11.741357, 12.047126, -0.363966, 0.894241, 0.211082, -0.095986, 2.452006, 0.034904, 18.748449, -22.130674, 27.902744, 0.574785, 0.930668, -0.187839, 0.001765, 16.610352, 0.000000, 1.281738
-0.095986, 0.394415, 1000.000000, 0.006981, 2000.000000, 1000.000000, 10.594829, 9.477130, 9.732236, 10.195806, -0.395317, -0.035979, 0.163532, -0.479930, 1.972076, 0.034904, 17.719778, -17.958138, 27.059574, 0.223250, 2.139735, -0.137772, 0.001750, 17.188477, 0.000000, 0.671387
-0.134380, 0.385689, 1000.000000, 0.006981, 2000.000000, 1000.000000, 11.274016, 10.167901, 8.939179, 9.618903, -0.446459, -0.720959, 0.106598, -0.671902, 1.928446, 0.034904, 12.736287, -7.107897, 25.572975, 0.103941, 3.301931, -0.075987, 0.002276, 14.200195, 2.081299, 30.273436
-0.169284, 0.385689, 1000.000000, 0.006981, 2000.000000, 1000.000000, 11.165673, 9.834443, 8.980313, 10.019570, -0.592622, -0.500059, 0.072993, -0.846422, 1.928446, 0.034904, 9.504112, 0.668841, 25.235186, 0.188097, 2.910982, -0.040833, 0.002182, 14.192383, 2.279663, 33.081055
-0.169284, 0.363002, 1000.000000, 0.006981, 2000.000000, 1000.000000, 10.695633, 9.565714, 9.443644, 10.295010, -0.495321, -0.130674, 0.069638, -0.846422, 1.815008, 0.034904, 6.901560, 6.963237, 25.320755, 0.019786, 2.147192, -0.037638, 0.001824, 14.168945, 3.158569, 45.776363
-0.132635, 0.371728, 1000.000000, 0.006981, 2000.000000, 1000.000000, 10.224678, 9.577265, 9.942106, 10.255951, -0.240314, 0.099029, 0.083392, -0.663176, 1.858638, 0.034904, 3.084024, 13.460371, 25.795177, -0.256116, 1.754112, -0.051486, 0.002264, 14.161133, 3.799438, 55.114742
-0.066318, 0.396160, 1000.000000, 0.006981, 2000.000000, 1000.000000, 9.987527, 9.774436, 10.050633, 10.187404, -0.087466, 0.119018, 0.019080, -0.331588, 1.980802, 0.034904, 0.376512, 17.439888, 26.452112, -0.186874, 1.845724, 0.015625, 0.002257, 14.172852, 2.999878, 43.518063
-0.076789, 0.392670, 1000.000000, 0.006981, 2000.000000, 1000.000000, 10.342746, 9.891011, 9.614846, 10.151397, -0.247071, -0.116878, -0.021204, -0.383944, 1.963350, 0.034904, -2.477127, 22.260908, 27.498474, 0.050679, 2.279284, 0.058236, 0.001767, 14.172852, 3.320312, 48.217770
-0.089005, 0.354276, 1009.000000, 0.006981, 2000.000000, 1000.000000, 11.091308, 10.308061, 8.835151, 9.765481, -0.428395, -0.699684, -0.036771, -0.445026, 1.771378, 0.034904, -7.690915, 32.466347, 30.130953, 0.307406, 3.100598, 0.074214, 0.002256, 14.188477, 2.560425, 37.170410
-0.048866, 0.328098, 1079.000000, 0.006981, 2000.000000, 1000.000000, 18.263861, 17.636724, 15.715231, 16.384184, -0.324023, -0.950293, -0.010454, -0.244328, 1.640488, 0.034904, -12.441844, 40.438812, 33.078556, 0.327646, 3.405262, 0.046518, 0.002290, 13.215820, 51.840210, 688.232361
-0.038394, 0.233857, 1115.000000, 0.006981, 2000.000000, 1000.000000, 22.204346, 21.513023, 19.794964, 20.487667, -0.346007, -0.858684, -0.000344, -0.191972, 1.169284, 0.034904, -18.325457, 47.841438, 37.348442, 0.425649, 2.806587, 0.035865, 0.001769, 13.086914, 53.121948, 712.524353
-0.031414, 0.237347, 1127.000000, 0.006981, 2000.000000, 1000.000000, 22.518959, 21.927330, 21.384766, 22.168945, -0.343953, -0.223145, -0.048137, -0.157068, 1.186736, 0.034904, -22.964556, 53.150455, 41.070412, 0.458672, 1.643325, 0.085932, 0.002071, 13.122070, 50.201416, 674.316345
-0.033159, 0.233857, 1127.000000, 0.006981, 2000.000000, 1000.000000, 22.021011, 20.547821, 21.567238, 23.863930, -0.942471, 0.715583, -0.205876, -0.165794, 1.169284, 0.034904, -20.484558, 58.469883, 39.706913, 1.522865, -0.070675, 0.251047, 0.002159, 13.223633, 45.001221, 609.680176
-0.031414, 0.219895, 1131.000000, 0.006981, 2000.000000, 1000.000000, 21.814575, 21.879642, 23.838673, 24.467110, -0.140842, 1.152891, -0.173377, -0.157068, 1.099476, 0.034904, -14.780025, 58.506268, 35.480732, 0.096485, -0.962295, 0.219089, 0.001748, 13.239258, 44.241333, 599.182129
-0.034904, 0.202443, 1140.000000, 0.006981, 2000.000000, 1000.000000, 22.491884, 25.154325, 24.939394, 23.414396, 1.046860, 0.176895, -0.284361, -0.174520, 1.012216, 0.034904, -20.299925, 53.876438, 41.052048, -2.056401, 0.732530, 0.333072, 0.002283, 13.090820, 49.761963, 666.992126
-0.034904, 0.164049, 1145.000000, 0.006981, 2000.000000, 1000.000000, 23.737818, 25.958876, 23.240671, 23.062635, 0.599774, -0.848346, -0.510755, -0.174520, 0.820244, 0.034904, -31.593302, 53.540245, 51.471195, -1.255327, 2.364505, 0.567429, 0.002361, 12.938477, 56.320190, 752.197205
-0.036649, 0.031414, 1119.000000, 0.006981, 2000.000000, 1000.000000, 22.405972, 21.954815, 18.753868, 20.885345, -0.645658, -1.180394, -0.420081, -0.183246, 0.157068, 0.034904, -41.888683, 57.269028, 61.391388, 0.984910, 2.333612, 0.481143, 0.001768, 13.149414, 45.239258, 609.130859
-0.036649, -0.089005, 1000.000000, 0.006981, 2000.000000, 1000.000000, 9.944600, 8.681516, 10.160625, 11.213260, -0.578930, 0.686942, 0.052613, -0.183246, -0.445026, 0.034904, -39.204014, 63.118675, 59.926926, 0.854948, -1.694127, -0.018463, 0.002290, 24.852539, 0.000000, 0.000000
-0.033159, -0.165794, 1000.000000, 0.017452, 2000.000000, 1000.000000, 8.577353, 9.370452, 11.764895, 10.287299, 0.567673, 1.026097, 0.171125, -0.165794, -0.828970, 0.087260, -28.663277, 58.938530, 50.383961, -1.196738, -2.732753, -0.090901, 0.002018, 21.258789, 0.039673, 0.915527
-0.066318, -0.228621, 1000.000000, 0.045375, 2000.000000, 1000.000000, 9.058603, 10.373831, 11.457838, 9.109728, 0.915834, 0.283783, 0.258220, -0.331588, -1.143106, 0.226876, -26.020317, 51.030563, 48.083740, -2.027639, -1.722889, -0.039768, 0.001863, 16.536133, 0.000000, 1.281738
-0.089005, -0.263525, 1060.000000, 0.020942, 2000.000000, 1000.000000, 16.298416, 16.753147, 15.556564, 15.391874, 0.154856, -0.525781, -0.072510, -0.445026, -1.317626, 0.104712, -28.063824, 43.851337, 49.677212, -0.741873, -0.428601, 0.181805, 0.002338, 13.606445, 27.001953, 376.403778
-0.115183, -0.279232, 1051.000000, 0.006981, 2000.000000, 1000.000000, 15.442917, 15.012766, 14.159573, 15.384745, -0.413831, -0.227841, -0.198756, -0.575916, -1.396160, 0.034904, -26.690115, 42.316048, 49.380886, 0.146552, -1.042190, 0.243590, 0.002195, 13.879883, 14.199829, 201.782211
-0.094241, -0.291448, 1033.000000, 0.006981, 2000.000000, 1000.000000, 13.014076, 12.369123, 12.733763, 13.883038, -0.448557, 0.308401, -0.126081, -0.471204, -1.457242, 0.034904, -21.587282, 40.126339, 46.567627, 0.332972, -2.099990, 0.170088, 0.001747, 14.102539, 4.119873, 59.509274
-0.075044, -0.383944, 1100.000000, 0.006981, 2000.000000, 1000.000000, 19.332438, 19.628809, 20.527845, 20.510908, 0.078328, 0.519376, -0.069859, -0.375218, -1.919720, 0.034904, -12.520015, 31.961063, 41.722954, -0.530952, -2.928761, 0.108303, 0.002297, 13.801758, 19.079590, 269.897461
-0.083770, -0.382199, 1165.000000, 0.006981, 2000.000000, 1000.000000, 24.920944, 25.990849, 26.904633, 26.183575, 0.447741, 0.544104, -0.087211, -0.418848, -1.910994, 0.034904, -8.580468, 24.361855, 40.166103, -1.234022, -2.957523, 0.126412, 0.002315, 12.247070, 93.762207, 1178.833008
-0.118674, -0.338569, 1157.000000, 0.005236, 2000.000000, 1000.000000, 22.999926, 24.968344, 26.759687, 25.272043, 0.864015, 1.015866, -0.120194, -0.593368, -1.692844, 0.026178, -6.424838, 14.636701, 39.732586, -2.210864, -3.646744, 0.151978, 0.001756, 12.610352, 72.720337, 939.330994
-0.092496, -0.225131, 1038.000000, -0.003490, 2000.000000, 1000.000000, 9.791577, 12.594254, 15.865849, 13.748319, 1.230052, 1.807084, -0.171286, -0.462478, -1.125654, -0.017452, -3.781059, -5.634066, 40.018356, -2.694490, -4.419056, 0.160500, 0.002283, 15.524414, 0.000000, 0.000000
-0.034904, 0.005236, 1000.000000, 0.008726, 2000.000000, 1000.000000, 7.080395, 9.323896, 12.618504, 10.977205, 0.971200, 1.797854, -0.150551, -0.174520, 0.026178, 0.043630, -1.656387, -17.771549, 40.865788, -1.932831, -3.213185, 0.202045, 0.002251, 22.704102, 0.000000, 2.807617
-0.041885, 0.003490, 1000.000000, 0.006981, 2000.000000, 1000.000000, 10.143059, 9.836597, 9.923410, 10.096933, -0.119996, 0.010171, 0.033235, -0.209424, 0.017452, 0.034904, -6.300179, -7.873395, -50.494431, 0.000611, -0.000368, 0.000712, 0.001748, 14.290039, 0.601196, 8.789062
-0.041885, 0.003490, 1000.000000, 0.006981, 2000.000000, 1000.000000, 10.147735, 9.829324, 9.921496, 10.101445, -0.124590, 0.011471, 0.034615, -0.209424, 0.017452, 0.034904, -6.297253, -7.874331, -50.477036, 0.005938, -0.002498, -0.000354, 0.002357, 14.204102, 4.238892, 61.584469
-0.041885, 0.003490, 1000.000000, 0.006981, 2000.000000, 1000.000000, 10.154765, 9.818717, 9.932399, 10.094119, -0.124442, 0.013259, 0.043582, -0.209424, 0.017452, 0.034904, -6.299313, -7.900033, -50.494072, 0.005938, -0.005694, -0.009941, 0.002295, 14.223633, 9.118652, 130.798340
-0.040140, 0.003490, 1000.000000, 0.006981, 2000.000000, 1000.000000, 10.135302, 9.786173, 9.937376, 10.141150, -0.138225, 0.039263, 0.036338, -0.200698, 0.017452, 0.034904, -6.306950, -7.983094, -50.467243, 0.043222, -0.053630, -0.002484, 0.001747, 14.075195, 9.399414, 135.620117
-0.040140, 0.003490, 1000.000000, 0.006981, 2000.000000, 1000.000000, 10.127380, 9.908648, 9.929131, 10.034842, -0.081111, -0.018014, 0.028255, -0.200698, 0.017452, 0.034904, -6.347296, -8.084510, -50.509838, -0.062239, 0.050765, 0.006038, 0.002130, 14.200195, 4.681396, 68.115234
-0.040140, 0.003490, 1000.000000, 0.006981, 2000.000000, 1000.000000, 10.127619, 9.917860, 9.930969, 10.023552, -0.075586, -0.022740, 0.029294, -0.200698, 0.017452, 0.034904, -6.337678, -7.791335, -50.493046, -0.072891, 0.059287, 0.004973, 0.002209, 14.211914, 4.080200, 59.387203
-0.041885, 0.003490, 1000.000000, 0.006981, 2000.000000, 1000.000000, 10.141390, 9.842955, 9.925308, 10.090347, -0.115869, 0.007828, 0.033349, -0.209424, 0.017452, 0.034904, -6.330181, -7.672825, -50.493923, -0.007911, 0.003894, 0.000712, 0.001921, 14.219727, 4.040527, 58.776852
-0.040140, 0.003490, 1000.000000, 0.006981, 2000.000000, 1000.000000, 10.135603, 9.860415, 9.929407, 10.074575, -0.105089, 0.001992, 0.032505, -0.200698, 0.017452, 0.034904, -6.309394, -7.595964, -50.509575, -0.019628, 0.014546, 0.001777, 0.002347, 14.219727, 3.799438, 55.297848
-0.040140, 0.003490, 1000.000000, 0.006981, 2000.000000, 1000.000000, 10.140724, 9.842293, 9.928274, 10.088709, -0.114717, 0.008492, 0.034499, -0.200698, 0.017452, 0.034904, -6.303103, -7.542975, -50.519062, -0.002584, 0.002828, -0.000354, 0.002278, 14.215820, 4.040527, 55.297848
-0.041885, 0.003490, 1000.000000, 0.006981, 2000.000000, 1000.000000, 10.147965, 9.834249, 9.922643, 10.095143, -0.121554, 0.008893, 0.035304, -0.209424, 0.017452, 0.034904, -6.308412, -7.537444, -50.518803, 0.002742, 0.001763, -0.001419, 0.001748, 14.215820, 3.921509, 57.128902
-0.041885, 0.003490, 1000.000000, 0.006981, 2000.000000, 1000.000000, 10.140801, 9.837354, 9.926072, 10.095773, -0.118287, 0.010922, 0.033437, -0.209424, 0.017452, 0.034904, -6.292325, -7.521694, -50.539295, -0.004715, -0.001433, 0.000712, 0.002356, 14.223633, 3.518677, 51.330563
-0.040140, 0.003490, 1000.000000, 0.006981, 2000.000000, 1000.000000, 10.132716, 9.843940, 9.934234, 10.089110, -0.110913, 0.011672, 0.033475, -0.200698, 0.017452, 0.034904, -6.275308, -7.504023, -50.549915, -0.008976, -0.002498, 0.000712, 0.002334, 14.223633, 3.601074, 52.429195
-0.040140, 0.003490, 1000.000000, 0.006981, 2000.000000, 1000.000000, 10.139814, 9.839533, 9.924475, 10.096178, -0.117996, 0.010326, 0.032145, -0.200698, 0.017452, 0.034904, -6.278523, -7.499820, -50.547546, 0.005938, -0.000368, 0.001777, 0.001758, 14.223633, 3.799438, 55.297848
-0.040140, 0.003490, 1000.000000, 0.005236, 2000.000000, 1000.000000, 10.131603, 9.838341, 9.918144, 10.111912, -0.121758, 0.015028, 0.024874, -0.200698, 0.017452, 0.026178, -6.274339, -7.501689, -50.552784, 0.010199, -0.008890, 0.000712, 0.002268, 14.223633, 3.601074, 52.429195
-0.040140, 0.003490, 1000.000000, 0.005236, 2000.000000, 1000.000000, 10.124801, 9.863999, 9.921069, 10.090131, -0.107466, 0.005600, 0.022935, -0.200698, 0.017452, 0.026178, -6.254778, -7.466713, -50.569595, -0.015367, 0.008155, 0.002842, 0.002291, 14.219727, 3.720093, 53.588863
-0.040140, 0.003490, 1018.000000, 0.005236, 2000.000000, 1000.000000, 11.127110, 10.852682, 10.920448, 11.099760, -0.113435, 0.010104, 0.023779, -0.200698, 0.017452, 0.026178, -6.248979, -7.460867, -50.566399, -0.002584, -0.000368, 0.001777, 0.001819, 14.161133, 6.759644, 98.022453
-0.040140, 0.003490, 1020.000000, 0.005236, 2000.000000, 1000.000000, 12.121897, 11.876671, 11.923853, 12.077579, -0.099738, 0.000716, 0.022874, -0.200698, 0.017452, 0.026178, -6.247216, -7.382295, -50.598167, -0.029216, 0.016677, 0.002842, 0.002105, 14.122070, 8.520508, 123.229973
-0.040140, 0.003490, 1021.000000, 0.005236, 2000.000000, 1000.000000, 12.080340, 11.913571, 11.967458, 12.038630, -0.059485, 0.003044, 0.023899, -0.200698, 0.017452, 0.026178, -6.321764, -7.202164, -50.631065, -0.100588, 0.012416, 0.001777, 0.002251, 14.153320, 7.159424, 103.698723
-0.040140, 0.003490, 1031.000000, 0.005236, 2000.000000, 1000.000000, 13.106683, 12.926930, 12.932939, 13.033448, -0.070065, -0.016806, 0.019811, -0.200698, 0.017452, 0.026178, -6.395851, -6.945347, -50.649284, -0.082479, 0.048634, 0.006038, 0.001817, 14.157227, 6.600952, 95.703117
-0.040140, 0.003490, 1043.000000, 0.005236, 2000.000000, 1000.000000, 14.097998, 13.885151, 13.962049, 14.054802, -0.076400, 0.008426, 0.030024, -0.200698, 0.017452, 0.026178, -6.461442, -6.776519, -50.654942, -0.070761, 0.002828, -0.004615, 0.002303, 13.958008, 18.359375, 262.512207
-0.040140, 0.003490, 1044.000000, 0.005236, 2000.000000, 1000.000000, 13.863512, 14.080755, 14.127075, 13.928658, 0.103915, 0.027866, -0.004706, -0.200698, 0.017452, 0.026178, -7.009868, -6.079402, -50.701729, -0.394599, -0.031260, 0.031604, 0.002351, 14.043945, 11.441040, 164.611801
-0.040140, 0.003490, 1043.000000, 0.005236, 2000.000000, 1000.000000, 13.939916, 13.868646, 14.182296, 14.009143, 0.025470, 0.095719, 0.061106, -0.200698, 0.017452, 0.026178, -7.869110, -5.406507, -50.799160, -0.261442, -0.158026, -0.037638, 0.001754, 14.090820, 8.959961, 129.272461
-0.040140, 0.003490, 1044.000000, 0.005236, 2000.000000, 1000.000000, 14.222850, 13.514541, 14.002458, 14.260152, -0.241501, 0.131304, 0.112654, -0.200698, 0.017452, 0.026178, -8.918380, -5.869439, -51.196186, 0.217924, -0.217680, -0.090901, 0.002338, 14.051758, 10.958862, 157.775879
-0.040140, 0.003490, 1049.000000, 0.005236, 2000.000000, 1000.000000, 14.274449, 13.588573, 13.924800, 14.212178, -0.243314, 0.068489, 0.099625, -0.200698, 0.017452, 0.026178, -8.823407, -6.540543, -51.416206, 0.228577, -0.104763, -0.077052, 0.002323, 14.094727, 9.280396, 135.620117
-0.040140, 0.003490, 1049.000000, 0.005236, 2000.000000, 1000.000000, 14.011313, 13.610940, 14.221381, 14.156365, -0.083839, 0.188873, 0.116347, -0.200698, 0.017452, 0.026178, -8.965480, -7.075286, -51.741684, -0.054782, -0.329532, -0.096227, 0.001831, 14.063477, 9.240723, 133.117676
-0.040140, 0.003490, 1050.000000, 0.005236, 2000.000000, 1000.000000, 14.559124, 14.497084, 15.919287, 15.024506, 0.208185, 0.471896, 0.239206, -0.200698, 0.017452, 0.026178, -11.874439, -7.593171, -52.712780, -0.578889, -0.825942, -0.221927, 0.002360, 14.040039, 10.879517, 156.494141
-0.040140, 0.003490, 1049.000000, 0.005236, 2000.000000, 1000.000000, 13.475147, 13.358761, 15.090588, 14.075504, 0.224674, 0.583046, 0.282868, -0.200698, 0.017452, 0.026178, -14.844254, -7.699956, -53.853642, -0.616173, -1.032602, -0.269864, 0.002189, 13.950195, 16.839600, 240.478500
-0.040140, 0.003490, 1049.000000, 0.005236, 2000.000000, 1000.000000, 13.601639, 13.415424, 15.021595, 13.961342, 0.218510, 0.491469, 0.311617, -0.200698, 0.017452, 0.026178, -17.989225, -7.878853, -55.049988, -0.607651, -0.872814, -0.300756, 0.002035, 14.110352, 8.081055, 116.699211
-0.040140, 0.003490, 1049.000000, 0.005236, 2000.000000, 1000.000000, 14.164996, 13.166162, 14.581056, 14.087787, -0.126391, 0.334421, 0.373026, -0.200698, 0.017452, 0.026178, -20.039206, -8.103161, -56.341846, 0.016590, -0.590520, -0.365737, 0.002014, 14.020508, 13.241577, 190.124496
-0.040140, 0.003490, 1049.000000, 0.005236, 2000.000000, 1000.000000, 14.575062, 12.264257, 14.293150, 14.867531, -0.721297, 0.580340, 0.434106, -0.200698, 0.017452, 0.026178, -21.479116, -12.087029, -58.363270, 1.085044, -1.026211, -0.427522, 0.002265, 14.079102, 9.838867, 141.784668
-0.040140, 0.003490, 1048.000000, 0.005236, 2000.000000, 1000.000000, 14.640816, 12.479883, 14.044155, 14.835146, -0.737981, 0.439650, 0.342486, -0.200698, 0.017452, 0.026178, -22.136393, -15.916740, -59.564709, 1.138307, -0.789723, -0.335910, 0.001794, 14.075195, 9.759521, 140.686035
-0.040140, 0.003490, 1006.000000, 0.006981, 2000.000000, 1000.000000, 10.707703, 9.233843, 9.798872, 10.259583, -0.483643, 0.029227, 0.253288, -0.200698, 0.017452, 0.034904, -21.831499, -18.653633, -60.249741, 0.685572, -0.037652, -0.232580, 0.001765, 14.305664, 0.039673, 0.610352
-0.040140, 0.003490, 1000.000000, 0.006981, 2000.000000, 1000.000000, 7.996929, 10.876125, 9.104557, 12.022388, -0.009658, 0.563473, -1.449257, -0.200698, 0.017452, 0.034904, -22.006659, -19.415081, -57.933357, -0.192200, -0.994253, 1.553857, 0.002248, 14.278320, 1.159668, 16.906738
-0.040140, 0.003490, 1000.000000, 0.006981, 2000.000000, 1000.000000, 8.753269, 10.357231, 9.405798, 11.483702, -0.118485, 0.444750, -0.920466, -0.200698, 0.017452, 0.034904, -24.630260, -20.595802, -55.599976, 0.003807, -0.783332, 0.998858, 0.002280, 14.176758, 5.520630, 80.078125
-0.040140, 0.003490, 1000.000000, 0.008726, 2000.000000, 1000.000000, 11.075344, 10.354618, 9.124485, 9.445553, -0.260449, -0.714981, 0.099915, -0.200698, 0.017452, 0.043630, -23.459455, -21.519089, -53.198399, 0.260534, 1.299247, -0.058943, 0.002297, 14.161133, 5.560303, 80.627434
-0.040140, 0.003490, 1000.000000, 0.006981, 2000.000000, 1000.000000, 12.113802, 11.142586, 8.600037, 8.143576, -0.128689, -1.628194, 0.356919, -0.200698, 0.017452, 0.034904, -18.374599, -18.059439, -52.139751, 0.022982, 2.948266, -0.338040, 0.002225, 14.165039, 6.759644, 98.022453
-0.040140, 0.003490, 1000.000000, 0.008726, 2000.000000, 1000.000000, 12.639747, 11.747283, 7.791722, 7.821249, -0.230497, -2.193515, 0.215734, -0.200698, 0.017452, 0.043630, -10.277915, -12.315229, -50.791061, 0.209402, 4.006067, -0.182513, 0.002004, 14.215820, 3.640747, 52.978512
-0.036649, 0.001745, 1000.000000, 0.006981, 2000.000000, 1000.000000, 10.133379, 9.855061, 9.933184, 10.078377, -0.105877, 0.005780, 0.033282, -0.183246, 0.008726, 0.034904, -5.148628, -7.853865, -50.877449, 0.001677, -0.001433, 0.000712, 0.001838, 14.293945, 0.561523, 8.178711
-0.038394, 0.003490, 1000.000000, 0.005236, 2000.000000, 1000.000000, 10.127242, 9.847472, 9.931132, 10.094153, -0.110698, 0.012643, 0.029188, -0.191972, 0.017452, 0.026178, -5.151146, -7.863648, -50.860348, -0.000454, -0.004629, -0.003549, 0.002293, 14.192383, 5.081177, 73.791504
-0.038394, 0.003490, 1000.000000, 0.005236, 2000.000000, 1000.000000, 10.122213, 9.855074, 9.923222, 10.099491, -0.110852, 0.011357, 0.022718, -0.191972, 0.017452, 0.026178, -5.154044, -7.872253, -50.861538, 0.001677, -0.002498, 0.002842, 0.001830, 14.157227, 6.399536, 92.773430
-0.040140, 0.003490, 1000.000000, 0.005236, 2000.000000, 1000.000000, 10.122449, 9.828029, 9.927218, 10.122304, -0.122376, 0.024761, 0.024833, -0.200698, 0.017452, 0.026178, -5.186569, -7.894768, -50.855835, 0.013395, -0.026999, 0.000712, 0.001871, 14.086914, 12.078857, 174.194321
-0.038394, 0.003490, 1000.000000, 0.005236, 2000.000000, 1000.000000, 10.118752, 9.870049, 9.924904, 10.086296, -0.102523, 0.005600, 0.021828, -0.191972, 0.017452, 0.026178, -5.239870, -7.911283, -50.879635, -0.015367, 0.008155, 0.003907, 0.002313, 14.196289, 4.559326, 66.284180
-0.038394, 0.003490, 1000.000000, 0.005236, 2000.000000, 1000.000000, 10.119631, 9.866846, 9.928043, 10.085480, -0.102556, 0.006762, 0.023837, -0.191972, 0.017452, 0.026178, -5.258368, -7.863694, -50.873833, -0.015367, 0.006024, 0.001777, 0.002288, 14.211914, 4.159546, 60.485836
-0.038394, 0.003490, 1000.000000, 0.005236, 2000.000000, 1000.000000, 10.117321, 9.861116, 9.930372, 10.091190, -0.104256, 0.010782, 0.023847, -0.191972, 0.017452, 0.026178, -5.262327, -7.838769, -50.868816, -0.010041, -0.001433, 0.001777, 0.001753, 14.211914, 4.040527, 58.776852
-0.038394, 0.003490, 1016.000000, 0.005236, 2000.000000, 1000.000000, 11.124907, 10.851831, 10.926941, 11.096321, -0.110614, 0.011631, 0.025924, -0.191972, 0.017452, 0.026178, -5.277656, -7.805202, -50.863789, -0.000454, -0.002498, -0.000354, 0.002211, 14.223633, 3.680420, 53.588863
-0.038394, 0.003490, 1031.000000, 0.005236, 2000.000000, 1000.000000, 13.120112, 12.865087, 12.925708, 13.089093, -0.104603, 0.007401, 0.022910, -0.191972, 0.017452, 0.026178, -5.280172, -7.773119, -50.871159, -0.012172, 0.004959, 0.002842, 0.002281, 14.102539, 9.439087, 136.230469
-0.038394, 0.003490, 1035.000000, 0.005236, 2000.000000, 1000.000000, 13.062651, 12.935707, 12.970619, 13.031023, -0.046837, 0.000821, 0.016635, -0.191972, 0.017452, 0.026178, -5.380716, -7.611055, -50.885933, -0.115502, 0.016677, 0.009234, 0.001933, 14.071289, 10.559082, 152.221680
-0.040140, 0.003490, 1037.000000, 0.005236, 2000.000000, 1000.000000, 13.011071, 12.926944, 12.985562, 13.076423, -0.043747, 0.030993, -0.001683, -0.200698, 0.017452, 0.026178, -5.767636, -7.113486, -50.916653, -0.130415, -0.036586, 0.028408, 0.002312, 14.094727, 8.718872, 125.915520
-0.040140, 0.003490, 1042.000000, 0.005236, 2000.000000, 1000.000000, 14.121372, 13.844280, 13.960754, 14.073593, -0.097483, 0.017173, 0.041063, -0.200698, 0.017452, 0.026178, -5.886684, -6.921829, -50.956772, -0.032412, -0.013151, -0.016333, 0.001886, 14.036133, 11.840820, 170.288071
-0.038394, 0.003490, 1044.000000, 0.005236, 2000.000000, 1000.000000, 13.926564, 13.872972, 14.074439, 14.126025, -0.026295, 0.100232, 0.000502, -0.191972, 0.017452, 0.026178, -6.150638, -6.809547, -51.049519, -0.152786, -0.164417, 0.026278, 0.001750, 14.040039, 11.920166, 171.325668
-0.038394, 0.003490, 1043.000000, 0.006981, 2000.000000, 1000.000000, 13.803944, 14.004646, 14.111845, 14.079565, 0.058246, 0.095705, -0.042106, -0.191972, 0.017452, 0.034904, -7.230319, -6.446040, -50.955002, -0.301922, -0.152699, 0.079541, 0.002411, 14.071289, 10.000610, 144.104004
-0.040140, 0.003490, 1043.000000, 0.005236, 2000.000000, 1000.000000, 13.907610, 13.971748, 14.083242, 14.037399, 0.027496, 0.060321, -0.004574, -0.200698, 0.017452, 0.026178, -7.967203, -5.963086, -50.885368, -0.260377, -0.089849, 0.031604, 0.002297, 14.055664, 9.640503, 138.977051
-0.038394, 0.003490, 1048.000000, 0.005236, 2000.000000, 1000.000000, 13.875577, 13.921821, 14.202144, 14.000459, 0.061982, 0.101302, 0.038861, -0.191972, 0.017452, 0.026178, -8.639773, -5.641884, -50.994865, -0.308313, -0.168678, -0.014202, 0.001761, 14.086914, 9.838867, 141.906738
-0.038394, 0.003490, 1060.000000, 0.005236, 2000.000000, 1000.000000, 15.898586, 16.124285, 16.028826, 15.948303, 0.076555, -0.011436, -0.036294, -0.191972, 0.017452, 0.026178, -9.641932, -5.088120, -51.002445, -0.337075, 0.039047, 0.064627, 0.002343, 13.934570, 17.239380, 246.032700
-0.038394, 0.003490, 1060.000000, 0.005236, 2000.000000, 1000.000000, 15.965796, 16.342003, 16.077934, 15.614264, 0.209969, -0.153900, 0.021867, -0.191972, 0.017452, 0.026178, -9.952482, -3.658315, -50.971874, -0.573562, 0.295774, 0.003907, 0.002250, 13.879883, 18.359375, 260.925293
-0.040140, 0.003490, 1065.000000, 0.005236, 2000.000000, 1000.000000, 15.824914, 15.932191, 16.261391, 15.981506, 0.096790, 0.121448, 0.043152, -0.200698, 0.017452, 0.026178, -10.560192, -2.521762, -50.985199, -0.383947, -0.205962, -0.018463, 0.001764, 13.985352, 13.159180, 188.476547
-0.038394, 0.001745, 1070.000000, 0.005236, 2000.000000, 1000.000000, 16.939095, 15.975160, 17.303707, 17.782040, -0.360568, 0.542873, 0.121400, -0.191972, 0.008726, 0.026178, -12.610042, -4.602219, -51.286575, 0.443759, -0.961230, -0.099423, 0.002312, 13.797852, 24.880981, 351.379364
-0.038394, 0.003490, 1071.000000, 0.005236, 2000.000000, 1000.000000, 17.177727, 15.893424, 17.032089, 17.896759, -0.537243, 0.464424, 0.104909, -0.191972, 0.017452, 0.026178, -13.379107, -7.476568, -51.661980, 0.793163, -0.836595, -0.084509, 0.001757, 13.821289, 22.280884, 315.185547
-0.038394, 0.003490, 1070.000000, 0.005236, 2000.000000, 1000.000000, 17.316263, 15.949306, 16.797720, 17.936712, -0.626488, 0.367216, 0.056991, -0.191972, 0.017452, 0.026178, -13.164586, -10.900186, -51.748604, 0.952952, -0.653370, -0.033377, 0.001840, 13.907227, 16.558838, 235.900864
-0.038394, 0.003490, 1070.000000, 0.006981, 2000.000000, 1000.000000, 17.045364, 16.245922, 17.232594, 17.476120, -0.260742, 0.354358, 0.138979, -0.191972, 0.017452, 0.034904, -13.416282, -14.435186, -52.062145, 0.265861, -0.618217, -0.109010, 0.002299, 13.833008, 20.440674, 289.611816
-0.038394, 0.003490, 1070.000000, 0.006981, 2000.000000, 1000.000000, 16.788656, 16.348482, 17.531866, 17.330996, -0.059826, 0.431430, 0.160261, -0.191972, 0.017452, 0.034904, -14.978190, -15.659239, -52.778439, -0.095262, -0.755635, -0.131380, 0.002252, 13.891602, 18.759155, 266.784668
-0.038394, 0.003490, 1068.000000, 0.006981, 2000.000000, 1000.000000, 16.355476, 15.741092, 16.179108, 15.724321, -0.039899, -0.048285, 0.267293, -0.191972, 0.017452, 0.034904, -16.857439, -16.104399, -54.140610, -0.128285, 0.104028, -0.243232, 0.002169, 13.969727, 12.640381, 180.908188
-0.038394, 0.003490, 1043.000000, 0.006981, 2000.000000, 1000.000000, 14.766557, 13.980359, 13.639592, 13.613492, -0.190024, -0.373458, 0.203075, -0.191972, 0.017452, 0.034904, -15.774582, -15.442200, -54.393223, 0.140160, 0.692050, -0.177186, 0.002212, 14.098633, 7.519531, 108.581535
-0.038394, 0.003490, 1033.000000, 0.006981, 2000.000000, 1000.000000, 13.788579, 12.893132, 12.627158, 12.691131, -0.239855, -0.340855, 0.207869, -0.191972, 0.017452, 0.034904, -13.808393, -14.621884, -54.390041, 0.236033, 0.644113, -0.183578, 0.001849, 14.278320, 0.601196, 8.789062
-0.036649, 0.003490, 1003.000000, 0.008726, 2000.000000, 1000.000000, 10.532256, 9.681348, 9.835464, 9.950933, -0.241594, -0.106802, 0.183860, -0.183246, 0.017452, 0.043630, -12.357051, -14.502995, -54.518368, 0.247751, 0.212684, -0.148424, 0.002071, 17.711914, 0.000000, 0.671387
-0.034904, 0.003490, 1003.000000, 0.017452, 2000.000000, 1000.000000, 10.056768, 9.588421, 10.306038, 10.048773, -0.052771, 0.177406, 0.181404, -0.174520, 0.017452, 0.087260, -12.393857, -15.166115, -54.965286, -0.085674, -0.300770, -0.100488, 0.002280, 14.227539, 2.920532, 42.480465
-0.033159, 0.003490, 1007.000000, 0.052356, 2000.000000, 1000.000000, 10.002991, 9.780159, 10.473902, 9.742949, 0.127030, 0.108426, 0.238446, -0.165794, 0.017452, 0.261780, -13.401362, -14.965095, -55.364628, -0.407382, -0.181461, 0.016690, 0.001751, 14.211914, 3.359985, 48.889156
-0.033159, 0.003490, 1039.000000, 0.090750, 2000.000000, 1000.000000, 13.111855, 12.890091, 13.449036, 12.549019, 0.169563, -0.000973, 0.280445, -0.165794, 0.017452, 0.453752, -14.332236, -13.989018, -55.321308, -0.485146, 0.019872, 0.170088, 0.001880, 14.141602, 6.838989, 99.121086
-0.029668, 0.003490, 1049.000000, 0.095986, 2000.000000, 1000.000000, 14.185936, 13.973604, 14.201260, 13.639200, 0.087432, -0.079771, 0.193597, -0.148342, 0.017452, 0.479930, -14.939408, -12.295522, -54.453930, -0.310444, 0.161552, 0.288331, 0.002420, 14.000977, 12.359619, 177.124008
-0.031414, 0.003490, 1070.000000, 0.089005, 2000.000000, 1000.000000, 17.180943, 16.894619, 17.045013, 16.879425, -0.030184, -0.037781, 0.112977, -0.157068, 0.017452, 0.445026, -14.932462, -11.716364, -53.632874, -0.105914, 0.085918, 0.337333, 0.002305, 13.790039, 22.439575, 312.622070
-0.031414, 0.003490, 1071.000000, 0.050611, 2000.000000, 1000.000000, 17.059204, 16.948376, 16.763416, 17.229004, -0.144103, -0.003791, -0.088690, -0.157068, 0.017452, 0.253054, -14.757339, -11.823889, -52.604027, 0.102876, 0.019872, 0.353312, 0.001827, 13.801758, 21.481323, 303.283691
-0.031414, 0.003490, 1070.000000, 0.029668, 2000.000000, 1000.000000, 17.067410, 16.912712, 17.095882, 16.923996, 0.004297, 0.009939, 0.081645, -0.157068, 0.017452, 0.148342, -15.056196, -11.955377, -51.831924, -0.176221, -0.000368, 0.066758, 0.002234, 13.875977, 17.361450, 246.704086
-0.033159, 0.003490, 1073.000000, 0.055846, 2000.000000, 1000.000000, 17.346167, 17.173883, 17.058775, 16.421175, 0.116329, -0.260025, 0.202470, -0.165794, 0.017452, 0.279232, -15.067560, -10.848252, -51.695660, -0.377555, 0.482194, 0.074214, 0.002222, 13.821289, 20.278931, 286.804199
-0.031414, 0.003490, 1074.000000, 0.082024, 2000.000000, 1000.000000, 17.757217, 16.772873, 16.917988, 16.551922, -0.154569, -0.265044, 0.337602, -0.157068, 0.017452, 0.410122, -14.031844, -9.625514, -51.309544, 0.119920, 0.509891, 0.065692, 0.001760, 13.911133, 15.319824, 218.200668
-0.033159, 0.003490, 1094.000000, 0.150087, 2000.000000, 1000.000000, 19.508234, 17.934771, 19.444490, 19.112505, -0.310369, 0.278498, 0.476363, -0.165794, 0.017452, 0.750436, -12.344450, -10.671916, -50.569954, 0.385169, -0.476538, 0.271287, 0.002295, 13.704102, 24.841309, 346.435516
-0.033159, 0.003490, 1092.000000, 0.193717, 2000.000000, 1000.000000, 19.149067, 17.928276, 19.997173, 18.925484, -0.037276, 0.461328, 0.573120, -0.165794, 0.017452, 0.968586, -13.695463, -12.287469, -49.878082, -0.104849, -0.829138, 0.391661, 0.001759, 13.700195, 25.961304, 364.013641
-0.031414, 0.003490, 1077.000000, 0.207679, 2000.000000, 1000.000000, 17.305866, 16.547798, 17.876293, 16.270042, 0.212047, 0.073168, 0.591081, -0.157068, 0.017452, 1.038394, -15.449117, -12.409219, -49.116737, -0.554388, -0.119676, 0.444924, 0.001843, 13.821289, 19.158936, 271.118164
-0.031414, 0.003490, 1077.000000, 0.216405, 2000.000000, 1000.000000, 17.728088, 16.845688, 17.462177, 15.964046, 0.153932, -0.286889, 0.595133, -0.157068, 0.017452, 1.082024, -16.044205, -9.985592, -47.401821, -0.434014, 0.530131, 0.486469, 0.002329, 13.911133, 15.960693, 227.294907
-0.033159, 0.003490, 1071.000000, 0.223386, 2000.000000, 1000.000000, 18.066288, 16.445091, 17.049721, 16.438900, -0.252594, -0.255690, 0.558005, -0.165794, 0.017452, 1.116928, -15.137866, -8.931136, -45.850479, 0.278644, 0.474737, 0.561037, 0.002218, 13.840820, 18.600464, 263.610840
-0.005236, 0.003490, 1060.000000, 0.237347, 2000.000000, 1000.000000, 17.244249, 14.791465, 15.894120, 16.070166, -0.657208, -0.017857, 0.569184, -0.026178, 0.017452, 1.186736, -11.938103, -10.314210, -42.894829, 1.147894, 0.053961, 0.620692, 0.002298, 13.973633, 12.921143, 184.814438
0.000000, 0.003490, 1056.000000, 0.209424, 2000.000000, 1000.000000, 15.752757, 13.961194, 15.029403, 15.256646, -0.504702, 0.143025, 0.391080, 0.000000, 0.017452, 1.047120, -9.926582, -12.445848, -40.775101, 0.906080, -0.238985, 0.663302, 0.002238, 14.040039, 9.078979, 128.173828
0.075044, 0.003490, 1051.000000, 0.195462, 2000.000000, 1000.000000, 15.128973, 14.561142, 15.500841, 14.809044, 0.030991, 0.154943, 0.314907, 0.375218, 0.017452, 0.977312, -9.187603, -14.012639, -38.825714, 0.338298, -0.263486, 0.672889, 0.001893, 13.985352, 11.920166, 170.715317
0.157068, 0.003490, 1050.000000, 0.183246, 2000.000000, 1000.000000, 14.809078, 15.250689, 15.709129, 14.231104, 0.479909, -0.029884, 0.259104, 0.785340, 0.017452, 0.916230, -9.053212, -14.391697, -36.966087, -0.036673, 0.069940, 0.667563, 0.002176, 13.973633, 13.439941, 192.382797
0.157068, 0.005236, 1050.000000, 0.178010, 2000.000000, 1000.000000, 15.570003, 14.649373, 15.136678, 14.643947, -0.106974, -0.109688, 0.353340, 0.785340, 0.026178, 0.890052, -7.081137, -14.730980, -34.142433, 1.003019, 0.223337, 0.541862, 0.002404, 13.977539, 12.600708, 180.419907
0.108202, 0.005236, 1050.000000, 0.157068, 2000.000000, 1000.000000, 15.989740, 14.160954, 14.425047, 15.424259, -0.706999, -0.075347, 0.207394, 0.541012, 0.026178, 0.785340, -3.446982, -16.281727, -31.643671, 1.826463, 0.163682, 0.587669, 0.002165, 14.067383, 7.681274, 110.717766
0.050611, 0.005236, 1051.000000, 0.116928, 2000.000000, 1000.000000, 15.758825, 14.222603, 14.207647, 15.810925, -0.784875, 0.009286, -0.016764, 0.253054, 0.026178, 0.584642, 3.731360, -19.576321, -27.081890, 1.674131, 0.010285, 0.615365, 0.002308, 13.973633, 12.438965, 177.978500
0.052356, 0.005236, 1051.000000, 0.116928, 2000.000000, 1000.000000, 15.416424, 14.466534, 14.632420, 15.484623, -0.450524, 0.058522, 0.024421, 0.261780, 0.026178, 0.584642, 7.187186, -21.238405, -24.298857, 1.102088, -0.080262, 0.575951, 0.001799, 13.981445, 12.921143, 184.875473
0.059337, 0.005236, 1051.000000, 0.118674, 2000.000000, 1000.000000, 15.285372, 14.704844, 14.865364, 15.144421, -0.214896, 0.004892, 0.075368, 0.296684, 0.026178, 0.593368, 9.553850, -22.286180, -21.933319, 0.705812, 0.017742, 0.531210, 0.001823, 13.985352, 12.399292, 177.429184
0.015707, 0.006981, 1051.000000, 0.059337, 2000.000000, 1000.000000, 15.107717, 15.128871, 14.534780, 15.228633, -0.168175, -0.118294, -0.178752, 0.078534, 0.034904, 0.296684, 11.774754, -22.456503, -19.028040, 0.376647, 0.247838, 0.489665, 0.002309, 13.934570, 15.078735, 215.087875
-0.001745, 0.017452, 1051.000000, 0.048866, 2000.000000, 1000.000000, 15.044441, 15.184469, 14.739582, 15.031507, -0.037975, -0.114455, -0.107988, -0.008726, 0.087260, 0.244328, 12.447823, -21.788301, -17.631828, 0.062396, 0.301100, 0.365030, 0.001861, 13.961914, 13.720703, 189.331039
-0.001745, 0.024433, 1051.000000, 0.059337, 2000.000000, 1000.000000, 15.092392, 14.878922, 15.026348, 15.002338, -0.047365, 0.014343, 0.059370, -0.008726, 0.122164, 0.296684, 12.798110, -21.244799, -16.758936, 0.084767, 0.102962, 0.243590, 0.001748, 13.981445, 12.680054, 181.518539
0.000000, 0.038394, 1051.000000, 0.029668, 2000.000000, 1000.000000, 14.857380, 14.827322, 14.848297, 15.467001, -0.162190, 0.157649, -0.147161, 0.000000, 0.191972, 0.148342, 13.627969, -21.620331, -15.485127, 0.290361, -0.081327, 0.304310, 0.002464, 14.008789, 10.839844, 155.395508
-0.001745, 0.048866, 1051.000000, 0.005236, 2000.000000, 1000.000000, 15.027226, 15.007073, 14.561990, 15.403710, -0.215469, -0.017149, -0.205392, -0.008726, 0.244328, 0.026178, 14.605659, -21.597746, -14.380596, 0.374517, 0.282991, 0.240395, 0.002366, 13.997070, 11.480713, 164.001450
0.000000, 0.050611, 1051.000000, 0.005236, 2000.000000, 1000.000000, 15.356795, 15.123851, 14.518111, 15.001243, -0.179019, -0.240323, -0.062547, 0.000000, 0.253054, 0.026178, 15.896625, -20.391605, -13.504054, 0.328711, 0.708029, 0.093389, 0.001747, 13.946289, 13.958740, 199.279770
0.000000, 0.097731, 1053.000000, 0.001745, 2000.000000, 1000.000000, 15.253451, 14.816577, 14.793326, 15.136645, -0.195049, -0.035014, 0.023389, 0.000000, 0.488656, 0.008726, 17.928741, -17.644663, -12.800522, 0.346820, 0.570611, -0.015267, 0.002450, 13.965820, 12.838745, 183.593735
0.000000, 0.179756, 1061.000000, -0.001745, 2000.000000, 1000.000000, 15.774294, 15.457366, 16.283195, 16.485147, -0.129720, 0.384171, 0.028744, 0.000000, 0.898778, -0.008726, 18.943752, -16.720610, -12.601719, 0.231772, 0.248903, -0.038703, 0.002439, 13.965820, 12.200928, 174.499496
-0.001745, 0.212914, 1071.000000, -0.001745, 2000.000000, 1000.000000, 16.743109, 16.665144, 17.333727, 17.258020, -0.000565, 0.295873, 0.038419, -0.008726, 1.064572, -0.008726, 19.413910, -15.873665, -12.607711, -0.005780, 0.571676, -0.049356, 0.001823, 13.739258, 24.081421, 338.806122
-0.024433, 0.205934, 1072.000000, 0.005236, 2000.000000, 1000.000000, 17.494024, 17.508120, 16.669874, 16.327982, 0.088997, -0.501071, 0.081950, -0.122164, 1.029668, 0.026178, 19.992966, -10.642009, -12.716337, -0.284878, 1.978881, -0.058943, 0.001991, 13.836914, 18.719482, 265.014648
-0.022688, 0.200698, 1087.000000, 0.006981, 2000.000000, 1000.000000, 18.527569, 18.525394, 17.721256, 17.225780, 0.123325, -0.526482, 0.124412, -0.113438, 1.003490, 0.034904, 20.446424, -5.131210, -12.848344, -0.341336, 1.991664, -0.094096, 0.002262, 13.700195, 24.639893, 344.116180
-0.024433, 0.200698, 1097.000000, 0.006981, 2000.000000, 1000.000000, 19.104521, 19.376482, 19.206419, 18.312578, 0.291451, -0.240501, 0.155469, -0.122164, 1.003490, 0.034904, 20.139353, -0.211902, -13.166536, -0.663044, 1.496320, -0.128185, 0.001769, 13.567383, 30.319214, 421.203583
-0.026178, 0.202443, 1096.000000, 0.006981, 2000.000000, 1000.000000, 18.612276, 19.084585, 19.724524, 18.578615, 0.404555, 0.151569, 0.168400, -0.130890, 1.012216, 0.034904, 17.696959, 4.770220, -13.493369, -0.875030, 0.785793, -0.140968, 0.001919, 13.668945, 26.199341, 366.394012
-0.029668, 0.198953, 1095.000000, 0.006981, 2000.000000, 1000.000000, 18.884354, 18.950630, 19.600075, 18.564941, 0.275352, 0.082508, 0.242215, -0.148342, 0.994764, 0.034904, 16.211535, 7.379156, -13.832635, -0.648130, 0.884862, -0.216601, 0.002270, 13.688477, 24.041748, 337.280243
-0.033159, 0.184991, 1094.000000, 0.006981, 2000.000000, 1000.000000, 19.131792, 19.122953, 19.271585, 18.473669, 0.197269, -0.127373, 0.201688, -0.165794, 0.924956, 0.034904, 15.368668, 10.403530, -14.227384, -0.538409, 1.206569, -0.177186, 0.001747, 13.610352, 28.479004, 397.216766
-0.033159, 0.120419, 1061.000000, 0.006981, 2000.000000, 1000.000000, 15.966002, 16.625187, 16.347012, 15.061797, 0.486100, -0.295595, 0.156508, -0.165794, 0.602094, 0.034904, 13.579268, 16.417946, -14.371090, -1.041211, 1.154372, -0.127119, 0.002349, 14.008789, 8.081055, 115.905754
-0.031414, 0.061082, 1037.000000, 0.008726, 2000.000000, 1000.000000, 12.766111, 13.738050, 13.593340, 11.902498, 0.665695, -0.252081, 0.179726, -0.157068, 0.305410, 0.043630, 10.862960, 19.728662, -13.866374, -1.356527, 0.768749, -0.143098, 0.002317, 14.071289, 6.719971, 99.487297
-0.038394, 0.034904, 1012.000000, 0.008726, 2000.000000, 1000.000000, 10.850880, 11.545168, 11.496923, 10.107029, 0.521045, -0.198024, 0.173901, -0.191972, 0.174520, 0.043630, 7.679697, 22.221027, -13.081800, -1.157324, 0.546110, -0.138837, 0.001832, 16.422852, 0.119019, 2.014160
-0.109948, 0.003490, 1015.000000, 0.008726, 2000.000000, 1000.000000, 11.527881, 10.975425, 10.862512, 10.634183, -0.081032, -0.251653, 0.195197, -0.549738, 0.017452, 0.043630, 4.801058, 24.889803, -12.653536, -0.431883, 0.476868, -0.161208, 0.001926, 14.168945, 2.880859, 41.809078
-0.134380, 0.001745, 1018.000000, 0.027923, 2000.000000, 1000.000000, 11.579716, 10.679070, 10.937475, 10.803740, -0.191728, -0.129392, 0.258595, -0.671902, 0.008726, 0.139616, 4.016846, 26.070478, -12.711806, -0.353054, 0.243577, -0.128185, 0.002174, 14.153320, 3.759766, 54.504391
-0.137871, -0.006981, 1020.000000, 0.055846, 2000.000000, 1000.000000, 12.244060, 11.672473, 12.317693, 11.765775, -0.004917, 0.041734, 0.280876, -0.689354, -0.034904, 0.279232, 2.586148, 26.530878, -12.274518, -0.714176, -0.112220, -0.009941, 0.001841, 14.051758, 9.240723, 132.995605
-0.125654, -0.017452, 1020.000000, 0.080279, 2000.000000, 1000.000000, 11.719028, 11.874020, 12.726564, 11.680387, 0.300292, 0.203476, 0.222797, -0.628272, -0.087260, 0.401396, -0.506393, 26.245983, -10.626229, -1.197803, -0.459494, 0.177544, 0.002094, 14.098633, 6.161499, 88.928215
-0.092496, -0.015707, 1020.000000, 0.106457, 2000.000000, 1000.000000, 11.172192, 12.131062, 13.376869, 11.319878, 0.753966, 0.348373, 0.274530, -0.462478, -0.078534, 0.532286, -7.738612, 24.692305, -6.611565, -1.839089, -0.709829, 0.257439, 0.002209, 14.059570, 8.041382, 115.783684
-0.038394, -0.008726, 1021.000000, 0.134380, 2000.000000, 1000.000000, 10.999131, 12.307200, 13.705962, 10.987706, 1.006581, 0.346835, 0.352546, -0.191972, -0.043630, 0.671902, -13.595609, 23.291672, -3.462080, -2.055336, -0.685328, 0.318158, 0.001753, 14.094727, 6.640625, 95.825188
-0.034904, -0.010471, 1031.000000, 0.157068, 2000.000000, 1000.000000, 12.015820, 13.436090, 14.571642, 11.976448, 1.003866, 0.274045, 0.293730, -0.174520, -0.052356, 0.785340, -22.902281, 20.978045, 1.659073, -1.985029, -0.546845, 0.496056, 0.002313, 14.086914, 6.561279, 94.604485
-0.038394, -0.010471, 1035.000000, 0.111693, 2000.000000, 1000.000000, 11.743953, 13.521468, 14.236341, 12.498239, 0.878904, 0.367289, -0.009853, -0.191972, -0.052356, 0.558464, -28.034271, 19.021112, 4.913571, -1.783695, -0.717286, 0.582342, 0.002184, 14.028320, 9.478760, 136.108398
-0.036649, -0.027923, 1071.000000, 0.073298, 2000.000000, 1000.000000, 15.641519, 17.640957, 18.037457, 16.680069, 0.839207, 0.358762, -0.160513, -0.183246, -0.139616, 0.366492, -32.454620, 16.476933, 7.744268, -1.724041, -0.804637, 0.546124, 0.001817, 13.786133, 21.441650, 302.795410
-0.029668, -0.040140, 1077.000000, 0.006981, 2000.000000, 1000.000000, 15.298026, 18.142111, 17.847616, 16.712248, 0.994863, 0.279931, -0.427179, -0.148342, -0.200698, 0.034904, -39.321606, 12.090673, 11.634352, -1.936027, -0.710894, 0.481143, 0.002264, 13.762695, 20.800781, 293.518066
-0.017452, -0.038394, 1078.000000, 0.005236, 2000.000000, 1000.000000, 15.179800, 17.427740, 18.270037, 17.122423, 0.848888, 0.696230, -0.275082, -0.087260, -0.191972, 0.026178, -43.685760, 8.382935, 13.465231, -1.616450, -1.446988, 0.313897, 0.002235, 13.813477, 18.881226, 267.211914
-0.003490, -0.041885, 1102.000000, 0.003490, 2000.000000, 1000.000000, 18.277376, 19.488592, 21.154661, 21.079370, 0.321627, 1.117016, -0.283982, -0.017452, -0.209424, 0.017452, -45.326061, 2.717341, 14.482571, -0.603390, -2.242735, 0.316028, 0.001988, 13.473633, 36.401367, 502.807587
0.026178, -0.061082, 1107.000000, 0.003490, 2000.000000, 1000.000000, 19.332655, 18.992289, 20.045370, 21.629686, -0.481170, 0.837529, -0.310987, 0.130890, -0.305410, 0.017452, -43.126995, -2.753572, 15.527380, 0.999823, -1.825154, 0.343725, 0.002133, 13.422852, 36.480713, 501.403778
0.066318, -0.055846, 1106.000000, 0.000000, 2000.000000, 1000.000000, 21.027435, 19.900578, 18.726345, 20.345642, -0.686540, -0.464006, -0.123109, 0.331588, -0.279232, 0.000000, -36.647404, -3.133057, 16.959532, 1.573997, 0.540783, 0.128543, 0.002271, 13.540039, 29.879761, 414.306610
0.082024, -0.048866, 1105.000000, -0.001745, 2000.000000, 1000.000000, 20.394196, 20.304081, 19.636776, 19.664948, -0.029572, -0.349138, 0.015485, 0.410122, -0.244328, -0.008726, -34.647514, -0.660369, 17.145813, 0.486369, 0.384191, -0.025920, 0.001775, 13.528320, 30.319214, 420.104950
0.104712, -0.022688, 1106.000000, -0.006981, 2000.000000, 1000.000000, 19.096289, 17.990484, 21.199278, 21.713949, -0.405118, 1.456613, 0.147782, 0.523560, -0.113438, -0.034904, -30.950354, -5.284284, 16.812202, 1.269333, -2.726362, -0.189970, 0.002270, 13.450195, 34.201050, 471.435516
0.038394, -0.008726, 1103.000000, -0.033159, 2000.000000, 1000.000000, 20.361605, 17.707926, 19.693296, 22.237173, -1.299388, 0.965234, 0.027450, 0.191972, -0.043630, -0.165794, -23.937738, -10.002688, 17.268799, 2.528468, -1.785739, -0.198492, 0.002206, 13.395508, 36.761475, 513.122559
0.027923, -0.012216, 1091.000000, -0.031414, 2000.000000, 1000.000000, 20.452862, 18.359768, 17.534569, 19.652802, -1.052832, -0.406314, -0.006285, 0.139616, -0.061082, -0.157068, -17.240620, -9.230831, 17.979059, 2.081060, 0.675006, -0.154816, 0.001762, 13.637695, 24.081421, 336.303680
0.066318, -0.029668, 1090.000000, 0.001745, 2000.000000, 1000.000000, 18.949705, 19.871599, 19.397459, 17.781237, 0.634529, -0.410652, 0.173583, 0.331588, -0.148342, 0.008726, -16.652973, -4.093359, 17.427301, -0.789810, 0.583394, -0.171860, 0.002297, 13.856445, 13.919067, 197.509750
0.104712, 0.000000, 1072.000000, 0.003490, 2000.000000, 1000.000000, 15.499569, 16.854071, 18.886900, 16.759459, 0.870486, 0.823180, 0.193235, 0.523560, 0.000000, 0.017452, -19.095356, -6.371851, 16.765022, -1.045472, -1.500250, -0.185708, 0.001810, 13.883789, 6.039429, 77.575684
0.085515, 0.003490, 1068.000000, 0.006981, 2000.000000, 1000.000000, 15.257159, 14.308684, 17.327810, 17.106348, -0.181753, 1.217078, 0.292485, 0.427574, 0.017452, 0.034904, -17.987352, -11.868565, 16.378407, 0.776119, -2.201190, -0.271994, 0.001887, 13.997070, 7.760620, 111.206047
0.073298, 0.003490, 1063.000000, 0.006981, 2000.000000, 1000.000000, 17.174675, 13.863421, 15.406430, 17.555473, -1.365074, 0.480951, 0.290553, 0.366492, 0.017452, 0.034904, -7.668994, -15.762703, 17.791239, 2.819283, -0.840856, -0.266668, 0.002400, 13.852539, 16.119385, 228.576645
0.055846, 0.001745, 1039.000000, 0.006981, 2000.000000, 1000.000000, 14.500661, 11.624057, 11.901008, 13.974275, -1.237467, -0.062359, 0.200834, 0.279232, 0.008726, 0.034904, -0.060073, -13.941239, 19.239967, 2.509293, 0.121072, -0.173991, 0.002375, 13.977539, 9.039307, 129.394531
0.101222, 0.001745, 1006.000000, 0.006981, 2000.000000, 1000.000000, 10.680826, 9.453197, 9.821497, 10.044479, -0.362653, -0.067012, 0.251161, 0.506108, 0.008726, 0.034904, 4.516605, -11.701916, 19.659592, 1.204353, 0.132790, -0.230449, 0.001758, 18.649414, 0.079346, 1.525879
0.123909, 0.001745, 1006.000000, 0.006981, 2000.000000, 1000.000000, 9.612490, 9.681097, 10.842682, 9.863731, 0.261889, 0.353206, 0.227586, 0.619546, 0.008726, 0.034904, 6.766286, -12.121331, 19.074923, 0.173183, -0.625674, -0.202753, 0.002250, 14.715820, 0.119019, 1.770019
0.101222, 0.003490, 1007.000000, 0.006981, 2000.000000, 1000.000000, 9.770613, 9.264025, 10.695454, 10.269909, -0.020261, 0.482681, 0.233033, 0.506108, 0.017452, 0.034904, 8.306022, -13.750570, 18.879494, 0.560937, -0.849378, -0.208079, 0.002272, 14.137695, 3.201294, 46.386715
0.075044, 0.003490, 1009.000000, 0.006981, 2000.000000, 1000.000000, 10.245846, 8.801170, 10.384754, 10.568230, -0.407037, 0.476492, 0.315300, 0.375218, 0.017452, 0.034904, 11.323107, -15.182148, 18.951721, 1.139372, -0.855769, -0.297561, 0.001829, 14.133789, 3.359985, 48.583981
0.034904, 0.003490, 1013.000000, 0.006981, 2000.000000, 1000.000000, 11.666637, 9.614349, 10.704739, 12.014275, -0.840456, 0.359506, 0.185688, 0.174520, 0.017452, 0.034904, 18.482853, -16.132847, 19.913408, 1.700763, -0.632065, -0.159077, 0.002148, 14.079102, 5.718994, 82.519524
0.026178, 0.003490, 1049.000000, 0.006981, 2000.000000, 1000.000000, 14.862687, 12.698436, 13.608840, 14.830037, -0.846362, 0.219439, 0.235763, 0.130890, 0.017452, 0.034904, 23.358299, -15.796685, 20.789490, 1.662413, -0.377469, -0.211275, 0.002196, 13.782227, 20.959473, 295.898438
0.024433, 0.026178, 1078.000000, 0.006981, 2000.000000, 1000.000000, 17.712585, 15.880519, 16.790287, 17.616608, -0.664596, 0.203447, 0.251437, 0.122164, 0.130890, 0.034904, 27.434177, -15.036675, 21.268105, 1.333249, -0.231528, -0.228319, 0.001945, 13.590820, 27.481079, 382.629364
0.027923, 0.099476, 1080.000000, 0.006981, 2000.000000, 1000.000000, 17.978632, 17.054770, 18.504023, 18.462576, -0.220605, 0.483300, 0.241326, 0.139616, 0.497382, 0.034904, 30.148977, -14.820580, 21.320518, 0.544958, -0.352968, -0.216601, 0.002104, 13.536133, 30.679321, 425.292938
-0.003490, 0.143106, 1078.000000, 0.006981, 2000.000000, 1000.000000, 16.909330, 15.964217, 17.819899, 17.306555, -0.107943, 0.563228, 0.364614, -0.017452, 0.715532, 0.034904, 31.706694, -15.784590, 20.660791, 0.179575, -0.266682, -0.344432, 0.002239, 13.860352, 16.000366, 230.285629
-0.027923, 0.153578, 1074.000000, 0.006981, 2000.000000, 1000.000000, 17.371937, 16.002361, 17.369762, 17.255939, -0.313939, 0.312851, 0.370849, -0.139616, 0.767888, 0.034904, 32.608196, -15.533980, 19.935488, 0.426714, 0.231859, -0.356150, 0.001764, 13.793945, 18.481445, 261.230469
-0.027923, 0.148342, 1072.000000, 0.006981, 2000.000000, 1000.000000, 17.533474, 16.350632, 17.160915, 16.954979, -0.244226, 0.057947, 0.347195, -0.139616, 0.741710, 0.034904, 33.100563, -14.016188, 19.170675, 0.293557, 0.670745, -0.329518, 0.001883, 13.805664, 16.799927, 237.731918
-0.034904, 0.139616, 1055.000000, 0.006981, 2000.000000, 1000.000000, 15.211023, 14.440809, 15.335310, 15.012857, -0.111941, 0.174084, 0.273167, -0.174520, 0.698080, 0.034904, 32.724361, -11.616277, 17.901892, 0.018721, 0.414018, -0.248559, 0.002320, 13.918945, 12.680054, 180.786118
-0.033159, 0.132635, 1039.000000, 0.006981, 2000.000000, 1000.000000, 12.901625, 12.261051, 13.578211, 13.259113, -0.080369, 0.418662, 0.239918, -0.165794, 0.663176, 0.034904, 32.672375, -11.208285, 17.312555, -0.026020, -0.063218, -0.215536, 0.002194, 14.063477, 5.880737, 84.716789
-0.031414, 0.123909, 1038.000000, 0.006981, 2000.000000, 1000.000000, 12.753551, 12.379883, 13.889618, 12.976948, 0.134750, 0.433283, 0.321585, -0.157068, 0.619546, 0.034904, 32.217678, -11.722518, 16.475895, -0.406317, -0.147373, -0.305017, 0.001747, 14.079102, 5.841064, 84.228508
-0.080279, 0.116928, 1074.000000, 0.006981, 2000.000000, 1000.000000, 16.880508, 16.710892, 17.601707, 16.806892, 0.156300, 0.204299, 0.241108, -0.401396, 0.584642, 0.034904, 29.949270, -12.238472, 14.838946, -0.703524, 0.239315, -0.216601, 0.002150, 13.586914, 30.722046, 427.429169
-0.104712, 0.101222, 1079.000000, 0.006981, 2000.000000, 1000.000000, 17.109421, 17.092033, 17.094009, 16.704536, 0.093021, -0.100726, 0.101714, -0.523560, 0.506108, 0.034904, 27.661982, -11.556350, 13.951108, -0.716307, 0.708029, -0.070661, 0.002200, 13.668945, 24.279785, 340.087860
-0.120419, 0.097731, 1090.000000, 0.006981, 2000.000000, 1000.000000, 19.157122, 19.402056, 18.818876, 18.621946, 0.110466, -0.279588, -0.012002, -0.602094, 0.488656, 0.034904, 24.849531, -9.664698, 13.447818, -0.837746, 1.025476, 0.048648, 0.001754, 13.485352, 31.759644, 439.025848
-0.130890, 0.101222, 1093.000000, 0.006981, 2000.000000, 1000.000000, 18.671225, 19.024973, 19.600809, 18.702993, 0.312890, 0.151901, 0.136017, -0.654450, 0.506108, 0.034904, 20.133501, -8.168571, 12.686071, -1.240414, 0.252099, -0.105814, 0.002276, 13.622070, 26.000977, 362.792938
-0.132635, 0.116928, 1093.000000, 0.006981, 2000.000000, 1000.000000, 18.558630, 18.836618, 19.869230, 18.735521, 0.352924, 0.302376, 0.213930, -0.663176, 0.584642, 0.034904, 16.648281, -8.688153, 11.755378, -1.348005, 0.056091, -0.189970, 0.001774, 13.661133, 23.480225, 328.308075
-0.130890, 0.129145, 1093.000000, 0.006981, 2000.000000, 1000.000000, 18.198261, 18.961952, 20.190655, 18.649132, 0.576304, 0.419894, 0.194459, -0.654450, 0.645724, 0.034904, 12.502345, -9.568855, 10.571351, -1.744281, -0.087719, -0.169730, 0.001757, 13.571289, 28.521729, 396.301239
-0.132635, 0.130890, 1089.000000, 0.006981, 2000.000000, 1000.000000, 17.939018, 18.212093, 18.431225, 17.417664, 0.321660, -0.075556, 0.185122, -0.663176, 0.654450, 0.034904, 5.854533, -9.252931, 9.063032, -1.271306, 0.817750, -0.156947, 0.002169, 13.645508, 24.801636, 346.435516
-0.132635, 0.129145, 1064.000000, 0.006981, 2000.000000, 1000.000000, 16.208168, 16.067564, 16.417452, 15.306819, 0.242507, -0.137866, 0.312809, -0.663176, 0.645724, 0.034904, 2.401064, -7.209000, 7.923848, -1.127496, 0.925341, -0.291169, 0.002152, 13.981445, 7.199097, 103.027336
-0.132635, 0.129145, 1047.000000, 0.006981, 2000.000000, 1000.000000, 13.820219, 14.131739, 14.755152, 13.292891, 0.443445, 0.024021, 0.287685, -0.663176, 0.645724, 0.034904, -1.417380, -5.485252, 6.721065, -1.492880, 0.628135, -0.266668, 0.002069, 14.329102, 0.000000, 0.000000
-0.127400, 0.132635, 1048.000000, 0.006981, 2000.000000, 1000.000000, 13.379780, 14.127056, 15.262146, 13.231018, 0.694601, 0.246582, 0.320963, -0.636998, 0.663176, 0.034904, -8.591069, -4.792475, 4.952741, -1.905135, 0.244642, -0.299691, 0.002303, 13.985352, 9.921265, 142.089844
-0.127400, 0.134380, 1048.000000, 0.006981, 2000.000000, 1000.000000, 13.638738, 14.014504, 14.983172, 13.363585, 0.498839, 0.173379, 0.310955, -0.636998, 0.671902, 0.034904, -13.256517, -4.367244, 3.791183, -1.585557, 0.387386, -0.292234, 0.001907, 13.989258, 8.959961, 128.417969
-0.118674, 0.132635, 1042.000000, 0.006981, 2000.000000, 1000.000000, 13.895092, 14.185570, 14.775539, 13.143799, 0.480555, -0.040331, 0.335316, -0.593368, 0.663176, 0.034904, -17.569786, -3.002215, 2.708051, -1.490749, 0.766618, -0.316735, 0.002031, 13.985352, 9.359741, 133.972168
-0.082024, 0.099476, 1043.000000, 0.008726, 2000.000000, 1000.000000, 14.009089, 14.540124, 14.740651, 12.710135, 0.640388, -0.274607, 0.374871, -0.410122, 0.497382, 0.043630, -23.670685, 0.778496, 1.076263, -1.574905, 1.009497, -0.347628, 0.002287, 13.977539, 10.000610, 143.005371
-0.057592, 0.043630, 1039.000000, 0.026178, 2000.000000, 1000.000000, 12.705489, 13.750764, 14.041039, 11.502707, 0.895902, -0.228127, 0.373265, -0.287958, 0.218150, 0.130890, -28.324492, 2.946755, 0.446076, -1.952006, 0.650505, -0.261342, 0.001751, 14.055664, 4.559326, 65.673828
-0.036649, 0.003490, 1072.000000, 0.041885, 2000.000000, 1000.000000, 16.545286, 17.842499, 18.294960, 15.317254, 1.068730, -0.193893, 0.420123, -0.183246, 0.017452, 0.209424, -33.962078, 4.167733, 0.120206, -2.148013, 0.371407, -0.228319, 0.001781, 13.567383, 30.200195, 419.311493
0.000000, 0.001745, 1073.000000, 0.010471, 2000.000000, 1000.000000, 16.721485, 17.745083, 17.694351, 15.839081, 0.719716, -0.233284, 0.207919, 0.000000, 0.008726, 0.052356, -41.176212, 5.484429, -0.027271, -1.289416, 0.422540, -0.163338, 0.002288, 13.797852, 18.121338, 255.920395
0.052356, 0.001745, 1074.000000, 0.008726, 2000.000000, 1000.000000, 16.952160, 17.349937, 17.548656, 16.149246, 0.449297, -0.151048, 0.250409, 0.261780, 0.008726, 0.043630, -43.487206, 6.365904, -0.300700, -0.532017, 0.276599, -0.215536, 0.002415, 13.758789, 19.079590, 268.920898
0.062827, 0.001745, 1061.000000, 0.006981, 2000.000000, 1000.000000, 16.222296, 15.761539, 16.444902, 15.571265, 0.103220, 0.008083, 0.333599, 0.314136, 0.008726, 0.034904, -44.010254, 6.725760, -0.982612, 0.132703, -0.001433, -0.316735, 0.001759, 13.903320, 12.921143, 183.898911
0.106457, 0.001745, 1051.000000, 0.008726, 2000.000000, 1000.000000, 14.873502, 14.817395, 15.631301, 14.677802, 0.224349, 0.154551, 0.252401, 0.532286, 0.008726, 0.043630, -43.149597, 6.136499, -2.194931, 0.154009, -0.269878, -0.218731, 0.002193, 13.981445, 9.118652, 130.493164
0.106457, 0.001745, 1051.000000, 0.010471, 2000.000000, 1000.000000, 14.758232, 14.839537, 15.755793, 14.646439, 0.297664, 0.201116, 0.257012, 0.532286, 0.008726, 0.052356, -42.790241, 5.139453, -2.788844, 0.024047, -0.352968, -0.214470, 0.002260, 13.946289, 11.160278, 159.423828
0.106457, 0.001745, 1052.000000, 0.017452, 2000.000000, 1000.000000, 15.002082, 14.763803, 15.630212, 14.603904, 0.197007, 0.117058, 0.316147, 0.532286, 0.008726, 0.087260, -42.402882, 4.319273, -3.444673, 0.201945, -0.207027, -0.244298, 0.001752, 13.907227, 14.239502, 200.500473
0.069808, -0.013962, 1055.000000, 0.013962, 2000.000000, 1000.000000, 15.446717, 14.627698, 14.853189, 15.072396, -0.259557, -0.037208, 0.149953, 0.349040, -0.069808, 0.069808, -40.054291, 3.972972, -4.330510, 0.830447, -0.005694, -0.085574, 0.002057, 13.911133, 12.481689, 177.795395
0.080279, -0.047120, 1062.000000, 0.024433, 2000.000000, 1000.000000, 16.559061, 15.581072, 15.793739, 16.066126, -0.312594, -0.070067, 0.176401, 0.401396, -0.235602, 0.122164, -37.503284, 3.635122, -4.656020, 0.975322, -0.118611, -0.058943, 0.002346, 13.922852, 12.280273, 175.109848
0.109948, -0.052356, 1075.000000, 0.031414, 2000.000000, 1000.000000, 17.097483, 16.714476, 17.193048, 16.994993, -0.046237, 0.094020, 0.145265, 0.549738, -0.261780, 0.157068, -35.205181, 2.739851, -4.922272, 0.668528, -0.446710, 0.008168, 0.001868, 13.665039, 22.760010, 318.908691
0.106457, -0.034904, 1079.000000, 0.029668, 2000.000000, 1000.000000, 16.613747, 16.326088, 17.302906, 17.757259, -0.185503, 0.530084, -0.041673, 0.532286, -0.174520, 0.148342, -33.337425, 0.406167, -4.601023, 0.887971, -1.136997, 0.195654, 0.002072, 13.750977, 19.799805, 278.686523
0.055846, 0.000000, 1077.000000, 0.013962, 2000.000000, 1000.000000, 17.067280, 15.623592, 16.923565, 18.385563, -0.726422, 0.654563, -0.004577, 0.279232, 0.000000, 0.069808, -28.946209, -4.819095, -3.802341, 1.586780, -1.168955, 0.076345, 0.002305, 13.809570, 16.918945, 239.196762
0.057592, 0.000000, 1066.000000, 0.008726, 2000.000000, 1000.000000, 16.461412, 15.005442, 15.597427, 16.935717, -0.698565, 0.266573, 0.029420, 0.287958, 0.000000, 0.043630, -24.677774, -7.228626, -3.255988, 1.587845, -0.490386, 0.013495, 0.001782, 13.903320, 12.200928, 173.583969
0.141361, 0.000000, 1061.000000, 0.008726, 2000.000000, 1000.000000, 16.405668, 15.598386, 15.894357, 16.101587, -0.253629, -0.002027, 0.150013, 0.706806, 0.000000, 0.043630, -19.196791, -7.983447, -2.704293, 1.180917, 0.006024, -0.111140, 0.002374, 13.879883, 14.199829, 201.782211
0.181501, 0.001745, 1061.000000, 0.008726, 2000.000000, 1000.000000, 16.056820, 15.655685, 16.204128, 16.083366, -0.070094, 0.143747, 0.130474, 0.907504, 0.008726, 0.043630, -16.348925, -8.279526, -2.617685, 1.071195, -0.246442, -0.091966, 0.002152, 13.817383, 17.999268, 254.577621
0.176265, 0.001745, 1063.000000, 0.006981, 2000.000000, 1000.000000, 15.983351, 15.294865, 16.042059, 16.679724, -0.331537, 0.360892, 0.012706, 0.881326, 0.008726, 0.034904, -12.977726, -9.569285, -2.176494, 1.532452, -0.646979, 0.022017, 0.001824, 13.856445, 14.678955, 208.312973
0.057592, 0.005236, 1078.000000, 0.006981, 2000.000000, 1000.000000, 17.445158, 15.338094, 16.628115, 18.588633, -1.016896, 0.608374, 0.036636, 0.287958, 0.026178, 0.034904, -4.714586, -13.279654, -0.481223, 2.119409, -1.059234, -0.002484, 0.002319, 13.739258, 19.241333, 270.935059
-0.029668, 0.003490, 1096.000000, 0.005236, 2000.000000, 1000.000000, 19.413244, 17.240274, 18.695845, 20.650637, -1.031941, 0.673241, 0.054544, -0.148342, 0.017452, 0.026178, 0.702655, -16.310820, 0.854888, 1.703958, -1.191326, -0.030181, 0.002190, 13.422852, 34.799194, 478.637665
-0.033159, 0.003490, 1096.000000, 0.005236, 2000.000000, 1000.000000, 19.253654, 17.718586, 19.095909, 19.931850, -0.592752, 0.513881, 0.174782, -0.165794, 0.017452, 0.026178, 4.548122, -19.065760, 1.777115, 0.915668, -0.922881, -0.156947, 0.001832, 13.504883, 31.121826, 427.001923
-0.033159, 0.005236, 1096.000000, 0.005236, 2000.000000, 1000.000000, 19.076515, 18.715900, 19.181000, 19.026585, -0.051550, 0.103792, 0.128758, -0.165794, 0.026178, 0.026178, 5.785349, -20.569912, 1.751055, -0.077152, -0.163352, -0.107945, 0.002109, 13.575195, 27.239990, 378.478973
-0.057592, 0.075044, 1093.000000, 0.005236, 2000.000000, 1000.000000, 19.081684, 18.641220, 18.904873, 19.372223, -0.226954, 0.138548, -0.006722, -0.287958, 0.375218, 0.026178, 5.257290, -20.054251, 1.456405, 0.103941, 0.145573, 0.033735, 0.002275, 13.637695, 23.480225, 328.002899
-0.052356, 0.111693, 1093.000000, 0.005236, 2000.000000, 1000.000000, 19.031927, 18.107229, 19.104528, 19.756315, -0.394122, 0.430421, 0.068227, -0.261780, 0.558464, 0.026178, 6.112135, -20.052732, 1.737408, 0.445889, -0.203832, -0.045094, 0.001766, 13.614258, 25.759888, 358.398407
-0.045375, 0.139616, 1077.000000, 0.005236, 2000.000000, 1000.000000, 16.840950, 15.696395, 17.277538, 18.185116, -0.513033, 0.731328, 0.059244, -0.226876, 0.698080, 0.026178, 7.723735, -21.305277, 2.164948, 0.698355, -0.608630, -0.035507, 0.001764, 13.754883, 18.200684, 249.694809
-0.036649, 0.155323, 1037.000000, 0.005236, 2000.000000, 1000.000000, 13.438169, 11.982252, 12.674599, 13.904980, -0.671574, 0.289789, 0.056384, -0.183246, 0.776614, 0.026178, 11.658047, -22.221840, 3.504872, 1.020063, 0.281926, -0.032311, 0.002182, 15.399414, 0.039673, 0.610352
-0.034904, 0.171030, 1034.000000, 0.005236, 2000.000000, 1000.000000, 13.478153, 12.595272, 12.600601, 13.325974, -0.402064, -0.036713, 0.039377, -0.174520, 0.855148, 0.026178, 13.825389, -20.248161, 4.249933, 0.546023, 0.956234, -0.014202, 0.002244, 14.086914, 4.479980, 64.575195
-0.033159, 0.183246, 1035.000000, 0.005236, 2000.000000, 1000.000000, 13.333557, 12.896481, 12.788342, 12.981621, -0.157589, -0.115019, 0.060950, -0.165794, 0.916230, 0.026178, 14.529337, -17.119791, 4.402755, 0.115659, 1.174612, -0.037638, 0.001807, 14.051758, 5.319214, 76.477051
-0.033159, 0.204188, 1046.000000, 0.005236, 2000.000000, 1000.000000, 13.887569, 13.887430, 14.056494, 14.168507, -0.028038, 0.112500, -0.027968, -0.165794, 1.020942, 0.026178, 13.927880, -12.873490, 4.277990, -0.124024, 0.860361, 0.056105, 0.002223, 13.887695, 12.561035, 178.894028
-0.031414, 0.214660, 1057.000000, 0.005236, 2000.000000, 1000.000000, 14.805985, 14.826222, 15.074691, 15.293101, -0.049543, 0.183896, -0.059662, -0.157068, 1.073298, 0.026178, 13.392774, -10.832961, 4.380513, -0.078218, 0.786858, 0.089128, 0.002162, 13.821289, 17.041016, 241.210922
-0.031414, 0.219895, 1073.000000, 0.005236, 2000.000000, 1000.000000, 17.204298, 16.798475, 16.833818, 17.163408, -0.183853, -0.001386, 0.019058, -0.157068, 1.099476, 0.026178, 13.156416, -8.196209, 4.500793, 0.167857, 1.159698, 0.007103, 0.001772, 13.809570, 17.001343, 239.318832
-0.033159, 0.209424, 1074.000000, 0.005236, 2000.000000, 1000.000000, 17.457478, 16.943760, 16.667789, 16.930973, -0.194225, -0.200618, 0.062633, -0.165794, 1.047120, 0.026178, 13.476388, -2.295906, 4.312055, 0.178509, 1.448383, -0.038703, 0.002290, 13.778320, 17.440796, 246.093735
-0.033159, 0.204188, 1073.000000, 0.005236, 2000.000000, 1000.000000, 17.190077, 16.669657, 16.937094, 17.203173, -0.196626, 0.070134, 0.063584, -0.165794, 1.020942, 0.026178, 13.773847, 1.036839, 4.238575, 0.188097, 0.948777, -0.039768, 0.001808, 13.758789, 19.839478, 279.418945
-0.033159, 0.195462, 1073.000000, 0.006981, 2000.000000, 1000.000000, 17.033865, 16.629812, 17.155825, 17.180498, -0.107182, 0.168162, 0.094845, -0.165794, 0.977312, 0.034904, 13.868668, 3.242996, 4.059293, 0.018721, 0.718681, -0.064269, 0.001845, 13.743164, 20.001221, 281.311035
-0.034904, 0.134380, 1040.000000, 0.006981, 2000.000000, 1000.000000, 14.115768, 14.239656, 13.982033, 13.662542, 0.110845, -0.177713, 0.048901, -0.174520, 0.671902, 0.034904, 12.782499, 6.344546, 4.043576, -0.376490, 1.013758, -0.015267, 0.002324, 13.989258, 8.480835, 121.398918
-0.069808, 0.036649, 1016.000000, 0.006981, 2000.000000, 1000.000000, 11.723917, 11.415014, 10.396288, 10.464781, -0.094349, -0.569466, 0.060102, -0.349040, 0.183246, 0.034904, 11.811790, 9.335766, 4.206906, -0.192200, 1.209765, -0.026985, 0.002338, 15.872070, 0.000000, 0.000000
-0.090750, 0.001745, 1007.000000, 0.006981, 2000.000000, 1000.000000, 10.774261, 10.014298, 9.446982, 9.764459, -0.269359, -0.394280, 0.110622, -0.453752, 0.008726, 0.034904, 11.410343, 12.063864, 4.121983, 0.016590, 0.736791, -0.081313, 0.001746, 16.274414, 0.000000, 0.671387
-0.099476, -0.036649, 1009.000000, 0.006981, 2000.000000, 1000.000000, 10.256267, 9.584697, 9.916600, 10.242436, -0.249352, 0.079518, 0.086433, -0.497382, -0.183246, 0.034904, 11.470169, 12.676632, 3.844565, -0.067565, -0.332728, -0.054682, 0.002271, 14.133789, 2.600098, 37.597656
-0.101222, -0.066318, 1011.000000, 0.006981, 2000.000000, 1000.000000, 10.871900, 10.793344, 11.220424, 11.114333, 0.006883, 0.167378, 0.046162, -0.506108, -0.331588, 0.034904, 10.746091, 11.233844, 3.874038, -0.543735, -0.655501, -0.013137, 0.001798, 14.036133, 7.199097, 103.393547
-0.111693, -0.073298, 1041.000000, 0.006981, 2000.000000, 1000.000000, 13.589561, 14.122604, 14.403925, 13.883909, 0.263264, 0.143917, -0.003257, -0.558464, -0.366492, 0.034904, 8.578929, 9.210698, 4.336610, -1.055059, -0.640587, 0.039061, 0.002224, 13.844727, 17.480469, 248.107895
-0.116928, -0.095986, 1055.000000, 0.006981, 2000.000000, 1000.000000, 14.780307, 15.208280, 15.299573, 14.711841, 0.253927, 0.005707, 0.039940, -0.584642, -0.479930, 0.034904, 4.014725, 6.719297, 5.023201, -1.067842, -0.509561, -0.005680, 0.002218, 13.774414, 17.880249, 252.502426
-0.095986, -0.090750, 1058.000000, 0.006981, 2000.000000, 1000.000000, 14.867794, 14.914282, 15.204897, 15.013027, 0.059589, 0.108962, 0.036346, -0.479930, -0.453752, 0.034904, 1.811799, 4.961303, 5.249584, -0.621499, -0.676806, -0.002484, 0.001748, 13.887695, 13.479614, 191.711411
-0.089005, -0.043630, 1079.000000, 0.006981, 2000.000000, 1000.000000, 16.932873, 16.641785, 17.247284, 17.178059, -0.055466, 0.212671, 0.090079, -0.445026, -0.218150, 0.034904, 0.398961, 1.708382, 5.203693, -0.361576, -0.606499, -0.057878, 0.002346, 13.657227, 22.839355, 319.702148
-0.078534, 0.000000, 1091.000000, 0.006981, 2000.000000, 1000.000000, 18.871721, 19.089762, 19.348478, 18.690039, 0.219119, 0.019259, 0.110100, -0.392670, 0.000000, 0.034904, -0.992486, 0.689933, 5.062735, -0.801528, -0.034456, -0.079183, 0.002146, 13.497070, 31.640625, 437.316864
-0.061082, 0.003490, 1090.000000, 0.006981, 2000.000000, 1000.000000, 18.917912, 19.598862, 19.406357, 18.076870, 0.502609, -0.258386, 0.162134, -0.305410, 0.017452, 0.034904, -3.815633, 1.108881, 4.865969, -1.219109, 0.478998, -0.133511, 0.002193, 13.579102, 27.401733, 380.920380
-0.057592, 0.003490, 1090.000000, 0.006981, 2000.000000, 1000.000000, 19.241287, 19.161045, 19.554832, 18.042835, 0.357939, -0.201166, 0.398059, -0.287958, 0.017452, 0.034904, -8.417006, 2.769276, 3.917902, -0.943207, 0.384191, -0.379585, 0.002198, 13.579102, 27.719116, 385.436981
-0.055846, 0.003490, 1085.000000, 0.006981, 2000.000000, 1000.000000, 18.020506, 17.512098, 18.960604, 17.506792, 0.236350, 0.233698, 0.490555, -0.279232, 0.017452, 0.034904, -10.573937, 2.791793, 2.909063, -0.714176, -0.398774, -0.475459, 0.002259, 13.754883, 18.600464, 264.526367
-0.052356, 0.003490, 1071.000000, 0.006981, 2000.000000, 1000.000000, 16.589861, 15.969313, 18.494589, 16.946238, 0.231951, 0.720414, 0.542225, -0.261780, 0.017452, 0.034904, -12.407352, 0.166487, 1.578973, -0.701393, -1.302112, -0.537244, 0.001758, 13.836914, 14.239502, 201.721176
-0.045375, 0.003490, 1051.000000, 0.006981, 2000.000000, 1000.000000, 15.450778, 14.136283, 15.896922, 14.516017, 0.016603, 0.206469, 0.673850, -0.226876, 0.017452, 0.034904, -14.578023, -3.903348, -0.941675, -0.268899, -0.355098, -0.667205, 0.002217, 13.950195, 9.521484, 135.986328
-0.031414, -0.005236, 1046.000000, 0.006981, 2000.000000, 1000.000000, 15.160646, 13.465939, 14.394646, 12.978769, -0.069708, -0.313292, 0.777647, -0.157068, -0.026178, 0.034904, -14.970827, -3.400146, -2.884347, -0.038803, 0.538653, -0.777992, 0.002240, 14.032227, 5.801392, 83.312981
-0.031414, -0.052356, 1047.000000, 0.006981, 2000.000000, 1000.000000, 15.338188, 13.779028, 14.096861, 12.785923, -0.062055, -0.558608, 0.717525, -0.157068, -0.261780, 0.034904, -14.824832, -1.355684, -5.020337, -0.047325, 0.750639, -0.723664, 0.001807, 13.977539, 8.959961, 128.295898
-0.005236, -0.031414, 1063.000000, 0.006981, 2000.000000, 1000.000000, 16.713257, 15.231230, 16.524830, 15.530685, -0.121971, 0.027757, 0.619043, -0.026178, -0.157068, 0.034904, -14.368606, -0.056955, -7.663895, 0.184901, -0.209158, -0.609681, 0.002251, 13.731445, 21.200562, 298.034668
-0.003490, 0.000000, 1067.000000, 0.006981, 2000.000000, 1000.000000, 16.257910, 14.801886, 17.061142, 15.879064, -0.068486, 0.470103, 0.659526, -0.017452, 0.000000, 0.034904, -14.388042, -1.544290, -9.377858, 0.098615, -0.855769, -0.659748, 0.001841, 13.793945, 17.239380, 243.530258
-0.001745, 0.000000, 1067.000000, 0.006981, 2000.000000, 1000.000000, 15.998624, 14.923191, 17.107418, 15.970768, 0.015304, 0.539093, 0.553021, -0.008726, 0.000000, 0.034904, -14.749602, -4.339927, -11.080207, -0.032412, -0.986796, -0.546831, 0.001890, 13.778320, 18.240356, 257.385254
-0.003490, 0.001745, 1061.000000, 0.010471, 2000.000000, 1000.000000, 16.356920, 15.292595, 16.735321, 15.615168, 0.013957, 0.175244, 0.546120, -0.017452, 0.008726, 0.052356, -15.119193, -7.195130, -13.249895, -0.036673, -0.307162, -0.515938, 0.002244, 13.840820, 15.438843, 211.303696
-0.033159, 0.001745, 1061.000000, 0.008726, 2000.000000, 1000.000000, 16.722769, 15.176026, 16.454916, 15.646288, -0.184529, 0.050603, 0.588842, -0.165794, 0.008726, 0.043630, -15.000749, -7.714273, -14.691303, 0.155074, -0.085588, -0.570267, 0.002191, 13.836914, 14.920044, 211.425766
-0.027923, 0.003490, 1061.000000, 0.008726, 2000.000000, 1000.000000, 16.711731, 15.133271, 16.539864, 15.615135, -0.163433, 0.077499, 0.625798, -0.139616, 0.017452, 0.043630, -14.710505, -8.082859, -16.273443, 0.154009, -0.122872, -0.616073, 0.001771, 13.836914, 15.161133, 214.782700
-0.029668, 0.001745, 1061.000000, 0.015707, 2000.000000, 1000.000000, 16.850233, 14.902608, 16.526001, 15.721154, -0.285695, 0.123578, 0.688119, -0.148342, 0.008726, 0.078534, -13.990731, -8.857592, -18.669933, 0.356407, -0.211289, -0.637378, 0.002221, 13.829102, 15.319824, 216.918930
-0.027923, 0.003490, 1061.000000, 0.013962, 2000.000000, 1000.000000, 16.780872, 14.889088, 16.512234, 15.817806, -0.299339, 0.165020, 0.646553, -0.139616, 0.017452, 0.069808, -13.189858, -9.837052, -20.213177, 0.396887, -0.278400, -0.603290, 0.002231, 13.852539, 14.120483, 200.317368
-0.033159, 0.003490, 1042.000000, 0.034904, 2000.000000, 1000.000000, 14.871799, 12.962162, 14.412678, 13.753361, -0.312580, 0.083019, 0.642239, -0.165794, 0.017452, 0.174520, -12.312245, -10.763045, -21.591553, 0.393692, -0.133525, -0.498894, 0.001887, 14.051758, 4.638672, 66.711426
-0.029668, 0.003490, 1042.000000, 0.027923, 2000.000000, 1000.000000, 14.547296, 13.694596, 14.308066, 13.450042, 0.001331, -0.120946, 0.427681, -0.148342, 0.017452, 0.139616, -11.789500, -10.614185, -23.095823, -0.157047, 0.235054, -0.303952, 0.002376, 13.958008, 9.960938, 142.272949
-0.031414, 0.003490, 1043.000000, 0.006981, 2000.000000, 1000.000000, 14.173508, 14.114216, 14.258358, 13.453918, 0.186286, -0.143861, 0.215933, -0.157068, 0.017452, 0.034904, -12.360450, -9.573421, -23.847561, -0.504321, 0.284056, -0.193165, 0.001753, 13.926758, 12.359619, 176.086411
-0.031414, 0.003490, 1043.000000, 0.005236, 2000.000000, 1000.000000, 14.044906, 14.137805, 14.348649, 13.468640, 0.243227, -0.091356, 0.196777, -0.157068, 0.017452, 0.026178, -13.518607, -8.271162, -24.495840, -0.612977, 0.187118, -0.181447, 0.001754, 13.934570, 10.598755, 151.184082
-0.029668, 0.003490, 1048.000000, 0.005236, 2000.000000, 1000.000000, 14.017923, 13.631727, 14.240637, 14.109713, -0.063818, 0.175175, 0.129281, -0.148342, 0.017452, 0.026178, -14.878433, -7.930274, -25.358934, -0.044129, -0.298640, -0.109010, 0.002130, 13.977539, 8.679199, 124.206535
-0.031414, 0.003490, 1068.000000, 0.005236, 2000.000000, 1000.000000, 16.067051, 15.466002, 16.133343, 16.333603, -0.200328, 0.233473, 0.100197, -0.157068, 0.017452, 0.026178, -15.130623, -9.002218, -25.608124, 0.201945, -0.410492, -0.079183, 0.001801, 13.817383, 16.558838, 234.191879
-0.033159, 0.003490, 1116.000000, 0.006981, 2000.000000, 1000.000000, 21.152683, 20.784431, 20.928806, 21.134079, -0.143381, 0.031443, 0.040744, -0.165794, 0.017452, 0.034904, -14.399424, -10.247686, -25.677599, 0.084767, -0.037652, -0.006745, 0.002307, 13.028320, 53.280640, 710.632263
-0.034904, 0.003490, 1106.000000, 0.006981, 2000.000000, 1000.000000, 19.526566, 20.183826, 20.457024, 19.832584, 0.320426, 0.144804, -0.008205, -0.174520, 0.017452, 0.034904, -15.358782, -10.156612, -25.799225, -0.754656, -0.242181, 0.044387, 0.002220, 13.336914, 35.519409, 484.802216
-0.033159, 0.003490, 1054.000000, 0.006981, 2000.000000, 1000.000000, 14.510728, 15.268744, 15.391240, 14.829288, 0.329992, 0.110264, -0.049016, -0.165794, 0.017452, 0.034904, -17.844498, -9.835068, -26.006159, -0.779157, -0.187853, 0.086997, 0.001797, 14.864258, 0.000000, 0.610352
-0.033159, 0.003490, 1052.000000, 0.006981, 2000.000000, 1000.000000, 15.152675, 14.734832, 14.847007, 15.265487, -0.209081, 0.056247, -0.000160, -0.165794, 0.017452, 0.034904, -18.647951, -9.829033, -26.009905, 0.205141, -0.080262, 0.035865, 0.002156, 13.985352, 7.641602, 109.497063
-0.033159, 0.003490, 1037.000000, 0.006981, 2000.000000, 1000.000000, 13.796100, 12.450664, 12.307330, 13.445907, -0.621003, -0.123381, 0.051715, -0.165794, 0.017452, 0.034904, -15.511198, -10.740812, -25.462221, 0.943365, 0.238250, -0.018463, 0.002400, 13.989258, 6.759644, 96.801750
-0.033159, 0.003490, 1019.000000, 0.006981, 2000.000000, 1000.000000, 11.710424, 10.532455, 10.500746, 11.256374, -0.483399, -0.121440, 0.105585, -0.165794, 0.017452, 0.034904, -13.011693, -11.126472, -25.159021, 0.716465, 0.241446, -0.075987, 0.001751, 14.110352, 2.359009, 34.118652
-0.033159, 0.003490, 1010.000000, 0.006981, 2000.000000, 1000.000000, 11.517106, 10.703597, 10.769782, 11.009515, -0.263311, -0.110351, 0.143444, -0.165794, 0.017452, 0.034904, -11.449945, -11.147391, -25.115868, 0.308471, 0.220141, -0.115401, 0.001882, 14.157227, 0.561523, 8.117676
-0.031414, 0.003490, 1016.000000, 0.006981, 2000.000000, 1000.000000, 11.177819, 11.004064, 11.041188, 10.776929, 0.022626, -0.090941, 0.109503, -0.157068, 0.017452, 0.034904, -11.052854, -10.325618, -25.523602, -0.204983, 0.182857, -0.079183, 0.002213, 14.071289, 4.879761, 70.312500
-0.010471, 0.003490, 1031.000000, 0.006981, 2000.000000, 1000.000000, 12.937044, 13.051195, 13.125292, 12.886469, 0.088244, 0.005880, 0.031168, -0.052356, 0.017452, 0.034904, -11.555487, -9.787488, -25.686449, -0.217766, 0.008155, 0.002842, 0.001754, 13.985352, 10.321045, 147.827148
-0.003490, 0.015707, 1049.000000, 0.006981, 2000.000000, 1000.000000, 14.273581, 13.401335, 13.913864, 14.411221, -0.342400, 0.162543, 0.093722, -0.017452, 0.078534, 0.034904, -11.311927, -10.685743, -25.727882, 0.596090, -0.210223, -0.062139, 0.002349, 13.825195, 15.438843, 218.688950
-0.001745, 0.043630, 1049.000000, 0.006981, 2000.000000, 1000.000000, 14.655264, 13.124353, 13.586355, 14.634027, -0.644646, 0.110191, 0.120810, -0.008726, 0.218150, 0.034904, -9.167261, -11.932648, -25.493912, 1.152155, 0.027329, -0.090901, 0.002148, 13.938477, 9.320068, 132.995605
-0.003490, 0.054101, 1050.000000, 0.006981, 2000.000000, 1000.000000, 15.703012, 14.040318, 14.633408, 15.623262, -0.663137, 0.128335, 0.168210, -0.017452, 0.270506, 0.034904, -6.190895, -13.137363, -25.172512, 1.197961, 0.048634, -0.142033, 0.001758, 13.860352, 13.760376, 195.373520
-0.010471, 0.066318, 1045.000000, 0.006981, 2000.000000, 1000.000000, 14.543664, 12.950683, 13.875117, 14.630536, -0.587100, 0.252827, 0.209390, -0.052356, 0.331588, 0.034904, -3.440165, -14.445131, -24.975702, 1.001954, -0.110089, -0.183578, 0.002217, 13.977539, 8.480835, 121.398918
-0.015707, 0.071553, 1063.000000, 0.006981, 2000.000000, 1000.000000, 16.098555, 15.120459, 16.226187, 16.554800, -0.326678, 0.390493, 0.162370, -0.078534, 0.357766, 0.034904, -1.072696, -16.734335, -25.106676, 0.503413, -0.328467, -0.133511, 0.002295, 13.649414, 28.079224, 392.394989
-0.020942, 0.061082, 1071.000000, 0.006981, 2000.000000, 1000.000000, 17.035845, 16.504869, 17.170156, 17.289129, -0.162487, 0.229642, 0.103000, -0.104712, 0.305410, 0.034904, -0.535867, -17.585819, -25.213158, 0.192358, -0.101567, -0.072791, 0.001759, 13.641602, 23.559570, 329.101532
-0.027923, 0.057592, 1053.000000, 0.006981, 2000.000000, 1000.000000, 15.292268, 14.511899, 15.110562, 15.085271, -0.188769, 0.097916, 0.201415, -0.139616, 0.287958, 0.034904, 0.405790, -17.539148, -25.355396, 0.192358, 0.128529, -0.173991, 0.002290, 13.887695, 11.120605, 158.081055
-0.029668, 0.059337, 1000.000000, 0.006981, 2000.000000, 1000.000000, 10.228502, 9.540127, 10.270798, 9.960573, -0.094538, 0.115685, 0.249650, -0.148342, 0.296684, 0.034904, 0.915038, -17.376913, -25.819908, 0.020851, 0.098701, -0.226188, 0.002148, 20.086914, 0.280762, 5.798339
-0.031414, 0.061082, 1000.000000, 0.008726, 2000.000000, 1000.000000, 10.092027, 9.457599, 10.233331, 10.217044, -0.154536, 0.225187, 0.162679, -0.157068, 0.305410, 0.043630, 1.197971, -17.518038, -26.161051, 0.123116, -0.091980, -0.127119, 0.001819, 16.325195, 0.000000, 0.671387
-0.031414, 0.057592, 1000.000000, 0.006981, 2000.000000, 1000.000000, 10.277620, 9.393610, 10.136881, 10.191889, -0.234754, 0.164384, 0.207250, -0.157068, 0.287958, 0.034904, 2.060817, -18.272844, -26.520073, 0.263730, 0.001763, -0.182513, 0.001925, 14.118164, 2.960205, 42.785641
-0.034904, 0.050611, 1000.000000, 0.006981, 2000.000000, 1000.000000, 8.826826, 13.212460, 9.257929, 8.702785, 1.235194, -1.019643, -0.957623, -0.174520, 0.253054, 0.034904, 1.711319, -17.118914, -26.634743, -2.378109, 2.074755, 1.029750, 0.002409, 14.114258, 2.801514, 40.527340
-0.031414, 0.033159, 1000.000000, 0.005236, 2000.000000, 1000.000000, 7.576868, 15.747211, 9.164911, 7.511009, 2.456062, -1.662040, -1.629111, -0.157068, 0.165794, 0.026178, -5.562419, -5.129447, -23.358578, -4.689718, 3.232690, 1.755191, 0.001755, 14.016602, 7.281494, 104.614250
-0.031414, 0.003490, 1000.000000, 0.005236, 2000.000000, 1000.000000, 8.676579, 13.413815, 8.737457, 9.172150, 1.075636, -1.045197, -1.292982, -0.157068, 0.017452, 0.026178, -11.610919, 5.639603, -18.903000, -2.113925, 1.910705, 1.383416, 0.002155, 14.083008, 4.080200, 58.776852
-0.033159, 0.001745, 1000.000000, 0.006981, 2000.000000, 1000.000000, 9.514782, 8.995844, 8.590364, 12.899010, -1.206896, 0.744687, -0.947427, -0.165794, 0.008726, 0.034904, -10.607500, 5.693836, -14.417645, 1.999035, -1.329809, 1.027620, 0.002234, 14.071289, 5.160522, 69.702148
-0.033159, 0.001745, 1000.000000, 0.006981, 2000.000000, 1000.000000, 9.695148, 8.227005, 8.626530, 13.451317, -1.573232, 1.038923, -0.839161, -0.165794, 0.008726, 0.034904, -5.030316, -0.441243, -12.054366, 2.708497, -1.894396, 0.923225, 0.001849, 14.079102, 4.559326, 65.673828
-0.033159, 0.001745, 1000.000000, 0.005236, 2000.000000, 1000.000000, 9.069308, 10.061028, 12.017821, 8.851842, 1.039424, 0.434832, 0.543565, -0.165794, 0.008726, 0.026178, -4.681121, -4.907737, -11.667380, -2.075576, -0.790789, -0.547896, 0.001830, 14.079102, 4.998779, 72.082520
-0.033159, 0.003490, 1000.000000, 0.005236, 2000.000000, 1000.000000, 9.742357, 9.968712, 10.857208, 9.431723, 0.412960, 0.144466, 0.299782, -0.165794, 0.017452, 0.026178, -12.697468, -5.081731, -14.111590, -0.919771, -0.243246, -0.286908, 0.002255, 14.083008, 1.998901, 28.930662
-0.033159, 0.003490, 1000.000000, 0.006981, 2000.000000, 1000.000000, 10.716428, 9.216123, 9.718488, 10.348962, -0.532695, 0.033724, 0.217458, -0.165794, 0.017452, 0.034904, -12.773011, -5.376597, -14.793157, 0.782511, -0.042978, -0.192100, 0.002251, 14.110352, 3.601074, 52.001949
-0.033159, 0.001745, 1000.000000, 0.006981, 2000.000000, 1000.000000, 10.948286, 9.064598, 9.109484, 10.877632, -0.912959, -0.006442, 0.028885, -0.165794, 0.008726, 0.034904, -9.136327, -6.421646, -14.697615, 1.507951, 0.020938, 0.004973, 0.001752, 14.102539, 3.759766, 54.321285
-0.033159, 0.003490, 1000.000000, 0.006981, 2000.000000, 1000.000000, 9.967048, 9.944770, 10.197888, 9.890294, 0.071329, 0.044091, 0.082468, -0.165794, 0.017452, 0.034904, -7.144599, -6.785471, -14.489014, -0.298726, -0.061087, -0.050421, 0.002320, 14.086914, 4.440308, 64.025879
-0.034904, 0.003490, 1000.000000, 0.006981, 2000.000000, 1000.000000, 10.044790, 9.913391, 10.070776, 9.971043, -0.007917, 0.020909, 0.057784, -0.174520, 0.017452, 0.034904, -8.087655, -6.667391, -14.718916, -0.168765, -0.019542, -0.024855, 0.002196, 14.106445, 4.000854, 57.800289
-0.034904, 0.003490, 1000.000000, 0.006981, 2000.000000, 1000.000000, 10.215277, 9.790096, 9.851313, 10.143314, -0.179296, -0.002686, 0.033295, -0.174520, 0.017452, 0.034904, -7.824077, -6.670576, -14.704698, 0.145486, 0.023068, 0.000712, 0.001865, 14.110352, 3.759766, 54.321285
-0.034904, 0.003490, 1000.000000, 0.006981, 2000.000000, 1000.000000, 10.100821, 9.862015, 9.976555, 10.060610, -0.080715, 0.018583, 0.038688, -0.174520, 0.017452, 0.034904, -7.874262, -6.664102, -14.775277, -0.036673, -0.015281, -0.004615, 0.002271, 14.110352, 3.878784, 56.030270
-0.033159, 0.003490, 1000.000000, 0.006981, 2000.000000, 1000.000000, 10.115024, 9.868083, 9.954076, 10.062818, -0.088921, 0.008447, 0.034550, -0.165794, 0.017452, 0.034904, -7.874822, -6.652756, -14.782476, -0.012172, 0.002828, -0.000354, 0.002289, 14.110352, 3.799438, 54.870602
-0.033159, 0.003490, 1000.000000, 0.006981, 2000.000000, 1000.000000, 10.115051, 9.875013, 9.949358, 10.060577, -0.087815, 0.004967, 0.032205, -0.165794, 0.017452, 0.034904, -7.898784, -6.625548, -14.813101, -0.012172, 0.009220, 0.001777, 0.001757, 14.114258, 3.921509, 56.701656
-0.033159, 0.003490, 1000.000000, 0.006981, 2000.000000, 1000.000000, 10.117011, 9.860019, 9.949836, 10.073134, -0.095073, 0.011485, 0.033423, -0.165794, 0.017452, 0.034904, -7.903294, -6.607322, -14.816576, -0.001519, -0.002498, 0.000712, 0.002315, 14.122070, 3.680420, 53.222652
-0.033159, 0.003490, 1000.000000, 0.008726, 2000.000000, 1000.000000, 10.131847, 9.848799, 9.958357, 10.060997, -0.096422, 0.009677, 0.045102, -0.165794, 0.017452, 0.043630, -7.889382, -6.595919, -14.817924, 0.001677, 0.000698, -0.002484, 0.002138, 14.114258, 3.680420, 53.222652
-0.033159, 0.003490, 1000.000000, 0.008726, 2000.000000, 1000.000000, 10.121798, 9.854086, 9.963694, 10.060423, -0.091110, 0.012058, 0.042746, -0.165794, 0.017452, 0.043630, -7.892409, -6.578279, -14.837112, -0.006845, -0.003563, -0.000354, 0.001748, 14.118164, 3.759766, 54.382320
-0.033159, 0.003490, 1000.000000, 0.008726, 2000.000000, 1000.000000, 10.130592, 9.851227, 9.951298, 10.066883, -0.098738, 0.009091, 0.040945, -0.165794, 0.017452, 0.043630, -7.864794, -6.562932, -14.830371, 0.004872, 0.001763, 0.001777, 0.002324, 14.118164, 3.759766, 54.870602
-0.033159, 0.003490, 1000.000000, 0.008726, 2000.000000, 1000.000000, 10.133504, 9.848388, 9.954612, 10.063497, -0.098500, 0.009055, 0.044058, -0.165794, 0.017452, 0.043630, -7.872898, -6.547772, -14.836962, 0.004872, 0.001763, -0.001419, 0.002237, 14.122070, 3.680420, 53.222652
-0.033159, 0.003490, 1000.000000, 0.008726, 2000.000000, 1000.000000, 10.117402, 9.855126, 9.966090, 10.061381, -0.089391, 0.013735, 0.041746, -0.165794, 0.017452, 0.043630, -7.846236, -6.547573, -14.835250, -0.010041, -0.006759, 0.000712, 0.001755, 14.125977, 3.518677, 50.903316
-0.034904, 0.003490, 1000.000000, 0.010471, 2000.000000, 1000.000000, 10.143618, 9.842045, 9.951010, 10.063328, -0.103473, 0.007168, 0.047314, -0.174520, 0.017452, 0.052356, -7.839085, -6.546744, -14.827239, 0.005938, 0.004959, 0.003907, 0.001963, 14.122070, 3.561401, 54.382320
-0.034904, 0.003490, 1000.000000, 0.010471, 2000.000000, 1000.000000, 10.146193, 9.831949, 9.961052, 10.060806, -0.103499, 0.010930, 0.053622, -0.174520, 0.017452, 0.052356, -7.819102, -6.528944, -14.843595, 0.004872, -0.001433, -0.002484, 0.002266, 14.125977, 3.680420, 53.222652
-0.036649, 0.003490, 1000.000000, 0.010471, 2000.000000, 1000.000000, 10.147532, 9.835549, 9.951074, 10.065845, -0.106689, 0.008459, 0.049303, -0.183246, 0.017452, 0.052356, -7.805960, -6.516548, -14.842536, 0.002742, 0.002828, 0.001777, 0.001870, 14.125977, 3.680420, 53.222652
-0.036649, 0.003490, 1000.000000, 0.010471, 2000.000000, 1000.000000, 10.138125, 9.824721, 9.969047, 10.068107, -0.103116, 0.018577, 0.053586, -0.183246, 0.017452, 0.052356, -7.775309, -6.474981, -14.888088, -0.004715, -0.015281, -0.002484, 0.002158, 14.129883, 3.799438, 54.992672
-0.034904, 0.003490, 1000.000000, 0.012216, 2000.000000, 1000.000000, 10.155368, 9.823997, 9.958646, 10.061990, -0.108679, 0.010318, 0.057007, -0.174520, 0.017452, 0.061082, -7.741878, -6.414837, -14.940911, 0.013395, -0.000368, 0.002842, 0.002290, 14.129883, 3.839111, 55.603024
-0.036649, 0.003490, 1000.000000, 0.012216, 2000.000000, 1000.000000, 10.155496, 9.822921, 9.967998, 10.053586, -0.104541, 0.010792, 0.061747, -0.183246, 0.017452, 0.061082, -7.723258, -6.418164, -14.934434, -0.000454, -0.001433, -0.002484, 0.001786, 14.125977, 3.561401, 51.513668
-0.033159, 0.003490, 1000.000000, 0.012216, 2000.000000, 1000.000000, 10.142322, 9.841065, 9.975104, 10.041509, -0.091915, 0.008307, 0.058713, -0.165794, 0.017452, 0.061082, -7.723323, -6.391631, -14.972429, -0.005780, 0.002828, 0.000712, 0.001832, 14.129883, 3.479004, 50.292965
-0.034904, 0.003490, 1000.000000, 0.012216, 2000.000000, 1000.000000, 10.151059, 9.836831, 9.960904, 10.051206, -0.101132, 0.006055, 0.055981, -0.174520, 0.017452, 0.061082, -7.681229, -6.351198, -14.996886, 0.000611, 0.007089, 0.003907, 0.002321, 14.133789, 3.518677, 50.903316
-0.034904, 0.003490, 1000.000000, 0.012216, 2000.000000, 1000.000000, 10.145352, 9.827407, 9.977984, 10.049256, -0.097305, 0.013621, 0.061668, -0.174520, 0.017452, 0.061082, -7.680779, -6.336707, -15.012114, -0.004715, -0.006759, -0.002484, 0.001768, 14.133789, 3.720093, 53.771969
-0.034904, 0.003490, 1000.000000, 0.013962, 2000.000000, 1000.000000, 10.170441, 9.812986, 9.967995, 10.048578, -0.109509, 0.008286, 0.069218, -0.174520, 0.017452, 0.069808, -7.662729, -6.332158, -15.017853, 0.017656, 0.002828, -0.001419, 0.001755, 14.133789, 3.601074, 52.124020
-0.034904, 0.003490, 1000.000000, 0.013962, 2000.000000, 1000.000000, 10.156701, 9.820107, 9.974286, 10.048905, -0.102803, 0.011596, 0.065493, -0.174520, 0.017452, 0.069808, -7.606968, -6.281112, -15.077523, 0.003807, -0.002498, 0.002842, 0.002286, 14.137695, 3.878784, 56.091305
-0.034904, 0.003490, 1000.000000, 0.013962, 2000.000000, 1000.000000, 10.156067, 9.819704, 9.977028, 10.047201, -0.101634, 0.012114, 0.066548, -0.174520, 0.017452, 0.069808, -7.576866, -6.232169, -15.118515, 0.001677, -0.003563, 0.001777, 0.002269, 14.141602, 3.799438, 54.992672
-0.036649, 0.003490, 1000.000000, 0.013962, 2000.000000, 1000.000000, 10.167423, 9.827330, 9.960663, 10.044584, -0.106003, 0.002623, 0.064043, -0.183246, 0.017452, 0.069808, -7.557223, -6.221067, -15.120545, 0.002742, 0.013481, 0.003907, 0.001755, 14.137695, 3.399658, 49.194332
-0.036649, 0.003490, 1000.000000, 0.017452, 2000.000000, 1000.000000, 10.180453, 9.803866, 9.986924, 10.028756, -0.104605, 0.007840, 0.083689, -0.183246, 0.017452, 0.087260, -7.546858, -6.204739, -15.141462, -0.002584, 0.003894, 0.001777, 0.002362, 14.145508, 3.640747, 52.673336
-0.036649, 0.003490, 1000.000000, 0.017452, 2000.000000, 1000.000000, 10.175241, 9.795722, 9.994187, 10.034850, -0.105045, 0.014519, 0.084714, -0.183246, 0.017452, 0.087260, -7.517066, -6.183314, -15.164767, -0.001519, -0.007824, 0.000712, 0.002311, 14.137695, 3.921509, 56.823727
-0.036649, 0.003490, 1000.000000, 0.017452, 2000.000000, 1000.000000, 10.181242, 9.796152, 9.983168, 10.039438, -0.110340, 0.011303, 0.082205, -0.183246, 0.017452, 0.087260, -7.503170, -6.164065, -15.182381, 0.010199, -0.002498, 0.002842, 0.001843, 14.145508, 3.439331, 49.804684
-0.036649, 0.003490, 1000.000000, 0.017452, 2000.000000, 1000.000000, 10.174558, 9.795226, 9.996522, 10.033694, -0.104126, 0.015109, 0.085540, -0.183246, 0.017452, 0.087260, -7.484460, -6.152220, -15.191803, -0.002584, -0.008890, -0.000354, 0.002147, 14.145508, 3.720093, 53.894039
-0.036649, 0.003490, 1000.000000, 0.017452, 2000.000000, 1000.000000, 10.172851, 9.796882, 9.994266, 10.036002, -0.104426, 0.015134, 0.083558, -0.183246, 0.017452, 0.087260, -7.449811, -6.123249, -15.215139, -0.002584, -0.008890, 0.001777, 0.002229, 14.141602, 3.759766, 54.504391
-0.036649, 0.003490, 1000.000000, 0.017452, 2000.000000, 1000.000000, 10.176385, 9.805673, 9.989907, 10.028035, -0.102210, 0.008971, 0.083147, -0.183246, 0.017452, 0.087260, -7.427165, -6.099807, -15.230679, -0.004715, 0.001763, 0.001777, 0.001814, 14.149414, 3.439331, 49.804684
-0.036649, 0.003490, 1000.000000, 0.017452, 2000.000000, 1000.000000, 10.172377, 9.804602, 9.990639, 10.032383, -0.102380, 0.011511, 0.081508, -0.183246, 0.017452, 0.087260, -7.399701, -6.096604, -15.238740, -0.005780, -0.002498, 0.003907, 0.002211, 14.145508, 3.561401, 51.574703
-0.034904, 0.003490, 1000.000000, 0.017452, 2000.000000, 1000.000000, 10.187499, 9.801394, 9.981790, 10.029317, -0.108408, 0.005553, 0.084644, -0.174520, 0.017452, 0.087260, -7.360504, -6.064583, -15.254098, 0.013395, 0.008155, 0.000712, 0.002282, 14.149414, 3.878784, 56.213375
-0.034904, 0.003490, 1000.000000, 0.017452, 2000.000000, 1000.000000, 10.165323, 9.810904, 9.997362, 10.026411, -0.095867, 0.011887, 0.081342, -0.174520, 0.017452, 0.087260, -7.343063, -6.037599, -15.298778, -0.007911, -0.003563, 0.003907, 0.001923, 14.149414, 3.518677, 51.025387
-0.036649, 0.003490, 1000.000000, 0.017452, 2000.000000, 1000.000000, 10.174481, 9.799180, 9.991738, 10.034600, -0.104541, 0.013170, 0.083110, -0.183246, 0.017452, 0.087260, -7.316160, -6.022065, -15.291615, -0.000454, -0.005694, 0.001777, 0.001786, 14.149414, 3.601074, 52.185055
-0.036649, 0.003490, 1000.000000, 0.017452, 2000.000000, 1000.000000, 10.187588, 9.808840, 9.988111, 10.015461, -0.101524, 0.001787, 0.087850, -0.183246, 0.017452, 0.087260, -7.270119, -5.985291, -15.335669, -0.007911, 0.014546, -0.002484, 0.002378, 14.157227, 3.479004, 50.415035
-0.034904, 0.003490, 1000.000000, 0.017452, 2000.000000, 1000.000000, 10.184605, 9.807888, 9.976446, 10.031061, -0.107833, 0.003754, 0.080525, -0.174520, 0.017452, 0.087260, -7.297066, -5.967308, -15.358369, 0.012329, 0.011350, 0.004973, 0.002254, 14.141602, 4.400635, 63.720699
-0.036649, 0.003490, 1000.000000, 0.017452, 2000.000000, 1000.000000, 10.165752, 9.792845, 10.016678, 10.024725, -0.095239, 0.020701, 0.091215, -0.183246, 0.017452, 0.087260, -7.217214, -5.906467, -15.398083, -0.017498, -0.019542, -0.006745, 0.001748, 14.137695, 4.800415, 69.519043
-0.036649, 0.003490, 1000.000000, 0.017452, 2000.000000, 1000.000000, 10.166694, 9.797347, 10.001966, 10.033994, -0.100344, 0.017980, 0.084329, -0.183246, 0.017452, 0.087260, -7.169572, -5.852571, -15.439116, -0.008976, -0.014216, 0.000712, 0.001934, 14.157227, 3.320312, 48.095699
-0.036649, 0.003490, 1011.000000, 0.017452, 2000.000000, 1000.000000, 11.186195, 10.806301, 10.981226, 11.026278, -0.106237, 0.003752, 0.083711, -0.183246, 0.017452, 0.087260, -7.157158, -5.830153, -15.472778, 0.000611, 0.011350, 0.001777, 0.002301, 14.157227, 3.201294, 46.386715
-0.036649, 0.003490, 1043.000000, 0.015707, 2000.000000, 1000.000000, 14.156538, 13.801823, 14.006895, 14.034744, -0.095641, 0.020820, 0.081716, -0.183246, 0.017452, 0.078534, -7.140327, -5.804186, -15.500463, -0.017498, -0.019542, -0.005680, 0.001821, 13.774414, 26.519775, 373.535126
-0.034904, 0.003490, 1049.000000, 0.010471, 2000.000000, 1000.000000, 14.059734, 13.915310, 14.038691, 13.986265, -0.023000, 0.012478, 0.049212, -0.174520, 0.017452, 0.052356, -7.427937, -5.743869, -15.524544, -0.142133, -0.004629, 0.001777, 0.001941, 13.969727, 11.920166, 170.532211
-0.036649, 0.003490, 1074.000000, 0.010471, 2000.000000, 1000.000000, 16.956476, 16.980947, 17.120535, 16.942041, 0.050741, 0.031288, 0.038506, -0.183246, 0.017452, 0.052356, -8.065780, -5.566514, -15.543722, -0.280617, -0.035521, 0.013495, 0.002441, 13.622070, 29.519653, 411.987274
-0.036649, 0.003490, 1072.000000, 0.010471, 2000.000000, 1000.000000, 16.920610, 16.894003, 17.036722, 17.148664, -0.034638, 0.092693, -0.021334, -0.183246, 0.017452, 0.052356, -8.587205, -5.588263, -15.535881, -0.127220, -0.148438, 0.076345, 0.001748, 13.743164, 21.801758, 306.823730
-0.036649, 0.003490, 1074.000000, 0.012216, 2000.000000, 1000.000000, 17.042816, 17.034649, 16.943562, 16.978973, -0.010895, -0.038732, -0.006811, -0.183246, 0.017452, 0.061082, -9.007369, -5.682446, -15.315998, -0.167699, 0.084853, 0.069953, 0.002142, 13.813477, 18.841553, 266.601562
-0.033159, 0.003490, 1083.000000, 0.015707, 2000.000000, 1000.000000, 18.596443, 17.655830, 17.472347, 18.275379, -0.435912, -0.126136, 0.034395, -0.165794, 0.017452, 0.078534, -8.154815, -5.094723, -15.064015, 0.601417, 0.243577, 0.044387, 0.002238, 13.661133, 28.280640, 395.385712
-0.033159, 0.003490, 1101.000000, 0.017452, 2000.000000, 1000.000000, 20.417015, 19.647137, 19.616734, 20.319115, -0.368064, -0.032076, 0.016874, -0.165794, 0.017452, 0.087260, -6.480629, -4.910823, -14.807919, 0.507674, 0.082723, 0.072084, 0.001748, 13.329102, 41.241455, 562.927246
-0.033159, 0.003490, 1100.000000, 0.017452, 2000.000000, 1000.000000, 19.467638, 20.043406, 20.498034, 19.990923, 0.270720, 0.244478, -0.017164, -0.165794, 0.017452, 0.087260, -6.367098, -5.772499, -14.426041, -0.655587, -0.419014, 0.107237, 0.002299, 13.493164, 32.000732, 435.485809
-0.033159, 0.003490, 1090.000000, 0.017452, 2000.000000, 1000.000000, 18.446081, 19.781260, 19.500509, 18.272150, 0.640884, -0.113670, -0.026705, -0.165794, 0.017452, 0.087260, -9.282763, -5.420033, -14.374795, -1.317112, 0.218010, 0.116825, 0.002344, 13.711914, 21.600342, 303.100586
-0.033159, 0.003490, 1074.000000, 0.017452, 2000.000000, 1000.000000, 16.898235, 17.471409, 17.175552, 16.454803, 0.323480, -0.184822, 0.036894, -0.165794, 0.017452, 0.087260, -11.989254, -3.860945, -14.389328, -0.774896, 0.353298, 0.050779, 0.001748, 13.918945, 11.361694, 161.926254
-0.029668, 0.003490, 1057.000000, 0.017452, 2000.000000, 1000.000000, 15.779234, 14.469667, 14.469666, 15.281433, -0.530334, -0.124451, 0.124450, -0.148342, 0.017452, 0.087260, -11.557898, -2.982831, -14.367321, 0.800620, 0.237185, -0.040833, 0.002004, 14.028320, 6.201172, 88.989250
-0.031414, 0.003490, 1043.000000, 0.017452, 2000.000000, 1000.000000, 14.783375, 13.103245, 13.483679, 14.629702, -0.706538, 0.056691, 0.133527, -0.157068, 0.017452, 0.087260, -8.900270, -3.498070, -14.339820, 1.098892, -0.079197, -0.050421, 0.002341, 14.067383, 5.841064, 84.106438
-0.029668, 0.003490, 1034.000000, 0.017452, 2000.000000, 1000.000000, 13.498255, 12.281607, 12.804533, 13.415606, -0.456930, 0.110069, 0.151393, -0.148342, 0.017452, 0.087260, -6.645971, -4.358703, -14.392086, 0.688768, -0.183592, -0.070661, 0.001751, 14.098633, 4.519653, 65.185547
-0.031414, 0.003490, 1036.000000, 0.017452, 2000.000000, 1000.000000, 13.248691, 12.469443, 13.081056, 13.200810, -0.224751, 0.140933, 0.164873, -0.157068, 0.017452, 0.087260, -5.577579, -5.237790, -14.516460, 0.241360, -0.235789, -0.083444, 0.002143, 14.024414, 8.160400, 117.187492
-0.033159, 0.003490, 1037.000000, 0.017452, 2000.000000, 1000.000000, 12.976773, 12.864562, 13.188333, 12.970332, 0.026448, 0.079332, 0.082553, -0.165794, 0.017452, 0.087260, -5.973266, -5.995698, -14.709012, -0.219897, -0.126068, 0.002842, 0.002216, 14.040039, 7.000732, 100.708000
-0.033159, 0.003490, 1037.000000, 0.017452, 2000.000000, 1000.000000, 13.115095, 12.961905, 13.004827, 12.918173, -0.016634, -0.038500, 0.059961, -0.165794, 0.017452, 0.087260, -6.558863, -5.921662, -14.743778, -0.143198, 0.089114, 0.026278, 0.001752, 14.024414, 8.441162, 121.215813
-0.034904, 0.003490, 1038.000000, 0.017452, 2000.000000, 1000.000000, 13.440068, 12.759919, 12.556737, 13.243276, -0.341672, -0.099994, -0.001597, -0.174520, 0.017452, 0.087260, -5.718523, -5.182047, -14.245724, 0.433106, 0.198836, 0.091259, 0.002272, 14.024414, 8.160400, 117.187492
-0.034904, 0.003490, 1038.000000, 0.017452, 2000.000000, 1000.000000, 13.481128, 12.501475, 12.641269, 13.376128, -0.428628, 0.008698, 0.061198, -0.174520, 0.017452, 0.087260, -4.262090, -5.264433, -13.974522, 0.591829, 0.003894, 0.025213, 0.002169, 14.024414, 8.761597, 125.793449
-0.034904, 0.003490, 1038.000000, 0.017452, 2000.000000, 1000.000000, 13.427309, 12.387432, 12.779190, 13.406069, -0.416689, 0.092629, 0.103249, -0.174520, 0.017452, 0.087260, -2.770377, -5.834504, -13.845558, 0.579046, -0.150569, -0.019528, 0.001875, 14.024414, 7.998657, 114.929192
-0.034904, 0.003490, 1038.000000, 0.017452, 2000.000000, 1000.000000, 13.292350, 12.307431, 13.068439, 13.331780, -0.312065, 0.200109, 0.180394, -0.174520, 0.017452, 0.087260, -1.061578, -7.348788, -13.910998, 0.387300, -0.347642, -0.100488, 0.001909, 14.008789, 9.478760, 135.925293
-0.033159, 0.003490, 1037.000000, 0.017452, 2000.000000, 1000.000000, 13.136418, 12.415307, 13.127023, 13.321252, -0.228835, 0.224137, 0.131721, -0.165794, 0.017452, 0.087260, -0.546222, -8.541085, -14.045312, 0.238164, -0.382795, -0.048290, 0.002442, 14.008789, 8.679199, 130.187988
-0.034904, 0.003490, 1038.000000, 0.017452, 2000.000000, 1000.000000, 13.163914, 12.566578, 12.974041, 13.295467, -0.229691, 0.134754, 0.068977, -0.174520, 0.017452, 0.087260, -0.130112, -9.496365, -14.014865, 0.238164, -0.229398, 0.016690, 0.001759, 14.028320, 7.760620, 111.511223
-0.034904, 0.003490, 1039.000000, 0.017452, 2000.000000, 1000.000000, 13.300110, 12.625137, 12.883440, 13.191313, -0.245711, 0.037377, 0.091775, -0.174520, 0.017452, 0.087260, 0.479366, -9.974151, -13.883629, 0.261600, -0.049369, -0.006745, 0.002139, 14.032227, 7.879639, 113.220207
-0.036649, 0.003490, 1046.000000, 0.017452, 2000.000000, 1000.000000, 14.215818, 13.813421, 14.067005, 13.903755, -0.059786, -0.014620, 0.141412, -0.183246, 0.017452, 0.087260, 1.006291, -10.055437, -13.941676, -0.079283, 0.043308, -0.058943, 0.002141, 13.950195, 11.761475, 168.090805
-0.034904, 0.003490, 1046.000000, 0.017452, 2000.000000, 1000.000000, 14.014112, 14.045619, 13.991048, 13.949222, 0.018333, -0.029865, 0.002579, -0.174520, 0.017452, 0.087260, 0.607516, -9.829736, -13.984679, -0.215636, 0.073135, 0.086997, 0.001757, 13.977539, 10.519409, 150.512695
-0.034904, 0.003490, 1047.000000, 0.017452, 2000.000000, 1000.000000, 14.162816, 13.752023, 13.919248, 14.165914, -0.164365, 0.042580, 0.041032, -0.174520, 0.017452, 0.087260, 0.329513, -9.463286, -13.616372, 0.115659, -0.058957, 0.046518, 0.002285, 13.977539, 11.239624, 160.827621
-0.034904, 0.003490, 1047.000000, 0.017452, 2000.000000, 1000.000000, 14.167521, 13.411062, 14.030432, 14.390985, -0.279253, 0.210709, 0.098976, -0.174520, 0.017452, 0.087260, 0.834825, -10.183599, -13.501794, 0.318058, -0.359359, -0.014202, 0.002262, 13.954102, 11.679077, 166.931137
-0.034904, 0.003490, 1047.000000, 0.017452, 2000.000000, 1000.000000, 14.031614, 13.506372, 14.133156, 14.328857, -0.180236, 0.231006, 0.082385, -0.174520, 0.017452, 0.087260, 1.126215, -11.362919, -13.480628, 0.142291, -0.401970, 0.002842, 0.002033, 13.973633, 11.001587, 157.287598
-0.033159, 0.003490, 1047.000000, 0.017452, 2000.000000, 1000.000000, 14.143496, 13.738447, 13.948463, 14.169594, -0.156545, 0.059029, 0.045979, -0.165794, 0.017452, 0.087260, 1.247353, -12.532253, -13.360565, 0.106072, -0.088784, 0.041191, 0.002137, 13.969727, 10.879517, 155.700684
-0.033159, 0.003490, 1047.000000, 0.017452, 2000.000000, 1000.000000, 14.227454, 13.939128, 13.890151, 13.943267, -0.085361, -0.083291, 0.058803, -0.165794, 0.017452, 0.087260, 1.360342, -12.396738, -13.224545, -0.018563, 0.172204, 0.027343, 0.001749, 13.993164, 9.719849, 139.282227
-0.033159, 0.003490, 1047.000000, 0.017452, 2000.000000, 1000.000000, 14.067766, 14.036959, 14.117975, 13.777300, 0.077467, -0.052362, 0.092871, -0.165794, 0.017452, 0.087260, 0.583820, -11.345264, -13.376194, -0.315770, 0.112550, -0.007810, 0.002290, 13.965820, 11.679077, 166.992172
-0.034904, 0.003490, 1047.000000, 0.017452, 2000.000000, 1000.000000, 13.998165, 13.697266, 14.085045, 14.219524, -0.108845, 0.152285, 0.041605, -0.174520, 0.017452, 0.087260, -0.072948, -11.452262, -13.465396, 0.009133, -0.256029, 0.045452, 0.002252, 13.989258, 9.881592, 141.479492
-0.034904, 0.003490, 1047.000000, 0.017452, 2000.000000, 1000.000000, 14.138465, 13.431619, 13.922713, 14.507203, -0.322834, 0.214958, 0.030589, -0.174520, 0.017452, 0.087260, 0.269066, -12.549183, -13.250392, 0.408605, -0.379599, 0.057170, 0.001751, 13.993164, 9.478760, 135.803223
-0.034904, 0.003490, 1047.000000, 0.017452, 2000.000000, 1000.000000, 14.244389, 13.347340, 13.938896, 14.469376, -0.356882, 0.204136, 0.091643, -0.174520, 0.017452, 0.087260, 1.358951, -13.813369, -12.934351, 0.462933, -0.349772, -0.006745, 0.002200, 13.985352, 10.198975, 145.996094
-0.034904, 0.003490, 1048.000000, 0.017452, 2000.000000, 1000.000000, 13.973866, 13.714509, 14.225301, 14.086324, -0.030095, 0.155812, 0.099584, -0.174520, 0.017452, 0.087260, 1.843953, -15.279890, -12.967536, -0.125089, -0.264551, -0.015267, 0.002200, 13.973633, 10.641479, 152.221680
-0.034904, 0.003490, 1045.000000, 0.017452, 2000.000000, 1000.000000, 13.983003, 14.078261, 14.237189, 13.701547, 0.157725, -0.030632, 0.110096, -0.174520, 0.017452, 0.087260, 0.885693, -15.402206, -13.276950, -0.474494, 0.072070, -0.026985, 0.001766, 13.973633, 10.879517, 155.700684
-0.034904, 0.003490, 1062.000000, 0.017452, 2000.000000, 1000.000000, 16.155806, 16.206427, 16.142862, 15.494907, 0.174644, -0.181116, 0.149334, -0.174520, 0.017452, 0.087260, -0.423736, -14.399450, -13.767827, -0.500060, 0.349037, -0.067465, 0.001862, 13.856445, 15.960693, 224.182114
-0.034904, 0.003490, 1075.000000, 0.017452, 2000.000000, 1000.000000, 17.215952, 16.677423, 17.065966, 17.040659, -0.128306, 0.053312, 0.140959, -0.174520, 0.017452, 0.087260, -1.274105, -13.363641, -14.274344, 0.045352, -0.078131, -0.057878, 0.002254, 13.700195, 23.638916, 331.603973
-0.033159, 0.003490, 1096.000000, 0.017452, 2000.000000, 1000.000000, 19.034508, 18.523129, 19.150558, 19.291805, -0.163157, 0.221182, 0.092533, -0.165794, 0.017452, 0.087260, -1.143761, -14.146922, -14.301645, 0.124181, -0.387056, -0.007810, 0.001750, 13.446289, 39.880371, 548.400879
-0.034904, 0.003490, 1106.000000, 0.017452, 2000.000000, 1000.000000, 20.181503, 20.433933, 20.007286, 19.377277, 0.220609, -0.307719, 0.094394, -0.174520, 0.017452, 0.087260, -2.199249, -14.053276, -14.621869, -0.574628, 0.567415, -0.008876, 0.002323, 13.333008, 39.239502, 535.400391
-0.034904, 0.003490, 1106.000000, 0.017452, 2000.000000, 1000.000000, 20.369688, 20.487062, 19.652838, 19.490412, 0.069950, -0.428375, 0.011262, -0.174520, 0.017452, 0.087260, -2.869307, -11.569310, -14.623063, -0.308313, 0.788988, 0.077410, 0.002296, 13.500977, 30.999756, 427.978485
-0.034904, 0.003490, 1105.000000, 0.017452, 2000.000000, 1000.000000, 19.832136, 19.606291, 20.359056, 20.202517, -0.017327, 0.280787, 0.095597, -0.174520, 0.017452, 0.087260, -3.242162, -10.807749, -14.658612, -0.152786, -0.491451, -0.012071, 0.001754, 13.489258, 30.801392, 425.720184
-0.033159, 0.003490, 1086.000000, 0.017452, 2000.000000, 1000.000000, 17.301451, 17.230871, 18.821596, 18.646082, 0.026234, 0.733840, 0.061523, -0.165794, 0.017452, 0.087260, -4.533781, -13.627907, -14.884622, -0.219897, -1.303178, 0.024147, 0.002155, 13.731445, 17.001343, 239.074692
-0.027923, 0.031414, 1070.000000, 0.017452, 2000.000000, 1000.000000, 17.213642, 16.940308, 17.294941, 16.551109, 0.117625, -0.076975, 0.254292, -0.139616, 0.157068, 0.087260, -6.201183, -15.638609, -15.733047, -0.354119, 0.296839, -0.176121, 0.002221, 13.844727, 15.679932, 234.497055
-0.029668, 0.033159, 1063.000000, 0.017452, 2000.000000, 1000.000000, 16.657804, 16.458008, 15.815166, 15.069023, 0.136586, -0.557906, 0.236485, -0.148342, 0.165794, 0.087260, -6.577684, -13.291152, -16.273708, -0.407382, 1.198047, -0.160142, 0.001748, 13.926758, 10.321045, 147.216797
-0.027923, 0.029668, 1043.000000, 0.017452, 2000.000000, 1000.000000, 14.657015, 14.269772, 13.837561, 13.235653, 0.053667, -0.463393, 0.247287, -0.139616, 0.148342, 0.087260, -6.352300, -7.876969, -16.985489, -0.241202, 0.990322, -0.169730, 0.002243, 14.040039, 5.401611, 77.697754
-0.029668, 0.020942, 1042.000000, 0.017452, 2000.000000, 1000.000000, 14.349667, 13.751957, 14.257530, 13.640846, 0.004744, -0.050812, 0.303598, -0.148342, 0.104712, 0.087260, -6.266486, -6.234687, -17.545046, -0.159177, 0.200966, -0.228319, 0.002261, 13.989258, 8.599854, 123.107903
-0.031414, 0.012216, 1042.000000, 0.017452, 2000.000000, 1000.000000, 13.949156, 13.701109, 14.481844, 13.867891, 0.091476, 0.174867, 0.215500, -0.157068, 0.061082, 0.087260, -6.873676, -6.275776, -18.112013, -0.328553, -0.258160, -0.138837, 0.001747, 13.989258, 8.441162, 120.910637
-0.031414, 0.012216, 1043.000000, 0.017452, 2000.000000, 1000.000000, 14.173217, 13.695100, 14.300658, 13.831025, -0.002121, 0.065841, 0.236937, -0.157068, 0.061082, 0.087260, -8.280384, -6.816188, -18.816843, -0.160243, -0.054696, -0.160142, 0.001937, 13.946289, 11.599731, 165.588364
-0.029668, 0.006981, 1046.000000, 0.017452, 2000.000000, 1000.000000, 14.530837, 13.775390, 13.922191, 13.771583, -0.151210, -0.153114, 0.226514, -0.148342, 0.034904, 0.087260, -8.109997, -6.411360, -19.226522, 0.119920, 0.310688, -0.147359, 0.002330, 13.950195, 10.598755, 151.428223
-0.029668, 0.001745, 1039.000000, 0.017452, 2000.000000, 1000.000000, 13.708462, 12.720362, 12.737619, 12.833557, -0.271010, -0.214412, 0.223040, -0.148342, 0.008726, 0.087260, -7.062607, -5.671993, -19.475515, 0.342559, 0.404430, -0.146294, 0.001771, 14.020508, 3.601074, 51.818844
-0.031414, 0.003490, 1043.000000, 0.017452, 2000.000000, 1000.000000, 14.582217, 13.566649, 13.949039, 13.902095, -0.242156, -0.074434, 0.265628, -0.157068, 0.017452, 0.087260, -5.948919, -5.175881, -19.836985, 0.272252, 0.154095, -0.188904, 0.002207, 13.958008, 10.119629, 144.592285
-0.029668, 0.003490, 1044.000000, 0.017452, 2000.000000, 1000.000000, 14.021973, 13.657677, 14.390509, 13.929842, 0.024093, 0.160176, 0.206240, -0.148342, 0.017452, 0.087260, -5.885708, -5.629151, -20.533312, -0.196461, -0.272008, -0.127119, 0.002111, 13.958008, 10.479736, 149.780273
-0.031414, 0.003490, 1045.000000, 0.017452, 2000.000000, 1000.000000, 13.895410, 13.939090, 14.373269, 13.792232, 0.156179, 0.082751, 0.134339, -0.157068, 0.017452, 0.087260, -6.863930, -5.949409, -20.837528, -0.451058, -0.136720, -0.052551, 0.001748, 13.969727, 9.799194, 140.197754
-0.031414, 0.003490, 1046.000000, 0.017452, 2000.000000, 1000.000000, 14.369268, 14.049858, 14.036850, 13.544024, 0.043354, -0.209564, 0.203060, -0.157068, 0.017452, 0.087260, -8.155526, -4.808613, -21.284395, -0.242267, 0.394843, -0.122858, 0.002336, 13.934570, 11.199951, 159.790039
-0.031414, 0.003490, 1046.000000, 0.017452, 2000.000000, 1000.000000, 14.532384, 13.891324, 13.848170, 13.728122, -0.130252, -0.211854, 0.190277, -0.157068, 0.017452, 0.087260, -7.932497, -3.631372, -21.591002, 0.069853, 0.402300, -0.110075, 0.002208, 13.989258, 8.441162, 120.910637
-0.031414, 0.003490, 1046.000000, 0.017452, 2000.000000, 1000.000000, 14.402118, 13.816678, 13.896689, 13.884515, -0.143316, -0.109398, 0.149404, -0.157068, 0.017452, 0.087260, -7.382931, -2.924057, -21.806009, 0.096485, 0.221206, -0.068530, 0.001798, 13.977539, 9.201050, 131.591797
-0.031414, 0.003490, 1041.000000, 0.017452, 2000.000000, 1000.000000, 13.871283, 14.046326, 14.128918, 13.953474, 0.087622, 0.041196, 0.000100, -0.157068, 0.017452, 0.087260, -7.859235, -2.470867, -21.846624, -0.325357, -0.055761, 0.089128, 0.002068, 13.942383, 10.720825, 153.076172
-0.031414, 0.003490, 1055.000000, 0.017452, 2000.000000, 1000.000000, 14.886472, 15.016955, 15.209882, 14.886691, 0.113419, 0.048286, 0.048176, -0.157068, 0.017452, 0.087260, -8.918957, -2.200675, -21.678350, -0.364772, -0.066413, 0.039061, 0.002362, 13.872070, 15.161133, 215.332016
-0.033159, 0.003490, 1062.000000, 0.017452, 2000.000000, 1000.000000, 16.311312, 15.699354, 15.921074, 16.068258, -0.189786, -0.005334, 0.116194, -0.165794, 0.017452, 0.087260, -9.189301, -2.176403, -21.761217, 0.171053, 0.026264, -0.033377, 0.001752, 13.774414, 18.640137, 262.817383
-0.033159, 0.003490, 1061.000000, 0.017452, 2000.000000, 1000.000000, 16.490875, 15.574075, 15.872922, 16.062130, -0.276502, -0.032475, 0.181899, -0.165794, 0.017452, 0.087260, -8.247536, -2.433421, -21.895462, 0.322319, 0.076331, -0.100488, 0.002188, 13.942383, 10.000610, 142.822266
-0.033159, 0.003490, 1072.000000, 0.017452, 2000.000000, 1000.000000, 16.889277, 17.199614, 17.429380, 16.481730, 0.314498, -0.044446, 0.159329, -0.165794, 0.017452, 0.087260, -8.845509, -1.861328, -22.465929, -0.733351, 0.094440, -0.077052, 0.002212, 13.696289, 23.159790, 324.707001
-0.034904, 0.003490, 1072.000000, 0.017452, 2000.000000, 1000.000000, 16.977621, 16.995562, 17.465281, 16.561537, 0.230421, 0.013409, 0.221450, -0.174520, 0.017452, 0.087260, -10.718966, -1.024623, -22.784992, -0.610846, -0.005694, -0.144163, 0.001764, 13.754883, 16.760254, 236.511215
-0.033159, 0.003490, 1071.000000, 0.017452, 2000.000000, 1000.000000, 17.380869, 16.556074, 16.864950, 17.198107, -0.289488, 0.031529, 0.122910, -0.165794, 0.017452, 0.087260, -11.127316, -1.065836, -23.294727, 0.344690, -0.040847, -0.038703, 0.002327, 13.731445, 20.480347, 288.085938
-0.031414, 0.003490, 1071.000000, 0.017452, 2000.000000, 1000.000000, 17.299667, 16.513821, 16.990841, 17.195671, -0.247669, 0.093256, 0.145255, -0.157068, 0.017452, 0.087260, -10.279922, -1.698563, -23.361162, 0.282905, -0.146308, -0.062139, 0.002211, 13.774414, 17.880249, 252.319321
-0.033159, 0.003490, 1063.000000, 0.017452, 2000.000000, 1000.000000, 15.963283, 15.874769, 16.321451, 15.840499, 0.098110, 0.080975, 0.142367, -0.165794, 0.017452, 0.087260, -10.511871, -1.969409, -23.591040, -0.353054, -0.128198, -0.061073, 0.001748, 13.907227, 11.920166, 169.677719
-0.033159, 0.003490, 1064.000000, 0.017452, 2000.000000, 1000.000000, 16.013891, 16.200821, 16.250542, 15.534748, 0.225680, -0.107356, 0.132215, -0.165794, 0.017452, 0.087260, -12.778373, -0.900553, -23.762953, -0.577824, 0.207358, -0.049356, 0.002020, 13.868164, 14.361572, 203.796371
-0.033159, 0.003490, 1061.000000, 0.017452, 2000.000000, 1000.000000, 16.503891, 15.658243, 15.798740, 16.039124, -0.271508, -0.081068, 0.151317, -0.165794, 0.017452, 0.087260, -12.834862, -0.291967, -23.988319, 0.310601, 0.164747, -0.068530, 0.002321, 13.879883, 13.040161, 185.424789
-0.033159, 0.003490, 1060.000000, 0.017452, 2000.000000, 1000.000000, 16.628035, 15.335730, 15.579460, 16.456774, -0.542405, 0.018117, 0.103748, -0.165794, 0.017452, 0.087260, -11.170918, -0.784372, -24.048395, 0.825121, -0.016346, -0.019528, 0.001757, 13.942383, 9.600830, 137.084961
-0.031414, 0.003490, 1052.000000, 0.017452, 2000.000000, 1000.000000, 15.460280, 14.231872, 14.823073, 15.484775, -0.472527, 0.153924, 0.141677, -0.157068, 0.017452, 0.087260, -8.248364, -2.773640, -24.144951, 0.680246, -0.257095, -0.057878, 0.002460, 13.922852, 10.800171, 153.991699
-0.033159, 0.003490, 1048.000000, 0.017452, 2000.000000, 1000.000000, 14.194160, 13.299893, 14.068282, 14.437665, -0.315913, 0.252974, 0.131221, -0.165794, 0.017452, 0.087260, -7.374298, -4.203828, -24.228052, 0.396887, -0.437123, -0.048290, 0.002123, 13.993164, 7.760620, 111.206047
-0.031414, 0.003490, 1050.000000, 0.017452, 2000.000000, 1000.000000, 14.930523, 14.585079, 15.179195, 15.305202, -0.117863, 0.242199, 0.054859, -0.157068, 0.017452, 0.087260, -7.452234, -5.435885, -24.273191, 0.051744, -0.424340, 0.031604, 0.001828, 13.864258, 15.319824, 217.529282
-0.033159, 0.003490, 1050.000000, 0.017452, 2000.000000, 1000.000000, 15.039141, 14.728659, 15.010405, 15.221796, -0.130469, 0.116100, 0.024773, -0.165794, 0.017452, 0.087260, -7.722523, -6.281873, -24.163176, 0.063462, -0.189983, 0.063562, 0.002216, 13.887695, 13.479614, 191.711411
-0.031414, 0.003490, 1051.000000, 0.017452, 2000.000000, 1000.000000, 15.629617, 14.839257, 14.389516, 15.141610, -0.385614, -0.234437, 0.009566, -0.157068, 0.017452, 0.087260, -6.098486, -6.057062, -23.699795, 0.524718, 0.438519, 0.079541, 0.002354, 13.891602, 12.240601, 174.194321
-0.031414, 0.003490, 1051.000000, 0.017452, 2000.000000, 1000.000000, 15.596525, 14.871788, 14.485500, 15.046186, -0.321356, -0.234157, 0.041013, -0.157068, 0.017452, 0.087260, -4.337056, -5.355500, -23.402239, 0.428845, 0.445975, 0.046518, 0.001797, 13.899414, 12.799072, 182.189926
-0.033159, 0.003490, 1051.000000, 0.017452, 2000.000000, 1000.000000, 15.476137, 14.673906, 14.669548, 15.180408, -0.328273, -0.075022, 0.072843, -0.165794, 0.017452, 0.087260, -2.890758, -4.987063, -23.279802, 0.428845, 0.156225, 0.012429, 0.001768, 13.903320, 12.280273, 174.682602
-0.033159, 0.003490, 1052.000000, 0.017452, 2000.000000, 1000.000000, 15.280056, 14.439701, 15.006008, 15.274235, -0.277146, 0.140121, 0.143033, -0.165794, 0.017452, 0.087260, -1.549215, -5.831572, -23.368071, 0.326580, -0.235789, -0.060008, 0.002175, 13.899414, 12.561035, 178.588852
-0.033159, 0.003490, 1056.000000, 0.017452, 2000.000000, 1000.000000, 15.124136, 14.458418, 15.092480, 15.324966, -0.224551, 0.208723, 0.108308, -0.165794, 0.017452, 0.087260, -1.286207, -6.910642, -23.491076, 0.228577, -0.357229, -0.023789, 0.002188, 13.852539, 14.361572, 203.918442
-0.031414, 0.003490, 1064.000000, 0.017452, 2000.000000, 1000.000000, 16.094645, 15.659460, 15.844160, 16.401735, -0.248190, 0.122948, -0.030597, -0.157068, 0.017452, 0.087260, -1.047292, -7.854989, -23.355566, 0.290361, -0.207027, 0.122151, 0.001766, 13.766602, 18.719482, 263.793945
-0.031414, 0.003490, 1072.000000, 0.017452, 2000.000000, 1000.000000, 17.399382, 16.475451, 16.574274, 17.550894, -0.475138, 0.062584, -0.013173, -0.157068, 0.017452, 0.087260, 0.831789, -8.984043, -22.590729, 0.688768, -0.095175, 0.102976, 0.002265, 13.696289, 21.041870, 295.227051
-0.033159, 0.003490, 1071.000000, 0.017452, 2000.000000, 1000.000000, 17.337532, 16.260067, 16.709400, 17.693001, -0.515266, 0.201200, 0.023466, -0.165794, 0.017452, 0.087260, 2.347804, -10.248445, -22.131235, 0.763336, -0.346576, 0.064627, 0.001824, 13.754883, 18.841553, 265.380859
-0.031414, 0.003490, 1071.000000, 0.017452, 2000.000000, 1000.000000, 17.153189, 16.234171, 16.988466, 17.624174, -0.388681, 0.306320, 0.070827, -0.157068, 0.017452, 0.087260, 3.520378, -12.055779, -21.808758, 0.536436, -0.534062, 0.015625, 0.002135, 13.770508, 17.840576, 251.586899
-0.033159, 0.003490, 1071.000000, 0.017452, 2000.000000, 1000.000000, 16.899132, 16.434502, 17.216038, 17.450329, -0.174730, 0.333184, 0.057584, -0.165794, 0.017452, 0.087260, 3.672683, -14.955915, -21.698196, 0.143356, -0.584129, 0.029474, 0.002320, 13.766602, 17.800903, 251.098618
-0.033159, 0.003490, 1071.000000, 0.017452, 2000.000000, 1000.000000, 17.362896, 16.435299, 16.852249, 17.349556, -0.356227, 0.100902, 0.107573, -0.165794, 0.017452, 0.087260, 3.982952, -16.322428, -21.588003, 0.476782, -0.169743, -0.023789, 0.001747, 13.766602, 17.721558, 249.816879
-0.031414, 0.003490, 1050.000000, 0.017452, 2000.000000, 1000.000000, 15.732233, 14.511375, 14.603537, 15.152855, -0.442544, -0.121804, 0.167884, -0.157068, 0.017452, 0.087260, 5.903370, -16.808510, -21.199512, 0.656810, 0.237185, -0.087705, 0.001769, 13.961914, 8.639526, 123.474113
-0.031414, 0.003490, 1045.000000, 0.017452, 2000.000000, 1000.000000, 14.705660, 13.573835, 13.807070, 13.913435, -0.309548, -0.139748, 0.256364, -0.157068, 0.017452, 0.087260, 8.798523, -16.691393, -20.928438, 0.394757, 0.272338, -0.179317, 0.002157, 14.000977, 7.479858, 112.426750
-0.031414, 0.003490, 1045.000000, 0.017452, 2000.000000, 1000.000000, 14.429870, 13.925691, 13.975917, 13.668523, -0.049196, -0.177780, 0.202893, -0.157068, 0.017452, 0.087260, 9.391845, -16.028072, -21.159254, -0.078218, 0.344776, -0.124989, 0.001791, 13.950195, 10.360718, 147.888184
-0.031414, 0.003490, 1047.000000, 0.017452, 2000.000000, 1000.000000, 14.216597, 14.320150, 14.041777, 13.421476, 0.180963, -0.268373, 0.129186, -0.157068, 0.017452, 0.087260, 8.832742, -14.615790, -21.539072, -0.489407, 0.499238, -0.046160, 0.002272, 13.922852, 11.279297, 160.827621
-0.026178, 0.005236, 1049.000000, 0.017452, 2000.000000, 1000.000000, 14.439037, 14.187786, 13.884605, 13.488571, 0.036196, -0.313412, 0.161821, -0.130890, 0.026178, 0.087260, 8.251104, -11.921096, -21.889311, -0.202853, 0.591916, -0.080248, 0.002197, 13.950195, 9.921265, 141.723633
-0.026178, 0.005236, 1050.000000, 0.017452, 2000.000000, 1000.000000, 15.274304, 14.987071, 15.128533, 14.610091, 0.057802, -0.130688, 0.201419, -0.130890, 0.026178, 0.087260, 8.166152, -10.608980, -22.186806, -0.244398, 0.267012, -0.122858, 0.001748, 13.942383, 9.921265, 141.723633
-0.029668, 0.003490, 1050.000000, 0.017452, 2000.000000, 1000.000000, 14.816799, 15.030802, 15.350479, 14.801920, 0.190640, 0.076199, 0.083639, -0.148342, 0.017452, 0.087260, 7.288854, -10.180973, -22.568329, -0.493668, -0.120742, 0.001777, 0.002261, 13.899414, 11.880493, 169.128403
-0.029668, 0.001745, 1050.000000, 0.017452, 2000.000000, 1000.000000, 14.765928, 15.082302, 15.500788, 14.650982, 0.291545, 0.075885, 0.133358, -0.148342, 0.008726, 0.087260, 4.572368, -9.905396, -22.987087, -0.672631, -0.128198, -0.049356, 0.002307, 13.891602, 11.718750, 166.686996
-0.027923, 0.003490, 1050.000000, 0.017452, 2000.000000, 1000.000000, 15.167788, 14.871550, 15.277855, 14.682808, 0.074703, -0.019669, 0.222821, -0.139616, 0.017452, 0.087260, 3.349482, -9.491877, -23.524763, -0.284878, 0.053961, -0.145229, 0.001808, 13.883789, 13.320923, 189.392075
-0.027923, 0.003490, 1074.000000, 0.017452, 2000.000000, 1000.000000, 17.202280, 16.997324, 17.048174, 16.752222, 0.022750, -0.099803, 0.125227, -0.139616, 0.017452, 0.087260, 2.944812, -8.442175, -23.994478, -0.191135, 0.198836, -0.040833, 0.002381, 13.602539, 27.120972, 377.502411
-0.029668, 0.001745, 1075.000000, 0.017452, 2000.000000, 1000.000000, 16.937565, 17.086853, 17.307289, 16.668293, 0.197071, -0.012208, 0.122428, -0.148342, 0.008726, 0.087260, 2.144927, -7.662286, -24.227650, -0.507517, 0.031590, -0.038703, 0.002229, 13.723633, 18.038940, 253.784164
-0.029668, 0.003490, 1075.000000, 0.017452, 2000.000000, 1000.000000, 16.874414, 16.966898, 17.507627, 16.651060, 0.237262, 0.079343, 0.191021, -0.148342, 0.017452, 0.087260, 0.712959, -7.263341, -24.591993, -0.581019, -0.128198, -0.110075, 0.002143, 13.809570, 16.281128, 230.224594
-0.029668, 0.003490, 1074.000000, 0.017452, 2000.000000, 1000.000000, 17.040092, 16.973030, 17.330441, 16.656437, 0.151736, -0.006562, 0.185266, -0.148342, 0.017452, 0.087260, -0.530167, -6.897170, -25.078018, -0.429753, 0.028394, -0.104749, 0.002059, 13.747070, 18.359375, 258.605957
-0.027923, 0.003490, 1073.000000, 0.017452, 2000.000000, 1000.000000, 16.876436, 17.159906, 17.412443, 16.551214, 0.286174, -0.018170, 0.144440, -0.139616, 0.017452, 0.087260, -2.453955, -5.753988, -25.474751, -0.656653, 0.044373, -0.061073, 0.002282, 13.766602, 17.919922, 252.502426
-0.027923, 0.003490, 1071.000000, 0.017452, 2000.000000, 1000.000000, 16.952114, 16.787216, 17.476910, 16.783760, 0.132063, 0.130334, 0.214511, -0.139616, 0.017452, 0.087260, -3.877236, -5.494841, -25.897053, -0.388208, -0.223006, -0.136707, 0.001763, 13.782227, 16.720581, 236.022934
-0.029668, 0.003490, 1072.000000, 0.017452, 2000.000000, 1000.000000, 17.073774, 16.735056, 17.219812, 16.971357, -0.022566, 0.095585, 0.146794, -0.148342, 0.017452, 0.087260, -4.534991, -5.850766, -26.266758, -0.111241, -0.154830, -0.064269, 0.002203, 13.762695, 18.200684, 256.286621
-0.031414, 0.003490, 1072.000000, 0.017452, 2000.000000, 1000.000000, 16.865997, 17.110893, 17.366943, 16.656166, 0.238919, 0.011554, 0.116471, -0.157068, 0.017452, 0.087260, -5.605589, -5.719557, -26.541327, -0.589541, -0.001433, -0.032311, 0.002285, 13.793945, 16.040039, 226.501450
-0.029668, 0.003490, 1064.000000, 0.017452, 2000.000000, 1000.000000, 15.899084, 16.447710, 16.458883, 15.194321, 0.453298, -0.173398, 0.178983, -0.148342, 0.017452, 0.087260, -7.401618, -4.396271, -26.846571, -0.990078, 0.331993, -0.099423, 0.001747, 13.758789, 18.719482, 263.610840
-0.029668, 0.003490, 1056.000000, 0.017452, 2000.000000, 1000.000000, 15.152177, 15.244405, 15.425086, 14.178332, 0.334745, -0.198291, 0.288631, -0.148342, 0.017452, 0.087260, -9.690886, -1.471146, -27.710236, -0.747199, 0.369277, -0.211275, 0.002373, 13.907227, 10.919189, 155.517578
-0.029668, 0.003490, 1055.000000, 0.017452, 2000.000000, 1000.000000, 15.124556, 14.936584, 15.444788, 14.494072, 0.190687, -0.030570, 0.284672, -0.148342, 0.017452, 0.087260, -10.753454, -0.272989, -28.299675, -0.496864, 0.074201, -0.208079, 0.002165, 13.907227, 11.361694, 161.804184
-0.029668, 0.003490, 1055.000000, 0.017452, 2000.000000, 1000.000000, 14.999878, 14.832096, 15.388294, 14.779732, 0.110195, 0.084013, 0.194086, -0.148342, 0.017452, 0.087260, -11.646483, 0.104960, -28.783152, -0.356250, -0.134590, -0.114336, 0.001938, 13.891602, 11.840820, 167.907700
-0.029668, 0.003490, 1054.000000, 0.017452, 2000.000000, 1000.000000, 14.889630, 14.941579, 15.356931, 14.811860, 0.149255, 0.084396, 0.123281, -0.148342, 0.017452, 0.087260, -12.712922, 0.160772, -29.005951, -0.420165, -0.136720, -0.039768, 0.002124, 13.915039, 10.760498, 153.198242
-0.029668, 0.003490, 1056.000000, 0.017452, 2000.000000, 1000.000000, 15.301520, 15.054402, 14.796521, 14.847556, -0.074539, -0.177961, 0.049021, -0.148342, 0.017452, 0.087260, -13.366307, 0.857848, -29.098259, -0.027085, 0.337319, 0.037996, 0.002274, 13.848633, 14.080811, 199.829086
-0.029668, 0.003490, 1064.000000, 0.019197, 2000.000000, 1000.000000, 16.458885, 16.074406, 15.686398, 15.780310, -0.119598, -0.266646, 0.072642, -0.148342, 0.017452, 0.095986, -12.647326, 1.913106, -29.019663, 0.067723, 0.504565, 0.022017, 0.001836, 13.747070, 19.519043, 274.719238
-0.029668, 0.003490, 1069.000000, 0.019197, 2000.000000, 1000.000000, 16.333738, 15.785233, 15.848699, 16.032328, -0.183034, -0.059487, 0.091219, -0.148342, 0.017452, 0.095986, -11.615524, 2.307035, -29.071184, 0.183836, 0.123202, 0.002842, 0.002085, 13.790039, 17.001343, 240.112289
-0.027923, 0.003490, 1070.000000, 0.019197, 2000.000000, 1000.000000, 16.875067, 16.807398, 17.260378, 17.057158, 0.033888, 0.158768, 0.067722, -0.139616, 0.017452, 0.095986, -11.496927, 1.368142, -29.044771, -0.201788, -0.268812, 0.027343, 0.002253, 13.676758, 21.679688, 303.527832
-0.031414, 0.003490, 1071.000000, 0.017452, 2000.000000, 1000.000000, 16.908569, 17.091064, 17.236214, 16.764153, 0.163640, 0.000183, 0.072391, -0.157068, 0.017452, 0.087260, -12.424376, 1.471555, -28.990068, -0.459580, 0.019872, 0.013495, 0.001752, 13.723633, 19.601440, 275.512695
-0.029668, 0.003490, 1071.000000, 0.017452, 2000.000000, 1000.000000, 17.605915, 16.714016, 16.740547, 16.939522, -0.272719, -0.159966, 0.173231, -0.148342, 0.017452, 0.087260, -12.025376, 3.024254, -29.109102, 0.335102, 0.304296, -0.090901, 0.002336, 13.778320, 16.201782, 228.576645
-0.029668, 0.003490, 1071.000000, 0.017452, 2000.000000, 1000.000000, 17.556713, 15.959104, 16.882496, 17.601688, -0.579201, 0.242092, 0.219604, -0.148342, 0.017452, 0.087260, -10.593635, 1.924921, -29.476713, 0.883710, -0.419014, -0.139902, 0.002220, 13.743164, 18.679810, 262.817383
-0.029668, 0.003490, 1066.000000, 0.017452, 2000.000000, 1000.000000, 16.227236, 14.595318, 16.280123, 16.897324, -0.562280, 0.588723, 0.253680, -0.148342, 0.017452, 0.087260, -9.604581, -1.032748, -29.960230, 0.862405, -1.044320, -0.177186, 0.001946, 13.856445, 11.120605, 157.714844
-0.031414, 0.003490, 1056.000000, 0.017452, 2000.000000, 1000.000000, 15.025867, 14.213371, 15.273918, 15.486843, -0.256355, 0.380381, 0.149893, -0.157068, 0.017452, 0.087260, -9.608959, -3.964730, -30.281675, 0.296753, -0.673610, -0.067465, 0.002071, 13.958008, 8.679199, 124.023430
-0.031414, 0.003490, 1055.000000, 0.017452, 2000.000000, 1000.000000, 15.539776, 15.084913, 14.849091, 14.526220, -0.032998, -0.312345, 0.194433, -0.157068, 0.017452, 0.087260, -9.688692, -4.171697, -30.702599, -0.104849, 0.577002, -0.113271, 0.002267, 13.899414, 11.199951, 159.423828
-0.029668, 0.003490, 1054.000000, 0.017452, 2000.000000, 1000.000000, 15.863164, 15.259967, 14.624766, 14.252103, -0.057633, -0.561566, 0.243965, -0.148342, 0.017452, 0.087260, -8.696380, -1.985618, -31.001171, -0.053717, 1.047846, -0.167599, 0.001779, 13.872070, 12.561035, 178.405746
-0.029668, 0.003490, 1054.000000, 0.017452, 2000.000000, 1000.000000, 15.938709, 14.827616, 14.789728, 14.443947, -0.191328, -0.383162, 0.364218, -0.148342, 0.017452, 0.087260, -7.323170, 0.135749, -31.637428, 0.185966, 0.709094, -0.291169, 0.002149, 13.907227, 10.720825, 152.709961
-0.031414, 0.003490, 1054.000000, 0.017452, 2000.000000, 1000.000000, 15.649888, 14.104871, 15.071742, 15.173499, -0.411693, 0.122620, 0.360815, -0.157068, 0.017452, 0.087260, -5.597137, -0.028848, -32.965614, 0.573720, -0.201701, -0.286908, 0.002264, 13.840820, 14.520264, 205.688461
-0.031414, 0.003490, 1054.000000, 0.017452, 2000.000000, 1000.000000, 15.633898, 13.911600, 15.008202, 15.446301, -0.540100, 0.227251, 0.321050, -0.157068, 0.017452, 0.087260, -4.431959, -1.907146, -33.661003, 0.829382, -0.399839, -0.249624, 0.001769, 13.875977, 12.240601, 173.889145
-0.031414, 0.003490, 1055.000000, 0.017452, 2000.000000, 1000.000000, 15.686409, 14.415127, 14.974033, 14.924431, -0.305420, -0.050768, 0.330221, -0.157068, 0.017452, 0.087260, -2.357702, -4.165799, -34.539448, 0.387300, 0.106158, -0.253885, 0.002412, 13.872070, 12.561035, 178.527817
-0.031414, 0.003490, 1053.000000, 0.017452, 2000.000000, 1000.000000, 15.609611, 14.695907, 15.079267, 14.615216, -0.112413, -0.152759, 0.344438, -0.157068, 0.017452, 0.087260, -1.568721, -3.998866, -35.238464, 0.038961, 0.292578, -0.270929, 0.002143, 13.856445, 12.680054, 180.175766
-0.031414, 0.003490, 1053.000000, 0.017452, 2000.000000, 1000.000000, 15.461821, 14.856400, 14.962934, 14.718845, -0.090333, -0.159110, 0.212377, -0.157068, 0.017452, 0.087260, -1.127604, -3.255305, -35.787537, -0.000454, 0.307492, -0.133511, 0.001981, 13.872070, 12.881470, 182.922348
-0.029668, 0.003490, 1054.000000, 0.017452, 2000.000000, 1000.000000, 15.553002, 14.783515, 14.704118, 14.959365, -0.256184, -0.168259, 0.128560, -0.148342, 0.017452, 0.087260, -0.233321, -2.720115, -35.980671, 0.307406, 0.322406, -0.045094, 0.002060, 13.903320, 11.599731, 164.978012
-0.031414, 0.003490, 1053.000000, 0.017452, 2000.000000, 1000.000000, 15.544050, 14.435925, 14.783596, 15.236429, -0.390240, 0.010013, 0.163823, -0.157068, 0.017452, 0.087260, 1.688341, -3.328713, -36.083881, 0.534306, -0.000368, -0.081313, 0.002312, 13.875977, 12.960815, 184.082016
-0.031414, 0.003490, 1053.000000, 0.017452, 2000.000000, 1000.000000, 15.359017, 14.414065, 15.019280, 15.207637, -0.283328, 0.113459, 0.189149, -0.157068, 0.017452, 0.087260, 2.423542, -4.145767, -36.349667, 0.347885, -0.185722, -0.109010, 0.002007, 13.840820, 15.161133, 214.782700
-0.031414, 0.003490, 1053.000000, 0.017452, 2000.000000, 1000.000000, 15.050539, 14.651165, 15.188986, 15.109310, -0.079925, 0.149148, 0.119762, -0.157068, 0.017452, 0.087260, 2.322900, -4.836183, -36.579956, -0.018563, -0.253899, -0.036572, 0.001853, 13.860352, 13.000488, 184.509262
-0.031414, 0.003490, 1053.000000, 0.017452, 2000.000000, 1000.000000, 15.024985, 14.816899, 14.997211, 15.160905, -0.092945, 0.079058, 0.011098, -0.157068, 0.017452, 0.087260, 1.649455, -5.320256, -36.561768, -0.000454, -0.122872, 0.077410, 0.002344, 13.864258, 12.881470, 182.922348
-0.031414, 0.003490, 1053.000000, 0.017452, 2000.000000, 1000.000000, 15.044421, 14.944634, 14.900474, 15.110471, -0.077446, 0.005472, -0.027553, -0.157068, 0.017452, 0.087260, 1.510665, -5.370222, -36.314495, -0.024955, 0.006024, 0.117890, 0.002235, 13.875977, 11.880493, 168.823227
-0.031414, 0.003490, 1053.000000, 0.017452, 2000.000000, 1000.000000, 14.908980, 14.881392, 15.080781, 15.128846, -0.018914, 0.104814, -0.005119, -0.157068, 0.017452, 0.087260, 1.201674, -5.332831, -36.064877, -0.133611, -0.172939, 0.095520, 0.001759, 13.903320, 11.120605, 158.203125
-0.033159, 0.003490, 1053.000000, 0.017452, 2000.000000, 1000.000000, 14.715236, 14.817698, 15.213258, 15.253808, 0.015479, 0.233533, -0.035754, -0.165794, 0.017452, 0.087260, -0.566048, -5.798557, -35.923218, -0.200722, -0.398774, 0.126412, 0.002428, 13.879883, 12.161255, 172.912582
-0.031414, 0.003490, 1053.000000, 0.017452, 2000.000000, 1000.000000, 14.952707, 14.831329, 14.910482, 15.305481, -0.129094, 0.107982, -0.068405, -0.157068, 0.017452, 0.087260, -1.234156, -6.198336, -35.612751, 0.063462, -0.174004, 0.160500, 0.002337, 13.887695, 10.681152, 151.977539
-0.031414, 0.003490, 1053.000000, 0.017452, 2000.000000, 1000.000000, 15.200325, 14.923500, 14.653399, 15.222776, -0.211550, -0.061913, -0.073138, -0.157068, 0.017452, 0.087260, -0.927091, -6.332275, -35.155071, 0.221120, 0.132790, 0.166892, 0.001767, 13.872070, 13.159180, 186.889633
-0.033159, 0.003490, 1053.000000, 0.017452, 2000.000000, 1000.000000, 14.777694, 14.984300, 15.167291, 15.070716, 0.075795, 0.119003, -0.027507, -0.165794, 0.017452, 0.087260, -0.903433, -6.023579, -34.511803, -0.306183, -0.194244, 0.117890, 0.002396, 13.829102, 14.721680, 208.618149
-0.031414, 0.003490, 1053.000000, 0.017452, 2000.000000, 1000.000000, 14.643739, 14.605824, 15.424064, 15.326373, 0.014944, 0.375218, 0.033901, -0.157068, 0.017452, 0.087260, -2.224509, -6.571474, -34.487770, -0.193265, -0.662958, 0.053974, 0.001881, 13.872070, 12.078857, 171.630844
-0.031414, 0.003490, 1053.000000, 0.017452, 2000.000000, 1000.000000, 14.841673, 14.486982, 15.183304, 15.488041, -0.164857, 0.335673, 0.012489, -0.157068, 0.017452, 0.087260, -3.326012, -7.960495, -34.466572, 0.133769, -0.593716, 0.076345, 0.001879, 13.875977, 13.040161, 185.302719
-0.031414, 0.003490, 1053.000000, 0.017452, 2000.000000, 1000.000000, 15.213269, 14.562230, 14.737721, 15.486779, -0.350024, 0.112251, -0.024504, -0.157068, 0.017452, 0.087260, -2.952283, -10.019748, -34.056458, 0.465064, -0.183592, 0.114694, 0.002314, 13.872070, 12.561035, 178.283676
-0.031414, 0.003490, 1053.000000, 0.017452, 2000.000000, 1000.000000, 15.043971, 14.637334, 14.838056, 15.480639, -0.262305, 0.159347, -0.058987, -0.157068, 0.017452, 0.087260, -2.394183, -10.965864, -33.650211, 0.308471, -0.270943, 0.151978, 0.001886, 13.872070, 13.000488, 184.814438
-0.031414, 0.003490, 1053.000000, 0.017452, 2000.000000, 1000.000000, 14.645090, 14.778328, 15.245169, 15.331413, 0.011749, 0.288291, -0.054871, -0.157068, 0.017452, 0.087260, -2.972592, -11.855165, -33.383675, -0.184743, -0.507430, 0.147717, 0.001819, 13.872070, 12.921143, 183.288559
-0.031414, 0.003490, 1053.000000, 0.017452, 2000.000000, 1000.000000, 14.738123, 14.948753, 15.149458, 15.163666, 0.049105, 0.156562, -0.056210, -0.157068, 0.017452, 0.087260, -4.898472, -12.669050, -33.201935, -0.250789, -0.261356, 0.147717, 0.002323, 13.875977, 12.240601, 174.133286
-0.031414, 0.003490, 1053.000000, 0.017452, 2000.000000, 1000.000000, 15.192950, 15.007260, 14.784654, 15.015136, -0.104043, -0.100105, -0.011198, -0.157068, 0.017452, 0.087260, -5.208160, -12.478787, -32.958454, 0.017656, 0.197770, 0.100846, 0.002328, 13.848633, 14.559937, 206.298813
-0.031414, 0.003490, 1053.000000, 0.017452, 2000.000000, 1000.000000, 15.403903, 14.971658, 14.673614, 14.950826, -0.177364, -0.187781, 0.038758, -0.157068, 0.017452, 0.087260, -4.462480, -11.694598, -32.643616, 0.161465, 0.361820, 0.048648, 0.001801, 13.864258, 12.719727, 180.908188
-0.031414, 0.003490, 1053.000000, 0.017452, 2000.000000, 1000.000000, 15.172129, 14.404629, 15.014395, 15.408848, -0.290489, 0.211622, 0.093262, -0.157068, 0.017452, 0.087260, -3.308278, -12.512430, -32.355503, 0.357473, -0.358294, -0.007810, 0.002350, 13.872070, 12.319946, 174.987778
-0.031414, 0.003490, 1053.000000, 0.017452, 2000.000000, 1000.000000, 14.933625, 14.783483, 15.128388, 15.154504, -0.044065, 0.141446, 0.031007, -0.157068, 0.017452, 0.087260, -3.669343, -14.071308, -32.467182, -0.081413, -0.241116, 0.057170, 0.001954, 13.875977, 11.718750, 166.503891
-0.031414, 0.003490, 1053.000000, 0.017452, 2000.000000, 1000.000000, 15.398340, 14.937370, 14.736891, 14.927399, -0.162870, -0.167856, 0.067616, -0.157068, 0.017452, 0.087260, -3.642256, -13.963353, -32.388313, 0.123116, 0.319210, 0.018821, 0.002252, 13.895508, 11.001587, 156.494141
-0.031414, 0.003490, 1053.000000, 0.017452, 2000.000000, 1000.000000, 15.594188, 15.105346, 14.589309, 14.711158, -0.152673, -0.349767, 0.091748, -0.157068, 0.017452, 0.087260, -2.609780, -12.772371, -32.166100, 0.115659, 0.656896, -0.006745, 0.001833, 13.860352, 12.960815, 183.898911
-0.031414, 0.003490, 1053.000000, 0.017452, 2000.000000, 1000.000000, 15.528059, 14.724030, 14.780779, 14.967133, -0.247596, -0.126044, 0.154419, -0.157068, 0.017452, 0.087260, -1.313817, -11.764864, -32.131393, 0.283970, 0.245707, -0.071726, 0.002212, 13.903320, 10.760498, 153.076172
-0.031414, 0.003490, 1053.000000, 0.017452, 2000.000000, 1000.000000, 15.012939, 14.287411, 15.293756, 15.405893, -0.209416, 0.349825, 0.153348, -0.157068, 0.017452, 0.087260, -0.682257, -13.290963, -32.381508, 0.210467, -0.608630, -0.070661, 0.002343, 13.868164, 11.840820, 168.090805
-0.031414, 0.003490, 1047.000000, 0.017452, 2000.000000, 1000.000000, 13.983898, 13.329958, 14.386229, 14.299915, -0.141907, 0.343072, 0.185063, -0.157068, 0.017452, 0.087260, -1.379241, -14.965568, -32.793011, 0.093289, -0.611825, -0.105814, 0.001799, 14.079102, 1.278687, 18.371582
-0.031414, 0.003490, 1046.000000, 0.017452, 2000.000000, 1000.000000, 14.354788, 13.591663, 14.086561, 13.966988, -0.160888, 0.026775, 0.220674, -0.157068, 0.017452, 0.087260, -1.707699, -15.817814, -33.274380, 0.127377, -0.033390, -0.144163, 0.001757, 13.922852, 8.880615, 126.708977
-0.031414, 0.003490, 1047.000000, 0.017452, 2000.000000, 1000.000000, 14.533182, 14.053011, 13.688284, 13.725523, -0.129352, -0.293096, 0.110733, -0.157068, 0.017452, 0.087260, -0.647038, -14.923771, -33.335651, 0.067723, 0.548240, -0.026985, 0.002147, 13.946289, 9.240723, 132.019043
-0.033159, 0.003490, 1048.000000, 0.017452, 2000.000000, 1000.000000, 14.347512, 14.205876, 13.940415, 13.506196, 0.073146, -0.276694, 0.143964, -0.165794, 0.017452, 0.087260, -0.092638, -13.485517, -33.288536, -0.304052, 0.522674, -0.062139, 0.001956, 13.922852, 10.479736, 145.385742
-0.031414, 0.003490, 1047.000000, 0.017452, 2000.000000, 1000.000000, 14.086582, 13.881714, 14.296337, 13.735367, 0.089025, 0.015852, 0.191460, -0.157068, 0.017452, 0.087260, -0.866213, -11.745446, -33.886337, -0.325357, -0.011020, -0.111140, 0.002253, 13.934570, 9.478760, 135.192871
-0.031414, 0.003490, 1006.000000, 0.015707, 2000.000000, 1000.000000, 9.945683, 9.774770, 10.339292, 9.940255, 0.057030, 0.139774, 0.142487, -0.157068, 0.017452, 0.078534, -1.721432, -11.748598, -34.305019, -0.263573, -0.233659, -0.068530, 0.002367, 13.997070, 6.439209, 92.285149
-0.031414, 0.003490, 1000.000000, 0.015707, 2000.000000, 1000.000000, 10.142199, 9.980364, 10.139711, 9.737726, 0.060038, -0.061281, 0.140955, -0.157068, 0.017452, 0.078534, -2.368990, -11.618289, -34.609398, -0.274225, 0.129594, -0.068530, 0.001747, 16.465820, 0.000000, 0.671387
-0.031414, 0.003490, 1000.000000, 0.015707, 2000.000000, 1000.000000, 10.503716, 10.259140, 9.827150, 9.409994, 0.043145, -0.381428, 0.165433, -0.157068, 0.017452, 0.078534, -2.299588, -10.159586, -34.760246, -0.242267, 0.706964, -0.093031, 0.002140, 14.137695, 0.439453, 6.408691
-0.031414, 0.003490, 1000.000000, 0.151832, 2000.000000, 1000.000000, 10.962250, 9.390310, 10.906294, 8.741146, 0.148303, -0.176280, 0.934271, -0.157068, 0.017452, 0.759162, -1.105329, -7.253106, -35.560883, -0.425492, 0.342645, -0.202753, 0.002228, 14.071289, 4.440308, 63.903805
-0.031414, 0.003490, 1000.000000, 0.176265, 2000.000000, 1000.000000, 9.825960, 9.920876, 11.561888, 8.691277, 0.741382, 0.126582, 0.693924, -0.157068, 0.017452, 0.881326, -2.512337, -5.880012, -35.642128, -1.523772, -0.208093, 0.171153, 0.001852, 14.028320, 5.999756, 86.181633
