


<<< NEW FLIGHT DATA >>>


0.000000, 0.000000, 1000.000000, 0.017452, 2000.000000, 1000.000000, 10.130576, 9.868983, 10.131274, 9.869166, 0.000128, 0.000221, 0.130926, 0.000000, 0.000000, 0.087260, -0.135868, -3.724223, -0.083419, -0.000227, -0.000390, -0.001046, 0.001748, 15.891602, 0.439453, 7.202148
0.000000, 0.000000, 1000.000000, 0.017452, 2000.000000, 1000.000000, 10.124439, 9.871429, 10.125137, 9.878994, -0.001717, 0.002066, 0.124789, 0.000000, 0.000000, 0.087260, -0.144474, -3.704712, -0.104844, 0.002969, -0.003586, 0.003215, 0.001771, 15.778320, 4.040527, 65.307617
0.000000, 0.000000, 1000.000000, 0.017452, 2000.000000, 1000.000000, 10.122754, 9.871831, 10.127179, 9.878236, -0.000495, 0.002707, 0.124966, 0.000000, 0.000000, 0.087260, -0.133452, -3.685183, -0.135768, 0.000838, -0.004651, 0.003215, 0.002202, 15.700195, 7.400513, 117.675774
0.000000, 0.000000, 1000.000000, 0.017452, 2000.000000, 1000.000000, 10.139692, 9.845274, 10.129221, 9.885813, -0.012753, 0.007517, 0.134457, 0.000000, 0.000000, 0.087260, -0.081783, -3.698772, -0.172283, 0.022143, -0.013173, -0.003177, 0.002371, 15.754883, 5.120850, 82.580559
0.000000, 0.000000, 1000.000000, 0.017452, 2000.000000, 1000.000000, 10.149142, 9.852796, 10.129092, 9.868970, -0.009056, -0.000969, 0.139118, 0.000000, 0.000000, 0.087260, 0.001224, -3.696154, -0.196468, 0.015752, 0.001741, -0.006372, 0.002230, 15.774414, 5.160522, 83.374016
0.000000, 0.000000, 1000.000000, 0.017452, 2000.000000, 1000.000000, 10.149974, 9.855802, 10.121461, 9.872764, -0.011369, -0.002887, 0.135717, 0.000000, 0.000000, 0.087260, -0.003428, -3.642114, -0.265708, 0.020013, 0.004936, -0.004242, 0.001829, 15.774414, 4.721069, 76.293945
0.000000, 0.000000, 1000.000000, 0.017452, 2000.000000, 1000.000000, 10.141064, 9.865925, 10.121023, 9.871988, -0.006526, -0.003494, 0.131043, 0.000000, 0.000000, 0.087260, 0.024653, -3.559949, -0.330650, 0.011491, 0.006002, -0.001046, 0.001871, 15.790039, 4.238892, 68.603516
0.000000, 0.000000, 1000.000000, 0.017452, 2000.000000, 1000.000000, 10.143200, 9.872288, 10.115875, 9.868637, -0.005919, -0.007743, 0.129538, 0.000000, 0.000000, 0.087260, 0.008204, -3.506980, -0.381073, 0.010426, 0.013458, 0.000019, 0.001953, 15.786133, 4.321289, 69.885254
0.000000, 0.000000, 1000.000000, 0.017452, 2000.000000, 1000.000000, 10.135675, 9.868927, 10.126425, 9.868973, -0.002325, -0.002301, 0.131050, 0.000000, 0.000000, 0.087260, 0.011853, -3.443354, -0.421277, 0.004034, 0.003871, -0.001046, 0.001857, 15.782227, 4.598999, 74.279785
0.000000, 0.000000, 1000.000000, 0.017452, 2000.000000, 1000.000000, 10.135554, 9.860377, 10.120263, 9.883805, -0.009680, 0.002034, 0.127908, 0.000000, 0.000000, 0.087260, -0.024597, -3.410765, -0.453622, 0.016817, -0.003586, 0.001084, 0.001837, 15.786133, 4.040527, 65.307617
0.000000, 0.000000, 1000.000000, 0.017452, 2000.000000, 1000.000000, 10.133184, 9.862917, 10.126190, 9.877708, -0.005446, 0.001950, 0.129688, 0.000000, 0.000000, 0.087260, -0.071900, -3.372522, -0.512241, 0.009360, -0.003586, 0.000019, 0.002175, 15.786133, 4.440308, 71.777344
0.000000, 0.000000, 1000.000000, 0.017452, 2000.000000, 1000.000000, 10.130297, 9.871647, 10.132256, 9.865801, 0.001951, -0.000972, 0.131276, 0.000000, 0.000000, 0.087260, -0.135970, -3.330538, -0.557793, -0.003423, 0.001741, -0.001046, 0.002320, 15.790039, 4.278564, 69.091797
0.000000, 0.000000, 1000.000000, 0.017452, 2000.000000, 1000.000000, 10.122293, 9.868617, 10.130456, 9.878634, -0.000464, 0.004545, 0.126374, 0.000000, 0.000000, 0.087260, -0.150051, -3.285325, -0.613406, 0.000838, -0.007847, 0.002150, 0.002101, 15.786133, 4.238892, 68.481445
0.000000, 0.000000, 1000.000000, 0.017452, 2000.000000, 1000.000000, 10.125616, 9.870247, 10.130045, 9.874092, 0.000146, 0.002069, 0.127830, 0.000000, 0.000000, 0.087260, -0.127236, -3.259036, -0.647884, -0.000227, -0.003586, 0.001084, 0.001826, 15.778320, 4.119873, 66.589355
0.000000, 0.000000, 1000.000000, 0.017452, 2000.000000, 1000.000000, 10.129153, 9.859342, 10.136144, 9.875361, -0.002258, 0.005753, 0.132649, 0.000000, 0.000000, 0.087260, -0.091561, -3.231873, -0.679662, 0.004034, -0.009977, -0.002111, 0.001881, 15.778320, 4.400635, 71.105957
0.000000, 0.000000, 1000.000000, 0.017452, 2000.000000, 1000.000000, 10.121865, 9.879704, 10.136916, 9.861514, 0.008310, -0.000785, 0.129391, 0.000000, 0.000000, 0.087260, -0.087328, -3.217096, -0.704099, -0.014075, 0.001741, 0.000019, 0.001758, 15.782227, 4.238892, 68.481445
0.000000, 0.000000, 1000.000000, 0.017452, 2000.000000, 1000.000000, 10.137139, 9.868690, 10.125442, 9.868730, -0.002934, -0.002914, 0.131290, 0.000000, 0.000000, 0.087260, -0.058726, -3.178479, -0.754368, 0.005099, 0.004936, -0.001046, 0.002184, 15.790039, 4.159546, 67.199707
0.000000, 0.000000, 1000.000000, 0.017452, 2000.000000, 1000.000000, 10.126801, 9.872630, 10.129184, 9.871385, 0.000907, 0.000284, 0.127992, 0.000000, 0.000000, 0.087260, -0.072903, -3.148881, -0.772718, -0.001292, -0.000390, 0.001084, 0.002084, 15.786133, 4.159546, 67.199707
0.000000, 0.000000, 1000.000000, 0.017452, 2000.000000, 1000.000000, 10.128729, 9.878138, 10.121090, 9.872044, -0.000386, -0.003434, 0.124909, 0.000000, 0.000000, 0.087260, -0.078758, -3.140695, -0.783291, 0.000838, 0.006002, 0.003215, 0.002342, 15.782227, 4.119873, 66.589355
0.000000, 0.000000, 1000.000000, 0.019197, 2000.000000, 1000.000000, 10.145499, 9.851741, 10.139926, 9.862834, -0.004167, 0.001380, 0.142712, 0.000000, 0.000000, 0.095986, -0.094115, -3.116047, -0.820407, 0.007230, -0.002520, 0.000019, 0.002351, 15.786133, 4.199219, 65.917969
0.000000, 0.000000, 1000.000000, 0.017452, 2000.000000, 1000.000000, 10.134225, 9.860522, 10.137315, 9.867938, -0.001082, 0.002626, 0.135770, 0.000000, 0.000000, 0.087260, -0.104002, -3.161414, -0.806133, 0.001904, -0.004651, -0.004242, 0.001894, 15.782227, 4.278564, 69.213867
0.000000, 0.000000, 1000.000000, 0.017452, 2000.000000, 1000.000000, 10.140250, 9.863175, 10.124883, 9.871692, -0.005971, -0.001713, 0.132567, 0.000000, 0.000000, 0.087260, -0.148070, -3.153419, -0.823829, 0.010426, 0.002806, -0.002111, 0.001863, 15.778320, 4.278564, 69.091797
0.000000, 0.000000, 1000.000000, 0.017452, 2000.000000, 1000.000000, 10.127922, 9.869043, 10.127836, 9.875198, -0.001561, 0.001517, 0.127879, 0.000000, 0.000000, 0.087260, -0.135276, -3.160343, -0.820124, 0.002969, -0.002520, 0.001084, 0.001821, 15.774414, 4.199219, 67.810059
0.000000, 0.000000, 1000.000000, 0.017452, 2000.000000, 1000.000000, 10.119308, 9.876613, 10.133788, 9.870292, 0.005200, 0.002040, 0.126547, 0.000000, 0.000000, 0.087260, -0.084485, -3.136921, -0.850601, -0.008749, -0.003586, 0.002150, 0.002226, 15.778320, 4.199219, 67.810059
0.000000, 0.000000, 1000.000000, 0.017452, 2000.000000, 1000.000000, 10.118058, 9.880290, 10.128818, 9.872834, 0.004554, 0.000825, 0.123438, 0.000000, 0.000000, 0.087260, -0.150264, -3.131339, -0.879083, -0.007684, -0.001455, 0.004280, 0.002505, 15.778320, 4.199219, 67.810059
0.000000, 0.000000, 1000.000000, 0.015707, 2000.000000, 1000.000000, 10.116071, 9.882369, 10.114305, 9.887256, -0.001663, 0.000780, 0.115188, 0.000000, 0.000000, 0.078534, -0.144753, -3.122236, -0.897235, 0.002969, -0.001455, 0.001084, 0.002322, 15.766602, 4.199219, 67.810059
0.000000, 0.000000, 1000.000000, 0.015707, 2000.000000, 1000.000000, 10.119673, 9.889889, 10.104361, 9.886078, -0.002875, -0.004780, 0.112016, 0.000000, 0.000000, 0.078534, -0.151559, -3.081820, -0.940198, 0.005099, 0.008132, 0.003215, 0.002348, 15.770508, 4.278564, 69.091797
0.000000, 0.000000, 1000.000000, 0.015707, 2000.000000, 1000.000000, 10.112529, 9.888309, 10.117133, 9.882030, 0.002721, -0.000418, 0.114831, 0.000000, 0.000000, 0.078534, -0.120187, -3.071392, -0.952771, -0.004488, 0.000675, 0.001084, 0.001777, 15.766602, 4.479980, 72.326660
0.000000, 0.000000, 1000.000000, 0.015707, 2000.000000, 1000.000000, 10.108273, 9.881475, 10.127800, 9.882452, 0.004638, 0.005126, 0.118036, 0.000000, 0.000000, 0.078534, -0.132476, -3.040023, -0.988248, -0.007684, -0.008912, -0.001046, 0.001837, 15.770508, 4.400635, 71.105957
0.000000, 0.000000, 1000.000000, 0.015707, 2000.000000, 1000.000000, 10.104762, 9.883569, 10.131833, 9.879836, 0.007701, 0.005834, 0.118298, 0.000000, 0.000000, 0.078534, -0.134907, -3.029253, -1.009276, -0.013010, -0.009977, -0.001046, 0.002256, 15.774414, 4.321289, 69.824219
0.000000, 0.000000, 1000.000000, 0.015707, 2000.000000, 1000.000000, 10.113359, 9.888590, 10.116749, 9.881302, 0.002670, -0.000975, 0.115054, 0.000000, 0.000000, 0.078534, -0.141759, -3.006497, -1.024255, -0.004488, 0.001741, 0.001084, 0.001960, 15.778320, 4.119873, 66.589355
0.000000, 0.000000, 1000.000000, 0.015707, 2000.000000, 1000.000000, 10.114587, 9.879958, 10.115802, 9.889653, -0.002120, 0.002728, 0.115194, 0.000000, 0.000000, 0.078534, -0.097971, -2.960113, -1.065091, 0.004034, -0.004651, 0.001084, 0.002402, 15.766602, 4.321289, 69.824219
0.000000, 0.000000, 1000.000000, 0.015707, 2000.000000, 1000.000000, 10.117401, 9.884706, 10.125572, 9.872320, 0.005139, -0.001054, 0.121487, 0.000000, 0.000000, 0.078534, -0.067226, -2.977069, -1.051109, -0.008749, 0.001741, -0.003177, 0.002449, 15.770508, 4.159546, 67.199707
0.000000, 0.000000, 1000.000000, 0.015707, 2000.000000, 1000.000000, 10.115596, 9.896232, 10.117806, 9.870366, 0.007019, -0.005913, 0.116701, 0.000000, 0.000000, 0.078534, -0.096157, -2.974068, -1.058135, -0.011945, 0.010263, 0.000019, 0.002259, 15.770508, 4.040527, 65.307617
0.000000, 0.000000, 1000.000000, 0.015707, 2000.000000, 1000.000000, 10.105227, 9.881984, 10.128337, 9.884452, 0.005161, 0.006394, 0.116782, 0.000000, 0.000000, 0.078534, -0.029251, -2.958751, -1.079904, -0.008749, -0.011042, 0.000019, 0.002313, 15.774414, 4.360962, 67.077637
0.000000, 0.000000, 1000.000000, 0.015707, 2000.000000, 1000.000000, 10.116774, 9.885473, 10.116163, 9.881590, 0.000819, -0.001124, 0.116468, 0.000000, 0.000000, 0.078534, -0.010350, -2.989356, -1.057866, -0.001292, 0.001741, 0.000019, 0.001904, 15.766602, 4.238892, 68.420410
0.000000, 0.000000, 1000.000000, 0.015707, 2000.000000, 1000.000000, 10.112585, 9.886705, 10.123646, 9.877064, 0.005176, 0.000354, 0.118116, 0.000000, 0.000000, 0.078534, 0.003437, -2.995962, -1.035641, -0.008749, -0.000390, -0.001046, 0.001928, 15.766602, 4.199219, 67.810059
0.000000, 0.000000, 1000.000000, 0.015707, 2000.000000, 1000.000000, 10.115028, 9.884377, 10.124653, 9.875942, 0.004514, 0.000298, 0.119840, 0.000000, 0.000000, 0.078534, -0.000056, -3.025826, -1.004128, -0.007684, -0.000390, -0.002111, 0.002145, 15.766602, 4.440308, 71.716309
0.000000, 0.000000, 1002.000000, 0.015707, 2000.000000, 1000.000000, 10.109122, 9.883000, 10.121175, 9.886703, 0.002088, 0.003939, 0.115149, 0.000000, 0.000000, 0.078534, -0.006856, -3.048415, -0.993376, -0.003423, -0.006781, 0.001084, 0.002390, 15.774414, 4.360962, 70.373535
0.000000, 0.000000, 1002.000000, 0.015707, 2000.000000, 1000.000000, 10.117121, 9.882347, 10.119390, 9.881142, 0.000868, 0.000266, 0.118255, 0.000000, 0.000000, 0.078534, -0.042843, -3.046203, -1.004416, -0.001292, -0.000390, -0.001046, 0.002256, 15.762695, 4.278564, 69.091797
0.000000, 0.000000, 1001.000000, 0.015707, 2000.000000, 1000.000000, 10.110215, 9.883193, 10.125840, 9.880752, 0.004517, 0.003296, 0.118028, 0.000000, 0.000000, 0.078534, -0.053346, -3.020249, -1.032758, -0.007684, -0.005716, -0.001046, 0.001850, 15.762695, 4.321289, 69.702148
0.000000, 0.000000, 1000.000000, 0.015707, 2000.000000, 1000.000000, 10.117716, 9.884184, 10.114973, 9.883127, -0.000421, -0.000950, 0.116345, 0.000000, 0.000000, 0.078534, -0.099143, -3.031111, -1.017518, 0.000838, 0.001741, 0.000019, 0.001784, 15.770508, 4.080200, 65.917969
0.000000, 0.000000, 1000.000000, 0.015707, 2000.000000, 1000.000000, 10.124629, 9.888339, 10.108357, 9.878675, -0.001652, -0.006484, 0.116493, 0.000000, 0.000000, 0.078534, -0.077771, -3.015732, -1.031424, 0.002969, 0.011328, 0.000019, 0.001866, 15.762695, 4.479980, 72.326660
0.000000, 0.000000, 1008.000000, 0.015707, 2000.000000, 1000.000000, 10.120619, 9.887405, 10.125414, 9.866562, 0.006409, -0.004012, 0.123017, 0.000000, 0.000000, 0.078534, -0.088211, -3.002785, -1.040361, -0.010879, 0.007067, -0.004242, 0.002276, 15.762695, 4.360962, 70.373535
0.000000, 0.000000, 1028.000000, 0.015707, 2000.000000, 1000.000000, 12.113194, 11.892262, 12.104407, 11.890136, -0.001666, -0.002729, 0.108801, 0.000000, 0.000000, 0.078534, -0.143178, -3.016369, -1.016185, 0.002969, 0.004936, 0.005345, 0.002366, 15.559570, 11.361694, 181.091293
0.000000, 0.000000, 1041.000000, 0.015707, 2000.000000, 1000.000000, 14.178188, 13.836697, 14.099586, 13.885529, -0.031859, -0.007442, 0.138887, 0.000000, 0.000000, 0.078534, -0.084044, -2.977691, -1.019451, 0.055166, 0.013458, -0.014894, 0.002487, 15.297852, 21.759033, 340.820282
0.000000, 0.000000, 1045.000000, 0.015707, 2000.000000, 1000.000000, 14.272946, 13.736766, 14.053397, 13.936891, -0.104919, -0.004856, 0.163172, 0.000000, 0.000000, 0.078534, 0.233898, -2.951467, -1.045754, 0.186193, 0.008132, -0.031939, 0.001747, 15.606445, 9.240723, 147.705078
0.000000, 0.000000, 1050.000000, 0.015707, 2000.000000, 1000.000000, 15.369409, 14.490863, 15.093047, 15.046681, -0.208045, 0.069864, 0.231228, 0.000000, 0.000000, 0.078534, 0.998010, -3.175331, -1.122798, 0.365156, -0.122895, -0.077745, 0.001758, 15.293945, 20.401001, 319.519043
0.000000, 0.000000, 1053.000000, 0.015707, 2000.000000, 1000.000000, 15.343260, 14.490814, 15.302662, 14.863264, -0.103262, 0.082963, 0.322961, 0.000000, 0.000000, 0.078534, 2.189424, -4.020502, -1.555436, 0.178736, -0.145265, -0.139530, 0.002147, 15.434570, 15.438843, 244.018539
0.000000, 0.000000, 1052.000000, 0.015707, 2000.000000, 1000.000000, 15.232222, 14.741175, 15.071381, 14.955223, -0.093723, 0.013302, 0.151802, 0.000000, 0.000000, 0.078534, 2.673229, -4.230169, -1.733935, 0.163823, -0.022760, -0.023416, 0.002362, 15.454102, 15.161133, 239.807114
0.000000, 0.000000, 1048.000000, 0.017452, 2000.000000, 1000.000000, 14.289474, 13.593178, 14.077330, 14.040018, -0.164746, 0.058674, 0.183402, 0.000000, 0.000000, 0.087260, 3.446337, -4.355964, -1.675334, 0.286327, -0.101589, -0.036200, 0.002337, 15.500977, 9.680176, 154.113770
0.000000, 0.000000, 1046.000000, 0.015707, 2000.000000, 1000.000000, 13.998864, 13.665521, 14.418294, 13.917321, 0.041907, 0.167808, 0.208579, 0.000000, 0.000000, 0.078534, 3.450583, -4.905399, -1.836507, -0.075860, -0.296531, -0.062831, 0.001766, 15.567383, 10.800171, 165.100082
0.000000, 0.000000, 1046.000000, 0.015707, 2000.000000, 1000.000000, 13.849208, 13.643914, 14.474523, 14.032355, 0.059218, 0.253439, 0.161865, 0.000000, 0.000000, 0.078534, 2.951283, -5.883349, -1.986910, -0.106753, -0.445668, -0.030873, 0.001874, 15.563477, 10.800171, 172.119125
0.000000, 0.000000, 1044.000000, 0.015707, 2000.000000, 1000.000000, 14.375266, 13.334807, 14.219224, 14.070703, -0.222984, 0.144963, 0.297245, 0.000000, 0.000000, 0.078534, 3.287841, -6.887622, -2.227726, 0.389657, -0.253921, -0.122485, 0.002213, 15.477539, 13.720703, 217.407211
0.000000, 0.000000, 1050.000000, 0.015707, 2000.000000, 1000.000000, 15.885279, 14.453157, 14.792353, 14.869211, -0.377245, -0.169218, 0.338816, 0.000000, 0.000000, 0.078534, 5.878702, -6.689660, -2.528924, 0.658102, 0.293621, -0.150182, 0.002186, 15.551758, 10.800171, 171.997055
0.000000, 0.000000, 1045.000000, 0.015707, 2000.000000, 1000.000000, 14.858680, 13.423322, 13.889485, 13.828513, -0.343596, -0.141001, 0.374082, 0.000000, 0.000000, 0.078534, 7.604182, -6.026919, -2.772490, 0.599513, 0.245685, -0.174683, 0.002185, 15.360352, 17.800903, 280.090332
0.000000, 0.000000, 1045.000000, 0.015707, 2000.000000, 1000.000000, 14.651606, 13.384329, 14.119253, 13.844812, -0.248209, -0.017967, 0.385429, 0.000000, 0.000000, 0.078534, 9.003269, -5.747606, -3.110605, 0.432268, 0.031568, -0.182140, 0.002340, 15.504883, 12.561035, 199.523911
-0.005236, 0.001745, 1049.000000, 0.015707, 2000.000000, 1000.000000, 14.499538, 13.389589, 14.102245, 14.008627, -0.254083, 0.055436, 0.300892, -0.026178, 0.008726, 0.078534, 10.082603, -5.972407, -3.423799, 0.422680, -0.088806, -0.125681, 0.001834, 15.524414, 11.920166, 189.514145
-0.068063, 0.001745, 1049.000000, 0.015707, 2000.000000, 1000.000000, 14.875546, 12.982083, 13.815265, 14.327106, -0.601326, 0.071185, 0.345405, -0.340314, 0.008726, 0.078534, 11.645798, -6.331256, -3.587741, 0.702843, -0.115438, -0.155508, 0.002054, 15.528320, 11.199951, 178.100571
-0.089005, 0.000000, 1047.000000, 0.015707, 2000.000000, 1000.000000, 14.889154, 13.106743, 13.977884, 14.026218, -0.457686, 0.002051, 0.433520, -0.445026, 0.000000, 0.078534, 13.966264, -6.847652, -4.305855, 0.340656, -0.003586, -0.215163, 0.002141, 15.512695, 11.080933, 176.086411
-0.097731, 0.000000, 1049.000000, 0.015707, 2000.000000, 1000.000000, 14.347615, 13.900033, 14.177983, 13.574368, 0.039008, -0.123824, 0.262799, -0.488656, 0.000000, 0.078534, 13.361588, -6.537642, -4.780921, -0.565879, 0.213727, -0.099050, 0.002356, 15.340820, 18.240356, 286.499023
-0.104712, 0.000000, 1048.000000, 0.015707, 2000.000000, 1000.000000, 14.218759, 14.094213, 14.090295, 13.596734, 0.092253, -0.156485, 0.154526, -0.523560, 0.000000, 0.078534, 11.617376, -5.760878, -5.133006, -0.694775, 0.271251, -0.025547, 0.002358, 15.485352, 13.320923, 211.181625
-0.115183, 0.000000, 1049.000000, 0.015707, 2000.000000, 1000.000000, 14.447889, 13.733242, 14.022728, 13.796141, -0.122015, -0.090566, 0.235309, -0.575916, 0.000000, 0.078534, 10.156532, -5.003860, -5.387734, -0.379459, 0.160464, -0.080940, 0.001758, 15.524414, 11.560059, 183.715805
-0.101222, 0.000000, 1049.000000, 0.015707, 2000.000000, 1000.000000, 14.484679, 13.398234, 13.998616, 14.118470, -0.301575, 0.058543, 0.241647, -0.506108, 0.000000, 0.078534, 9.646124, -4.938521, -5.666781, 0.010426, -0.103720, -0.085201, 0.001791, 15.481445, 10.919189, 173.400864
-0.094241, 0.000000, 1049.000000, 0.015707, 2000.000000, 1000.000000, 14.510449, 13.312594, 14.109962, 14.066995, -0.288722, 0.088478, 0.310205, -0.471204, 0.000000, 0.078534, 9.805371, -5.361268, -5.974870, 0.025339, -0.154852, -0.132073, 0.001858, 15.473633, 12.680054, 201.110825
-0.101222, 0.000000, 1050.000000, 0.015707, 2000.000000, 1000.000000, 15.320201, 14.915586, 15.008304, 14.755910, -0.038056, -0.117893, 0.164253, -0.506108, 0.000000, 0.078534, 8.915810, -5.076217, -6.487757, -0.451896, 0.204140, -0.031939, 0.002291, 15.528320, 9.719849, 154.479980
-0.129145, 0.000000, 1050.000000, 0.015707, 2000.000000, 1000.000000, 15.088162, 14.976159, 15.032348, 14.903331, 0.004254, -0.032161, 0.060255, -0.645724, 0.000000, 0.078534, 7.447021, -4.430522, -6.573336, -0.666013, 0.057134, 0.038368, 0.002289, 15.375977, 15.759277, 249.511703
-0.158813, 0.000000, 1050.000000, 0.015707, 2000.000000, 1000.000000, 14.961532, 14.440736, 15.318971, 15.278762, -0.120147, 0.298867, 0.140251, -0.794066, 0.000000, 0.078534, 5.863764, -4.851706, -6.712016, -0.603163, -0.524497, -0.015960, 0.001824, 15.364258, 16.360474, 257.324219
-0.183246, 0.000000, 1049.000000, 0.015707, 2000.000000, 1000.000000, 14.035771, 13.164414, 14.528508, 14.271306, -0.153539, 0.399907, 0.282139, -0.916230, 0.000000, 0.078534, 4.086015, -6.469292, -7.033716, -0.670274, -0.706656, -0.112898, 0.001759, 15.418945, 14.440918, 228.027328
-0.183246, 0.000000, 1051.000000, 0.015707, 2000.000000, 1000.000000, 15.432123, 14.326128, 15.534266, 14.707483, -0.069803, 0.120874, 0.483194, -0.916230, 0.000000, 0.078534, 1.932119, -7.499794, -7.817192, -0.821541, -0.214507, -0.249251, 0.001748, 15.387695, 15.200806, 239.624008
-0.155323, 0.000000, 1049.000000, 0.015707, 2000.000000, 1000.000000, 14.474365, 13.947266, 14.362000, 13.216370, 0.154632, -0.210816, 0.418182, -0.776614, 0.000000, 0.078534, -1.747643, -6.472632, -9.193668, -1.062289, 0.366059, -0.204510, 0.002291, 15.415039, 14.480591, 228.576645
-0.160558, 0.000000, 1049.000000, 0.015707, 2000.000000, 1000.000000, 14.596769, 13.974190, 14.286003, 13.143038, 0.130096, -0.285479, 0.441386, -0.802792, 0.000000, 0.078534, -4.272791, -4.845735, -9.988522, -1.047375, 0.499216, -0.220489, 0.002216, 15.403320, 14.678955, 231.506332
-0.165794, 0.000000, 1052.000000, 0.015707, 2000.000000, 1000.000000, 15.857935, 14.837042, 15.091888, 14.213135, -0.035535, -0.347488, 0.474912, -0.828970, 0.000000, 0.078534, -6.243472, -2.977409, -10.778738, -0.788518, 0.613199, -0.243925, 0.001748, 15.399414, 14.678955, 231.506332
-0.172775, 0.001745, 1050.000000, 0.015707, 2000.000000, 1000.000000, 16.075237, 14.805423, 14.850261, 14.269080, -0.172158, -0.440329, 0.462749, -0.863874, 0.008726, 0.078534, -7.561136, -0.737087, -11.479330, -0.588249, 0.784705, -0.235403, 0.001765, 15.395508, 14.999390, 236.389145
-0.157068, 0.001745, 1052.000000, 0.015707, 2000.000000, 1000.000000, 15.356086, 15.171042, 15.755939, 13.716933, 0.463490, -0.263564, 0.556012, -0.785340, 0.008726, 0.078534, -11.276835, 2.626931, -12.415930, -1.606635, 0.467258, -0.297188, 0.002205, 15.336914, 17.199707, 270.202637
-0.104712, 0.001745, 1052.000000, 0.015707, 2000.000000, 1000.000000, 15.196983, 15.025862, 16.268698, 13.508457, 0.647280, -0.111422, 0.732841, -0.523560, 0.008726, 0.078534, -15.437297, 4.534111, -13.104700, -1.660964, 0.203074, -0.416497, 0.002267, 15.325195, 17.480469, 274.230957
-0.040140, 0.001745, 1051.000000, 0.015707, 2000.000000, 1000.000000, 15.014292, 14.576515, 16.281076, 14.128117, 0.428796, 0.204597, 0.647684, -0.200698, 0.008726, 0.078534, -19.015724, 5.125110, -13.854964, -0.962155, -0.350860, -0.361103, 0.001784, 15.344727, 17.761230, 278.991699
-0.001745, 0.003490, 1050.000000, 0.015707, 2000.000000, 1000.000000, 15.183025, 14.151215, 15.883417, 14.782343, 0.017316, 0.332880, 0.533221, -0.008726, 0.017452, 0.078534, -20.616777, 4.115493, -14.514106, -0.041772, -0.570303, -0.283339, 0.001748, 15.399414, 14.001465, 220.825180
0.000000, 0.001745, 1052.000000, 0.017452, 2000.000000, 1000.000000, 15.454376, 13.839891, 15.626852, 15.078880, -0.266629, 0.352866, 0.540614, 0.000000, 0.008726, 0.087260, -20.367510, 2.402243, -15.291548, 0.463160, -0.605456, -0.278013, 0.002197, 15.434570, 13.281250, 209.533676
0.000000, 0.001745, 1050.000000, 0.019197, 2000.000000, 1000.000000, 15.170966, 14.370095, 15.810559, 14.648379, 0.090328, 0.229469, 0.490762, 0.000000, 0.008726, 0.095986, -20.042421, -0.164740, -16.337517, -0.154689, -0.390274, -0.235403, 0.002233, 15.372070, 15.078735, 237.426743
0.000000, 0.001745, 1052.000000, 0.017452, 2000.000000, 1000.000000, 15.039677, 14.931051, 15.882906, 14.146366, 0.406979, 0.014636, 0.461291, 0.000000, 0.008726, 0.087260, -21.480076, -0.201048, -16.957392, -0.706493, -0.016369, -0.223685, 0.002415, 15.387695, 14.120483, 222.595200
0.000000, 0.001745, 1050.000000, 0.017452, 2000.000000, 1000.000000, 15.194453, 14.924485, 15.944655, 13.936406, 0.434570, -0.059469, 0.569555, 0.000000, 0.008726, 0.087260, -23.429062, 0.629322, -17.593029, -0.756560, 0.112527, -0.297188, 0.002253, 15.344727, 16.119385, 253.295883
0.000000, 0.001745, 1050.000000, 0.017452, 2000.000000, 1000.000000, 15.596918, 14.364532, 15.617130, 14.421419, -0.009168, 0.019275, 0.607024, 0.000000, 0.008726, 0.087260, -24.446228, 1.139681, -18.469883, 0.012556, -0.024891, -0.324884, 0.001750, 15.391602, 14.120483, 222.534164
0.000000, 0.001745, 1046.000000, 0.017452, 2000.000000, 1000.000000, 14.923944, 12.968423, 14.232865, 13.874768, -0.399356, 0.053817, 0.578405, 0.000000, 0.008726, 0.087260, -23.532276, 0.568982, -19.341789, 0.702843, -0.086676, -0.305710, 0.001894, 15.352539, 15.921021, 250.305161
0.001745, 0.006981, 1038.000000, 0.017452, 2000.000000, 1000.000000, 14.357983, 11.717175, 12.689434, 13.235409, -0.796695, -0.037578, 0.523708, 0.008726, 0.034904, 0.087260, -20.662439, -0.477345, -20.122133, 1.409109, 0.102940, -0.268426, 0.001887, 15.614258, 4.800415, 76.721191
0.000000, 0.055846, 1002.000000, 0.017452, 2000.000000, 1000.000000, 10.784766, 9.365821, 9.993228, 9.856185, -0.320475, -0.075294, 0.388997, 0.000000, 0.279232, 0.087260, -15.751590, -0.996388, -20.990841, 0.560099, 0.416126, -0.175748, 0.002462, 16.450195, 0.000000, 0.000000
0.001745, 0.095986, 1004.000000, 0.017452, 2000.000000, 1000.000000, 10.122681, 9.620655, 10.569424, 9.687241, 0.095040, 0.128332, 0.346052, 0.008726, 0.479930, 0.087260, -15.054585, -0.232639, -21.446777, -0.156820, 0.266990, -0.146986, 0.002181, 16.239258, 0.000000, 2.624511
0.001745, 0.109948, 1003.000000, 0.017452, 2000.000000, 1000.000000, 9.852157, 9.538276, 10.622039, 9.987529, 0.080157, 0.304784, 0.237098, 0.008726, 0.549738, 0.087260, -15.474853, 0.279723, -21.691679, -0.133384, 0.028372, -0.073484, 0.001749, 15.735352, 2.359009, 39.978027
0.001745, 0.120419, 1004.000000, 0.017452, 2000.000000, 1000.000000, 10.269700, 9.198955, 10.289018, 10.242328, -0.256014, 0.265673, 0.279359, 0.008726, 0.602094, 0.087260, -15.027473, 0.319654, -21.932585, 0.459964, 0.150877, -0.102246, 0.001793, 15.657227, 4.879761, 78.308105
0.001745, 0.130890, 1002.000000, 0.017452, 2000.000000, 1000.000000, 10.773280, 8.979974, 9.821605, 10.425141, -0.599211, 0.123373, 0.297443, 0.008726, 0.654450, 0.087260, -12.725631, 0.275713, -22.232775, 1.056509, 0.454475, -0.113963, 0.002131, 15.684570, 3.839111, 61.584469
0.000000, 0.118674, 1002.000000, 0.017452, 2000.000000, 1000.000000, 11.055252, 9.214308, 9.408155, 10.322285, -0.688769, -0.134780, 0.231704, 0.000000, 0.593368, 0.087260, -7.122796, 0.818025, -22.759012, 1.200319, 0.841164, -0.069223, 0.002295, 15.641602, 5.401611, 86.486809
0.000000, 0.087260, 1019.000000, 0.019197, 2000.000000, 1000.000000, 11.853872, 10.688599, 10.418789, 11.038740, -0.446306, -0.271235, 0.136330, 0.000000, 0.436300, 0.095986, -3.810553, 1.992438, -22.884237, 0.780607, 0.921058, 0.004280, 0.002161, 15.657227, 9.521484, 151.794434
0.000000, 0.078534, 1052.000000, 0.027923, 2000.000000, 1000.000000, 15.778009, 14.725368, 14.672443, 14.824179, -0.301094, -0.251689, 0.225227, 0.000000, 0.392670, 0.139616, -1.369475, 3.566001, -23.031796, 0.526010, 0.844360, -0.011699, 0.002010, 15.000977, 29.598999, 454.833954
0.000000, 0.071553, 1063.000000, 0.019197, 2000.000000, 1000.000000, 16.587025, 15.612843, 15.532286, 16.267849, -0.427436, -0.099933, 0.059655, 0.000000, 0.357766, 0.095986, 0.894679, 4.667410, -23.113472, 0.755041, 0.543957, 0.056478, 0.001748, 15.118164, 23.120117, 357.421844
0.000000, 0.066318, 1063.000000, 0.017452, 2000.000000, 1000.000000, 16.736521, 14.923738, 15.642420, 16.697321, -0.716921, 0.169870, 0.189470, 0.000000, 0.331588, 0.087260, 3.819028, 4.161481, -23.281347, 1.262103, 0.043286, -0.040461, 0.001780, 15.239258, 19.119263, 298.400879
0.000000, 0.061082, 1063.000000, 0.017452, 2000.000000, 1000.000000, 16.933111, 14.596975, 15.693600, 16.776312, -0.854712, 0.234957, 0.313356, 0.000000, 0.305410, 0.087260, 7.240112, 2.492581, -23.737852, 1.499656, -0.097328, -0.124616, 0.001884, 15.317383, 16.720581, 262.207031
0.000000, 0.045375, 1043.000000, 0.017452, 2000.000000, 1000.000000, 14.936051, 13.323657, 13.693990, 14.046302, -0.491177, -0.129855, 0.315020, 0.000000, 0.226876, 0.087260, 12.073942, 0.943991, -24.364859, 0.857306, 0.456606, -0.125681, 0.002335, 15.520508, 9.078979, 144.287109
0.000000, 0.012216, 1040.000000, 0.017452, 2000.000000, 1000.000000, 14.913145, 13.852518, 13.797867, 13.436470, -0.174808, -0.382831, 0.355506, 0.000000, 0.061082, 0.087260, 14.128100, 1.813927, -24.784054, 0.305502, 0.730377, -0.153378, 0.002192, 15.497070, 9.799194, 155.517578
-0.001745, 0.003490, 1038.000000, 0.015707, 2000.000000, 1000.000000, 13.635715, 13.037770, 12.977784, 12.348731, 0.007778, -0.336742, 0.306749, -0.008726, 0.017452, 0.078534, 15.220634, 3.470160, -25.198364, -0.020467, 0.614264, -0.129942, 0.001777, 15.590820, 7.119751, 113.586418
0.000000, 0.000000, 1041.000000, 0.015707, 2000.000000, 1000.000000, 14.426531, 13.627054, 14.297749, 13.648666, -0.037599, -0.026792, 0.362140, 0.000000, 0.000000, 0.078534, 15.622795, 4.312473, -25.603477, 0.065819, 0.048612, -0.167226, 0.001901, 15.540039, 8.120728, 129.211426
0.000000, 0.000000, 1041.000000, 0.015707, 2000.000000, 1000.000000, 14.134550, 13.244465, 14.308563, 14.312422, -0.223486, 0.310493, 0.221557, 0.000000, 0.000000, 0.078534, 15.841579, 3.339152, -25.915491, 0.390723, -0.542606, -0.071353, 0.002086, 15.325195, 16.479492, 258.483887
-0.006981, 0.000000, 1045.000000, 0.015707, 2000.000000, 1000.000000, 14.131255, 13.217313, 14.184026, 14.467406, -0.299331, 0.325716, 0.157641, -0.034904, 0.000000, 0.078534, 16.501299, 0.170658, -26.098440, 0.486596, -0.567107, -0.027678, 0.002396, 15.211914, 21.160889, 329.528778
-0.087260, 0.000000, 1045.000000, 0.015707, 2000.000000, 1000.000000, 14.464144, 13.126719, 13.835129, 14.574009, -0.519076, 0.204569, 0.149637, -0.436300, 0.000000, 0.078534, 17.080547, -1.478459, -26.144464, 0.457834, -0.357251, -0.022351, 0.002224, 15.477539, 10.198975, 161.621078
-0.139616, 0.000000, 1045.000000, 0.015707, 2000.000000, 1000.000000, 14.550341, 13.156042, 13.934427, 14.359190, -0.454765, 0.146809, 0.242384, -0.698080, 0.000000, 0.078534, 17.295536, -2.466896, -26.262505, 0.078602, -0.256052, -0.085201, 0.002191, 15.454102, 11.160278, 176.574692
-0.169284, 0.000000, 1058.000000, 0.015707, 2000.000000, 1000.000000, 15.282655, 14.388160, 15.269933, 15.059253, -0.170954, 0.164593, 0.276294, -0.846422, 0.000000, 0.078534, 16.377018, -2.770959, -26.577637, -0.568009, -0.288009, -0.108637, 0.001824, 15.411133, 12.600708, 198.791489
-0.174520, 0.000000, 1063.000000, 0.015707, 2000.000000, 1000.000000, 15.947646, 15.888577, 16.332502, 15.831271, 0.110541, 0.081888, 0.140075, -0.872600, 0.000000, 0.078534, 13.961939, -2.225038, -26.878288, -1.092116, -0.144200, -0.015960, 0.001823, 15.157227, 21.520996, 334.106415
-0.176265, 0.000000, 1061.000000, 0.015707, 2000.000000, 1000.000000, 16.040621, 15.917766, 16.241167, 15.800448, 0.079466, 0.020807, 0.140893, -0.881326, 0.000000, 0.078534, 9.575497, -0.430141, -26.828779, -1.035657, -0.035543, -0.015960, 0.002400, 15.243164, 18.481445, 288.513184
-0.160558, 0.000000, 1061.000000, 0.015707, 2000.000000, 1000.000000, 16.409159, 15.583772, 15.834113, 16.172956, -0.291058, 0.003534, 0.121636, -0.802792, 0.000000, 0.078534, 8.234011, 0.250249, -26.908592, -0.313413, -0.005716, -0.003177, 0.002140, 15.250977, 18.521118, 289.306641
-0.127400, 0.000000, 1061.000000, 0.015707, 2000.000000, 1000.000000, 16.564318, 15.412169, 16.083014, 15.940500, -0.252409, 0.011757, 0.323666, -0.636998, 0.000000, 0.078534, 7.964789, 0.393855, -27.072029, -0.210083, -0.019565, -0.140595, 0.001781, 15.262695, 18.319702, 284.423828
-0.075044, 0.000000, 1061.000000, 0.015707, 2000.000000, 1000.000000, 16.105175, 15.748790, 16.545212, 15.600821, 0.147001, 0.073017, 0.325194, -0.375218, 0.000000, 0.078534, 6.893612, 0.777242, -27.507658, -0.641512, -0.127156, -0.141660, 0.001857, 15.270508, 17.401123, 272.094727
-0.080279, 0.000000, 1061.000000, 0.015707, 2000.000000, 1000.000000, 15.992556, 15.741912, 16.562840, 15.702692, 0.152377, 0.132766, 0.277697, -0.401396, 0.000000, 0.078534, 4.979539, 1.278986, -27.771603, -0.678796, -0.230486, -0.108637, 0.002155, 15.282227, 16.241455, 254.333481
-0.090750, 0.000000, 1061.000000, 0.015707, 2000.000000, 1000.000000, 16.281979, 15.470378, 16.393246, 15.854396, -0.068187, 0.123821, 0.337613, -0.453752, 0.000000, 0.078534, 2.677236, 1.444970, -28.300186, -0.343240, -0.215572, -0.149117, 0.002296, 15.235352, 18.679810, 291.625977
-0.109948, 0.000000, 1061.000000, 0.015707, 2000.000000, 1000.000000, 16.356939, 15.215331, 16.381411, 16.046320, -0.201630, 0.213865, 0.369175, -0.549738, 0.000000, 0.078534, 1.946923, 0.910210, -28.685762, -0.206887, -0.371100, -0.170422, 0.002357, 15.200195, 19.320679, 300.598145
-0.116928, 0.000000, 1062.000000, 0.015707, 2000.000000, 1000.000000, 16.444695, 15.035940, 16.633652, 15.885711, -0.165204, 0.259682, 0.539174, -0.584642, 0.000000, 0.078534, 0.895503, 0.184904, -29.317295, -0.312347, -0.458451, -0.287600, 0.001751, 15.258789, 17.160034, 268.188477
-0.118674, 0.000000, 1062.000000, 0.015707, 2000.000000, 1000.000000, 16.134483, 15.176211, 16.931532, 15.757771, 0.053872, 0.344652, 0.533008, -0.593368, 0.000000, 0.078534, -1.051834, -0.318312, -30.114925, -0.701167, -0.607587, -0.283339, 0.001767, 15.254883, 17.361450, 271.301270
-0.090750, 0.000000, 1039.000000, 0.015707, 2000.000000, 1000.000000, 12.986520, 11.930182, 13.954286, 13.129012, -0.057766, 0.541649, 0.470403, -0.453752, 0.000000, 0.078534, -4.903583, -1.931954, -31.208929, -0.364545, -0.941012, -0.239664, 0.002437, 15.657227, 2.200317, 35.278320
-0.090750, 0.000000, 1045.000000, 0.015707, 2000.000000, 1000.000000, 14.579162, 12.906449, 14.373799, 14.140590, -0.359876, 0.257194, 0.476480, -0.453752, 0.000000, 0.078534, -6.034993, -3.461605, -31.972149, 0.161692, -0.447798, -0.243925, 0.002384, 15.395508, 12.359619, 194.824203
-0.080279, 0.001745, 1036.000000, 0.015707, 2000.000000, 1000.000000, 13.815787, 12.489020, 13.070601, 12.624591, -0.220189, -0.152403, 0.443195, -0.401396, 0.008726, 0.078534, -5.832824, -3.783756, -32.578339, -0.024728, 0.273381, -0.221554, 0.002251, 15.500977, 6.079102, 96.618645
-0.075044, 0.003490, 1039.000000, 0.017452, 2000.000000, 1000.000000, 13.896479, 12.921888, 13.053288, 12.128345, -0.012412, -0.409184, 0.474883, -0.375218, 0.017452, 0.087260, -5.216796, -1.214609, -33.516304, -0.362415, 0.731442, -0.234337, 0.002224, 15.508789, 8.120728, 129.028320
-0.073298, 0.005236, 1040.000000, 0.017452, 2000.000000, 1000.000000, 14.695453, 13.851151, 14.304526, 13.148870, 0.077839, -0.273302, 0.499989, -0.366492, 0.026178, 0.087260, -5.291642, 0.814722, -34.173088, -0.511551, 0.504542, -0.251382, 0.002208, 15.321289, 15.438843, 242.309555
-0.061082, 0.006981, 1038.000000, 0.017452, 2000.000000, 1000.000000, 13.413742, 12.809385, 13.535519, 12.241354, 0.172452, -0.111563, 0.474630, -0.305410, 0.034904, 0.087260, -5.982127, 2.500551, -34.827881, -0.615946, 0.232902, -0.235403, 0.001822, 15.379883, 12.680054, 199.707016
-0.057592, 0.043630, 1040.000000, 0.017452, 2000.000000, 1000.000000, 14.244279, 13.414168, 14.778834, 13.562718, 0.096501, 0.170776, 0.511557, -0.287958, 0.218150, 0.087260, -7.544651, 3.938997, -35.762074, -0.462549, -0.073893, -0.258838, 0.002374, 15.336914, 15.039062, 236.206039
-0.059337, 0.057592, 1038.000000, 0.017452, 2000.000000, 1000.000000, 13.232164, 12.175436, 13.830364, 12.762035, 0.002900, 0.296200, 0.531264, -0.296684, 0.287958, 0.087260, -8.624447, 4.243689, -36.396652, -0.311282, -0.225159, -0.273752, 0.001854, 15.489258, 8.718872, 138.305664
-0.061082, 0.059337, 1041.000000, 0.017452, 2000.000000, 1000.000000, 14.274893, 12.981087, 14.880329, 13.863691, -0.069292, 0.372010, 0.577611, -0.305410, 0.296684, 0.087260, -9.651407, 4.042538, -37.109928, -0.191973, -0.351925, -0.305710, 0.001759, 15.329102, 16.000366, 251.098618
-0.059337, 0.034904, 1041.000000, 0.017452, 2000.000000, 1000.000000, 14.296852, 12.975788, 14.729218, 13.998142, -0.147498, 0.363680, 0.513035, -0.296684, 0.174520, 0.087260, -10.982677, 2.926243, -38.224705, -0.048164, -0.455255, -0.259904, 0.002337, 15.368164, 12.881470, 202.819809
-0.059337, 0.033159, 1039.000000, 0.017452, 2000.000000, 1000.000000, 13.288086, 12.323837, 13.872980, 12.515097, 0.098409, 0.194038, 0.580533, -0.296684, 0.165794, 0.087260, -12.020209, 2.704096, -38.933521, -0.476397, -0.171896, -0.307840, 0.001764, 15.387695, 12.200928, 192.321762
-0.050611, 0.019197, 1038.000000, 0.017452, 2000.000000, 1000.000000, 13.525721, 12.351355, 13.917736, 12.205189, 0.134546, 0.061463, 0.721729, -0.253054, 0.095986, 0.087260, -13.705955, 3.988849, -40.398087, -0.492376, -0.008912, -0.401583, 0.002335, 15.489258, 9.118652, 144.531250
-0.048866, 0.026178, 1038.000000, 0.017452, 2000.000000, 1000.000000, 13.635586, 12.063780, 13.956791, 12.343843, 0.010286, 0.150317, 0.796188, -0.244328, 0.130890, 0.087260, -14.560734, 4.472873, -41.483253, -0.267607, -0.129286, -0.452715, 0.002162, 15.481445, 8.840942, 140.075684
-0.048866, 0.036649, 1038.000000, 0.017452, 2000.000000, 1000.000000, 13.687335, 11.743663, 13.960353, 12.608649, -0.147992, 0.284501, 0.823844, -0.244328, 0.183246, 0.087260, -15.203088, 4.184586, -42.698856, 0.009360, -0.312510, -0.472955, 0.001877, 15.493164, 8.480835, 134.582520
-0.050611, 0.034904, 1039.000000, 0.017452, 2000.000000, 1000.000000, 13.716706, 11.709109, 13.801879, 12.772305, -0.244506, 0.287092, 0.759293, -0.253054, 0.174520, 0.087260, -15.630055, 3.316368, -43.907200, 0.169149, -0.324228, -0.428214, 0.002034, 15.481445, 8.920288, 141.418457
-0.045375, 0.033159, 1051.000000, 0.022688, 2000.000000, 1000.000000, 15.915591, 13.855311, 15.567248, 14.661849, -0.288720, 0.114549, 0.741420, -0.226876, 0.165794, 0.113438, -15.514829, 2.151124, -45.520348, 0.269283, -0.029152, -0.386669, 0.002332, 15.481445, 9.118652, 144.531250
-0.013962, 0.033159, 1055.000000, 0.038394, 2000.000000, 1000.000000, 16.040659, 14.051660, 15.581733, 14.325950, -0.183304, -0.046159, 0.811195, -0.069808, 0.165794, 0.191972, -14.735741, 1.853991, -46.548992, 0.253304, 0.252076, -0.357907, 0.001766, 15.208008, 19.079590, 296.997070
-0.001745, 0.033159, 1064.000000, 0.057592, 2000.000000, 1000.000000, 17.081537, 15.131583, 16.657974, 15.128904, -0.105221, -0.106561, 0.869756, -0.008726, 0.165794, 0.287958, -13.526513, 2.090470, -47.493858, 0.174475, 0.358602, -0.300383, 0.001784, 15.055664, 24.639893, 380.004852
0.000000, 0.027923, 1070.000000, 0.066318, 2000.000000, 1000.000000, 17.873360, 15.691597, 18.214073, 16.220970, -0.047165, 0.217521, 1.043717, 0.000000, 0.139616, 0.331588, -13.356168, 2.047767, -48.885307, 0.082863, -0.235812, -0.371756, 0.002228, 15.270508, 15.521240, 242.797836
0.000000, 0.029668, 1071.000000, 0.064572, 2000.000000, 1000.000000, 18.344212, 15.717964, 17.567158, 16.370667, -0.357440, -0.031088, 0.955684, 0.000000, 0.148342, 0.322862, -12.819984, 1.157728, -49.819569, 0.630406, 0.207335, -0.323819, 0.001750, 15.075195, 25.479126, 393.310516
0.000000, 0.043630, 1076.000000, 0.066318, 2000.000000, 1000.000000, 18.515245, 16.174894, 17.036863, 16.272997, -0.394121, -0.345071, 0.776054, 0.000000, 0.218150, 0.331588, -8.629476, 0.145915, -50.925701, 0.693256, 0.828381, -0.191727, 0.001966, 15.110352, 24.960327, 384.826630
0.000000, 0.041885, 1074.000000, 0.071553, 2000.000000, 1000.000000, 18.374498, 16.261782, 17.288683, 16.075037, -0.224768, -0.318141, 0.831590, 0.000000, 0.209424, 0.357766, -6.011090, 0.494361, -51.409279, 0.387527, 0.765530, -0.201315, 0.002362, 15.063477, 22.601318, 348.693817
0.000000, 0.043630, 1075.000000, 0.078534, 2000.000000, 1000.000000, 17.921169, 16.112942, 17.804428, 16.161461, -0.041315, -0.017055, 0.862800, 0.000000, 0.218150, 0.392670, -4.761138, 1.047097, -51.977737, 0.070080, 0.254207, -0.189597, 0.001829, 15.075195, 23.199463, 358.825653
0.000000, 0.036649, 1071.000000, 0.082024, 2000.000000, 1000.000000, 17.757549, 15.878670, 17.972038, 16.391743, -0.074646, 0.181890, 0.864794, 0.000000, 0.183246, 0.410122, -4.676045, 0.927630, -52.475826, 0.127604, -0.130351, -0.171487, 0.002190, 15.161133, 19.879150, 308.593750
0.000000, 0.033159, 1071.000000, 0.162304, 2000.000000, 1000.000000, 18.159569, 15.815781, 17.915127, 16.109524, -0.134546, 0.012325, 1.037348, 0.000000, 0.165794, 0.811518, -4.468904, 0.173220, -52.662266, 0.237326, 0.147681, 0.117198, 0.002265, 15.098633, 20.999146, 316.894531
0.000000, 0.033159, 1068.000000, 0.191972, 2000.000000, 1000.000000, 17.136953, 15.068558, 16.586229, 15.208257, -0.172606, -0.102757, 0.861592, 0.000000, 0.165794, 0.959860, -3.316855, -0.078259, -51.940590, 0.304437, 0.351145, 0.384577, 0.001749, 15.223633, 17.361450, 270.812988
0.000000, 0.034904, 1063.000000, 0.202443, 2000.000000, 1000.000000, 16.825588, 15.069412, 16.749842, 15.355156, -0.090373, 0.052499, 0.787716, 0.000000, 0.174520, 1.012216, -2.401875, -0.170735, -50.705742, 0.161692, 0.086961, 0.487907, 0.001754, 15.239258, 16.079712, 250.915512
0.000000, 0.034904, 1072.000000, 0.226876, 2000.000000, 1000.000000, 17.974625, 15.370201, 17.720901, 16.934273, -0.454448, 0.327586, 0.847763, 0.000000, 0.174520, 1.134380, -1.954234, -2.173797, -48.630718, 0.790194, -0.391339, 0.570997, 0.002232, 15.258789, 25.921631, 400.085419
0.000000, 0.034904, 1049.000000, 0.233857, 2000.000000, 1000.000000, 15.051453, 12.306356, 14.342779, 14.299412, -0.675432, 0.321095, 0.697116, 0.000000, 0.174520, 1.169284, -0.951607, -4.889916, -46.848511, 1.188601, -0.387078, 0.707350, 0.001792, 15.352539, 10.800171, 169.677719
0.000000, 0.038394, 1047.000000, 0.219895, 2000.000000, 1000.000000, 14.769658, 12.670218, 14.281724, 14.278399, -0.524028, 0.280061, 0.525691, 0.000000, 0.191972, 1.099476, 0.316357, -7.618706, -44.664791, 0.924417, -0.296531, 0.753156, 0.001828, 15.442383, 8.761597, 138.488770
0.000000, 0.043630, 1042.000000, 0.153578, 2000.000000, 1000.000000, 14.468346, 13.862852, 13.667110, 14.001692, -0.235018, -0.165598, 0.067728, 0.000000, 0.218150, 0.767888, 2.481211, -8.982954, -41.366512, 0.409897, 0.510934, 0.728655, 0.002340, 15.422852, 9.280396, 146.606445
0.000000, 0.057592, 1000.000000, 0.019197, 2000.000000, 1000.000000, 9.796741, 10.726873, 8.799448, 10.676937, -0.236839, -0.261807, -0.701905, 0.000000, 0.287958, 0.095986, 4.523856, -8.352632, -39.261002, 0.414158, 0.751682, 0.573128, 0.002269, 19.875977, 0.000000, 1.586914
0.000000, 0.080279, 1000.000000, 0.017452, 2000.000000, 1000.000000, 10.460199, 9.826944, 9.586702, 10.126154, -0.293176, -0.143572, 0.023451, 0.000000, 0.401396, 0.087260, 6.755490, -7.620739, -38.101421, 0.518554, 0.667527, 0.072457, 0.001747, 15.848633, 0.000000, 1.281738
-0.005236, 0.127400, 1000.000000, 0.017452, 2000.000000, 1000.000000, 10.277166, 9.392706, 9.906845, 10.423283, -0.350225, 0.165064, 0.092006, -0.026178, 0.636998, 0.087260, 9.907516, -7.557000, -37.697334, 0.584600, 0.363928, 0.025585, 0.002204, 15.598633, 3.518677, 56.213375
-0.017452, 0.130890, 1000.000000, 0.017452, 2000.000000, 1000.000000, 10.164385, 9.444586, 9.947418, 10.443611, -0.303998, 0.195515, 0.055901, -0.087260, 0.654450, 0.087260, 11.571137, -7.674743, -37.358414, 0.440790, 0.328775, 0.050086, 0.002300, 15.583008, 4.119873, 66.406250
-0.041885, 0.130890, 1003.000000, 0.017452, 2000.000000, 1000.000000, 10.166203, 9.488004, 9.980031, 10.365762, -0.265982, 0.172897, 0.073117, -0.209424, 0.654450, 0.087260, 12.885263, -7.504280, -37.067493, 0.253304, 0.368189, 0.038368, 0.001870, 15.583008, 4.080200, 65.124512
-0.059337, 0.129145, 1005.000000, 0.017452, 2000.000000, 1000.000000, 10.160830, 9.577010, 10.038861, 10.223298, -0.192065, 0.131079, 0.099846, -0.296684, 0.645724, 0.087260, 13.858418, -6.863176, -36.876499, 0.031731, 0.432105, 0.020259, 0.002041, 15.555664, 5.041504, 80.322258
-0.076789, 0.130890, 1002.000000, 0.017452, 2000.000000, 1000.000000, 10.176374, 9.881340, 9.897982, 10.044304, -0.110339, -0.028857, 0.037178, -0.383944, 0.654450, 0.087260, 14.889579, -4.817503, -36.521244, -0.200495, 0.719724, 0.062869, 0.002273, 15.594727, 3.799438, 60.729977
-0.092496, 0.116928, 1017.000000, 0.017452, 2000.000000, 1000.000000, 11.260102, 11.039535, 10.914222, 10.786141, -0.023122, -0.149819, 0.087162, -0.462478, 0.584642, 0.087260, 15.491259, -2.596799, -36.388779, -0.434852, 0.865665, 0.028781, 0.001832, 15.473633, 10.079956, 159.729004
-0.106457, 0.115183, 1047.000000, 0.017452, 2000.000000, 1000.000000, 14.098481, 13.946586, 14.050929, 13.904004, -0.001243, -0.022533, 0.074705, -0.532286, 0.575916, 0.087260, 15.652636, 0.011505, -36.298740, -0.544574, 0.631308, 0.037303, 0.001928, 15.071289, 24.121094, 372.436493
-0.108202, 0.108202, 1039.000000, 0.017452, 2000.000000, 1000.000000, 12.922904, 12.313655, 13.280198, 13.483243, -0.203073, 0.381720, 0.101551, -0.541012, 0.541012, 0.087260, 14.618268, 1.475240, -36.101631, -0.201561, -0.111177, 0.019194, 0.002324, 15.465820, 7.281494, 119.079582
-0.106457, 0.085515, 1042.000000, 0.017452, 2000.000000, 1000.000000, 14.501331, 13.402182, 13.966997, 14.129490, -0.315411, 0.048244, 0.234164, -0.532286, 0.427574, 0.087260, 14.546434, 1.879228, -36.205795, 0.007230, 0.354341, -0.071353, 0.001854, 15.336914, 13.641357, 204.711899
-0.115183, 0.038394, 1052.000000, 0.017452, 2000.000000, 1000.000000, 15.765526, 14.959553, 14.930330, 14.344591, -0.055058, -0.362539, 0.347928, -0.575916, 0.191972, 0.087260, 15.830381, 4.727122, -36.762375, -0.492376, 0.832642, -0.148052, 0.001989, 15.415039, 9.600830, 151.489258
-0.115183, 0.036649, 1051.000000, 0.017452, 2000.000000, 1000.000000, 15.397718, 15.014940, 15.539154, 14.048187, 0.277047, -0.206329, 0.468437, -0.575916, 0.183246, 0.087260, 15.230803, 7.580411, -37.211056, -1.069746, 0.547153, -0.229011, 0.002244, 15.211914, 18.521118, 288.513184
-0.118674, 0.022688, 1051.000000, 0.017452, 2000.000000, 1000.000000, 15.172779, 15.000814, 15.898836, 13.927570, 0.449825, -0.086797, 0.535807, -0.593368, 0.113438, 0.087260, 13.079888, 10.536388, -37.499424, -1.391453, 0.265925, -0.274817, 0.002136, 15.266602, 16.159058, 252.502426
-0.118674, 0.022688, 1051.000000, 0.017452, 2000.000000, 1000.000000, 15.091896, 14.106083, 16.249027, 14.552994, 0.177555, 0.401011, 0.670462, -0.593368, 0.113438, 0.087260, 10.171081, 12.207343, -37.818943, -0.918479, -0.582021, -0.366429, 0.002051, 15.231445, 17.041016, 265.625000
-0.118674, 0.020942, 1053.000000, 0.019197, 2000.000000, 1000.000000, 15.422766, 13.376938, 15.899174, 15.301123, -0.361944, 0.600148, 0.660970, -0.593368, 0.104712, 0.095986, 6.781952, 10.244946, -38.561577, 0.022143, -0.934621, -0.350451, 0.002258, 15.274414, 14.199829, 219.116196
-0.129145, 0.015707, 1051.000000, 0.024433, 2000.000000, 1000.000000, 15.946413, 13.546183, 15.761789, 14.745615, -0.346014, 0.253702, 0.854101, -0.645724, 0.078534, 0.122164, 5.770558, 8.955509, -39.450417, -0.059881, -0.364708, -0.456976, 0.001843, 15.329102, 13.198853, 207.214340
-0.134380, 0.006981, 1044.000000, 0.027923, 2000.000000, 1000.000000, 14.780696, 13.268558, 15.013537, 12.937209, 0.141047, -0.024627, 0.897117, -0.671902, 0.034904, 0.139616, 4.515903, 9.666307, -40.541695, -0.932327, 0.078439, -0.468694, 0.002128, 15.434570, 9.399414, 148.376465
-0.136126, 0.003490, 1050.000000, 0.024433, 2000.000000, 1000.000000, 15.315039, 14.426832, 16.145580, 14.112549, 0.286206, 0.129064, 0.730310, -0.680628, 0.017452, 0.122164, 0.525713, 13.110365, -41.490425, -1.197577, -0.205985, -0.370690, 0.002290, 15.227539, 16.839600, 262.634277
-0.136126, 0.003490, 1045.000000, 0.024433, 2000.000000, 1000.000000, 14.302766, 12.780560, 15.001082, 13.915591, -0.109179, 0.458337, 0.651924, -0.680628, 0.017452, 0.122164, -2.311004, 13.705945, -41.675976, -0.510485, -0.788681, -0.320623, 0.001845, 15.415039, 9.240723, 145.874023
-0.136126, 0.003490, 1044.000000, 0.026178, 2000.000000, 1000.000000, 14.357437, 12.143402, 14.955301, 14.543859, -0.450649, 0.749581, 0.656369, -0.680628, 0.017452, 0.130890, -4.687665, 11.832610, -41.957588, 0.092450, -1.306396, -0.315297, 0.001747, 15.387695, 10.720825, 168.884262
-0.136126, 0.001745, 1044.000000, 0.050611, 2000.000000, 1000.000000, 14.188701, 12.317124, 15.375154, 14.119021, -0.153861, 0.747087, 0.781927, -0.680628, 0.008726, 0.253054, -8.798780, 7.663462, -42.629654, -0.425265, -1.290417, -0.274817, 0.002460, 15.333008, 12.640381, 198.486313
-0.132635, 0.001745, 1045.000000, 0.048866, 2000.000000, 1000.000000, 14.146341, 12.979898, 15.164169, 13.709591, 0.072034, 0.436880, 0.655255, -0.663176, 0.008726, 0.244328, -11.978494, 6.841702, -42.858437, -0.805562, -0.752462, -0.198119, 0.002346, 15.364258, 11.761475, 184.997543
-0.125654, 0.001745, 1045.000000, 0.048866, 2000.000000, 1000.000000, 14.135491, 13.445178, 14.873355, 13.545976, 0.159266, 0.209666, 0.504423, -0.628272, 0.008726, 0.244328, -14.828061, 7.580430, -42.868660, -0.928066, -0.360447, -0.096919, 0.001795, 15.375977, 11.120605, 175.109848
-0.104712, 0.005236, 1042.000000, 0.047120, 2000.000000, 1000.000000, 14.518490, 12.695530, 14.669817, 14.116163, -0.317327, 0.392990, 0.594154, -0.523560, 0.026178, 0.235602, -17.402821, 7.634818, -43.116577, 0.018948, -0.660850, -0.166161, 0.002033, 15.391602, 10.559082, 166.381821
-0.097731, 0.006981, 1039.000000, 0.047120, 2000.000000, 1000.000000, 13.500185, 11.174665, 13.488953, 13.836197, -0.668191, 0.662575, 0.494569, -0.488656, 0.034904, 0.235602, -18.283274, 5.075527, -43.374062, 0.665559, -1.118911, -0.097985, 0.002272, 15.356445, 8.480835, 134.216309
-0.073298, 0.034904, 1046.000000, 0.045375, 2000.000000, 1000.000000, 14.244801, 12.234453, 14.427769, 15.092978, -0.668889, 0.760373, 0.336285, -0.366492, 0.174520, 0.226876, -18.881004, 1.337352, -43.487598, 0.806173, -1.164717, 0.000019, 0.001749, 15.278320, 14.559937, 227.783188
-0.057592, 0.057592, 1059.000000, 0.045375, 2000.000000, 1000.000000, 15.292013, 13.940420, 15.343531, 15.424036, -0.358025, 0.383784, 0.317772, -0.287958, 0.287958, 0.226876, -19.297132, -2.958734, -43.530437, 0.325742, -0.373230, 0.013868, 0.002249, 15.176758, 20.361328, 316.406250
-0.045375, 0.073298, 1072.000000, 0.045375, 2000.000000, 1000.000000, 17.159468, 16.756567, 17.145308, 16.938658, -0.049063, 0.041982, 0.152387, -0.226876, 0.366492, 0.226876, -19.062624, -3.066671, -43.319004, -0.145102, 0.302143, 0.125720, 0.002229, 15.055664, 22.161865, 348.632782
-0.047120, 0.076789, 1071.000000, 0.043630, 2000.000000, 1000.000000, 17.322172, 16.768248, 16.799559, 17.110022, -0.216096, -0.045209, 0.060865, -0.235602, 0.383944, 0.218150, -18.270166, -2.160271, -42.899822, 0.138257, 0.475780, 0.178982, 0.001782, 15.247070, 12.600708, 196.899399
-0.048866, 0.076789, 1073.000000, 0.024433, 2000.000000, 1000.000000, 17.492798, 16.130455, 16.903481, 17.473267, -0.483032, 0.188373, 0.198139, -0.244328, 0.383944, 0.122164, -16.082003, -2.521046, -42.337467, 0.584600, 0.065656, -0.010633, 0.002378, 15.043945, 22.360229, 344.604462
-0.047120, 0.089005, 1075.000000, 0.024433, 2000.000000, 1000.000000, 17.211298, 15.987651, 17.635080, 17.165972, -0.188634, 0.400526, 0.423189, -0.235602, 0.445026, 0.122164, -15.804656, -3.227913, -42.605267, 0.083928, -0.241138, -0.162965, 0.002300, 15.008789, 23.080444, 363.586395
-0.045375, 0.089005, 1077.000000, 0.024433, 2000.000000, 1000.000000, 16.988503, 16.262875, 17.862953, 16.885670, 0.062914, 0.374312, 0.425727, -0.226876, 0.445026, 0.122164, -16.770885, -3.236950, -43.132660, -0.345370, -0.199593, -0.166161, 0.001758, 15.125977, 18.679810, 289.489746
-0.047120, 0.087260, 1071.000000, 0.024433, 2000.000000, 1000.000000, 17.771563, 15.810933, 17.197290, 17.220213, -0.495888, 0.208753, 0.484427, -0.235602, 0.436300, 0.122164, -16.705032, -3.344278, -43.878006, 0.619753, 0.082700, -0.204510, 0.002250, 15.020508, 23.199463, 365.783661
-0.047120, 0.083770, 1068.000000, 0.027923, 2000.000000, 1000.000000, 17.233164, 14.558191, 15.902599, 16.306047, -0.769605, 0.104323, 0.567881, -0.235602, 0.418848, 0.139616, -14.706736, -4.871515, -44.376537, 1.110837, 0.245685, -0.244990, 0.001815, 15.239258, 11.880493, 185.607895
-0.047120, 0.087260, 1061.000000, 0.027923, 2000.000000, 1000.000000, 17.216627, 14.936759, 15.955394, 15.891222, -0.553924, -0.076692, 0.586010, -0.235602, 0.436300, 0.139616, -11.958311, -5.943169, -44.766087, 0.725214, 0.579110, -0.255643, 0.002221, 15.211914, 16.040039, 249.877914
-0.036649, 0.102967, 1045.000000, 0.029668, 2000.000000, 1000.000000, 14.544618, 13.582650, 14.740268, 13.132464, 0.161459, -0.063634, 0.642443, -0.183246, 0.514834, 0.148342, -9.959426, -4.396698, -45.662701, -0.466810, 0.637699, -0.286535, 0.002218, 15.446289, 6.600952, 104.431145
-0.034904, 0.102967, 1040.000000, 0.057592, 2000.000000, 1000.000000, 14.952690, 13.254009, 14.884674, 12.908627, 0.069342, -0.103350, 0.918682, -0.174520, 0.514834, 0.287958, -9.451889, -2.420584, -46.478703, -0.302760, 0.713333, -0.335537, 0.001747, 15.375977, 10.119629, 164.916977
-0.034904, 0.099476, 1039.000000, 0.092496, 2000.000000, 1000.000000, 14.473179, 11.902292, 13.297592, 12.326937, -0.400057, -0.187736, 0.885385, -0.174520, 0.497382, 0.462478, -6.313835, -0.289683, -47.658085, 0.518554, 0.836903, -0.134203, 0.002345, 15.446289, 7.760620, 122.619621
-0.034904, 0.099476, 1040.000000, 0.090750, 2000.000000, 1000.000000, 15.183537, 13.080122, 13.876141, 13.860201, -0.521869, -0.131829, 0.529838, -0.174520, 0.497382, 0.453752, -3.502217, -0.283631, -47.683884, 0.733736, 0.738899, 0.098023, 0.002246, 15.243164, 16.641235, 259.704590
-0.034904, 0.102967, 1040.000000, 0.089005, 2000.000000, 1000.000000, 14.910577, 13.030997, 14.034801, 14.023625, -0.467101, 0.029213, 0.472689, -0.174520, 0.514834, 0.445026, -0.911918, -0.560356, -47.323235, 0.646384, 0.477911, 0.127850, 0.001847, 15.262695, 14.239502, 222.595200
-0.034904, 0.102967, 1044.000000, 0.089005, 2000.000000, 1000.000000, 14.584741, 12.812354, 14.496387, 14.106519, -0.345630, 0.301452, 0.540564, -0.174520, 0.514834, 0.445026, 0.443532, -1.280320, -47.059406, 0.424811, 0.001741, 0.082044, 0.002156, 15.336914, 11.520386, 181.030258
-0.038394, 0.101222, 1039.000000, 0.118674, 2000.000000, 1000.000000, 13.822106, 12.186486, 13.298509, 12.692899, -0.257502, -0.004296, 0.560308, -0.191972, 0.506108, 0.593368, 1.858858, -1.712009, -46.485641, 0.251174, 0.523717, 0.218397, 0.002305, 15.446289, 7.839966, 124.023430
-0.041885, 0.097731, 1044.000000, 0.122164, 2000.000000, 1000.000000, 15.055221, 13.435508, 13.866338, 13.642934, -0.349077, -0.245364, 0.460779, -0.209424, 0.488656, 0.610820, 3.805127, -0.839204, -45.701538, 0.399245, 0.935972, 0.303618, 0.001794, 15.325195, 12.039185, 188.903793
-0.045375, 0.095986, 1043.000000, 0.122164, 2000.000000, 1000.000000, 15.255214, 13.198995, 13.657218, 13.888574, -0.571893, -0.227104, 0.456216, -0.226876, 0.479930, 0.610820, 6.834714, -0.111408, -44.863518, 0.765693, 0.889100, 0.306813, 0.002117, 15.313477, 12.438965, 195.007309
-0.045375, 0.095986, 1044.000000, 0.122164, 2000.000000, 1000.000000, 14.420943, 12.742480, 14.443871, 14.392705, -0.406824, 0.418288, 0.432407, -0.226876, 0.479930, 0.610820, 9.757785, -1.205114, -43.494381, 0.482335, -0.239008, 0.322792, 0.002154, 15.309570, 12.600708, 197.631821
-0.043630, 0.094241, 1042.000000, 0.129145, 2000.000000, 1000.000000, 14.163533, 12.909739, 14.614486, 14.312242, -0.237887, 0.463364, 0.389009, -0.218150, 0.471204, 0.645724, 9.711159, -2.562749, -42.539158, 0.196846, -0.333816, 0.387773, 0.001747, 15.329102, 11.560059, 181.396469
-0.073298, 0.078534, 1042.000000, 0.139616, 2000.000000, 1000.000000, 14.622568, 13.458733, 14.128155, 13.790545, -0.206556, -0.040650, 0.375361, -0.366492, 0.392670, 0.698080, 9.925483, -2.536885, -40.708431, -0.017271, 0.471519, 0.449558, 0.002300, 15.333008, 11.279297, 177.124008
-0.080279, 0.073298, 1044.000000, 0.148342, 2000.000000, 1000.000000, 14.954727, 13.446957, 13.828600, 13.769716, -0.362222, -0.200842, 0.391663, -0.401396, 0.366492, 0.741710, 11.187597, -1.350468, -39.406395, 0.222412, 0.727181, 0.482581, 0.002139, 15.352539, 10.519409, 165.405258
-0.085515, 0.075044, 1043.000000, 0.155323, 2000.000000, 1000.000000, 15.003493, 13.120105, 13.765887, 14.110515, -0.557004, -0.061799, 0.384690, -0.427574, 0.375218, 0.776614, 13.128577, -0.622566, -38.059299, 0.540924, 0.496020, 0.523061, 0.001825, 15.290039, 13.558960, 212.219223
-0.087260, 0.075044, 1043.000000, 0.155323, 2000.000000, 1000.000000, 14.400708, 12.836110, 14.348096, 14.415086, -0.407897, 0.381590, 0.374402, -0.436300, 0.375218, 0.776614, 14.286724, -1.142781, -36.521244, 0.268218, -0.280553, 0.529452, 0.002218, 15.301758, 12.561035, 196.777328
-0.089005, 0.078534, 1043.000000, 0.155323, 2000.000000, 1000.000000, 13.988813, 13.056753, 14.603077, 14.351357, -0.170085, 0.477217, 0.295945, -0.445026, 0.392670, 0.776614, 13.210324, -2.900258, -34.342873, -0.158950, -0.430754, 0.582715, 0.002301, 15.329102, 11.560059, 190.795883
-0.101222, 0.076789, 1044.000000, 0.153578, 2000.000000, 1000.000000, 14.390359, 13.219583, 14.391229, 13.998830, -0.194595, 0.195029, 0.390794, -0.506108, 0.383944, 0.767888, 12.431849, -2.974944, -32.928005, -0.180255, 0.050742, 0.510278, 0.001753, 15.313477, 12.280273, 192.504868
-0.108202, 0.071553, 1044.000000, 0.148342, 2000.000000, 1000.000000, 14.731968, 13.429619, 14.004528, 13.833885, -0.282927, -0.080794, 0.368248, -0.541012, 0.357766, 0.741710, 12.505424, -2.021804, -31.578182, -0.059881, 0.505608, 0.498560, 0.002175, 15.325195, 11.679077, 183.410629
-0.113438, 0.071553, 1062.000000, 0.139616, 2000.000000, 1000.000000, 17.082039, 15.008077, 15.794528, 16.115356, -0.598698, -0.045058, 0.438284, -0.567190, 0.357766, 0.698080, 14.249471, -0.653212, -29.502039, 0.456769, 0.444888, 0.408013, 0.002234, 15.063477, 21.081543, 325.195282
-0.111693, 0.071553, 1074.000000, 0.136126, 2000.000000, 1000.000000, 17.873337, 15.909686, 17.216957, 17.000019, -0.436677, 0.108488, 0.545148, -0.558464, 0.357766, 0.680628, 15.381132, -0.384983, -28.597141, 0.194715, 0.176443, 0.317466, 0.001757, 14.907227, 27.761841, 424.011200
-0.118674, 0.069808, 1075.000000, 0.125654, 2000.000000, 1000.000000, 17.111275, 16.673210, 17.266331, 16.949184, -0.030229, 0.107758, 0.188802, -0.593368, 0.349040, 0.628272, 14.434213, 0.649152, -26.845945, -0.555226, 0.170051, 0.506017, 0.002298, 15.032227, 21.560669, 331.909149
-0.127400, 0.068063, 1074.000000, 0.101222, 2000.000000, 1000.000000, 17.193703, 16.490719, 16.921307, 17.394272, -0.293987, 0.157789, 0.057504, -0.636998, 0.340314, 0.506108, 13.646040, 1.445380, -25.515249, -0.142971, 0.073113, 0.471928, 0.002222, 14.993164, 24.200439, 371.398895
-0.132635, 0.061082, 1074.000000, 0.061082, 2000.000000, 1000.000000, 17.231537, 16.248352, 16.921394, 17.598717, -0.415127, 0.260056, 0.076465, -0.663176, 0.305410, 0.305410, 13.584281, 1.394901, -24.535784, 0.046644, -0.142069, 0.256746, 0.001751, 15.047852, 20.480347, 315.734863
-0.137871, 0.057592, 1075.000000, 0.052356, 2000.000000, 1000.000000, 17.233486, 16.072777, 17.346024, 17.347713, -0.290601, 0.346868, 0.289755, -0.689354, 0.287958, 0.261780, 13.101161, 0.935408, -24.141485, -0.202626, -0.310380, 0.068196, 0.002176, 15.008789, 22.961426, 352.600067
-0.176265, 0.047120, 1073.000000, 0.017452, 2000.000000, 1000.000000, 17.022894, 16.386099, 17.416475, 17.174532, -0.098713, 0.295503, 0.219684, -0.881326, 0.235602, 0.087260, 10.664052, 0.542719, -24.042110, -0.729928, -0.273096, -0.060700, 0.002172, 15.063477, 20.239258, 322.082489
-0.179756, 0.047120, 1074.000000, 0.017452, 2000.000000, 1000.000000, 17.507137, 16.374443, 17.268997, 16.849422, -0.178280, 0.059210, 0.388067, -0.898778, 0.235602, 0.087260, 8.990263, 1.087797, -24.384996, -0.613815, 0.137028, -0.175748, 0.001752, 14.993164, 21.240234, 327.087372
-0.181501, 0.048866, 1073.000000, 0.019197, 2000.000000, 1000.000000, 17.511923, 16.565744, 17.143103, 16.779230, -0.145577, -0.038834, 0.327513, -0.907504, 0.244328, 0.095986, 7.784545, 2.484923, -24.793112, -0.673470, 0.320253, -0.125681, 0.001825, 15.055664, 20.800781, 320.800781
-0.179756, 0.048866, 1072.000000, 0.024433, 2000.000000, 1000.000000, 17.445210, 16.195396, 17.086372, 17.273022, -0.359116, 0.179698, 0.265791, -0.898778, 0.244328, 0.122164, 6.299374, 3.890284, -24.999496, -0.298499, -0.061110, -0.056439, 0.002320, 14.993164, 22.241211, 341.430634
-0.179756, 0.050611, 1073.000000, 0.027923, 2000.000000, 1000.000000, 17.453789, 16.071983, 17.289692, 17.184536, -0.319163, 0.237113, 0.371740, -0.898778, 0.253054, 0.139616, 5.364304, 3.942793, -25.166389, -0.360284, -0.158048, -0.111833, 0.001747, 15.016602, 22.079468, 339.782684
-0.181501, 0.050611, 1072.000000, 0.019197, 2000.000000, 1000.000000, 17.329853, 16.404453, 17.486168, 16.779526, -0.054689, 0.132847, 0.408010, -0.907504, 0.253054, 0.095986, 3.006536, 4.563625, -25.612989, -0.833258, 0.026242, -0.178944, 0.002325, 15.051758, 19.961548, 307.617188
-0.179756, 0.047120, 1042.000000, 0.017452, 2000.000000, 1000.000000, 13.981435, 13.632871, 14.600802, 13.784892, 0.116837, 0.192847, 0.291118, -0.898778, 0.235602, 0.087260, 0.534561, 5.655273, -25.760059, -1.124074, -0.095198, -0.109702, 0.002127, 15.508789, 0.000000, 0.000000
-0.179756, 0.045375, 1041.000000, 0.017452, 2000.000000, 1000.000000, 14.025806, 13.492760, 14.504553, 13.976881, -0.001344, 0.240717, 0.265179, -0.898778, 0.226876, 0.087260, -2.065027, 6.473587, -25.790007, -0.919544, -0.190006, -0.092658, 0.001863, 15.473633, 4.998779, 79.223633
-0.179756, 0.040140, 1043.000000, 0.019197, 2000.000000, 1000.000000, 14.021861, 13.362422, 14.435468, 14.180249, -0.101055, 0.307858, 0.228664, -0.898778, 0.200698, 0.095986, -4.247302, 6.711850, -25.719597, -0.742712, -0.334881, -0.058570, 0.002007, 15.270508, 11.920166, 186.279282
-0.181501, 0.040140, 1019.000000, 0.019197, 2000.000000, 1000.000000, 10.998338, 10.249480, 11.682734, 11.069448, -0.033893, 0.376091, 0.340536, -0.907504, 0.200698, 0.095986, -7.948650, 6.469797, -25.634167, -0.871608, -0.449929, -0.134203, 0.002262, 15.559570, 1.119995, 13.977050
-0.181501, 0.040140, 1018.000000, 0.020942, 2000.000000, 1000.000000, 11.239293, 10.417909, 11.571080, 10.771718, -0.005505, 0.171399, 0.405186, -0.907504, 0.200698, 0.104712, -10.499607, 6.884352, -25.798607, -0.924871, -0.096263, -0.170422, 0.001783, 15.547852, 2.960205, 47.119137
-0.181501, 0.041885, 1019.000000, 0.020942, 2000.000000, 1000.000000, 11.091720, 10.732268, 11.140355, 11.035657, -0.063688, 0.088006, 0.116038, -0.907504, 0.209424, 0.104712, -12.653390, 7.989859, -25.702309, -0.822606, 0.060330, 0.026651, 0.001766, 15.481445, 5.120850, 81.176750
-0.181501, 0.041885, 1021.000000, 0.019197, 2000.000000, 1000.000000, 11.940728, 11.701749, 12.087173, 12.270350, -0.105540, 0.178761, 0.013951, -0.907504, 0.209424, 0.095986, -15.476516, 9.202760, -24.904371, -0.744842, -0.097328, 0.087370, 0.002207, 15.399414, 7.839966, 123.718254
-0.183246, 0.041885, 1021.000000, 0.019197, 2000.000000, 1000.000000, 12.099132, 11.695117, 12.169614, 12.036138, -0.067635, 0.102876, 0.134373, -0.916230, 0.209424, 0.095986, -17.429375, 9.964560, -24.495569, -0.823671, 0.033698, 0.005345, 0.001752, 15.387695, 8.801270, 138.610840
-0.181501, 0.041885, 1023.000000, 0.019197, 2000.000000, 1000.000000, 11.928781, 12.062324, 11.979629, 12.029267, 0.020976, 0.004448, -0.045796, -0.907504, 0.209424, 0.095986, -20.635098, 12.136976, -23.684322, -0.964285, 0.206270, 0.127850, 0.002347, 15.426758, 7.400513, 116.882317
-0.181501, 0.038394, 1032.000000, 0.019197, 2000.000000, 1000.000000, 13.015060, 12.774954, 13.207813, 13.002172, -0.008616, 0.104993, 0.111437, -0.907504, 0.191972, 0.095986, -22.901518, 13.455615, -22.872997, -0.914218, 0.013458, 0.021324, 0.002190, 15.317383, 12.438965, 195.007309
-0.178010, 0.036649, 1047.000000, 0.019197, 2000.000000, 1000.000000, 14.001558, 13.508488, 14.226910, 14.263044, -0.132301, 0.244977, 0.114234, -0.890052, 0.183246, 0.095986, -25.068949, 13.936025, -22.370813, -0.683057, -0.244334, 0.019194, 0.001778, 15.168945, 16.241455, 252.319321
-0.167539, 0.033159, 1049.000000, 0.020942, 2000.000000, 1000.000000, 14.061842, 13.369631, 14.170933, 14.397594, -0.229719, 0.284264, 0.116387, -0.837696, 0.165794, 0.104712, -26.876528, 13.720487, -21.822468, -0.456157, -0.326359, 0.026651, 0.002189, 15.258789, 13.320923, 208.129868
-0.123909, 0.038394, 1046.000000, 0.020942, 2000.000000, 1000.000000, 14.199105, 13.353263, 13.999528, 14.448104, -0.323605, 0.223816, 0.099316, -0.619546, 0.191972, 0.104712, -28.204237, 13.154774, -21.410189, -0.070534, -0.195332, 0.038368, 0.002130, 15.145508, 11.639404, 182.189926
-0.097731, 0.038394, 1045.000000, 0.022688, 2000.000000, 1000.000000, 14.157275, 13.279576, 14.142018, 14.421130, -0.289203, 0.281574, 0.149646, -0.488656, 0.191972, 0.113438, -28.519571, 12.567378, -21.249268, 0.007230, -0.300793, 0.012802, 0.001747, 15.301758, 11.920166, 186.706528
-0.054101, 0.045375, 1046.000000, 0.033159, 2000.000000, 1000.000000, 14.135575, 13.018735, 14.260280, 14.585410, -0.360493, 0.422845, 0.197927, -0.270506, 0.226876, 0.165794, -28.446871, 10.607198, -21.153584, 0.350243, -0.503192, 0.033042, 0.002439, 15.293945, 12.521362, 195.983871
-0.034904, 0.052356, 1046.000000, 0.057592, 2000.000000, 1000.000000, 14.323520, 12.713292, 14.316142, 14.647046, -0.485283, 0.481594, 0.319831, -0.174520, 0.261780, 0.287958, -27.619118, 8.743237, -21.179115, 0.666624, -0.570303, 0.073522, 0.002312, 15.313477, 11.480713, 179.992661
-0.008726, 0.064572, 1046.000000, 0.087260, 2000.000000, 1000.000000, 14.480756, 12.665271, 14.369830, 14.484143, -0.482449, 0.426987, 0.425293, -0.043630, 0.322862, 0.436300, -26.098238, 6.727917, -21.085478, 0.807238, -0.422232, 0.151286, 0.001772, 15.301758, 11.520386, 176.696762
0.000000, 0.078534, 1048.000000, 0.092496, 2000.000000, 1000.000000, 14.603767, 12.858238, 13.999172, 14.538822, -0.571295, 0.268997, 0.301469, 0.000000, 0.392670, 0.462478, -22.926973, 4.360604, -20.519054, 0.996854, -0.068566, 0.262073, 0.002185, 15.293945, 11.920166, 186.706528
0.000000, 0.076789, 1049.000000, 0.082024, 2000.000000, 1000.000000, 14.753578, 13.019991, 13.621386, 14.605045, -0.679311, 0.113215, 0.187482, 0.000000, 0.383944, 0.410122, -20.129112, 3.539388, -19.939537, 1.182209, 0.195618, 0.286573, 0.002309, 15.329102, 10.641479, 166.992172
-0.001745, 0.083770, 1048.000000, 0.066318, 2000.000000, 1000.000000, 14.913238, 13.052028, 13.570956, 14.463778, -0.688508, 0.017368, 0.242097, -0.008726, 0.418848, 0.331588, -16.812845, 3.305470, -19.498224, 1.206710, 0.400147, 0.170460, 0.001794, 15.293945, 11.880493, 186.096176
-0.005236, 0.078534, 1049.000000, 0.038394, 2000.000000, 1000.000000, 14.826616, 12.928316, 13.517204, 14.727863, -0.777240, 0.122533, 0.171911, -0.026178, 0.392670, 0.191972, -13.011805, 2.948982, -19.471655, 1.330280, 0.189226, 0.076718, 0.002290, 15.290039, 11.761475, 184.082016
-0.020942, 0.066318, 1046.000000, 0.017452, 2000.000000, 1000.000000, 14.408346, 12.773422, 13.735107, 15.083124, -0.745735, 0.409116, 0.071727, -0.104712, 0.331588, 0.087260, -8.284428, 0.861344, -19.326878, 1.189666, -0.373230, 0.039434, 0.002313, 15.286133, 12.121582, 189.697250
-0.020942, 0.062827, 1046.000000, 0.017452, 2000.000000, 1000.000000, 14.436588, 12.818604, 14.029995, 14.714813, -0.575701, 0.372404, 0.233292, -0.104712, 0.314136, 0.087260, -6.207892, -0.931474, -19.421318, 0.894590, -0.328489, -0.070288, 0.002224, 15.282227, 12.039185, 188.415512
-0.048866, 0.057592, 1045.000000, 0.027923, 2000.000000, 1000.000000, 14.951714, 12.885355, 13.542408, 14.620523, -0.786118, 0.081466, 0.247060, -0.244328, 0.287958, 0.139616, -2.997116, -2.398532, -19.436527, 1.120424, 0.153007, -0.026612, 0.002191, 15.293945, 11.401367, 178.588852
-0.069808, 0.048866, 1046.000000, 0.052356, 2000.000000, 1000.000000, 15.348964, 12.450679, 13.389468, 14.810889, -1.079927, 0.100178, 0.369216, -0.349040, 0.244328, 0.261780, 0.646535, -3.217166, -19.381287, 1.551854, 0.074178, 0.012802, 0.001757, 15.286133, 11.920166, 186.584457
-0.087260, 0.040140, 1046.000000, 0.062827, 2000.000000, 1000.000000, 15.149220, 12.026289, 13.413996, 15.410496, -1.279858, 0.412246, 0.281607, -0.436300, 0.200698, 0.314136, 5.018037, -5.333570, -18.858252, 1.790471, -0.512779, 0.125720, 0.002163, 15.258789, 12.960815, 202.392563
-0.087260, 0.041885, 1046.000000, 0.062827, 2000.000000, 1000.000000, 14.482936, 12.114379, 13.992892, 15.409793, -0.946364, 0.701342, 0.237914, -0.436300, 0.209424, 0.314136, 9.928811, -10.410584, -17.624247, 1.202449, -1.008124, 0.155547, 0.002245, 15.293945, 11.361694, 177.917465
-0.083770, 0.041885, 1046.000000, 0.038394, 2000.000000, 1000.000000, 14.139206, 12.586332, 14.127100, 15.147362, -0.643284, 0.637231, 0.133153, -0.418848, 0.209424, 0.191972, 11.387100, -13.575879, -17.023664, 0.700713, -0.906924, 0.103349, 0.001871, 15.258789, 13.079834, 204.406723
-0.082024, 0.048866, 1044.000000, 0.020942, 2000.000000, 1000.000000, 14.498885, 13.221696, 13.655736, 14.623683, -0.561284, 0.139710, 0.077310, -0.410122, 0.244328, 0.104712, 13.095625, -16.100340, -16.244127, 0.555838, 0.006002, 0.053282, 0.002267, 15.293945, 11.801147, 184.814438
-0.089005, 0.050611, 1038.000000, 0.019197, 2000.000000, 1000.000000, 13.963355, 12.244782, 12.623698, 13.168164, -0.565760, -0.104069, 0.293526, -0.445026, 0.253054, 0.095986, 14.505016, -15.747066, -15.950651, 0.530271, 0.439562, -0.102246, 0.002242, 15.387695, 8.081055, 127.380363
-0.111693, 0.050611, 1040.000000, 0.017452, 2000.000000, 1000.000000, 15.244691, 13.038810, 13.610282, 14.106217, -0.675454, -0.141750, 0.427486, -0.558464, 0.253054, 0.087260, 16.392920, -14.866468, -15.907587, 0.609100, 0.507738, -0.202380, 0.002135, 15.200195, 16.119385, 250.915512
-0.139616, 0.048866, 1041.000000, 0.017452, 2000.000000, 1000.000000, 14.859608, 12.946972, 13.911068, 14.282352, -0.570981, 0.096710, 0.385338, -0.698080, 0.244328, 0.087260, 18.028494, -14.401170, -16.061131, 0.284197, 0.081635, -0.173618, 0.002191, 15.325195, 10.198975, 159.973145
-0.172775, 0.047120, 1041.000000, 0.017452, 2000.000000, 1000.000000, 14.319900, 13.186528, 14.382293, 14.111279, -0.215589, 0.246786, 0.351096, -0.863874, 0.235602, 0.087260, 17.225769, -14.941368, -16.969788, -0.507290, -0.188940, -0.150182, 0.002314, 15.278320, 13.479614, 210.693344
-0.176265, 0.048866, 1039.000000, 0.017452, 2000.000000, 1000.000000, 13.658734, 12.440675, 13.225511, 12.675080, -0.166907, -0.049704, 0.442122, -0.881326, 0.244328, 0.087260, 15.652305, -14.261443, -17.847763, -0.614881, 0.337297, -0.213032, 0.001798, 15.426758, 6.759644, 106.689445
-0.176265, 0.055846, 1035.000000, 0.017452, 2000.000000, 1000.000000, 14.090908, 12.347670, 12.846243, 12.715179, -0.403044, -0.219289, 0.468576, -0.881326, 0.279232, 0.087260, 14.918090, -12.503341, -18.649879, -0.198365, 0.667527, -0.230076, 0.002202, 15.379883, 8.279419, 130.432129
-0.178010, 0.061082, 1037.000000, 0.017452, 2000.000000, 1000.000000, 14.330932, 11.688624, 12.744838, 13.235606, -0.783269, -0.009778, 0.537885, -0.890052, 0.305410, 0.087260, 16.546257, -10.549783, -19.358932, 0.454638, 0.329840, -0.276948, 0.002237, 15.364258, 9.240723, 145.385742
-0.178010, 0.059337, 1039.000000, 0.017452, 2000.000000, 1000.000000, 13.746630, 11.621346, 13.299139, 13.332886, -0.539758, 0.316013, 0.522884, -0.890052, 0.296684, 0.087260, 17.293890, -10.809199, -19.966194, 0.038122, -0.251791, -0.268426, 0.001795, 15.360352, 9.161377, 144.104004
-0.179756, 0.064572, 1041.000000, 0.017452, 2000.000000, 1000.000000, 14.269375, 13.111885, 14.907183, 13.711557, 0.009534, 0.309370, 0.588278, -0.898778, 0.322862, 0.087260, 14.913061, -11.384362, -21.577604, -0.939784, -0.211311, -0.312101, 0.001980, 15.204102, 15.481567, 241.088852
-0.178010, 0.076789, 1041.000000, 0.017452, 2000.000000, 1000.000000, 14.320785, 13.475751, 15.094623, 13.108842, 0.285186, 0.101732, 0.707703, -0.890052, 0.383944, 0.087260, 11.857944, -10.035590, -23.088013, -1.405302, 0.215857, -0.391996, 0.002355, 15.227539, 14.599609, 227.600082
-0.186736, 0.071553, 1042.000000, 0.017452, 2000.000000, 1000.000000, 14.779300, 13.455674, 14.721532, 13.043494, 0.088603, -0.117487, 0.750415, -0.933682, 0.357766, 0.087260, 9.057734, -7.644295, -24.607323, -1.117682, 0.574849, -0.422888, 0.001871, 15.297852, 11.279297, 176.696762
-0.198953, 0.061082, 1042.000000, 0.017452, 2000.000000, 1000.000000, 15.390040, 13.131076, 14.361615, 13.117269, -0.253655, -0.260559, 0.875828, -0.994764, 0.305410, 0.087260, 7.842115, -4.860731, -26.050297, -0.576531, 0.769791, -0.507043, 0.002102, 15.262695, 12.719727, 198.791489
-0.211169, 0.052356, 1041.000000, 0.017452, 2000.000000, 1000.000000, 15.023752, 12.696377, 14.723793, 13.556078, -0.289915, 0.139936, 0.873773, -1.055846, 0.261780, 0.087260, 6.959081, -2.291009, -28.119244, -0.572270, 0.025176, -0.504913, 0.002294, 15.301758, 11.840820, 185.424789
-0.207679, 0.050611, 1044.000000, 0.017452, 2000.000000, 1000.000000, 14.524191, 12.611347, 15.155935, 13.708527, -0.116358, 0.432231, 0.840063, -1.038394, 0.253054, 0.087260, 4.945251, -2.017825, -29.490677, -0.865216, -0.502126, -0.484673, 0.001770, 15.278320, 12.600708, 197.082504
-0.202443, 0.050611, 1046.000000, 0.017452, 2000.000000, 1000.000000, 14.353447, 12.787395, 15.183573, 13.675585, -0.014516, 0.429579, 0.768510, -1.012216, 0.253054, 0.087260, 1.746371, -1.876663, -30.857935, -1.012222, -0.490408, -0.433541, 0.002261, 15.301758, 11.718750, 183.532700
-0.198953, 0.043630, 1047.000000, 0.022688, 2000.000000, 1000.000000, 14.889095, 13.017887, 14.593081, 13.499937, -0.194516, 0.046509, 0.741088, -0.994764, 0.218150, 0.113438, -1.681132, -0.557632, -32.617039, -0.680927, 0.141289, -0.388800, 0.002158, 15.286133, 12.640381, 197.814926
-0.200698, 0.041885, 1058.000000, 0.024433, 2000.000000, 1000.000000, 16.076809, 13.902758, 15.574173, 14.446260, -0.261534, 0.010217, 0.825491, -1.003490, 0.209424, 0.122164, -2.633249, 0.816608, -33.742977, -0.570140, 0.197748, -0.437802, 0.001829, 15.118164, 18.240356, 282.409668
-0.198953, 0.038394, 1049.000000, 0.022688, 2000.000000, 1000.000000, 14.312448, 12.907712, 14.723620, 14.056220, -0.184334, 0.389920, 0.518034, -0.994764, 0.191972, 0.113438, -4.060284, 1.447694, -34.649513, -0.701167, -0.488278, -0.238599, 0.001781, 15.344727, 7.400513, 116.271965
-0.200698, 0.034904, 1053.000000, 0.022688, 2000.000000, 1000.000000, 14.444165, 14.123950, 16.316135, 15.115750, 0.220042, 0.715943, 0.380150, -1.003490, 0.174520, 0.113438, -10.053439, 1.015556, -35.124008, -1.411693, -1.066713, -0.142725, 0.002235, 15.149414, 17.520142, 271.789551
-0.200698, 0.034904, 1056.000000, 0.024433, 2000.000000, 1000.000000, 14.842021, 14.250897, 15.890548, 15.016534, 0.070723, 0.453541, 0.366285, -1.003490, 0.174520, 0.122164, -14.286954, 1.170499, -35.399063, -1.150705, -0.611848, -0.124616, 0.002197, 15.211914, 14.920044, 232.421860
-0.202443, 0.031414, 1053.000000, 0.024433, 2000.000000, 1000.000000, 15.439590, 14.312923, 15.193064, 15.054422, -0.247006, 0.123743, 0.316327, -1.012216, 0.157068, 0.122164, -16.671053, 1.903345, -35.674011, -0.611685, -0.056849, -0.091593, 0.001765, 15.200195, 14.678955, 228.576645
-0.202443, 0.034904, 1054.000000, 0.024433, 2000.000000, 1000.000000, 15.294048, 14.438879, 15.233889, 15.033184, -0.163616, 0.133536, 0.263968, -1.012216, 0.174520, 0.122164, -18.737396, 3.262243, -35.777786, -0.752299, -0.053653, -0.055374, 0.002272, 15.172852, 16.040039, 249.206528
-0.184991, 0.036649, 1054.000000, 0.024433, 2000.000000, 1000.000000, 14.851115, 14.643411, 15.704871, 14.800603, 0.174141, 0.252737, 0.277993, -0.924956, 0.183246, 0.122164, -21.230906, 4.633576, -35.803226, -1.249774, -0.250725, -0.064962, 0.002218, 15.239258, 12.838745, 200.378403
-0.158813, 0.048866, 1055.000000, 0.017452, 2000.000000, 1000.000000, 14.603667, 14.546115, 15.938279, 14.911939, 0.242197, 0.425109, 0.270973, -0.794066, 0.244328, 0.087260, -24.763420, 5.854521, -35.667931, -1.242317, -0.495735, -0.095854, 0.001841, 15.239258, 13.360596, 208.374008
-0.122164, 0.073298, 1043.000000, 0.017452, 2000.000000, 1000.000000, 14.552453, 12.723334, 14.460891, 14.263322, -0.407888, 0.362106, 0.506672, -0.610820, 0.366492, 0.087260, -27.712996, 5.767123, -36.060390, 0.086059, -0.256052, -0.255643, 0.002350, 15.270508, 12.600708, 197.021469
-0.089005, 0.109948, 1042.000000, 0.019197, 2000.000000, 1000.000000, 14.802584, 12.814447, 14.079319, 14.303650, -0.553117, 0.191485, 0.440952, -0.445026, 0.549738, 0.095986, -26.871969, 5.100303, -36.800835, 0.518554, 0.226510, -0.203445, 0.001809, 15.270508, 12.039185, 188.232407
-0.040140, 0.165794, 1043.000000, 0.019197, 2000.000000, 1000.000000, 14.834901, 13.577365, 13.859282, 13.728452, -0.281676, -0.206133, 0.347092, -0.200698, 0.828970, 0.095986, -23.402077, 6.418519, -37.756508, 0.284197, 1.204417, -0.138464, 0.002350, 15.317383, 10.198975, 159.973145
-0.013962, 0.169284, 1043.000000, 0.020942, 2000.000000, 1000.000000, 14.637973, 13.945449, 13.918139, 13.498439, -0.068206, -0.291711, 0.278056, -0.069808, 0.846422, 0.104712, -20.888685, 8.980870, -38.399906, 0.046644, 1.375923, -0.083071, 0.002182, 15.313477, 10.321045, 161.804184
-0.003490, 0.174520, 1043.000000, 0.020942, 2000.000000, 1000.000000, 14.362995, 13.849909, 14.048986, 13.738110, -0.050552, -0.106452, 0.205991, -0.017452, 0.872600, 0.104712, -18.614500, 11.541043, -38.967102, 0.069015, 1.078716, -0.034069, 0.002261, 15.254883, 12.640381, 197.509750
-0.003490, 0.178010, 1043.000000, 0.022688, 2000.000000, 1000.000000, 14.166687, 13.448637, 14.019978, 14.364698, -0.265692, 0.192338, 0.093332, -0.017452, 0.890052, 0.113438, -16.712036, 12.896545, -39.289379, 0.443986, 0.576980, 0.051152, 0.002117, 15.235352, 13.040161, 201.721176
-0.003490, 0.178010, 1043.000000, 0.027923, 2000.000000, 1000.000000, 14.836102, 12.829609, 13.921118, 14.413172, -0.624637, 0.167145, 0.378609, -0.017452, 0.890052, 0.139616, -12.857760, 12.589900, -40.224827, 1.073553, 0.618525, -0.116094, 0.002167, 15.305664, 9.838867, 159.912109
-0.003490, 0.162304, 1043.000000, 0.027923, 2000.000000, 1000.000000, 15.227377, 12.745197, 13.698650, 14.328775, -0.778076, 0.013713, 0.463014, -0.017452, 0.811518, 0.139616, -8.906563, 11.751839, -41.514355, 1.356911, 0.811337, -0.174683, 0.001777, 15.266602, 11.840820, 185.180649
-0.003490, 0.129145, 1044.000000, 0.029668, 2000.000000, 1000.000000, 14.976765, 13.221811, 13.705370, 14.096054, -0.536410, -0.099288, 0.341067, -0.017452, 0.645724, 0.148342, -4.844952, 11.255610, -42.675041, 0.921221, 0.834772, -0.082006, 0.002154, 15.247070, 13.879395, 216.674789
-0.003490, 0.123909, 1046.000000, 0.038394, 2000.000000, 1000.000000, 14.467786, 13.405269, 14.306706, 13.820239, -0.144013, 0.063473, 0.387246, -0.017452, 0.619546, 0.191972, -1.324085, 11.763128, -43.627102, 0.235195, 0.523717, -0.069223, 0.002223, 15.282227, 11.639404, 182.128891
-0.003490, 0.127400, 1049.000000, 0.045375, 2000.000000, 1000.000000, 14.703786, 13.075826, 13.988275, 14.232114, -0.467949, 0.110194, 0.346030, -0.017452, 0.636998, 0.226876, 0.485475, 11.786691, -44.075554, 0.805108, 0.460867, -0.006372, 0.001821, 15.254883, 11.520386, 179.992661
-0.006981, 0.123909, 1077.000000, 0.082024, 2000.000000, 1000.000000, 18.655512, 15.300333, 16.637068, 17.407087, -1.031299, 0.022078, 0.646289, -0.034904, 0.619546, 0.410122, 6.144179, 9.157512, -45.201637, 1.752122, 0.595089, -0.023416, 0.002289, 14.821289, 30.960083, 469.604462
-0.019197, 0.122164, 1077.000000, 0.078534, 2000.000000, 1000.000000, 18.073765, 15.878825, 16.926819, 17.120590, -0.597178, 0.023705, 0.500293, -0.095986, 0.610820, 0.392670, 9.969789, 7.691222, -45.708191, 0.942526, 0.584437, 0.057543, 0.002218, 14.954102, 22.561646, 356.018036
-0.026178, 0.120419, 1077.000000, 0.078534, 2000.000000, 1000.000000, 17.263258, 16.480875, 17.550673, 16.705194, 0.015774, 0.127934, 0.406964, -0.130890, 0.602094, 0.392670, 11.640049, 7.884878, -45.691914, -0.162146, 0.393755, 0.120393, 0.001871, 15.020508, 21.041870, 323.486298
-0.041885, 0.118674, 1077.000000, 0.071553, 2000.000000, 1000.000000, 17.013962, 16.448345, 17.577011, 16.960682, 0.012679, 0.268846, 0.295486, -0.209424, 0.593368, 0.357766, 11.491045, 9.082769, -45.289410, -0.236714, 0.139159, 0.160873, 0.002038, 15.016602, 20.040894, 308.227539
-0.068063, 0.106457, 1077.000000, 0.054101, 2000.000000, 1000.000000, 17.497503, 15.528296, 17.139074, 17.835127, -0.666315, 0.487100, 0.318288, -0.340314, 0.532286, 0.270506, 12.069610, 7.747287, -44.916252, 0.808304, -0.301858, 0.057543, 0.002271, 14.997070, 21.279907, 326.293915
-0.076789, 0.106457, 1070.000000, 0.040140, 2000.000000, 1000.000000, 17.707689, 15.506539, 16.823694, 17.962076, -0.834883, 0.392886, 0.265692, -0.383944, 0.532286, 0.200698, 13.454639, 5.398686, -44.955616, 1.075683, -0.144200, 0.022390, 0.001857, 15.000977, 20.721436, 317.993164
-0.115183, 0.078534, 1054.000000, 0.038394, 2000.000000, 1000.000000, 16.114491, 13.496936, 14.886479, 15.502093, -0.808292, 0.194287, 0.500485, -0.575916, 0.392670, 0.191972, 15.417612, 3.361392, -45.318470, 0.813630, 0.063526, -0.144856, 0.002231, 15.305664, 9.280396, 145.324707
-0.198953, 0.050611, 1060.000000, 0.085515, 2000.000000, 1000.000000, 16.574129, 14.598210, 17.069414, 15.758250, -0.166188, 0.413831, 0.821771, -0.994764, 0.253054, 0.427574, 15.045519, 2.736075, -45.952881, -0.726733, -0.460581, -0.124616, 0.002260, 15.055664, 21.398926, 329.833954
-0.205934, 0.050611, 1061.000000, 0.125654, 2000.000000, 1000.000000, 16.278040, 14.686748, 17.564383, 15.470832, 0.125565, 0.517607, 0.921211, -1.029668, 0.253054, 0.628272, 11.864686, 3.592028, -45.918388, -1.279601, -0.652328, 0.008541, 0.001767, 15.211914, 13.000488, 202.514633
-0.200698, 0.055846, 1045.000000, 0.136126, 2000.000000, 1000.000000, 14.903853, 12.715985, 14.762128, 13.618033, -0.260943, 0.190081, 0.832991, -1.003490, 0.279232, 0.680628, 7.879806, 5.373757, -45.328861, -0.574401, -0.045131, 0.121459, 0.002273, 15.333008, 8.441162, 132.629395
-0.184991, 0.057592, 1042.000000, 0.136126, 2000.000000, 1000.000000, 15.198741, 12.806554, 14.322564, 13.672141, -0.435441, -0.002648, 0.760652, -0.924956, 0.287958, 0.680628, 7.556556, 6.410048, -44.915226, -0.188778, 0.300013, 0.170460, 0.002223, 15.258789, 11.801147, 184.509262
-0.184991, 0.055846, 1041.000000, 0.141361, 2000.000000, 1000.000000, 14.933908, 12.889897, 14.247582, 13.928613, -0.431260, 0.088097, 0.590745, -0.924956, 0.279232, 0.706806, 7.674720, 7.261480, -44.263332, -0.195169, 0.132767, 0.312140, 0.001923, 15.286133, 10.198975, 159.729004
-0.179756, 0.055846, 1043.000000, 0.160558, 2000.000000, 1000.000000, 14.502809, 12.876916, 14.549644, 14.070632, -0.286720, 0.310137, 0.526226, -0.898778, 0.279232, 0.802792, 6.774583, 7.699870, -42.992977, -0.418873, -0.254986, 0.452754, 0.002281, 15.243164, 12.078857, 188.476547
-0.178010, 0.054101, 1041.000000, 0.200698, 2000.000000, 1000.000000, 14.520664, 12.949207, 14.798750, 13.731379, -0.126021, 0.265065, 0.659708, -0.890052, 0.270506, 1.003490, 4.478452, 8.210523, -40.709217, -0.688383, -0.185745, 0.564606, 0.002291, 15.278320, 10.720825, 167.785629
-0.178010, 0.052356, 1042.000000, 0.228621, 2000.000000, 1000.000000, 14.525042, 13.069389, 14.722727, 13.682842, -0.103942, 0.202784, 0.623884, -0.890052, 0.261780, 1.143106, 2.780195, 9.168703, -38.702873, -0.734190, -0.088806, 0.730786, 0.001763, 15.243164, 12.759399, 189.880356
-0.176265, 0.050611, 1044.000000, 0.237347, 2000.000000, 1000.000000, 14.457710, 12.932192, 14.713572, 13.896526, -0.177119, 0.305049, 0.585641, -0.881326, 0.253054, 1.186736, 1.037758, 9.940820, -36.344223, -0.592510, -0.274161, 0.800028, 0.002154, 15.274414, 10.919189, 170.776352
-0.178010, 0.047120, 1044.000000, 0.240838, 2000.000000, 1000.000000, 14.182685, 12.741851, 14.585780, 14.489684, -0.336185, 0.537732, 0.384232, -0.890052, 0.235602, 1.204188, -1.545673, 9.122063, -32.305859, -0.325130, -0.697068, 0.954490, 0.002183, 15.250977, 12.240601, 191.101059
-0.179756, 0.041885, 1042.000000, 0.239092, 2000.000000, 1000.000000, 13.970221, 13.107443, 14.589113, 14.333223, -0.151722, 0.461168, 0.279667, -0.898778, 0.209424, 1.195462, -3.559208, 8.235515, -29.355911, -0.656426, -0.599065, 1.018406, 0.001781, 15.254883, 11.679077, 182.495102
-0.181501, 0.038394, 1041.000000, 0.214660, 2000.000000, 1000.000000, 13.864239, 13.671595, 14.525726, 13.938440, 0.098660, 0.232084, 0.194983, -0.907504, 0.191972, 1.073298, -7.642416, 8.551853, -24.702343, -1.097442, -0.207050, 0.950229, 0.002363, 15.293945, 10.440063, 163.391098
-0.178010, 0.036649, 1043.000000, 0.172775, 2000.000000, 1000.000000, 13.692591, 13.882431, 14.112179, 14.312799, -0.002696, 0.212489, -0.097615, -0.890052, 0.183246, 0.863874, -10.245362, 9.146949, -21.735853, -0.906761, -0.183614, 0.938511, 0.002115, 15.258789, 11.801147, 184.204086
-0.165794, 0.034904, 1045.000000, 0.064572, 2000.000000, 1000.000000, 13.321220, 14.267799, 13.415104, 14.995876, -0.158548, 0.205490, -0.631838, -0.828970, 0.174520, 0.322862, -12.217277, 9.367497, -19.086094, -0.573336, -0.181484, 0.756352, 0.001968, 15.243164, 12.240601, 191.101059
-0.132635, 0.034904, 1045.000000, 0.019197, 2000.000000, 1000.000000, 13.490036, 13.721117, 13.778843, 15.010004, -0.250020, 0.394423, -0.365561, -0.663176, 0.174520, 0.095986, -13.411119, 8.772063, -17.354227, -0.239910, -0.508518, 0.345163, 0.002259, 15.250977, 11.520386, 179.931625
-0.118674, 0.034904, 1041.000000, 0.017452, 2000.000000, 1000.000000, 13.990516, 13.085183, 14.306724, 14.617578, -0.304046, 0.462151, 0.148620, -0.593368, 0.174520, 0.087260, -14.620096, 6.440084, -16.777872, -0.079056, -0.625696, -0.012764, 0.002390, 15.262695, 11.560059, 180.725082
-0.097731, 0.029668, 1041.000000, 0.017452, 2000.000000, 1000.000000, 14.197427, 13.176026, 13.992648, 14.633899, -0.415663, 0.313273, 0.095037, -0.488656, 0.148342, 0.087260, -14.964638, 5.122145, -16.759502, 0.228803, -0.401992, 0.023455, 0.001758, 15.227539, 12.640381, 197.082504
-0.069808, 0.017452, 1041.000000, 0.017452, 2000.000000, 1000.000000, 14.083165, 13.069251, 13.903333, 14.944251, -0.513708, 0.423792, -0.006751, -0.349040, 0.087260, 0.087260, -14.248490, 3.489212, -16.614965, 0.540924, -0.650197, 0.092697, 0.002165, 15.266602, 11.080933, 173.217758
-0.005236, 0.006981, 1042.000000, 0.017452, 2000.000000, 1000.000000, 13.672338, 12.754365, 14.489816, 15.083482, -0.377909, 0.786649, 0.081077, -0.026178, 0.034904, 0.087260, -13.014428, -1.333681, -16.346672, 0.633601, -1.335158, 0.033042, 0.002287, 15.262695, 11.880493, 185.485825
-0.003490, 0.003490, 1042.000000, 0.017452, 2000.000000, 1000.000000, 14.105681, 12.902972, 14.115544, 14.875802, -0.490741, 0.495673, 0.110613, -0.017452, 0.017452, 0.087260, -11.813825, -4.838351, -16.252977, 0.851979, -0.858988, 0.012802, 0.001752, 15.247070, 12.280273, 191.711411
0.000000, 0.000000, 1042.000000, 0.015707, 2000.000000, 1000.000000, 14.804998, 13.225090, 13.193119, 14.776793, -0.790896, -0.015044, -0.000941, 0.000000, 0.000000, 0.078534, -7.571936, -7.204981, -15.547056, 1.379282, 0.026242, 0.079914, 0.002247, 15.274414, 10.958862, 171.325668
0.000000, 0.001745, 1042.000000, 0.015707, 2000.000000, 1000.000000, 15.053678, 12.736159, 13.182904, 15.027259, -1.040469, 0.105082, 0.118291, 0.000000, 0.008726, 0.078534, -3.439490, -8.441435, -14.896835, 1.817103, -0.175092, -0.001046, 0.002153, 15.247070, 12.200928, 190.490707
0.000000, 0.001745, 1042.000000, 0.015707, 2000.000000, 1000.000000, 14.724631, 12.522328, 13.502265, 15.250775, -0.987704, 0.376520, 0.113448, 0.000000, 0.008726, 0.078534, 1.231691, -10.852136, -14.122234, 1.728686, -0.648067, 0.002150, 0.002228, 15.262695, 11.920166, 186.279282
0.000000, 0.005236, 1042.000000, 0.015707, 2000.000000, 1000.000000, 14.595750, 12.564176, 14.053271, 14.786803, -0.691276, 0.420037, 0.324511, 0.000000, 0.026178, 0.078534, 4.986861, -13.814308, -13.560107, 1.216297, -0.711982, -0.141660, 0.001878, 15.297852, 9.478760, 148.498535
0.000000, 0.006981, 1042.000000, 0.015707, 2000.000000, 1000.000000, 14.282996, 13.455791, 14.230109, 14.031104, -0.157050, 0.130607, 0.256553, 0.000000, 0.034904, 0.078534, 7.106668, -16.252140, -13.550449, 0.271414, -0.192136, -0.094789, 0.002307, 15.231445, 12.240601, 190.978989
0.000000, 0.008726, 1043.000000, 0.015707, 2000.000000, 1000.000000, 14.479959, 13.620278, 14.138963, 13.760800, -0.120379, -0.050119, 0.309461, 0.000000, 0.043630, 0.078534, 7.579001, -16.315157, -13.746469, 0.211759, 0.132767, -0.131007, 0.002152, 15.262695, 11.120605, 173.889145
-0.003490, 0.066318, 1043.000000, 0.015707, 2000.000000, 1000.000000, 14.676416, 13.226099, 13.975403, 14.122082, -0.399249, 0.048742, 0.325910, -0.017452, 0.331588, 0.078534, 8.958485, -15.957041, -13.785536, 0.685799, 0.254207, -0.142725, 0.001837, 15.227539, 12.921143, 201.477036
-0.082024, 0.130890, 1043.000000, 0.015707, 2000.000000, 1000.000000, 15.094049, 12.255476, 13.818256, 14.832218, -0.963134, 0.325237, 0.456153, -0.410122, 0.654450, 0.078534, 13.310657, -16.310644, -13.396883, 1.255712, 0.101875, -0.230076, 0.002347, 15.231445, 13.159180, 205.322250
-0.144852, 0.125654, 1043.000000, 0.015707, 2000.000000, 1000.000000, 14.960340, 12.386536, 13.757210, 14.895914, -0.928127, 0.326562, 0.358775, -0.724258, 0.628272, 0.078534, 16.350218, -16.658155, -13.080980, 0.889263, 0.072048, -0.165096, 0.001829, 15.243164, 11.920166, 185.974106
-0.151832, 0.122164, 1042.000000, 0.015707, 2000.000000, 1000.000000, 14.288054, 12.953247, 14.469833, 14.288866, -0.288460, 0.379350, 0.378943, -0.759162, 0.610820, 0.078534, 17.043966, -16.801523, -13.331168, -0.271868, -0.043000, -0.178944, 0.001756, 15.254883, 11.361694, 177.490219
-0.143106, 0.116928, 1042.000000, 0.027923, 2000.000000, 1000.000000, 14.263808, 13.576737, 15.142476, 13.016978, 0.359607, 0.079727, 0.703142, -0.715532, 0.584642, 0.139616, 13.193257, -15.253493, -15.359593, -1.359496, 0.459801, -0.336602, 0.002183, 15.211914, 13.241577, 206.298813
-0.151832, 0.115183, 1042.000000, 0.073298, 2000.000000, 1000.000000, 15.145826, 13.362053, 14.894503, 12.597618, 0.128278, -0.253940, 1.020164, -0.759162, 0.575916, 0.366492, 10.521628, -12.313363, -16.965908, -1.001569, 1.031845, -0.322754, 0.002241, 15.192383, 14.599609, 227.111801
-0.179756, 0.094241, 1042.000000, 0.073298, 2000.000000, 1000.000000, 15.545002, 13.180933, 14.056652, 13.217413, -0.381208, -0.362967, 0.800827, -0.898778, 0.471204, 0.366492, 9.800221, -8.726189, -17.777565, -0.255889, 1.122392, -0.174683, 0.001958, 15.258789, 11.441040, 178.832993
-0.197208, 0.089005, 1042.000000, 0.071553, 2000.000000, 1000.000000, 15.020645, 12.406618, 14.463755, 14.108982, -0.564813, 0.286368, 0.742200, -0.986038, 0.445026, 0.357766, 10.390796, -6.343448, -18.375870, -0.024728, -0.041935, -0.142725, 0.002264, 15.258789, 11.679077, 182.373032
-0.197208, 0.087260, 1042.000000, 0.068063, 2000.000000, 1000.000000, 14.224200, 12.539021, 15.138455, 14.098323, -0.161262, 0.618389, 0.681328, -0.986038, 0.436300, 0.340314, 9.020594, -6.993918, -18.826225, -0.733124, -0.642740, -0.120355, 0.001779, 15.204102, 14.160156, 220.520004
-0.197208, 0.076789, 1038.000000, 0.020942, 2000.000000, 1000.000000, 12.519261, 12.599380, 14.064692, 12.816667, 0.332036, 0.440679, 0.291977, -0.986038, 0.383944, 0.104712, 5.174206, -7.340700, -19.617044, -1.590657, -0.377491, -0.092658, 0.002149, 15.243164, 12.078857, 188.476547
-0.184991, 0.054101, 1000.000000, 0.017452, 2000.000000, 1000.000000, 10.525761, 10.161619, 10.332956, 8.979664, 0.247288, -0.343690, 0.429359, -0.924956, 0.270506, 0.087260, -0.828814, -3.883603, -20.710480, -1.379736, 0.876317, -0.203445, 0.002194, 15.602539, 0.158691, 2.502441
-0.181501, 0.048866, 1000.000000, 0.017452, 2000.000000, 1000.000000, 11.087429, 9.777210, 9.807953, 9.327408, -0.207418, -0.432320, 0.447691, -0.907504, 0.244328, 0.087260, -2.188739, -0.439760, -21.427954, -0.569075, 1.015866, -0.217293, 0.001748, 15.485352, 3.439331, 54.504391
-0.179756, 0.043630, 1000.000000, 0.017452, 2000.000000, 1000.000000, 10.847650, 9.525512, 9.692586, 9.934253, -0.390952, -0.186581, 0.270118, -0.898778, 0.218150, 0.087260, -2.198878, 1.872285, -21.808475, -0.235649, 0.553544, -0.095854, 0.001824, 15.504883, 2.279663, 36.193848
-0.176265, 0.045375, 1000.000000, 0.017452, 2000.000000, 1000.000000, 10.318838, 9.137594, 10.386944, 10.156624, -0.237731, 0.271784, 0.352891, -0.881326, 0.226876, 0.087260, -3.635082, 2.875300, -22.183325, -0.488115, -0.241138, -0.151247, 0.002322, 15.450195, 4.760742, 75.317383
-0.174520, 0.040140, 1000.000000, 0.017452, 2000.000000, 1000.000000, 11.335282, 7.438581, 9.638537, 11.587600, -1.461441, 0.613068, 0.486910, -0.872600, 0.200698, 0.087260, 0.262918, -0.140365, -24.121885, 1.661575, -0.865379, -0.243925, 0.002215, 10.485352, 0.000000, 0.427246
-0.174520, 0.041885, 1000.000000, 0.017452, 2000.000000, 1000.000000, 9.016931, 7.161223, 8.884305, 14.937541, -1.977236, 1.910923, -1.049382, -0.872600, 0.209424, 0.087260, 3.603135, -8.528886, -22.346163, 2.596871, -3.161009, 0.804289, 0.001747, 10.579102, 0.000000, 0.000000



<<< NEW FLIGHT DATA >>>


0.001745, 0.001745, 1000.000000, 0.001745, 2000.000000, 1000.000000, 10.002288, 9.987613, 10.022994, 9.987105, 0.005303, 0.005049, 0.012641, 0.008726, 0.008726, 0.008726, 0.178826, 7.688585, 0.241596, -0.000384, 0.000065, 0.000203, 0.001753, 15.813477, 0.601196, 9.704590
0.001745, 0.001745, 1000.000000, 0.001745, 2000.000000, 1000.000000, 9.996907, 9.988273, 10.018720, 9.996100, 0.003496, 0.007410, 0.007814, 0.008726, 0.008726, 0.008726, 0.170334, 7.642937, 0.289253, 0.002812, -0.004196, 0.003399, 0.001776, 15.625977, 7.119751, 114.013664
0.001745, 0.001745, 1000.000000, 0.001745, 2000.000000, 1000.000000, 10.017491, 9.960021, 10.051888, 9.970599, 0.005955, 0.011244, 0.034689, 0.008726, 0.008726, 0.008726, 0.164366, 7.567692, 0.360274, -0.001449, -0.010588, -0.014710, 0.002325, 15.415039, 15.078735, 238.220200
0.001745, 0.001745, 1000.000000, 0.001745, 2000.000000, 1000.000000, 10.028488, 9.936794, 10.034334, 10.000383, -0.014436, 0.017358, 0.031411, 0.008726, 0.008726, 0.008726, 0.191343, 7.505774, 0.383967, 0.033705, -0.021240, -0.012580, 0.002267, 15.637695, 6.521606, 104.492180
0.001745, 0.001745, 1000.000000, 0.001745, 2000.000000, 1000.000000, 9.987626, 10.001109, 9.993882, 10.017383, -0.002504, 0.005632, -0.009246, 0.008726, 0.008726, 0.008726, 0.245476, 7.401393, 0.484164, 0.013465, -0.001000, 0.015117, 0.001893, 15.668945, 5.960083, 95.581047
0.001745, 0.001745, 1000.000000, 0.001745, 2000.000000, 1000.000000, 9.974204, 10.002175, 9.991265, 10.032355, -0.003280, 0.011811, -0.017265, 0.008726, 0.008726, 0.008726, 0.257092, 7.239766, 0.640211, 0.014530, -0.011653, 0.020443, 0.002383, 15.708008, 4.119873, 66.284180
0.001745, 0.001745, 1000.000000, 0.001745, 2000.000000, 1000.000000, 9.972271, 10.017729, 9.996710, 10.013290, 0.007219, 0.005000, -0.015510, 0.008726, 0.008726, 0.008726, 0.291091, 7.158060, 0.744834, -0.003579, 0.000065, 0.019378, 0.002128, 15.688477, 5.041504, 80.993645
0.001745, 0.001745, 1000.000000, 0.001745, 2000.000000, 1000.000000, 10.028361, 9.961356, 10.031735, 9.978547, -0.003454, 0.005141, 0.030048, 0.008726, 0.008726, 0.008726, 0.285450, 7.072149, 0.845398, 0.014530, 0.000065, -0.011514, 0.002334, 15.715820, 3.878784, 62.377926
0.001745, 0.001745, 1000.000000, 0.001745, 2000.000000, 1000.000000, 10.006424, 9.969202, 10.050037, 9.974337, 0.009620, 0.012187, 0.028231, 0.008726, 0.008726, 0.008726, 0.266124, 6.981309, 0.902170, -0.007840, -0.012718, -0.010449, 0.001791, 15.715820, 4.040527, 65.002441
0.001745, 0.001745, 1000.000000, 0.001745, 2000.000000, 1000.000000, 10.036633, 9.948339, 10.051595, 9.963433, -0.000033, 0.007514, 0.044114, 0.008726, 0.008726, 0.008726, 0.284573, 6.814126, 1.087481, 0.009204, -0.004196, -0.021102, 0.002283, 15.711914, 3.921509, 63.110348
0.001745, 0.001745, 1000.000000, 0.001745, 2000.000000, 1000.000000, 10.003162, 9.995281, 9.990566, 10.010990, -0.007077, 0.000778, -0.003136, 0.008726, 0.008726, 0.008726, 0.283806, 6.742693, 1.147535, 0.020922, 0.007522, 0.010856, 0.002268, 15.715820, 4.199219, 67.504883
0.001745, 0.001745, 1000.000000, 0.001745, 2000.000000, 1000.000000, 9.967840, 10.012167, 10.007225, 10.012768, 0.009696, 0.009996, -0.012467, 0.008726, 0.008726, 0.008726, 0.300891, 6.690952, 1.223441, -0.007840, -0.008457, 0.017248, 0.002351, 15.680664, 5.081177, 81.603996
0.001745, 0.001745, 1000.000000, 0.001745, 2000.000000, 1000.000000, 10.027746, 9.973148, 10.029057, 9.970049, 0.001103, -0.000448, 0.028402, 0.008726, 0.008726, 0.008726, 0.288942, 6.607517, 1.307927, 0.007073, 0.009652, -0.010449, 0.001754, 15.715820, 3.518677, 56.579586
0.001745, 0.001745, 1000.000000, 0.001745, 2000.000000, 1000.000000, 10.012431, 9.988317, 10.009974, 9.989278, -0.000854, -0.000374, 0.011203, 0.008726, 0.008726, 0.008726, 0.276425, 6.510651, 1.393990, 0.010269, 0.009652, 0.001269, 0.002276, 15.711914, 4.199219, 67.626953
0.001745, 0.001745, 1000.000000, 0.001745, 2000.000000, 1000.000000, 10.029735, 9.949109, 10.055242, 9.965915, 0.002175, 0.010578, 0.042488, 0.008726, 0.008726, 0.008726, 0.245874, 6.411458, 1.473793, 0.004943, -0.009522, -0.020036, 0.002330, 15.708008, 4.238892, 68.115234
0.001745, 0.001745, 1000.000000, 0.001745, 2000.000000, 1000.000000, 9.988603, 9.983993, 10.020835, 10.006570, 0.002413, 0.013702, 0.004718, 0.008726, 0.008726, 0.008726, 0.276631, 6.319009, 1.546817, 0.004943, -0.014849, 0.005530, 0.002026, 15.704102, 4.199219, 67.504883
0.001745, 0.001745, 1000.000000, 0.001745, 2000.000000, 1000.000000, 9.958512, 10.025393, 9.994863, 10.021232, 0.010128, 0.008047, -0.023312, 0.008726, 0.008726, 0.008726, 0.258080, 6.224355, 1.632389, -0.008906, -0.005261, 0.024704, 0.001765, 15.688477, 4.598999, 73.913574
0.001745, 0.001745, 1000.000000, 0.001745, 2000.000000, 1000.000000, 10.023400, 9.973821, 10.033420, 9.969359, 0.003621, 0.001389, 0.028410, 0.008726, 0.008726, 0.008726, 0.265498, 6.154363, 1.731744, 0.002812, 0.006457, -0.010449, 0.002247, 15.704102, 4.080200, 65.612793
0.001745, 0.001745, 1000.000000, 0.001745, 2000.000000, 1000.000000, 10.002681, 9.993293, 10.010219, 9.993808, 0.001756, 0.002014, 0.006450, 0.008726, 0.008726, 0.008726, 0.325386, 6.030589, 1.830986, 0.006008, 0.005391, 0.004465, 0.002323, 15.708008, 4.278564, 68.786621
0.001745, 0.001745, 1000.000000, 0.001745, 2000.000000, 1000.000000, 10.027081, 9.960486, 10.038913, 9.973519, -0.000301, 0.006216, 0.032997, 0.008726, 0.008726, 0.008726, 0.390461, 5.993929, 1.887969, 0.009204, -0.002066, -0.013645, 0.002105, 15.696289, 3.479004, 55.908199
0.001745, 0.001745, 1000.000000, 0.001745, 2000.000000, 1000.000000, 10.006512, 9.978544, 10.018608, 9.996336, -0.001424, 0.007472, 0.012560, 0.008726, 0.008726, 0.008726, 0.373921, 5.899339, 1.948937, 0.011334, -0.004196, 0.000203, 0.001828, 15.704102, 4.119873, 66.223145
0.001745, 0.001745, 1000.000000, -0.001745, 2000.000000, 1000.000000, 9.983130, 9.999241, 10.008867, 10.008762, 0.004054, 0.008815, -0.004001, 0.008726, 0.008726, -0.008726, 0.364386, 5.859272, 2.014917, 0.001747, -0.006327, -0.006188, 0.002370, 15.704102, 4.278564, 68.786621
0.001745, 0.001745, 1001.000000, -0.001745, 2000.000000, 1000.000000, 9.943870, 10.031428, 9.979228, 10.045474, 0.005328, 0.012351, -0.038452, 0.008726, 0.008726, -0.008726, 0.378779, 5.780637, 2.094424, -0.000384, -0.012718, 0.017248, 0.002297, 15.696289, 4.519653, 72.692871
0.001745, 0.001745, 1000.000000, -0.003490, 2000.000000, 1000.000000, 9.968123, 10.039983, 9.967010, 10.024884, 0.003496, -0.004053, -0.032434, 0.008726, 0.008726, -0.017452, 0.329231, 5.683149, 2.177882, 0.002812, 0.016044, 0.004465, 0.001794, 15.700195, 4.440308, 71.411133
0.001745, 0.001745, 1000.000000, -0.003490, 2000.000000, 1000.000000, 9.958435, 10.027813, 9.995430, 10.018322, 0.011622, 0.006876, -0.023068, 0.008726, 0.008726, -0.017452, 0.368333, 5.640375, 2.220737, -0.011036, -0.003131, -0.001927, 0.002293, 15.688477, 4.598999, 73.913574
0.001745, 0.001745, 1007.000000, 0.001745, 2000.000000, 1000.000000, 10.013286, 9.998355, 10.015136, 9.973224, 0.006746, -0.005820, 0.014210, 0.008726, 0.008726, 0.008726, 0.356727, 5.595417, 2.273725, -0.002514, 0.019240, -0.000862, 0.001829, 15.676758, 4.840088, 77.697754
0.001745, 0.001745, 1010.000000, 0.001745, 2000.000000, 1000.000000, 10.977148, 10.989429, 11.041979, 10.991444, 0.015705, 0.016712, 0.009564, 0.008726, 0.008726, 0.008726, 0.390738, 5.573878, 2.293404, -0.018493, -0.020175, 0.002334, 0.002392, 15.590820, 8.480835, 135.375977
0.001745, 0.001745, 1010.000000, 0.001745, 2000.000000, 1000.000000, 11.028923, 10.979017, 10.996359, 10.995701, -0.012312, -0.003970, 0.012641, 0.008726, 0.008726, 0.008726, 0.363183, 5.520478, 2.389660, 0.030509, 0.016044, 0.000203, 0.002197, 15.633789, 6.439209, 103.088371
0.001745, 0.001745, 1022.000000, 0.001745, 2000.000000, 1000.000000, 11.992702, 11.972811, 12.029314, 12.005173, 0.001062, 0.017244, 0.011008, 0.008726, 0.008726, 0.008726, 0.398790, 5.460394, 2.389848, 0.007073, -0.021240, 0.001269, 0.002304, 15.770508, 0.839233, 13.610839
0.001745, 0.001745, 1037.000000, 0.001745, 2000.000000, 1000.000000, 12.961712, 13.069202, 12.963463, 13.005623, 0.016332, -0.015457, -0.037413, 0.008726, 0.008726, 0.008726, 0.393401, 5.494298, 2.441855, -0.019558, 0.036284, 0.034292, 0.001748, 15.434570, 13.439941, 212.585434
0.001745, 0.001745, 1049.000000, 0.001745, 2000.000000, 1000.000000, 13.914191, 14.000581, 13.884839, 14.200389, -0.057290, 0.042614, -0.100485, 0.008726, 0.008726, 0.008726, 0.332299, 5.267877, 2.582241, 0.108273, -0.064916, 0.076902, 0.002321, 15.426758, 13.198853, 211.608871
0.001745, 0.001745, 1048.000000, 0.001745, 2000.000000, 1000.000000, 14.173343, 13.995797, 13.760762, 14.070098, -0.121720, -0.084570, -0.032948, 0.008726, 0.008726, 0.008726, 0.827357, 5.551625, 2.697563, 0.221190, 0.156658, 0.031096, 0.002326, 15.454102, 12.438965, 196.777328
0.001745, 0.001745, 1049.000000, 0.001745, 2000.000000, 1000.000000, 13.853480, 13.869136, 14.143296, 14.134088, 0.006216, 0.138692, -0.001612, 0.008726, 0.008726, 0.008726, 1.153485, 5.520697, 2.720197, -0.000384, -0.235357, 0.009791, 0.001751, 15.321289, 17.761230, 278.625488
0.001745, 0.001745, 1048.000000, 0.001745, 2000.000000, 1000.000000, 13.678965, 13.759972, 14.521606, 14.039457, 0.140789, 0.280532, 0.100286, 0.008726, 0.008726, 0.008726, 0.683717, 3.413207, 2.653893, -0.235805, -0.484627, -0.059451, 0.001918, 15.493164, 11.001587, 178.283676
0.001745, 0.001745, 1048.000000, 0.001745, 2000.000000, 1000.000000, 14.208354, 13.862170, 14.074285, 13.855191, -0.031772, -0.035262, 0.141319, 0.008726, 0.008726, 0.008726, 0.531640, 2.802418, 2.441811, 0.063532, 0.070372, -0.087148, 0.002332, 15.450195, 12.481689, 197.631821
0.001745, 0.001745, 1048.000000, 0.001745, 2000.000000, 1000.000000, 14.595817, 14.030133, 13.529563, 13.844487, -0.220152, -0.312975, 0.062690, 0.008726, 0.008726, 0.008726, 1.078032, 3.826573, 2.299268, 0.393762, 0.559325, -0.033885, 0.001976, 15.450195, 12.600708, 199.279770
0.001745, 0.001745, 1049.000000, 0.001745, 2000.000000, 1000.000000, 14.834975, 13.732434, 13.594359, 13.838231, -0.336603, -0.283704, 0.214667, 0.008726, 0.008726, 0.008726, 2.320762, 5.582648, 1.937343, 0.599357, 0.507128, -0.137215, 0.001994, 15.485352, 10.800171, 171.203598
0.001745, 0.001745, 1049.000000, 0.001745, 2000.000000, 1000.000000, 14.598813, 12.702378, 14.067660, 14.631148, -0.614981, 0.349404, 0.333237, 0.008726, 0.008726, 0.008726, 5.817976, 5.319370, 1.007378, 1.078722, -0.599675, -0.217109, 0.002328, 15.442383, 13.119507, 207.275375
0.001745, 0.001745, 1049.000000, 0.001745, 2000.000000, 1000.000000, 14.350591, 12.853326, 14.131427, 14.664657, -0.507623, 0.398041, 0.241009, 0.008726, 0.008726, 0.008726, 8.543705, 3.391815, 0.271733, 0.902955, -0.692353, -0.155324, 0.001910, 15.450195, 12.240601, 193.725571
0.001745, 0.001745, 1049.000000, 0.001745, 2000.000000, 1000.000000, 14.310229, 13.415517, 13.917863, 14.356391, -0.333310, 0.137127, 0.114047, 0.008726, 0.008726, 0.008726, 10.616288, 2.063830, -0.073554, 0.600422, -0.233226, -0.069038, 0.001780, 15.438477, 12.161255, 192.382797
0.001745, 0.001745, 1048.000000, 0.001745, 2000.000000, 1000.000000, 14.516503, 13.818042, 14.111409, 13.554046, -0.035274, -0.167273, 0.313957, 0.008726, 0.008726, 0.008726, 11.996602, 2.646146, -0.766689, 0.072054, 0.300468, -0.204326, 0.002290, 15.438477, 12.481689, 197.387680
0.001745, 0.001745, 1048.000000, 0.001745, 2000.000000, 1000.000000, 14.322464, 13.875816, 14.057514, 13.744205, -0.033334, -0.099140, 0.189989, 0.008726, 0.008726, 0.008726, 12.160066, 3.311600, -1.220634, 0.067793, 0.181159, -0.120171, 0.002293, 15.454102, 11.718750, 185.424789
0.001745, 0.001745, 1048.000000, 0.001745, 2000.000000, 1000.000000, 14.280232, 13.616254, 13.982602, 14.120912, -0.200572, 0.051757, 0.131417, 0.008726, 0.008726, 0.008726, 12.708601, 3.382963, -1.482781, 0.361804, -0.083025, -0.080756, 0.001786, 15.438477, 11.880493, 187.927231
0.000000, 0.001745, 1048.000000, 0.001745, 2000.000000, 1000.000000, 14.266239, 13.318485, 14.361610, 14.053665, -0.159952, 0.207637, 0.313925, 0.000000, 0.008726, 0.008726, 13.628280, 2.652081, -1.926342, 0.280845, -0.354666, -0.204326, 0.002164, 15.407227, 13.320923, 210.327133
-0.052356, 0.000000, 1049.000000, 0.001745, 2000.000000, 1000.000000, 14.174683, 13.274347, 14.582367, 13.968603, -0.071643, 0.275485, 0.378525, -0.261780, 0.000000, 0.008726, 13.920784, 0.752438, -2.856094, -0.140998, -0.480366, -0.248002, 0.002306, 15.411133, 12.838745, 202.697739
-0.047120, 0.000000, 1049.000000, 0.001745, 2000.000000, 1000.000000, 14.130566, 13.402702, 14.691975, 13.774757, 0.047339, 0.233366, 0.411270, -0.235602, 0.000000, 0.008726, 13.154130, -0.419543, -3.563598, -0.328483, -0.412190, -0.271437, 0.001819, 15.450195, 11.441040, 181.030258
-0.066318, 0.001745, 1048.000000, 0.001745, 2000.000000, 1000.000000, 14.020221, 13.261504, 14.831307, 13.886968, 0.046406, 0.359137, 0.425764, -0.331588, 0.008726, 0.008726, 10.910673, -2.337117, -4.692290, -0.419030, -0.616719, -0.279959, 0.002344, 15.426758, 12.481689, 197.082504
-0.071553, 0.001745, 1048.000000, 0.001745, 2000.000000, 1000.000000, 14.082840, 12.852301, 14.805861, 14.258999, -0.170919, 0.532429, 0.444350, -0.357766, 0.008726, 0.008726, 10.098087, -4.298171, -5.541376, -0.068560, -0.919252, -0.292742, 0.002262, 15.387695, 13.400269, 211.181625
-0.069808, 0.001745, 1048.000000, 0.001745, 2000.000000, 1000.000000, 13.865956, 12.855977, 14.940024, 14.338042, -0.101999, 0.639033, 0.402990, -0.349040, 0.008726, 0.008726, 9.642709, -7.070921, -6.397731, -0.177216, -1.108868, -0.265046, 0.002129, 15.465820, 10.641479, 168.518051
-0.064572, 0.001745, 1048.000000, 0.001745, 2000.000000, 1000.000000, 13.682353, 13.540547, 15.013774, 13.763326, 0.277161, 0.388550, 0.348063, -0.322862, 0.008726, 0.008726, 7.002611, -10.786083, -7.808894, -0.816371, -0.672113, -0.227762, 0.002079, 15.422852, 12.200928, 192.626938
-0.038394, 0.001745, 1048.000000, 0.001745, 2000.000000, 1000.000000, 13.857792, 14.006140, 14.581207, 13.554861, 0.293673, 0.068034, 0.219499, -0.191972, 0.008726, 0.008726, 4.597855, -11.374091, -8.826495, -0.710910, -0.110722, -0.140411, 0.002111, 15.458008, 10.559082, 167.175278
-0.003490, 0.001745, 1048.000000, 0.001745, 2000.000000, 1000.000000, 14.372350, 13.861741, 14.261451, 13.504458, 0.061596, -0.117045, 0.316900, -0.017452, 0.008726, 0.008726, 3.473701, -10.889522, -9.517260, -0.126084, 0.214182, -0.206457, 0.002170, 15.415039, 11.520386, 181.884750
-0.001745, 0.001745, 1048.000000, 0.001745, 2000.000000, 1000.000000, 14.482306, 13.493301, 14.073151, 13.951242, -0.216774, 0.012197, 0.277728, -0.008726, 0.008726, 0.008726, 3.988230, -10.527547, -10.026746, 0.368196, -0.011653, -0.179825, 0.002155, 15.426758, 11.718750, 185.180649
-0.001745, 0.003490, 1048.000000, 0.001745, 2000.000000, 1000.000000, 13.998671, 13.174847, 14.416021, 14.410461, -0.204566, 0.413242, 0.207346, -0.008726, 0.017452, 0.008726, 5.329607, -12.284515, -10.412361, 0.347956, -0.701940, -0.131888, 0.002313, 15.399414, 13.040161, 205.627426
-0.005236, 0.003490, 1048.000000, 0.001745, 2000.000000, 1000.000000, 13.807879, 13.297025, 14.783652, 14.111444, 0.040338, 0.447548, 0.295766, -0.026178, 0.017452, 0.008726, 5.244249, -14.344597, -10.892870, -0.097322, -0.770116, -0.192608, 0.001880, 15.434570, 11.361694, 179.504379
-0.005236, 0.003490, 1048.000000, 0.001745, 2000.000000, 1000.000000, 13.891475, 13.651752, 14.845958, 13.610816, 0.248855, 0.228386, 0.368716, -0.026178, 0.017452, 0.008726, 4.055430, -15.744308, -11.885342, -0.466966, -0.386624, -0.242675, 0.001760, 15.446289, 10.800171, 170.898422
-0.047120, 0.005236, 1048.000000, 0.001745, 2000.000000, 1000.000000, 14.311517, 13.990230, 14.417748, 13.280505, 0.203989, -0.150873, 0.364633, -0.235602, 0.026178, 0.008726, 1.775827, -15.175447, -13.628974, -0.595863, 0.288750, -0.238414, 0.002360, 15.422852, 11.999512, 189.392075
-0.069808, 0.006981, 1049.000000, 0.001745, 2000.000000, 1000.000000, 14.445171, 14.024527, 14.368851, 13.161451, 0.196689, -0.234849, 0.407011, -0.349040, 0.034904, 0.008726, 0.233490, -13.711907, -14.654270, -0.699193, 0.444277, -0.267176, 0.002353, 15.391602, 12.359619, 194.702133
-0.080279, 0.006981, 1048.000000, 0.001745, 2000.000000, 1000.000000, 14.651087, 13.687786, 14.401545, 13.259583, 0.044665, -0.169437, 0.526316, -0.401396, 0.034904, 0.008726, -1.037253, -12.204876, -15.846020, -0.491467, 0.334556, -0.350266, 0.001748, 15.430664, 10.641479, 168.212875
-0.082024, 0.020942, 1057.000000, 0.001745, 2000.000000, 1000.000000, 15.411410, 14.667415, 15.476768, 14.444407, 0.072092, -0.039412, 0.444089, -0.410122, 0.104712, 0.008726, -2.589562, -10.895348, -17.548361, -0.542600, 0.175833, -0.291677, 0.002291, 15.235352, 19.918823, 310.729980
-0.082024, 0.019197, 1062.000000, 0.001745, 2000.000000, 1000.000000, 16.359295, 15.885900, 16.476076, 15.278730, 0.180988, -0.122597, 0.417685, -0.410122, 0.095986, 0.008726, -4.008847, -9.754446, -18.561600, -0.734346, 0.310055, -0.273568, 0.002331, 15.168945, 20.681763, 321.228027
-0.078534, 0.019197, 1061.000000, 0.001745, 2000.000000, 1000.000000, 16.190006, 16.121704, 16.797657, 14.890635, 0.459680, -0.155855, 0.493831, -0.392670, 0.095986, 0.008726, -6.254376, -8.000993, -19.684355, -1.212647, 0.372905, -0.326831, 0.001828, 15.200195, 18.081665, 281.616211
-0.076789, 0.026178, 1057.000000, 0.001745, 2000.000000, 1000.000000, 14.714091, 14.800456, 16.205223, 14.280229, 0.502840, 0.242726, 0.459657, -0.383944, 0.130890, 0.008726, -11.254294, -5.751397, -21.758636, -1.263779, -0.287555, -0.302330, 0.002275, 15.360352, 13.879395, 218.200668
-0.075044, 0.029668, 1057.000000, 0.001745, 2000.000000, 1000.000000, 15.075688, 14.602471, 15.786796, 14.535045, 0.194634, 0.160920, 0.431242, -0.375218, 0.148342, 0.008726, -13.776896, -5.531828, -22.729799, -0.719432, -0.128831, -0.283155, 0.002233, 15.325195, 14.761353, 231.689438
-0.075044, 0.026178, 1057.000000, 0.001745, 2000.000000, 1000.000000, 15.706687, 14.581145, 15.266780, 14.445388, -0.076038, -0.143917, 0.486733, -0.375218, 0.130890, 0.008726, -14.569304, -4.775460, -23.651495, -0.250719, 0.387819, -0.322570, 0.001748, 15.329102, 14.559937, 228.515610
-0.062827, 0.008726, 1057.000000, 0.001745, 2000.000000, 1000.000000, 15.807781, 15.009857, 15.158844, 14.023518, 0.084351, -0.408819, 0.483313, -0.314136, 0.043630, 0.008726, -14.696060, -2.056445, -24.965174, -0.464836, 0.754267, -0.318309, 0.002258, 15.325195, 13.879395, 217.895493
-0.038394, 0.008726, 1057.000000, 0.001745, 2000.000000, 1000.000000, 15.746153, 15.018063, 15.230673, 14.005112, 0.124368, -0.382108, 0.488413, -0.191972, 0.043630, 0.008726, -14.849094, 0.299735, -25.813332, -0.410508, 0.708461, -0.321504, 0.002337, 15.329102, 11.840820, 185.913071
-0.012216, 0.013962, 1049.000000, 0.001745, 2000.000000, 1000.000000, 14.756158, 13.508298, 14.362342, 13.373202, -0.064680, -0.132228, 0.559250, -0.061082, 0.069808, 0.008726, -14.684985, 1.738687, -26.773531, 0.049684, 0.304729, -0.372637, 0.001753, 15.344727, 13.241577, 208.007797
-0.005236, 0.024433, 1042.000000, 0.001745, 2000.000000, 1000.000000, 14.653717, 13.251904, 14.197571, 13.896809, -0.275263, 0.047189, 0.425644, -0.026178, 0.122164, 0.008726, -13.453484, 1.458369, -28.193380, 0.451286, 0.042675, -0.279959, 0.002319, 15.399414, 11.679077, 184.082016
-0.003490, 0.026178, 1042.000000, 0.003490, 2000.000000, 1000.000000, 14.575659, 13.433834, 14.037916, 13.952591, -0.264125, -0.004746, 0.306788, -0.017452, 0.130890, 0.017452, -12.178007, 1.072899, -28.858761, 0.449155, 0.142810, -0.191543, 0.001797, 15.391602, 11.401367, 179.687485
0.000000, 0.026178, 1041.000000, 0.006981, 2000.000000, 1000.000000, 14.751661, 13.407417, 13.857796, 13.983126, -0.367393, -0.079539, 0.304729, 0.000000, 0.130890, 0.034904, -10.568977, 0.841874, -29.356970, 0.639836, 0.271706, -0.171303, 0.002260, 15.368164, 12.438965, 195.678696
0.000000, 0.033159, 1044.000000, 0.045375, 2000.000000, 1000.000000, 15.028546, 13.118239, 14.307752, 13.545463, -0.287005, -0.073393, 0.668149, 0.000000, 0.165794, 0.226876, -7.895854, 0.653433, -30.315102, 0.499222, 0.297272, -0.224566, 0.002225, 15.336914, 13.958740, 219.177231
0.000000, 0.043630, 1044.000000, 0.062827, 2000.000000, 1000.000000, 14.542965, 13.355289, 14.497641, 13.604105, -0.073535, 0.050872, 0.520303, 0.000000, 0.218150, 0.314136, -6.969152, 0.755323, -30.623707, 0.128513, 0.134287, -0.037081, 0.001747, 15.391602, 11.318970, 178.527817
0.000000, 0.087260, 1044.000000, 0.071553, 2000.000000, 1000.000000, 14.251062, 13.375826, 14.627220, 13.745892, 0.001523, 0.186556, 0.439141, 0.000000, 0.436300, 0.357766, -6.632736, 0.975753, -30.503876, -0.000384, 0.121504, 0.063054, 0.002429, 15.379883, 11.160278, 175.781235
-0.003490, 0.078534, 1045.000000, 0.062827, 2000.000000, 1000.000000, 14.474216, 13.426268, 14.198383, 13.901133, -0.187675, 0.049758, 0.336300, -0.017452, 0.392670, 0.314136, -5.894445, 1.211461, -30.315109, 0.309606, 0.314316, 0.088620, 0.002164, 15.383789, 11.401367, 179.626450
-0.003490, 0.069808, 1044.000000, 0.048866, 2000.000000, 1000.000000, 14.620670, 13.568773, 13.750278, 14.060278, -0.340474, -0.094722, 0.185475, -0.017452, 0.349040, 0.244328, -4.256845, 1.565542, -30.060404, 0.581247, 0.525237, 0.120578, 0.001902, 15.368164, 11.999512, 188.781723
-0.003490, 0.052356, 1045.000000, 0.040140, 2000.000000, 1000.000000, 14.998811, 13.607434, 13.791139, 13.602616, -0.300713, -0.303123, 0.394975, -0.017452, 0.261780, 0.200698, -0.645156, 2.826179, -30.097630, 0.506679, 0.799008, -0.065842, 0.002091, 15.399414, 10.681152, 168.518051
-0.003490, 0.052356, 1044.000000, 0.020942, 2000.000000, 1000.000000, 14.581358, 13.837027, 13.999109, 13.582506, -0.081932, -0.209192, 0.290233, -0.017452, 0.261780, 0.104712, 1.043241, 4.121974, -30.387426, 0.126382, 0.633893, -0.091409, 0.002185, 15.403320, 11.080933, 174.682602
-0.003490, 0.052356, 1046.000000, 0.008726, 2000.000000, 1000.000000, 14.067076, 13.884510, 14.256058, 13.792356, 0.070284, 0.024207, 0.161566, -0.017452, 0.261780, 0.043630, 1.505568, 5.135442, -30.627369, -0.143128, 0.226965, -0.065842, 0.001930, 15.364258, 12.200928, 191.894516
-0.006981, 0.054101, 1046.000000, 0.003490, 2000.000000, 1000.000000, 13.851455, 13.941842, 14.108777, 14.097926, 0.025310, 0.103352, -0.019884, -0.034904, 0.270506, 0.017452, 1.222273, 5.664981, -30.585495, -0.081343, 0.097003, 0.031096, 0.002252, 15.395508, 10.598755, 167.114243
-0.041885, 0.048866, 1045.000000, 0.001745, 2000.000000, 1000.000000, 14.676447, 14.008604, 13.493448, 13.821501, -0.248974, -0.342526, 0.084948, -0.209424, 0.244328, 0.008726, 2.660741, 6.806437, -30.740091, 0.220125, 0.844814, -0.048798, 0.002383, 15.395508, 10.479736, 165.222153
-0.078534, 0.034904, 1045.000000, 0.000000, 2000.000000, 1000.000000, 14.957302, 14.212236, 13.395239, 13.435223, -0.196262, -0.584769, 0.176270, -0.392670, 0.174520, 0.000000, 4.321249, 9.181176, -31.157221, -0.057907, 1.212328, -0.120171, 0.001777, 15.372070, 11.718750, 184.509262
-0.078534, 0.024433, 1046.000000, 0.000000, 2000.000000, 1000.000000, 14.908002, 13.931575, 13.728656, 13.431767, -0.169885, -0.419789, 0.318329, -0.392670, 0.122164, 0.000000, 5.710657, 11.818303, -31.892313, -0.103714, 0.868250, -0.217109, 0.001776, 15.375977, 11.679077, 183.776840
-0.078534, 0.008726, 1046.000000, 0.000000, 2000.000000, 1000.000000, 13.980389, 13.570551, 14.653164, 13.795897, 0.111857, 0.224530, 0.316777, -0.392670, 0.043630, 0.000000, 5.111431, 13.226221, -32.561348, -0.595863, -0.347209, -0.214979, 0.002272, 15.360352, 12.161255, 191.406235
-0.078534, 0.005236, 1054.000000, 0.000000, 2000.000000, 1000.000000, 14.749841, 14.443408, 15.952193, 14.854558, 0.197800, 0.403375, 0.351017, -0.392670, 0.026178, 0.000000, 2.559332, 12.917801, -32.523766, -0.746064, -0.674243, -0.237349, 0.002312, 15.219727, 16.918945, 263.732910
-0.078534, 0.000000, 1060.000000, 0.000000, 2000.000000, 1000.000000, 16.271845, 15.216980, 16.817268, 15.693911, 0.017124, 0.255589, 0.544556, -0.392670, 0.000000, 0.000000, 0.169162, 12.411462, -32.865112, -0.432878, -0.450539, -0.370506, 0.001778, 15.254883, 15.679932, 244.995102
-0.062827, 0.000000, 1059.000000, 0.000000, 2000.000000, 1000.000000, 16.223955, 13.743337, 15.155236, 14.877473, -0.550714, 0.016355, 0.689596, -0.314136, 0.000000, 0.000000, 0.463406, 11.493981, -34.595936, 0.633445, -0.028697, -0.466379, 0.002283, 15.317383, 12.039185, 188.720688
-0.062827, 0.001745, 1061.000000, 0.000000, 2000.000000, 1000.000000, 17.114079, 14.606838, 16.028288, 16.250793, -0.682437, 0.139541, 0.571184, -0.314136, 0.008726, 0.000000, 2.135463, 10.034582, -36.066814, 0.864606, -0.232161, -0.386485, 0.002257, 15.297852, 13.879395, 217.529282
-0.092496, 0.001745, 1060.000000, 0.000000, 2000.000000, 1000.000000, 16.715628, 14.830927, 16.417372, 16.036074, -0.375850, 0.226722, 0.566499, -0.462478, 0.008726, 0.000000, 2.860612, 8.371460, -37.226574, 0.187102, -0.389819, -0.385420, 0.001772, 15.161133, 18.280029, 284.118652
-0.104712, 0.001745, 1061.000000, 0.000000, 2000.000000, 1000.000000, 16.812832, 15.658192, 16.541576, 14.987400, 0.099884, -0.235512, 0.677204, -0.523560, 0.008726, 0.000000, 1.591104, 9.357523, -38.755161, -0.708780, 0.416581, -0.457857, 0.002338, 15.188477, 17.401123, 270.996094
-0.108202, 0.000000, 1061.000000, 0.000000, 2000.000000, 1000.000000, 17.066582, 15.544102, 16.344828, 15.044492, -0.055535, -0.305341, 0.705704, -0.541012, 0.000000, 0.000000, 1.182102, 11.511486, -39.970676, -0.460575, 0.539085, -0.480228, 0.001766, 15.168945, 19.439697, 301.879883
-0.109948, 0.000000, 1062.000000, 0.001745, 2000.000000, 1000.000000, 17.035719, 14.859121, 16.213037, 15.892122, -0.463920, 0.052580, 0.624378, -0.549738, 0.000000, 0.008726, 1.576108, 12.550674, -41.780800, 0.240365, -0.090482, -0.413117, 0.002382, 15.133789, 20.001221, 309.875488
-0.099476, 0.001745, 1062.000000, 0.012216, 2000.000000, 1000.000000, 16.987020, 14.532599, 16.245306, 16.235071, -0.611046, 0.240189, 0.616164, -0.497382, 0.008726, 0.061082, 1.845451, 11.352968, -42.860806, 0.550355, -0.408994, -0.355593, 0.002153, 15.208008, 16.918945, 263.305664
-0.087260, 0.001745, 1061.000000, 0.038394, 2000.000000, 1000.000000, 16.947493, 14.863671, 16.330843, 15.857993, -0.402743, 0.094418, 0.639167, -0.436300, 0.008726, 0.191972, 2.018018, 9.966965, -43.726112, 0.259539, -0.158658, -0.240545, 0.001830, 15.239258, 14.599609, 227.783188
-0.085515, 0.001745, 1044.000000, 0.043630, 2000.000000, 1000.000000, 14.941875, 13.339880, 14.045292, 13.672953, -0.307415, -0.140878, 0.493583, -0.427574, 0.008726, 0.218150, 2.359297, 9.899320, -44.219204, 0.095490, 0.254662, -0.114844, 0.002247, 15.336914, 11.401367, 179.016098
-0.085515, 0.001745, 1000.000000, 0.013962, 2000.000000, 1000.000000, 10.704781, 9.326939, 9.898325, 10.069956, -0.387368, -0.015859, 0.301553, -0.427574, 0.008726, 0.069808, 3.534976, 10.171014, -44.884327, 0.236104, 0.037349, -0.134019, 0.002405, 19.297852, 0.000000, 0.793457
-0.080279, 0.001745, 1000.000000, 0.033159, 2000.000000, 1000.000000, 10.577333, 8.797216, 10.423244, 10.202206, -0.389770, 0.312725, 0.500289, -0.401396, 0.008726, 0.165794, 3.538197, 9.151889, -45.271439, 0.269127, -0.535760, -0.171303, 0.002286, 15.629883, 1.239014, 19.775391
-0.111693, 0.001745, 1002.000000, 0.041885, 2000.000000, 1000.000000, 10.409154, 8.733645, 10.432851, 10.424350, -0.416752, 0.428600, 0.421002, -0.558464, 0.008726, 0.209424, 2.593183, 7.411065, -45.502045, 0.161536, -0.748811, -0.075430, 0.001747, 15.571289, 3.359985, 53.588863
-0.157068, -0.001745, 1004.000000, 0.022688, 2000.000000, 1000.000000, 10.145483, 9.429678, 9.958530, 10.466309, -0.305896, 0.212419, 0.052007, -0.785340, -0.008726, 0.113438, 0.682396, 5.804669, -45.153091, -0.268828, -0.382363, 0.079033, 0.001964, 15.567383, 3.280640, 52.307125
-0.162304, -0.029668, 1004.000000, 0.015707, 2000.000000, 1000.000000, 10.374139, 9.626534, 10.038243, 9.961083, -0.167611, -0.000336, 0.206191, -0.811518, -0.148342, 0.078534, -0.549896, 6.128180, -44.980621, -0.537273, -0.151202, -0.060516, 0.002377, 15.547852, 4.040527, 64.331055
-0.132635, -0.047120, 1005.000000, 0.015707, 2000.000000, 1000.000000, 10.197051, 9.855609, 10.207099, 9.740241, 0.031354, -0.026330, 0.202075, -0.663176, -0.235602, 0.078534, -2.098280, 7.086436, -45.029041, -0.737542, -0.195942, -0.058386, 0.001812, 15.547852, 4.559326, 72.570801
-0.120419, -0.031414, 1030.000000, 0.015707, 2000.000000, 1000.000000, 12.952241, 12.724208, 13.136045, 13.187507, -0.069874, 0.161775, 0.044142, -0.602094, -0.157068, 0.078534, -3.970512, 7.721691, -44.789490, -0.494663, -0.442017, 0.049205, 0.002281, 15.547852, 4.159546, 66.223145
-0.130890, -0.010471, 1046.000000, 0.040140, 2000.000000, 1000.000000, 14.682919, 12.560204, 14.192488, 14.564390, -0.623654, 0.378439, 0.437703, -0.654450, -0.052356, 0.200698, -6.020127, 6.098027, -44.545910, 0.417197, -0.713658, -0.094604, 0.002252, 15.192383, 16.040039, 249.694809
-0.132635, -0.003490, 1046.000000, 0.045375, 2000.000000, 1000.000000, 14.962399, 12.303173, 13.787766, 14.946663, -0.954531, 0.367214, 0.375082, -0.663176, -0.017452, 0.226876, -5.894287, 3.374662, -44.717636, 1.004155, -0.666786, -0.026428, 0.001748, 15.344727, 11.441040, 179.809555
-0.160558, -0.003490, 1048.000000, 0.041885, 2000.000000, 1000.000000, 14.938261, 12.219383, 13.748220, 15.094135, -1.016198, 0.421178, 0.343241, -0.802792, -0.017452, 0.209424, -5.091814, 0.008842, -44.847408, 0.967936, -0.761594, -0.022167, 0.001790, 15.325195, 12.161255, 190.795883
-0.160558, -0.012216, 1073.000000, 0.043630, 2000.000000, 1000.000000, 17.229694, 15.664612, 17.312649, 17.793045, -0.511369, 0.552847, 0.271171, -0.802792, -0.061082, 0.218150, -6.476349, -3.871156, -45.078228, 0.067793, -1.024713, 0.036422, 0.002185, 14.786133, 34.719849, 525.817871
-0.113438, -0.006981, 1070.000000, 0.038394, 2000.000000, 1000.000000, 16.993990, 15.920256, 17.166010, 17.919744, -0.456867, 0.542877, 0.080000, -0.567190, -0.034904, 0.191972, -8.185085, -5.959781, -44.964130, 0.220125, -0.990625, 0.139752, 0.001817, 15.012695, 24.441528, 375.427216
-0.099476, 0.001745, 1071.000000, 0.038394, 2000.000000, 1000.000000, 17.411076, 15.754626, 16.745773, 18.088524, -0.749799, 0.417149, 0.078425, -0.497382, 0.008726, 0.191972, -8.891056, -8.571196, -44.636166, 0.806017, -0.724310, 0.140818, 0.001804, 14.997070, 23.880005, 366.882294
-0.090750, 0.001745, 1070.000000, 0.026178, 2000.000000, 1000.000000, 17.489046, 16.112173, 16.727739, 17.671041, -0.580043, 0.199391, 0.108392, -0.453752, 0.008726, 0.130890, -7.927093, -12.173374, -44.077717, 0.543963, -0.338687, 0.058793, 0.002167, 15.133789, 21.359253, 329.894989
-0.090750, 0.001745, 1071.000000, 0.027923, 2000.000000, 1000.000000, 16.973942, 16.283714, 17.309097, 17.433247, -0.203594, 0.371173, 0.141519, -0.453752, 0.008726, 0.139616, -8.449617, -13.305243, -44.037777, -0.107975, -0.636959, 0.044944, 0.002062, 15.000977, 23.480225, 360.900848
-0.101222, 0.006981, 1072.000000, 0.029668, 2000.000000, 1000.000000, 16.691668, 15.898993, 17.690557, 17.718782, -0.205226, 0.704671, 0.191113, -0.506108, 0.034904, 0.148342, -10.731414, -14.816341, -44.478432, -0.161237, -1.191958, 0.020443, 0.002122, 15.086914, 20.361328, 314.392090
-0.172775, 0.005236, 1072.000000, 0.038394, 2000.000000, 1000.000000, 17.720877, 15.133308, 16.968306, 18.177507, -0.949191, 0.572907, 0.344592, -0.863874, 0.026178, 0.191972, -13.343721, -19.067284, -45.267338, 0.761276, -0.968254, -0.039211, 0.002309, 15.000977, 23.440552, 359.985321
-0.181501, 0.005236, 1071.000000, 0.068063, 2000.000000, 1000.000000, 18.007160, 15.318130, 17.134914, 17.539795, -0.773477, 0.337354, 0.571038, -0.907504, 0.026178, 0.340314, -13.608045, -21.610960, -45.470131, 0.428915, -0.566652, -0.044537, 0.001756, 14.985352, 23.638916, 362.792938
-0.179756, 0.005236, 1072.000000, 0.094241, 2000.000000, 1000.000000, 17.704548, 15.901328, 17.292316, 17.101807, -0.403177, 0.197062, 0.498433, -0.898778, 0.026178, 0.471204, -14.405869, -22.424038, -45.623291, -0.219827, -0.319512, 0.137622, 0.001844, 15.047852, 21.279907, 328.124969
-0.139616, 0.026178, 1048.000000, 0.125654, 2000.000000, 1000.000000, 14.328771, 13.368487, 14.791881, 13.510861, 0.080184, 0.151371, 0.560326, -0.698080, 0.130890, 0.628272, -17.124067, -20.883432, -45.748817, -0.855785, -0.129896, 0.253735, 0.002254, 15.321289, 11.401367, 178.894028
-0.101222, 0.054101, 1046.000000, 0.127400, 2000.000000, 1000.000000, 14.227645, 13.111718, 14.836699, 13.823937, -0.025792, 0.330319, 0.532172, -0.506108, 0.270506, 0.636998, -19.044029, -19.945976, -45.690712, -0.475488, -0.305664, 0.281432, 0.001748, 15.368164, 9.280396, 145.996094
-0.069808, 0.089005, 1043.000000, 0.144852, 2000.000000, 1000.000000, 14.933352, 12.222807, 14.603659, 14.240183, -0.586768, 0.421920, 0.768506, -0.349040, 0.445026, 0.724258, -19.846413, -21.236660, -44.971775, 0.667533, -0.283294, 0.208994, 0.002020, 15.309570, 11.401367, 178.832993
-0.064572, 0.097731, 1043.000000, 0.164049, 2000.000000, 1000.000000, 15.557508, 12.332467, 14.322669, 13.787356, -0.672432, 0.055012, 0.940088, -0.322862, 0.488656, 0.820244, -18.111225, -22.584780, -43.842575, 0.839040, 0.402732, 0.189819, 0.002388, 15.309570, 11.160278, 174.926743
-0.055846, 0.109948, 1042.000000, 0.179756, 2000.000000, 1000.000000, 15.482049, 13.071914, 13.984365, 13.461673, -0.471861, -0.276981, 0.733206, -0.279232, 0.549738, 0.898778, -15.132085, -22.272717, -41.915737, 0.545028, 1.056801, 0.409262, 0.001766, 15.309570, 11.560059, 181.274399
-0.019197, 0.139616, 1045.000000, 0.181501, 2000.000000, 1000.000000, 14.901012, 13.633200, 14.101528, 13.364260, -0.132636, -0.267106, 0.501270, -0.095986, 0.698080, 0.907504, -12.038085, -20.332037, -39.382908, 0.135969, 1.181436, 0.575443, 0.002197, 15.309570, 11.718750, 183.715805
-0.001745, 0.183246, 1042.000000, 0.176265, 2000.000000, 1000.000000, 14.199457, 13.369553, 14.455055, 13.975935, -0.087696, 0.215495, 0.327256, -0.008726, 0.916230, 0.881326, -9.626127, -17.893034, -36.073334, 0.145557, 0.561456, 0.667055, 0.002272, 15.309570, 11.840820, 185.607895
-0.003490, 0.183246, 1043.000000, 0.165794, 2000.000000, 1000.000000, 14.689359, 13.078742, 13.910336, 14.321563, -0.505461, 0.115949, 0.299847, -0.017452, 0.916230, 0.828970, -7.442109, -17.335571, -33.665970, 0.874193, 0.738289, 0.634032, 0.001792, 15.270508, 12.799072, 200.195297
-0.005236, 0.183246, 1043.000000, 0.148342, 2000.000000, 1000.000000, 15.404030, 13.148550, 13.199892, 14.247528, -0.825779, -0.276290, 0.301961, -0.026178, 0.916230, 0.741710, -2.919163, -16.464975, -30.763729, 1.411083, 1.418988, 0.543485, 0.002254, 15.278320, 12.640381, 197.814926
-0.005236, 0.183246, 1030.000000, 0.129145, 2000.000000, 1000.000000, 14.094135, 12.890451, 12.045282, 12.970131, -0.532133, -0.492294, 0.069709, -0.026178, 0.916230, 0.645724, 5.004429, -12.685811, -26.413870, 0.904020, 1.796089, 0.604205, 0.002259, 15.555664, 1.480103, 23.620604
-0.055846, 0.184991, 1019.000000, 0.127400, 2000.000000, 1000.000000, 11.715036, 10.977013, 10.270302, 11.037649, -0.376343, -0.346025, -0.007331, -0.279232, 0.924956, 0.636998, 8.427702, -9.332115, -24.090923, 0.376718, 1.560668, 0.648945, 0.001854, 15.485352, 5.358887, 80.505363
-0.109948, 0.169284, 1019.000000, 0.129145, 2000.000000, 1000.000000, 11.841852, 10.673212, 10.331816, 11.153120, -0.497486, -0.257532, 0.086834, -0.549738, 0.846422, 0.645724, 11.779887, -4.584446, -21.121975, 0.304280, 1.314593, 0.592487, 0.002309, 15.504883, 3.201294, 50.781246
-0.125654, 0.160558, 1021.000000, 0.122164, 2000.000000, 1000.000000, 13.051178, 11.769230, 11.116432, 12.063160, -0.557169, -0.410204, 0.083805, -0.628272, 0.802792, 0.610820, 13.864897, -1.370578, -19.493521, 0.329846, 1.537232, 0.559464, 0.002208, 15.387695, 8.679199, 136.230469
-0.162304, 0.151832, 1021.000000, 0.099476, 2000.000000, 1000.000000, 13.136659, 11.989493, 10.603364, 12.270484, -0.703571, -0.563076, -0.129989, -0.811518, 0.759162, 0.497382, 16.265747, 2.436841, -18.016323, 0.405480, 1.772654, 0.591422, 0.001846, 15.415039, 7.720947, 121.887199
-0.183246, 0.139616, 1022.000000, 0.057592, 2000.000000, 1000.000000, 12.800215, 12.205441, 10.462879, 12.531466, -0.665840, -0.502828, -0.368453, -0.916230, 0.698080, 0.287958, 18.559706, 6.686706, -16.588158, 0.227582, 1.596886, 0.541354, 0.002059, 15.426758, 7.281494, 114.990227
-0.186736, 0.083770, 1023.000000, 0.019197, 2000.000000, 1000.000000, 12.435218, 11.537446, 11.026988, 13.000348, -0.717783, 0.013669, -0.268897, -0.933682, 0.418848, 0.095986, 20.580822, 10.313157, -15.367238, 0.295758, 0.405928, 0.279301, 0.002279, 15.422852, 7.199097, 113.708488
-0.190227, 0.061082, 1071.000000, 0.001745, 2000.000000, 1000.000000, 17.098820, 16.330574, 16.243938, 18.326668, -0.712744, 0.285303, -0.328621, -0.951134, 0.305410, 0.008726, 21.456390, 10.278770, -14.865137, 0.276583, -0.187420, 0.232430, 0.001771, 14.825195, 29.479980, 447.998016
-0.195462, 0.059337, 1074.000000, 0.001745, 2000.000000, 1000.000000, 16.778931, 16.501087, 16.570534, 18.149448, -0.464189, 0.359990, -0.325267, -0.977312, 0.296684, 0.008726, 21.282099, 9.322342, -14.119658, -0.189999, -0.331230, 0.230299, 0.001755, 14.930664, 25.039673, 382.934540
-0.246073, 0.026178, 1068.000000, 0.001745, 2000.000000, 1000.000000, 16.661201, 16.466196, 15.260098, 15.612502, -0.136853, -0.563700, -0.039350, -1.230366, 0.130890, 0.008726, 18.977774, 11.281757, -13.294977, -1.019835, 1.113259, 0.035357, 0.002202, 15.176758, 12.640381, 196.716293
-0.254799, 0.005236, 1070.000000, 0.001745, 2000.000000, 1000.000000, 17.951494, 17.564318, 16.217539, 16.266649, -0.109073, -0.757906, 0.084517, -1.273996, 0.026178, 0.008726, 16.942417, 15.454473, -12.876531, -1.118904, 1.363595, -0.048798, 0.001748, 15.180664, 15.438843, 239.929184
-0.249564, 0.001745, 1071.000000, 0.003490, 2000.000000, 1000.000000, 17.618137, 16.452869, 16.968845, 16.960148, -0.289142, -0.035503, 0.293492, -1.247818, 0.008726, 0.017452, 13.724529, 19.728769, -12.428175, -0.775891, 0.071437, -0.180890, 0.002283, 15.051758, 20.159912, 310.913086
-0.249564, 0.003490, 1071.000000, 0.003490, 2000.000000, 1000.000000, 17.123264, 15.895335, 17.624275, 17.357124, -0.240195, 0.490700, 0.373770, -1.247818, 0.017452, 0.017452, 11.136881, 18.858223, -12.110274, -0.858981, -0.836162, -0.235218, 0.002277, 15.036133, 20.999146, 323.120087
-0.268761, 0.003490, 1059.000000, 0.003490, 2000.000000, 1000.000000, 15.089568, 14.200702, 15.798062, 14.911668, -0.000618, 0.354865, 0.443815, -1.343804, 0.017452, 0.017452, 7.665621, 17.310699, -11.709519, -1.380957, -0.607132, -0.284220, 0.001777, 14.977539, 24.279785, 372.192352
-0.272251, 0.001745, 1044.000000, 0.001745, 2000.000000, 1000.000000, 14.594798, 13.985400, 14.555524, 12.864278, 0.270462, -0.290099, 0.575161, -1.361256, 0.008726, 0.008726, 0.400335, 19.148323, -11.003883, -1.868845, 0.516715, -0.382224, 0.002079, 15.387695, 8.480835, 133.605957
-0.263525, 0.001745, 1041.000000, 0.001745, 2000.000000, 1000.000000, 14.428590, 13.834031, 14.431771, 13.305608, 0.132901, -0.131310, 0.430180, -1.317626, 0.008726, 0.008726, -4.333352, 21.113369, -10.218248, -1.583356, 0.238683, -0.283155, 0.002220, 15.305664, 11.441040, 179.199203
-0.261780, 0.001745, 1043.000000, 0.001745, 2000.000000, 1000.000000, 14.272617, 13.326454, 14.633753, 13.767176, -0.019897, 0.200465, 0.453185, -1.308900, 0.008726, 0.008726, -8.565221, 21.576994, -9.412554, -1.314911, -0.345078, -0.300199, 0.001766, 15.293945, 11.840820, 185.302719
-0.240838, 0.000000, 1045.000000, 0.001745, 2000.000000, 1000.000000, 13.894666, 12.740043, 15.176799, 14.188493, -0.041579, 0.682646, 0.535733, -1.204188, 0.000000, 0.008726, -14.545304, 18.936157, -8.655326, -1.163645, -1.197285, -0.355593, 0.002001, 15.231445, 13.760376, 214.599594
-0.184991, 0.000000, 1039.000000, 0.001745, 2000.000000, 1000.000000, 12.771399, 12.082246, 14.244390, 12.901965, 0.163318, 0.573177, 0.507895, -0.924956, 0.000000, 0.008726, -18.340355, 16.264727, -8.366769, -1.239278, -1.011930, -0.337483, 0.001799, 15.309570, 10.479736, 164.184555
-0.085515, 0.000000, 1040.000000, 0.001745, 2000.000000, 1000.000000, 14.568213, 13.510725, 14.453445, 13.467617, -0.017915, -0.039469, 0.510829, -0.427574, 0.000000, 0.008726, -22.532604, 15.076745, -8.593102, -0.406247, 0.068241, -0.337483, 0.002406, 15.247070, 13.040161, 203.491196
-0.055846, 0.000000, 1044.000000, 0.001745, 2000.000000, 1000.000000, 14.973574, 13.028076, 14.127438, 13.870913, -0.422244, -0.000825, 0.550505, -0.279232, 0.000000, 0.008726, -22.270800, 15.260179, -9.586164, 0.452351, 0.001130, -0.365180, 0.002157, 15.250977, 13.281250, 207.275375
-0.052356, 0.000000, 1045.000000, 0.005236, 2000.000000, 1000.000000, 15.085012, 12.298426, 14.050604, 14.565958, -0.825485, 0.308281, 0.567808, -0.261780, 0.000000, 0.026178, -20.021515, 14.105552, -11.149698, 1.187379, -0.543216, -0.360919, 0.001758, 15.219727, 14.120483, 220.092758
-0.075044, 0.003490, 1047.000000, 0.008726, 2000.000000, 1000.000000, 14.629143, 12.150227, 14.231640, 14.988991, -0.809067, 0.610315, 0.430391, -0.375218, 0.017452, 0.043630, -15.938307, 9.543527, -13.183926, 1.023329, -1.046018, -0.248002, 0.002249, 15.125977, 20.559692, 317.932129
-0.075044, 0.005236, 1054.000000, 0.006981, 2000.000000, 1000.000000, 15.533465, 13.561547, 15.256707, 15.648281, -0.590872, 0.452494, 0.395086, -0.375218, 0.026178, 0.034904, -14.383534, 6.631462, -14.040162, 0.644097, -0.758398, -0.232023, 0.002297, 14.969727, 24.121094, 369.811981
-0.090750, 0.001745, 1059.000000, 0.003490, 2000.000000, 1000.000000, 15.779060, 14.010929, 14.845224, 15.364786, -0.571923, 0.105005, 0.312143, -0.453752, 0.008726, 0.017452, -13.086162, 5.114933, -14.709090, 0.541833, -0.175703, -0.194739, 0.001779, 15.188477, 9.280396, 144.897461
-0.113438, 0.000000, 1058.000000, 0.001745, 2000.000000, 1000.000000, 16.212086, 14.060280, 14.808887, 14.918747, -0.565416, -0.136183, 0.510487, -0.567190, 0.000000, 0.008726, -11.090277, 5.305141, -15.995348, 0.403349, 0.238683, -0.337483, 0.002002, 15.227539, 13.000488, 202.697739
-0.120419, 0.000000, 1060.000000, 0.001745, 2000.000000, 1000.000000, 16.771643, 14.705459, 16.236933, 16.285967, -0.528804, 0.261450, 0.504287, -0.602094, 0.000000, 0.008726, -10.417223, 4.948458, -16.919132, 0.300019, -0.451604, -0.332157, 0.002314, 15.032227, 20.919800, 322.204559
-0.111693, 0.001745, 1059.000000, 0.003490, 2000.000000, 1000.000000, 15.647604, 13.377724, 15.308601, 15.666070, -0.656837, 0.487336, 0.478103, -0.558464, 0.008726, 0.017452, -10.012758, 2.705583, -17.808611, 0.579117, -0.848945, -0.307656, 0.001783, 15.250977, 11.761475, 183.593735
-0.101222, 0.001745, 1059.000000, 0.003490, 2000.000000, 1000.000000, 15.962233, 13.615292, 14.828161, 15.594315, -0.778274, 0.211238, 0.395197, -0.506108, 0.008726, 0.017452, -8.622745, 0.357647, -18.609293, 0.840105, -0.361057, -0.250132, 0.002157, 15.258789, 12.161255, 190.002426
-0.082024, 0.001745, 1057.000000, 0.003490, 2000.000000, 1000.000000, 16.136866, 14.258564, 14.320553, 15.284018, -0.710442, -0.197715, 0.228710, -0.410122, 0.008726, 0.017452, -4.819994, -0.600449, -19.427536, 0.815604, 0.352665, -0.137215, 0.002218, 15.145508, 17.440796, 270.385742
-0.069808, 0.001745, 1053.000000, 0.012216, 2000.000000, 1000.000000, 15.703347, 14.576169, 14.903474, 14.817010, -0.260178, -0.139758, 0.303410, -0.349040, 0.008726, 0.061082, -3.404175, -0.168579, -19.729778, 0.101881, 0.255727, -0.144672, 0.001758, 15.231445, 12.680054, 197.814926
-0.022688, 0.003490, 1053.000000, 0.062827, 2000.000000, 1000.000000, 15.664681, 13.927287, 15.543826, 14.864205, -0.264443, 0.204016, 0.604254, -0.113438, 0.017452, 0.314136, -3.215792, -0.492733, -20.303379, 0.341564, -0.336556, -0.091409, 0.002283, 15.192383, 14.199829, 220.886215
-0.019197, 0.003490, 1053.000000, 0.076789, 2000.000000, 1000.000000, 15.945692, 13.269543, 15.207777, 15.576988, -0.761340, 0.392382, 0.576735, -0.095986, 0.017452, 0.383944, -1.834640, -2.515966, -20.373037, 1.225728, -0.665721, -0.002992, 0.002192, 15.172852, 15.200806, 239.318832
-0.024433, 0.003490, 1052.000000, 0.062827, 2000.000000, 1000.000000, 16.184710, 13.078712, 14.626307, 16.110271, -1.147490, 0.368289, 0.405508, -0.122164, 0.017452, 0.314136, 1.497155, -5.743565, -20.107889, 1.888318, -0.629502, 0.041749, 0.001873, 15.133789, 16.360474, 253.478989
-0.076789, 0.001745, 1052.000000, 0.057592, 2000.000000, 1000.000000, 16.174126, 13.396436, 14.625791, 15.803647, -0.988887, 0.214719, 0.399958, -0.383944, 0.008726, 0.287958, 7.957149, -10.262938, -19.047194, 1.341841, -0.367449, 0.019378, 0.001946, 15.208008, 13.760376, 214.294418
-0.097731, 0.001745, 1052.000000, 0.057592, 2000.000000, 1000.000000, 15.605968, 14.018108, 15.063297, 15.312626, -0.459297, 0.187962, 0.334633, -0.488656, 0.008726, 0.287958, 9.771429, -11.758516, -18.631098, 0.298954, -0.317382, 0.064119, 0.002318, 15.239258, 12.078857, 190.917953
-0.125654, 0.001745, 1052.000000, 0.059337, 2000.000000, 1000.000000, 15.217044, 14.263120, 15.489173, 15.030663, -0.123854, 0.259919, 0.353109, -0.628272, 0.008726, 0.296684, 8.927602, -12.563137, -18.628239, -0.431813, -0.447343, 0.059858, 0.001759, 15.204102, 13.479614, 209.899887
-0.157068, 0.003490, 1052.000000, 0.066318, 2000.000000, 1000.000000, 15.528193, 13.874207, 15.236609, 15.360990, -0.444592, 0.298800, 0.382401, -0.785340, 0.017452, 0.331588, 6.962784, -13.815895, -18.797569, -0.032341, -0.500606, 0.075837, 0.002284, 15.157227, 15.200806, 235.778793
-0.164049, 0.006981, 1052.000000, 0.043630, 2000.000000, 1000.000000, 15.694080, 13.853626, 14.640982, 15.811312, -0.752696, 0.226147, 0.167531, -0.820244, 0.034904, 0.218150, 7.276593, -15.226002, -18.500933, 0.469395, -0.358927, 0.106729, 0.002263, 15.215820, 12.921143, 201.416000
-0.178010, 0.006981, 1052.000000, 0.026178, 2000.000000, 1000.000000, 15.709808, 14.096268, 14.327976, 15.865948, -0.787878, 0.096962, 0.018892, -0.890052, 0.034904, 0.130890, 8.559534, -16.390003, -17.828968, 0.474721, -0.136288, 0.119512, 0.001800, 15.165039, 14.999390, 232.910141
-0.179756, 0.006981, 1052.000000, 0.005236, 2000.000000, 1000.000000, 15.508462, 14.397414, 14.695144, 15.398980, -0.453721, 0.047062, 0.101803, -0.898778, 0.034904, 0.026178, 9.327648, -16.750889, -17.518257, -0.131410, -0.045741, -0.042407, 0.002266, 15.184570, 13.839722, 215.209946
-0.179756, 0.022688, 1042.000000, 0.001745, 2000.000000, 1000.000000, 14.305681, 13.124844, 14.125143, 14.444332, -0.375007, 0.284738, 0.215412, -0.898778, 0.113438, 0.008726, 8.501418, -17.050943, -18.020149, -0.268828, -0.378101, -0.137215, 0.002373, 15.274414, 11.239624, 175.781235
-0.174520, 0.047120, 1041.000000, 0.001745, 2000.000000, 1000.000000, 14.049850, 13.015491, 14.397314, 14.537344, -0.293597, 0.467329, 0.223583, -0.872600, 0.235602, 0.008726, 7.014654, -17.986725, -18.884504, -0.381746, -0.582631, -0.143606, 0.001767, 15.243164, 12.799072, 199.584946
-0.157068, 0.071553, 1040.000000, 0.001745, 2000.000000, 1000.000000, 14.208059, 13.209732, 13.961140, 14.621069, -0.414564, 0.291105, 0.084599, -0.785340, 0.357766, 0.008726, 5.387851, -19.440058, -19.849323, -0.078147, -0.144810, -0.048798, 0.002004, 15.321289, 8.959961, 140.625000
-0.162304, 0.073298, 1038.000000, 0.001745, 2000.000000, 1000.000000, 13.627427, 12.336530, 12.655026, 13.381017, -0.504222, 0.018021, 0.141227, -0.811518, 0.366492, 0.008726, 5.541646, -19.155268, -19.963837, 0.050749, 0.343078, -0.087148, 0.002150, 15.211914, 7.321167, 114.807121
-0.164049, 0.076789, 1039.000000, 0.001745, 2000.000000, 1000.000000, 13.874151, 12.334257, 12.710541, 13.081051, -0.477601, -0.104204, 0.292346, -0.820244, 0.383944, 0.008726, 6.143842, -18.026659, -20.156792, -0.000384, 0.578500, -0.190478, 0.001800, 15.336914, 8.560181, 134.399414
-0.167539, 0.097731, 1039.000000, 0.001745, 2000.000000, 1000.000000, 13.815425, 12.357207, 12.934636, 12.892732, -0.354078, -0.086316, 0.375030, -0.837696, 0.488656, 0.008726, 6.483449, -16.315268, -20.677515, -0.239001, 0.650937, -0.245871, 0.002187, 15.215820, 13.320923, 207.580551
-0.169284, 0.120419, 1040.000000, 0.001745, 2000.000000, 1000.000000, 14.364765, 13.358446, 13.949568, 14.327221, -0.345993, 0.138394, 0.157166, -0.846422, 0.602094, 0.008726, 5.951579, -13.852128, -21.580002, -0.263502, 0.375036, -0.097800, 0.002337, 15.188477, 13.879395, 215.881332
-0.179756, 0.122164, 1040.000000, 0.001745, 2000.000000, 1000.000000, 14.602027, 13.190104, 13.842263, 14.365605, -0.483817, 0.103935, 0.222145, -0.898778, 0.610820, 0.008726, 5.978946, -12.750691, -21.841850, -0.071756, 0.445343, -0.142541, 0.001820, 15.243164, 11.920166, 185.974106
-0.267016, 0.085515, 1041.000000, 0.001745, 2000.000000, 1000.000000, 15.111743, 13.184413, 13.758285, 13.945560, -0.528651, -0.148078, 0.435014, -1.335078, 0.427574, 0.008726, 6.132272, -10.255654, -22.788784, -0.444596, 0.695678, -0.286351, 0.002299, 15.231445, 11.840820, 184.814438
-0.296684, 0.057592, 1057.000000, 0.001745, 2000.000000, 1000.000000, 15.692297, 14.636576, 14.861744, 14.809383, -0.250841, -0.164437, 0.277020, -1.483420, 0.287958, 0.008726, 5.001891, -7.677113, -23.647680, -1.080555, 0.582761, -0.178760, 0.002256, 15.282227, 10.440063, 163.391098
-0.294939, 0.054101, 1063.000000, 0.001745, 2000.000000, 1000.000000, 16.119318, 15.856619, 16.313486, 15.710577, 0.085052, 0.012031, 0.216402, -1.474694, 0.270506, 0.008726, 2.101801, -5.119837, -24.380785, -1.662186, 0.258923, -0.138280, 0.001927, 14.934570, 23.681641, 362.304657
-0.294939, 0.050611, 1065.000000, 0.001745, 2000.000000, 1000.000000, 16.029510, 15.902912, 16.183922, 15.883656, 0.043417, 0.033788, 0.106716, -1.474694, 0.253054, 0.008726, -3.916308, -1.627248, -25.088474, -1.586552, 0.200333, -0.063712, 0.001977, 15.102539, 16.799927, 259.826660
-0.294939, 0.050611, 1066.000000, 0.001745, 2000.000000, 1000.000000, 16.640060, 15.691760, 15.690692, 15.977485, -0.308774, -0.165911, 0.165377, -1.474694, 0.253054, 0.008726, -6.352418, 0.631211, -25.335218, -0.970833, 0.548673, -0.103127, 0.002168, 15.086914, 17.401123, 268.920898
-0.293194, 0.043630, 1065.000000, 0.001745, 2000.000000, 1000.000000, 16.927387, 15.771171, 15.696301, 15.605140, -0.266264, -0.349279, 0.311844, -1.465968, 0.218150, 0.008726, -7.677408, 3.406901, -25.737385, -1.039010, 0.838423, -0.203261, 0.001801, 15.079102, 17.721558, 273.620605
-0.282722, 0.034904, 1065.000000, 0.003490, 2000.000000, 1000.000000, 16.547638, 15.882391, 16.089512, 15.480461, -0.014049, -0.215014, 0.318575, -1.413612, 0.174520, 0.017452, -9.832674, 6.698225, -26.059883, -1.422503, 0.553999, -0.197934, 0.002243, 15.110352, 16.439819, 254.516586
-0.260035, 0.033159, 1065.000000, 0.003490, 2000.000000, 1000.000000, 16.101978, 15.928524, 16.636124, 15.333373, 0.282324, -0.015252, 0.369051, -1.300174, 0.165794, 0.017452, -15.556344, 10.981314, -26.075909, -1.819844, 0.197138, -0.232023, 0.002274, 15.098633, 17.520142, 270.812988
-0.254799, 0.033159, 1065.000000, 0.003490, 2000.000000, 1000.000000, 16.361883, 15.894897, 16.383694, 15.359528, 0.139295, -0.128389, 0.372788, -1.273996, 0.165794, 0.017452, -19.226227, 13.578913, -25.920488, -1.552464, 0.396341, -0.236284, 0.001748, 15.098633, 16.519165, 260.925293
-0.235602, 0.024433, 1065.000000, 0.003490, 2000.000000, 1000.000000, 17.225193, 15.557819, 15.689804, 15.527184, -0.376188, -0.391506, 0.457498, -1.178010, 0.122164, 0.017452, -21.898737, 17.643467, -26.321312, -0.550057, 0.803269, -0.291677, 0.002345, 15.059570, 18.640137, 287.414551
-0.209424, 0.008726, 1065.000000, 0.003490, 2000.000000, 1000.000000, 17.282560, 15.415901, 15.550222, 15.751314, -0.516938, -0.349231, 0.416391, -1.047120, 0.043630, 0.017452, -21.603256, 19.791142, -27.182699, -0.171890, 0.649872, -0.263980, 0.002317, 15.075195, 17.840576, 275.329590
-0.158813, 0.006981, 1065.000000, 0.001745, 2000.000000, 1000.000000, 16.395145, 15.173373, 16.265741, 16.165737, -0.280442, 0.215740, 0.330444, -0.794066, 0.034904, 0.008726, -22.036636, 20.456411, -27.635530, -0.325287, -0.341883, -0.216044, 0.001751, 15.020508, 20.080566, 308.776855
-0.061082, 0.003490, 1065.000000, 0.005236, 2000.000000, 1000.000000, 15.893438, 14.943249, 17.044058, 16.119257, -0.006347, 0.581657, 0.468748, -0.305410, 0.017452, 0.026178, -25.417862, 18.011208, -27.591700, -0.297590, -0.991690, -0.290612, 0.002341, 15.118164, 14.199829, 219.787582
-0.043630, 0.003490, 1065.000000, 0.005236, 2000.000000, 1000.000000, 16.773386, 15.159432, 16.094728, 15.972451, -0.372919, 0.033591, 0.434058, -0.218150, 0.017452, 0.026178, -25.830608, 16.579561, -28.216146, 0.425720, -0.041480, -0.267176, 0.002319, 15.024414, 19.119263, 294.189453
-0.045375, 0.001745, 1063.000000, 0.005236, 2000.000000, 1000.000000, 17.688845, 15.114506, 15.321623, 15.875025, -0.781936, -0.401676, 0.505234, -0.226876, 0.008726, 0.026178, -23.346046, 16.514166, -29.698975, 1.142638, 0.714853, -0.317243, 0.001782, 15.071289, 17.160034, 265.014648
-0.045375, 0.001745, 1061.000000, 0.005236, 2000.000000, 1000.000000, 17.579449, 14.715116, 15.255477, 16.449959, -1.014704, -0.147281, 0.417463, -0.226876, 0.008726, 0.026178, -19.088657, 15.855228, -31.690783, 1.537849, 0.266379, -0.256524, 0.002129, 15.067383, 17.480469, 269.714355
-0.059337, 0.001745, 1060.000000, 0.003490, 2000.000000, 1000.000000, 16.534573, 14.558582, 15.963707, 16.943138, -0.738855, 0.453422, 0.249140, -0.296684, 0.008726, 0.017452, -15.019371, 11.770016, -33.494194, 0.982849, -0.778638, -0.151063, 0.002243, 15.114258, 15.200806, 235.290512
-0.064572, 0.000000, 1061.000000, 0.003490, 2000.000000, 1000.000000, 16.273325, 14.707992, 16.215738, 16.802946, -0.538136, 0.509342, 0.244531, -0.322862, 0.000000, 0.017452, -14.615730, 8.625533, -34.006947, 0.618531, -0.899013, -0.148933, 0.001749, 15.071289, 17.199707, 270.385742
-0.038394, 0.000000, 1060.000000, 0.005236, 2000.000000, 1000.000000, 16.663902, 15.247214, 15.460898, 16.627987, -0.645944, 0.044442, 0.062400, -0.191972, 0.000000, 0.026178, -13.362036, 5.069656, -34.433632, 0.925325, -0.077699, -0.015775, 0.002333, 15.071289, 16.918945, 261.108398
-0.005236, 0.000000, 1059.000000, 0.006981, 2000.000000, 1000.000000, 16.159397, 14.166830, 14.365576, 15.308197, -0.733797, -0.163114, 0.262486, -0.026178, 0.000000, 0.034904, -10.599832, 3.683515, -34.863098, 1.253425, 0.283424, -0.142541, 0.002183, 15.153320, 11.318970, 175.903305
-0.003490, 0.001745, 1036.000000, 0.020942, 2000.000000, 1000.000000, 14.419959, 11.705544, 12.355977, 13.518519, -0.969239, -0.062752, 0.387968, -0.017452, 0.008726, 0.104712, -6.950305, 1.872670, -35.541107, 1.688050, 0.120439, -0.158520, 0.001853, 15.415039, 4.238892, 66.894531
-0.003490, 0.001745, 1031.000000, 0.026178, 2000.000000, 1000.000000, 13.602221, 11.863381, 12.723077, 13.811320, -0.706771, 0.267198, 0.162649, -0.017452, 0.008726, 0.130890, -2.377361, -2.275001, -35.753468, 1.224663, -0.460126, 0.021509, 0.001943, 15.325195, 7.238770, 113.586418
-0.003490, 0.001745, 1033.000000, 0.024433, 2000.000000, 1000.000000, 13.337510, 11.958930, 12.977948, 13.725612, -0.531561, 0.351780, 0.157729, -0.017452, 0.008726, 0.122164, -1.005105, -5.051878, -35.623009, 0.907216, -0.602871, 0.016182, 0.002373, 15.305664, 8.358765, 130.981445
-0.003490, 0.005236, 1032.000000, 0.034904, 2000.000000, 1000.000000, 13.365416, 12.031223, 13.048176, 13.555185, -0.460301, 0.301680, 0.206796, -0.017452, 0.026178, 0.174520, -0.077815, -7.586763, -35.482868, 0.795364, -0.505932, 0.035357, 0.001765, 15.274414, 9.838867, 153.930664
-0.003490, 0.005236, 1032.000000, 0.057592, 2000.000000, 1000.000000, 13.805888, 11.866342, 12.814239, 13.513532, -0.659710, 0.163885, 0.310064, -0.017452, 0.026178, 0.287958, 1.402798, -9.915380, -35.051521, 1.133051, -0.259858, 0.080098, 0.002183, 15.321289, 7.879639, 123.596184
-0.003490, 0.017452, 1032.000000, 0.059337, 2000.000000, 1000.000000, 14.204922, 11.677246, 12.306543, 13.811289, -1.008105, 0.058916, 0.255732, -0.017452, 0.087260, 0.296684, 6.250353, -13.543256, -33.745487, 1.741313, -0.012718, 0.125904, 0.002186, 15.286133, 9.320068, 145.874023
-0.003490, 0.047120, 1032.000000, 0.061082, 2000.000000, 1000.000000, 13.920455, 11.521087, 12.419156, 14.139302, -1.029878, 0.279230, 0.169805, -0.017452, 0.235602, 0.305410, 10.205846, -16.470921, -32.293404, 1.804163, -0.251336, 0.193015, 0.001757, 15.274414, 9.921265, 155.212402
-0.003490, 0.130890, 1039.000000, 0.061082, 2000.000000, 1000.000000, 13.844092, 11.172793, 12.702199, 14.280915, -1.062504, 0.491557, 0.273145, -0.017452, 0.654450, 0.305410, 14.299026, -19.720554, -30.581545, 1.858491, -0.194877, 0.122708, 0.001772, 15.290039, 8.959961, 140.319824
-0.003490, 0.167539, 1045.000000, 0.033159, 2000.000000, 1000.000000, 15.259994, 12.513448, 12.990560, 15.235999, -1.247997, 0.113279, 0.125276, -0.017452, 0.837696, 0.165794, 22.308981, -22.829332, -27.309208, 2.156764, 0.658394, 0.082228, 0.002326, 15.129883, 15.280151, 236.694321
-0.034904, 0.164049, 1051.000000, 0.017452, 2000.000000, 1000.000000, 16.511868, 14.049793, 13.269367, 16.168972, -1.340420, -0.280830, -0.109382, -0.174520, 0.820244, 0.087260, 29.274870, -22.898340, -24.220743, 2.149307, 1.327376, 0.162123, 0.002221, 15.215820, 11.880493, 185.119614
-0.083770, 0.150087, 1047.000000, 0.008726, 2000.000000, 1000.000000, 15.161604, 13.806456, 12.744528, 14.287413, -0.724509, -0.484030, -0.046934, -0.418848, 0.750436, 0.043630, 38.038502, -19.061577, -20.550093, 0.840105, 1.614996, 0.075837, 0.002147, 15.235352, 11.199951, 174.682602
-0.109948, 0.134380, 1046.000000, 0.005236, 2000.000000, 1000.000000, 14.701161, 13.842814, 13.228726, 14.227298, -0.464230, -0.271988, -0.035056, -0.549738, 0.671902, 0.026178, 40.716751, -15.990179, -19.563606, 0.245691, 1.163326, 0.050271, 0.002238, 15.227539, 11.279297, 175.903305
-0.137871, 0.129145, 1048.000000, 0.003490, 2000.000000, 1000.000000, 14.238171, 13.904686, 13.671818, 14.185326, -0.211748, -0.071428, -0.045006, -0.689354, 0.645724, 0.017452, 41.303558, -13.499249, -19.277687, -0.335940, 0.785160, 0.048140, 0.002304, 15.231445, 11.361694, 177.185043
-0.209424, 0.106457, 1048.000000, 0.001745, 2000.000000, 1000.000000, 14.280520, 13.844035, 13.644300, 14.231145, -0.255832, -0.062278, -0.037590, -1.047120, 0.532286, 0.008726, 40.613594, -11.224704, -19.305153, -0.625690, 0.652003, 0.034292, 0.002199, 15.227539, 11.199951, 174.621567
-0.244328, 0.087260, 1048.000000, 0.001745, 2000.000000, 1000.000000, 14.296638, 13.943446, 13.693894, 14.066022, -0.181330, -0.120042, -0.004734, -1.221640, 0.436300, 0.008726, 38.514431, -7.776058, -19.550837, -0.932484, 0.655198, 0.011921, 0.002281, 15.235352, 11.401367, 177.917465
-0.249564, 0.089005, 1048.000000, 0.001745, 2000.000000, 1000.000000, 14.215856, 14.138175, 13.825406, 13.820563, -0.018210, -0.177015, 0.020631, -1.247818, 0.445026, 0.008726, 36.309734, -4.977019, -19.786558, -1.254192, 0.770246, -0.005123, 0.001754, 15.208008, 12.121582, 188.781723
-0.251309, 0.082024, 1048.000000, 0.001745, 2000.000000, 1000.000000, 14.037394, 13.813551, 14.229944, 13.919111, 0.021747, 0.074528, 0.133669, -1.256544, 0.410122, 0.008726, 31.557621, -0.674665, -20.219557, -1.322368, 0.289815, -0.081821, 0.002388, 15.227539, 11.520386, 179.626450
-0.251309, 0.075044, 1048.000000, 0.001745, 2000.000000, 1000.000000, 14.032284, 13.492100, 14.190758, 14.284859, -0.158571, 0.237808, 0.111521, -1.256544, 0.375218, 0.008726, 28.689686, 0.634291, -20.354862, -1.011313, -0.030827, -0.066908, 0.002150, 15.239258, 10.641479, 166.076645
-0.254799, 0.069808, 1048.000000, 0.001745, 2000.000000, 1000.000000, 14.260196, 13.601073, 14.206357, 13.932374, -0.096285, 0.069366, 0.233276, -1.273996, 0.349040, 0.008726, 26.110231, 1.817173, -20.587675, -1.138079, 0.236552, -0.149998, 0.001919, 15.200195, 12.600708, 196.228012
-0.254799, 0.024433, 1048.000000, 0.003490, 2000.000000, 1000.000000, 14.550959, 14.445993, 14.248363, 12.754684, 0.347179, -0.498476, 0.399661, -1.273996, 0.122164, 0.017452, 21.028610, 6.801894, -21.034214, -1.903999, 0.990755, -0.253328, 0.002401, 15.231445, 10.760498, 167.724594
-0.254799, 0.010471, 1048.000000, 0.001745, 2000.000000, 1000.000000, 14.468625, 14.266232, 14.498158, 12.766984, 0.382196, -0.367429, 0.483392, -1.273996, 0.052356, 0.008726, 16.917440, 10.944032, -21.150698, -1.973241, 0.696744, -0.319374, 0.002185, 15.235352, 10.760498, 167.785629
-0.254799, 0.010471, 1048.000000, 0.001745, 2000.000000, 1000.000000, 14.192260, 13.606423, 15.022971, 13.178346, 0.314698, 0.100659, 0.607615, -1.273996, 0.052356, 0.008726, 12.207331, 13.535126, -21.041862, -1.850736, -0.120309, -0.403529, 0.002261, 15.211914, 11.959839, 186.218246
-0.256544, 0.012216, 1048.000000, 0.001745, 2000.000000, 1000.000000, 13.972163, 12.946439, 15.618871, 13.462527, 0.282655, 0.540699, 0.795517, -1.282722, 0.061082, 0.008726, 6.979067, 13.849819, -21.060452, -1.818778, -0.890490, -0.533491, 0.001805, 15.196289, 12.799072, 196.533188
-0.261780, 0.010471, 1048.000000, 0.001745, 2000.000000, 1000.000000, 13.547440, 12.855310, 16.140770, 13.456480, 0.498040, 0.798625, 0.844104, -1.308900, 0.052356, 0.008726, -3.041736, 12.181504, -21.143919, -2.217185, -1.347486, -0.565448, 0.002002, 15.204102, 12.200928, 187.988266
-0.279232, 0.005236, 1048.000000, 0.001745, 2000.000000, 1000.000000, 13.789601, 13.094666, 15.482598, 13.633134, 0.288632, 0.557866, 0.636100, -1.396160, 0.026178, 0.008726, -9.635422, 11.292609, -21.089766, -1.931696, -0.944819, -0.422704, 0.002320, 15.227539, 11.080933, 175.292953
-0.272251, 0.000000, 1048.000000, 0.001745, 2000.000000, 1000.000000, 14.596695, 12.980066, 14.636139, 13.787100, -0.191898, 0.211619, 0.616417, -1.361256, 0.000000, 0.008726, -14.108130, 11.206320, -21.334003, -1.063511, -0.372775, -0.410986, 0.001878, 15.239258, 10.839844, 170.288071
-0.223386, 0.001745, 1048.000000, 0.001745, 2000.000000, 1000.000000, 14.978114, 12.722232, 14.038644, 14.261010, -0.619562, 0.149827, 0.508379, -1.116928, 0.008726, 0.008726, -15.708799, 11.002647, -22.037725, -0.061103, -0.252401, -0.336418, 0.002183, 15.223633, 11.199951, 174.621567
-0.195462, 0.001745, 1048.000000, 0.001745, 2000.000000, 1000.000000, 14.942134, 12.759484, 13.942201, 14.356181, -0.649158, 0.149191, 0.442167, -0.977312, 0.008726, 0.008726, -15.287777, 9.793757, -23.388388, 0.133839, -0.251336, -0.291677, 0.002143, 15.219727, 11.318970, 176.330551
-0.195462, 0.003490, 1048.000000, 0.001745, 2000.000000, 1000.000000, 14.442870, 13.077504, 14.281518, 14.198108, -0.320489, 0.239813, 0.362194, -0.977312, 0.017452, 0.008726, -15.913794, 9.103087, -24.004629, -0.437139, -0.405798, -0.238414, 0.001748, 15.219727, 11.639404, 181.396469
-0.197208, 0.005236, 1048.000000, 0.001745, 2000.000000, 1000.000000, 14.090789, 13.182656, 14.436809, 14.289746, -0.190267, 0.363277, 0.263799, -0.986038, 0.026178, 0.008726, -19.124275, 8.234454, -24.326672, -0.676822, -0.607132, -0.170238, 0.002275, 15.211914, 11.718750, 182.495102
-0.197208, 0.005236, 1048.000000, 0.001745, 2000.000000, 1000.000000, 14.157972, 12.827755, 14.272058, 14.742214, -0.450094, 0.507136, 0.215015, -0.986038, 0.026178, 0.008726, -21.116180, 6.951239, -24.465033, -0.225153, -0.859598, -0.137215, 0.002164, 15.239258, 9.799194, 167.785629
-0.211169, 0.005236, 1048.000000, 0.001745, 2000.000000, 1000.000000, 14.300050, 12.515204, 13.887523, 15.297223, -0.798637, 0.592373, 0.093787, -1.055846, 0.026178, 0.008726, -21.973753, 4.491093, -24.623997, 0.323455, -1.017256, -0.055190, 0.001819, 15.204102, 11.639404, 181.274399
-0.225131, 0.005236, 1048.000000, 0.001745, 2000.000000, 1000.000000, 14.929536, 12.361529, 13.808539, 14.900395, -0.914966, 0.354467, 0.369038, -1.125654, 0.026178, 0.008726, -21.553364, 0.484182, -25.212402, 0.441698, -0.592218, -0.241610, 0.002238, 15.223633, 9.521484, 148.681641
-0.223386, 0.003490, 1048.000000, 0.001745, 2000.000000, 1000.000000, 14.885207, 12.894448, 14.031154, 14.189191, -0.537199, 0.110172, 0.458181, -1.116928, 0.017452, 0.008726, -21.759407, -0.473478, -26.014460, -0.204913, -0.174637, -0.302330, 0.002247, 15.200195, 11.880493, 184.997543
-0.181501, 0.003490, 1048.000000, 0.001745, 2000.000000, 1000.000000, 14.843609, 13.401669, 13.900730, 13.853992, -0.348801, -0.122638, 0.372170, -0.907504, 0.017452, 0.008726, -22.485310, 0.030881, -26.779099, -0.321026, 0.233356, -0.244806, 0.001804, 15.223633, 10.000610, 156.005859
-0.129145, 0.008726, 1048.000000, 0.000000, 2000.000000, 1000.000000, 15.083403, 13.155794, 13.775728, 13.985075, -0.534238, -0.119599, 0.429565, -0.645724, 0.043630, 0.000000, -22.297495, 0.925645, -27.517601, 0.269127, 0.254662, -0.291677, 0.002173, 15.239258, 10.360718, 161.804184
-0.075044, 0.041885, 1046.000000, 0.001745, 2000.000000, 1000.000000, 14.846329, 12.004049, 14.107763, 15.041859, -0.944094, 0.574811, 0.477046, -0.375218, 0.209424, 0.008726, -19.465261, -1.553728, -28.864918, 1.265143, -0.788226, -0.315113, 0.002237, 15.145508, 14.361572, 222.717270
-0.089005, 0.045375, 1068.000000, 0.001745, 2000.000000, 1000.000000, 16.707586, 13.647268, 16.237671, 17.407473, -1.057530, 0.822572, 0.472630, -0.445026, 0.226876, 0.008726, -17.617889, -6.023144, -29.629276, 1.408952, -1.216459, -0.312982, 0.001748, 14.930664, 21.279907, 325.622528
-0.089005, 0.050611, 1068.000000, 0.001745, 2000.000000, 1000.000000, 17.312572, 14.625707, 15.628907, 16.432816, -0.872693, 0.030860, 0.470740, -0.445026, 0.253054, 0.008726, -14.068192, -10.872055, -30.270323, 1.064874, 0.204594, -0.309786, 0.002263, 15.083008, 15.280151, 236.022934
-0.092496, 0.048866, 1070.000000, 0.001745, 2000.000000, 1000.000000, 18.528553, 16.230179, 16.492111, 16.749157, -0.638856, -0.379366, 0.510331, -0.462478, 0.244328, 0.008726, -11.170634, -10.523561, -30.606085, 0.634510, 0.908730, -0.336418, 0.002279, 14.891602, 23.599243, 359.680145
-0.097731, 0.048866, 1070.000000, 0.001745, 2000.000000, 1000.000000, 18.296293, 16.329298, 16.747282, 16.627127, -0.461710, -0.312796, 0.521788, -0.488656, 0.244328, 0.008726, -8.995126, -8.917624, -31.140856, 0.308541, 0.802204, -0.346005, 0.001813, 14.903320, 23.120117, 353.088348
-0.097731, 0.050611, 1070.000000, 0.001745, 2000.000000, 1000.000000, 17.614962, 15.587996, 17.352015, 17.445028, -0.529995, 0.398521, 0.483487, -0.488656, 0.253054, 0.008726, -7.223263, -9.048125, -32.247166, 0.421459, -0.433495, -0.318309, 0.002259, 14.934570, 21.801758, 333.190887
-0.099476, 0.061082, 1070.000000, 0.001745, 2000.000000, 1000.000000, 17.489655, 15.583523, 17.362240, 17.564583, -0.527119, 0.463411, 0.425947, -0.497382, 0.305410, 0.008726, -7.030763, -10.981434, -33.004955, 0.411871, -0.496345, -0.279959, 0.002059, 14.934570, 21.719360, 332.031219
-0.102967, 0.069808, 1070.000000, 0.001745, 2000.000000, 1000.000000, 17.589968, 16.213781, 16.992064, 17.204187, -0.397077, 0.098126, 0.291016, -0.514834, 0.349040, 0.008726, -6.523163, -11.858241, -33.521351, 0.172188, 0.186485, -0.189412, 0.001749, 14.883789, 22.799683, 347.717255
-0.104712, 0.068063, 1071.000000, 0.001745, 2000.000000, 1000.000000, 18.516436, 16.361609, 16.532618, 16.589338, -0.552888, -0.439023, 0.524527, -0.523560, 0.340314, 0.008726, -3.719487, -9.692056, -34.107380, 0.422524, 1.110064, -0.346005, 0.002278, 14.934570, 20.800781, 318.420410
-0.106457, 0.071553, 1057.000000, 0.001745, 2000.000000, 1000.000000, 15.953937, 13.813148, 15.058099, 15.174817, -0.564377, 0.116458, 0.506018, -0.532286, 0.357766, 0.008726, -1.845702, -8.800408, -34.716244, 0.441698, 0.164115, -0.335353, 0.001808, 15.102539, 13.681030, 211.486801
-0.102967, 0.097731, 1042.000000, 0.001745, 2000.000000, 1000.000000, 14.200782, 12.469752, 14.872371, 14.457095, -0.328938, 0.664732, 0.536576, -0.514834, 0.488656, 0.008726, -1.862492, -10.043288, -35.661102, 0.051814, -0.668917, -0.356658, 0.001867, 15.290039, 7.998657, 125.183098
-0.104712, 0.094241, 1043.000000, 0.001745, 2000.000000, 1000.000000, 14.296062, 13.373274, 14.649174, 13.681490, 0.011223, 0.165332, 0.472618, -0.523560, 0.471204, 0.008726, -3.649097, -10.686258, -37.464764, -0.554318, 0.192877, -0.311917, 0.002308, 15.200195, 11.318970, 176.208481
-0.122164, 0.092496, 1041.000000, 0.001745, 2000.000000, 1000.000000, 14.836262, 13.995365, 14.017534, 13.150839, 0.006450, -0.415813, 0.426898, -0.610820, 0.462478, 0.008726, -3.759852, -8.001942, -38.325809, -0.636342, 1.197415, -0.281025, 0.002253, 15.188477, 11.279297, 175.476059
-0.150087, 0.090750, 1042.000000, 0.001745, 2000.000000, 1000.000000, 15.343642, 14.105494, 13.462474, 13.088389, -0.216016, -0.724568, 0.403058, -0.750436, 0.453752, 0.008726, -2.211540, -3.755439, -38.930397, -0.394529, 1.747088, -0.266111, 0.001761, 15.153320, 13.119507, 203.613266
-0.178010, 0.085515, 1044.000000, 0.001745, 2000.000000, 1000.000000, 14.936234, 13.374898, 13.901385, 13.787482, -0.361858, -0.155567, 0.418809, -0.890052, 0.427574, 0.008726, 0.178860, 1.459928, -40.011959, -0.281612, 0.710592, -0.275698, 0.002151, 15.200195, 11.041260, 171.813950
-0.179756, 0.090750, 1043.000000, 0.001745, 2000.000000, 1000.000000, 14.273701, 13.074703, 14.386036, 14.265560, -0.269630, 0.325798, 0.329868, -0.898778, 0.453752, 0.008726, -0.277031, 2.617268, -40.611477, -0.449922, -0.103265, -0.214979, 0.002319, 15.165039, 12.161255, 188.781723
-0.178010, 0.090750, 1043.000000, 0.001745, 2000.000000, 1000.000000, 14.248315, 13.024472, 14.574437, 14.152776, -0.200545, 0.363606, 0.411376, -0.890052, 0.453752, 0.008726, -1.779726, 3.097065, -41.153053, -0.563905, -0.174637, -0.271437, 0.001837, 15.204102, 10.559082, 164.306625
-0.162304, 0.090750, 1043.000000, 0.001745, 2000.000000, 1000.000000, 14.412416, 13.994701, 14.184149, 13.408733, 0.089425, -0.203559, 0.298283, -0.811518, 0.453752, 0.008726, -3.399530, 6.306668, -42.039482, -0.985747, 0.818183, -0.193673, 0.002265, 15.192383, 11.401367, 176.086411
-0.162304, 0.087260, 1043.000000, 0.001745, 2000.000000, 1000.000000, 14.773451, 14.236330, 13.783243, 13.206976, 0.009787, -0.504891, 0.278347, -0.811518, 0.436300, 0.008726, -3.270076, 10.155457, -42.479851, -0.848329, 1.324180, -0.179825, 0.002346, 15.192383, 11.401367, 177.429184
-0.158813, 0.087260, 1043.000000, 0.001745, 2000.000000, 1000.000000, 14.964301, 13.965495, 13.968757, 13.101447, -0.032874, -0.464898, 0.466529, -0.794066, 0.436300, 0.008726, -2.380544, 14.189563, -43.278381, -0.757782, 1.265591, -0.308721, 0.001935, 15.192383, 11.318970, 176.208481
-0.155323, 0.085515, 1044.000000, 0.001745, 2000.000000, 1000.000000, 14.845951, 13.607279, 14.126530, 13.420240, -0.133096, -0.226615, 0.486240, -0.776614, 0.427574, 0.008726, -1.594763, 17.484463, -44.441551, -0.561774, 0.834162, -0.321504, 0.002193, 15.157227, 11.840820, 184.082016
-0.141361, 0.073298, 1043.000000, 0.001745, 2000.000000, 1000.000000, 14.566591, 13.689140, 13.829346, 13.914923, -0.240757, -0.127866, 0.197969, -0.706806, 0.366492, 0.008726, -1.008865, 20.445135, -45.399521, -0.303982, 0.596609, -0.125497, 0.002277, 15.235352, 9.600830, 149.719238
-0.137871, 0.057592, 1044.000000, 0.001745, 2000.000000, 1000.000000, 14.802172, 13.662153, 13.617260, 13.918415, -0.360294, -0.232163, 0.209716, -0.689354, 0.287958, 0.008726, -0.058502, 21.981392, -46.061913, -0.073886, 0.704200, -0.134019, 0.001879, 15.211914, 10.839844, 168.884262
-0.136126, 0.054101, 1043.000000, 0.001745, 2000.000000, 1000.000000, 14.940204, 13.497998, 13.466470, 14.095328, -0.517766, -0.219101, 0.203337, -0.680628, 0.270506, 0.008726, 1.581640, 23.110325, -47.046898, 0.211603, 0.664786, -0.129758, 0.001819, 15.172852, 12.399292, 192.626938
-0.141361, 0.043630, 1043.000000, 0.001745, 2000.000000, 1000.000000, 14.893483, 13.293521, 13.860244, 13.952752, -0.423118, -0.093502, 0.376863, -0.706806, 0.218150, 0.008726, 3.691522, 23.969355, -48.649948, 0.013465, 0.386754, -0.246936, 0.002250, 15.196289, 11.520386, 179.321274
-0.144852, 0.040140, 1043.000000, 0.001745, 2000.000000, 1000.000000, 14.501015, 13.530361, 14.126732, 13.841892, -0.171453, -0.015688, 0.313873, -0.724258, 0.200698, 0.008726, 3.921071, 24.976892, -49.390991, -0.440335, 0.233356, -0.204326, 0.002262, 15.180664, 11.920166, 180.419907
-0.167539, 0.033159, 1046.000000, 0.001745, 2000.000000, 1000.000000, 14.607188, 13.481145, 13.681643, 14.230023, -0.418606, -0.044166, 0.144416, -0.837696, 0.165794, 0.008726, 3.662083, 26.596661, -49.678139, -0.126084, 0.247205, -0.089278, 0.002120, 15.196289, 11.599731, 180.419907
-0.179756, 0.020942, 1052.000000, 0.001745, 2000.000000, 1000.000000, 15.917990, 14.164324, 14.677471, 15.240215, -0.579103, -0.041157, 0.297730, -0.898778, 0.104712, 0.008726, 4.151148, 26.938852, -50.274799, 0.092294, 0.180094, -0.193673, 0.001766, 15.196289, 11.679077, 181.823715
-0.198953, 0.001745, 1046.000000, 0.001745, 2000.000000, 1000.000000, 14.694407, 13.230035, 13.758121, 14.317437, -0.505922, 0.037779, 0.226264, -0.994764, 0.008726, 0.008726, 4.453194, 27.106501, -51.252197, -0.136737, -0.056394, -0.144672, 0.002325, 15.196289, 10.159302, 158.081055
-0.197208, 0.000000, 1050.000000, 0.001745, 2000.000000, 1000.000000, 15.075186, 14.478266, 15.006802, 15.439747, -0.257467, 0.223274, 0.040994, -0.986038, 0.000000, 0.008726, 3.201056, 27.514265, -50.862850, -0.561774, -0.387689, -0.018971, 0.002218, 15.196289, 11.239624, 174.926743
-0.197208, 0.001745, 1050.000000, 0.001745, 2000.000000, 1000.000000, 14.559981, 14.677411, 15.092345, 15.670262, -0.115122, 0.381304, -0.173837, -0.986038, 0.008726, 0.008726, 0.468158, 28.088278, -49.409668, -0.813175, -0.661460, 0.126969, 0.001811, 15.079102, 15.161133, 234.313950
-0.195462, 0.001745, 1050.000000, 0.001745, 2000.000000, 1000.000000, 15.068244, 14.308017, 14.532506, 16.091234, -0.579738, 0.311870, -0.199625, -0.977312, 0.008726, 0.008726, -2.001194, 27.930561, -47.829285, 0.007073, -0.533629, 0.144013, 0.002169, 15.254883, 8.639526, 134.887695
-0.200698, 0.001745, 1049.000000, 0.001745, 2000.000000, 1000.000000, 14.990023, 12.492220, 13.123465, 15.394293, -1.192158, 0.258878, 0.056744, -1.003490, 0.008726, 0.008726, -1.030196, 24.620899, -48.007870, 1.054222, -0.443082, -0.029624, 0.002202, 15.071289, 15.960693, 246.276840
-0.188482, -0.031414, 1049.000000, 0.001745, 2000.000000, 1000.000000, 14.677706, 12.748125, 13.550838, 15.023331, -0.850518, 0.287085, 0.114273, -0.942408, -0.157068, 0.008726, -0.738428, 21.990976, -48.248974, 0.529050, -0.668917, -0.069038, 0.001761, 15.118164, 6.079102, 94.909660
-0.167539, -0.083770, 1049.000000, 0.001745, 2000.000000, 1000.000000, 14.432171, 13.370573, 13.962093, 14.235163, -0.333666, 0.098628, 0.197132, -0.837696, -0.418848, 0.008726, -2.102725, 20.709055, -47.995422, -0.273089, -0.606067, -0.125497, 0.001816, 15.079102, 15.679932, 242.187485
-0.162304, -0.057592, 1050.000000, 0.001745, 2000.000000, 1000.000000, 15.291905, 13.844369, 15.331681, 15.532044, -0.411975, 0.431863, 0.311794, -0.811518, -0.287958, 0.008726, -5.650560, 19.481928, -47.501183, -0.114366, -1.044953, -0.202195, 0.002215, 15.118164, 13.439941, 208.190903
-0.165794, -0.048866, 1051.000000, 0.001745, 2000.000000, 1000.000000, 15.705130, 13.338787, 14.893290, 16.062794, -0.883962, 0.478042, 0.299209, -0.828970, -0.244328, 0.008726, -7.396395, 16.948702, -47.458134, 0.701621, -1.095020, -0.194739, 0.001754, 15.122070, 13.681030, 211.791977
-0.167539, -0.041885, 1051.000000, 0.001745, 2000.000000, 1000.000000, 16.446146, 13.000346, 14.505862, 16.047642, -1.246896, 0.276753, 0.476005, -0.837696, -0.209424, 0.008726, -7.230383, 13.031718, -48.153023, 1.336515, -0.705136, -0.315113, 0.001765, 15.083008, 14.318848, 221.313461
-0.167539, -0.040140, 1051.000000, 0.001745, 2000.000000, 1000.000000, 16.305006, 13.447404, 14.667932, 15.579659, -0.942332, 0.123795, 0.486469, -0.837696, -0.200698, 0.008726, -5.737825, 7.994545, -49.785889, 0.779385, -0.419647, -0.320439, 0.002219, 15.122070, 13.958740, 216.003403
-0.144852, -0.019197, 1052.000000, 0.001745, 2000.000000, 1000.000000, 15.652416, 13.810127, 15.224649, 15.312807, -0.482611, 0.268728, 0.438533, -0.724258, -0.095986, 0.008726, -6.021966, 6.547628, -50.526089, 0.098685, -0.566652, -0.288481, 0.002046, 15.102539, 14.599609, 225.830063
-0.116928, 0.001745, 1053.000000, 0.001745, 2000.000000, 1000.000000, 15.269032, 13.861073, 15.583781, 15.286113, -0.277573, 0.434947, 0.426407, -0.584642, 0.008726, 0.008726, -7.662244, 5.466114, -51.122307, -0.113301, -0.747746, -0.279959, 0.002167, 15.118164, 13.760376, 213.012680
-0.092496, 0.003490, 1053.000000, 0.001745, 2000.000000, 1000.000000, 16.134850, 13.848100, 14.772365, 15.244687, -0.689768, 0.008526, 0.453607, -0.462478, 0.017452, 0.008726, -8.184535, 3.621600, -52.246063, 0.723992, 0.003261, -0.298069, 0.002267, 15.145508, 12.481689, 193.725571
-0.068063, 0.006981, 1052.000000, 0.001745, 2000.000000, 1000.000000, 16.419250, 13.860158, 14.360974, 15.359616, -0.889434, -0.139704, 0.390113, -0.340314, 0.034904, 0.008726, -6.170145, 1.897109, -53.104485, 1.210814, 0.282358, -0.256524, 0.001783, 15.098633, 14.160156, 219.116196
-0.057592, 0.013962, 1052.000000, 0.001745, 2000.000000, 1000.000000, 16.003611, 14.005638, 14.410067, 15.580685, -0.792148, -0.004625, 0.206839, -0.287958, 0.069808, 0.008726, -3.933734, -0.146580, -53.639370, 1.095767, 0.081025, -0.131888, 0.001758, 15.075195, 15.600586, 240.783676
-0.057592, 0.022688, 1051.000000, 0.001745, 2000.000000, 1000.000000, 15.736591, 13.481632, 14.698114, 16.083662, -0.910127, 0.390889, 0.217353, -0.287958, 0.113438, 0.008726, -2.236558, -4.458985, -54.072380, 1.287513, -0.563456, -0.138280, 0.002236, 15.083008, 15.399170, 237.915024
-0.052356, 0.013962, 1051.000000, 0.001745, 2000.000000, 1000.000000, 16.074221, 13.343503, 14.680757, 15.901518, -0.987870, 0.291138, 0.377489, -0.261780, 0.069808, 0.008726, -1.208266, -8.352105, -54.474724, 1.470737, -0.440952, -0.248002, 0.001751, 15.102539, 13.720703, 211.975082
-0.031414, 0.008726, 1054.000000, 0.001745, 2000.000000, 1000.000000, 15.569963, 14.040659, 14.734745, 15.654633, -0.612298, 0.194689, 0.152354, -0.157068, 0.043630, 0.008726, 0.834876, -13.233672, -54.845688, 0.911477, -0.296077, -0.094604, 0.002015, 15.141602, 12.600708, 195.190414
-0.024433, 0.015707, 1042.000000, 0.001745, 2000.000000, 1000.000000, 14.458666, 12.893259, 13.971979, 14.676096, -0.567381, 0.324038, 0.215323, -0.122164, 0.078534, 0.008726, 1.317153, -15.730012, -55.042927, 0.864606, -0.483562, -0.137215, 0.002385, 15.399414, 1.239014, 19.470215
-0.005236, 0.050611, 1043.000000, 0.005236, 2000.000000, 1000.000000, 14.502584, 12.464320, 14.039924, 14.993173, -0.747878, 0.516548, 0.271254, -0.026178, 0.253054, 0.026178, 1.777365, -19.088772, -55.366661, 1.293905, -0.650807, -0.158520, 0.001805, 15.165039, 12.039185, 186.889633
-0.003490, 0.111693, 1038.000000, 0.010471, 2000.000000, 1000.000000, 13.718210, 11.110746, 12.791742, 14.379301, -1.048756, 0.585521, 0.254976, -0.017452, 0.558464, 0.052356, 2.954010, -23.460211, -55.273739, 1.808424, -0.449474, -0.120171, 0.002269, 15.297852, 5.599976, 87.707512
-0.073298, 0.127400, 1042.000000, 0.010471, 2000.000000, 1000.000000, 15.357450, 12.170308, 13.255992, 15.216250, -1.286850, 0.236121, 0.306721, -0.366492, 0.636998, 0.052356, 7.693726, -29.967121, -53.831360, 1.865948, 0.239748, -0.155324, 0.002349, 15.118164, 13.159180, 203.796371
-0.092496, 0.129145, 1041.000000, 0.010471, 2000.000000, 1000.000000, 15.122779, 12.707400, 13.434720, 14.735101, -0.928939, 0.084911, 0.278750, -0.462478, 0.645724, 0.052356, 11.565014, -32.584808, -52.210781, 1.166074, 0.515650, -0.137215, 0.001760, 15.172852, 11.441040, 177.673325
-0.092496, 0.130890, 1042.000000, 0.027923, 2000.000000, 1000.000000, 14.760017, 13.200886, 13.872927, 14.166170, -0.463093, 0.019549, 0.316472, -0.462478, 0.654450, 0.139616, 14.556312, -32.965458, -50.845737, 0.339434, 0.640285, -0.074365, 0.001778, 15.180664, 11.801147, 183.410629
-0.071553, 0.150087, 1043.000000, 0.047120, 2000.000000, 1000.000000, 14.509634, 13.275925, 14.334986, 13.879456, -0.194545, 0.107221, 0.422310, -0.357766, 0.750436, 0.235602, 16.690273, -31.159594, -50.078075, -0.027015, 0.580630, -0.048798, 0.002382, 15.168945, 11.401367, 177.185043
-0.038394, 0.179756, 1044.000000, 0.047120, 2000.000000, 1000.000000, 14.656614, 12.951721, 14.088531, 14.303133, -0.479874, 0.195832, 0.372572, -0.191972, 0.898778, 0.235602, 18.649916, -30.784760, -49.105431, 0.648358, 0.580630, -0.015775, 0.001748, 15.153320, 12.399292, 186.279282
-0.036649, 0.193717, 1043.000000, 0.047120, 2000.000000, 1000.000000, 15.205387, 12.877670, 13.529758, 14.387184, -0.796286, -0.041529, 0.367573, -0.183246, 0.968586, 0.235602, 24.882526, -31.738194, -46.019939, 1.196966, 1.061062, -0.011514, 0.002388, 15.165039, 11.520386, 178.894028
-0.041885, 0.195462, 1044.000000, 0.048866, 2000.000000, 1000.000000, 14.806112, 13.331291, 13.800581, 14.062016, -0.434064, -0.068702, 0.303347, -0.209424, 0.977312, 0.244328, 29.258522, -31.267532, -43.649368, 0.542898, 1.120716, 0.040683, 0.002170, 15.172852, 11.441040, 177.673325
-0.061082, 0.197208, 1043.000000, 0.047120, 2000.000000, 1000.000000, 14.510959, 13.544810, 14.434741, 13.509490, -0.010225, -0.027884, 0.472850, -0.305410, 0.986038, 0.235602, 31.662779, -29.202406, -42.507240, -0.295460, 1.063192, -0.083952, 0.001848, 15.172852, 11.801147, 183.288559
-0.111693, 0.198953, 1041.000000, 0.029668, 2000.000000, 1000.000000, 14.344230, 13.683404, 14.315263, 13.657104, -0.000667, -0.013817, 0.329747, -0.558464, 0.994764, 0.148342, 32.656002, -26.022261, -42.267925, -0.572427, 1.045083, -0.074365, 0.002044, 15.176758, 11.599731, 180.175766
-0.235602, 0.204188, 1044.000000, 0.001745, 2000.000000, 1000.000000, 14.826869, 13.155684, 13.710589, 14.306857, -0.566863, 0.008723, 0.268729, -1.178010, 1.020942, 0.008726, 34.342777, -21.616915, -41.946289, -0.217696, 1.030169, -0.173434, 0.002245, 15.172852, 11.560059, 179.626450
-0.293194, 0.200698, 1045.000000, 0.000000, 2000.000000, 1000.000000, 15.039257, 12.731007, 14.026306, 14.203430, -0.621343, 0.114868, 0.532781, -1.465968, 1.003490, 0.000000, 35.541321, -19.150486, -42.304737, -0.412638, 0.830966, -0.363049, 0.001858, 15.161133, 12.039185, 186.828598
-0.328098, 0.184991, 1000.000000, 0.001745, 2000.000000, 1000.000000, 10.200970, 9.300732, 10.667715, 9.830584, -0.015777, 0.249150, 0.434343, -1.640488, 0.924956, 0.008726, 34.847263, -16.108402, -43.414143, -1.655794, 0.512454, -0.287416, 0.001819, 19.293945, 0.000000, 0.793457
-0.324607, 0.141361, 1000.000000, -0.001745, 2000.000000, 1000.000000, 9.340752, 10.502098, 11.304543, 8.852608, 0.903320, 0.078575, 0.322647, -1.623036, 0.706806, -0.008726, 28.705267, -7.343075, -45.624500, -3.235571, 0.585957, -0.227762, 0.002253, 15.438477, 1.638794, 25.878904
-0.286213, 0.102967, 1000.000000, 0.012216, 2000.000000, 1000.000000, 9.637395, 10.737529, 11.175471, 8.449605, 0.956500, -0.187462, 0.406433, -1.431064, 0.514834, 0.061082, 24.092054, 0.234792, -46.525497, -3.165264, 0.859728, -0.214979, 0.001757, 15.391602, 3.518677, 57.373043
-0.282722, 0.080279, 1000.000000, 0.057592, 2000.000000, 1000.000000, 10.116149, 10.432651, 11.197499, 8.253701, 0.815075, -0.274400, 0.656824, -1.413612, 0.401396, 0.287958, 22.040783, 4.271238, -46.703564, -2.869122, 0.889555, -0.155324, 0.002245, 15.368164, 4.681396, 73.608398
0.000000, 0.001745, 1000.000000, 0.003490, 2000.000000, 1000.000000, 10.020299, 9.969596, 10.030839, 9.979266, 0.000217, 0.005052, 0.025569, 0.000000, 0.008726, 0.017452, 3.053288, 2.662389, -22.997961, -0.000384, 0.000065, 0.000203, 0.001786, 15.540039, 0.439453, 7.019042
0.000000, 0.001745, 1000.000000, -0.001745, 2000.000000, 1000.000000, 9.983796, 10.008452, 9.983375, 10.024377, -0.004087, 0.003876, -0.016415, 0.000000, 0.008726, -0.008726, 3.065126, 2.626494, -22.979048, 0.007073, 0.002196, 0.002334, 0.002295, 15.493164, 2.319336, 36.804199
0.000000, 0.000000, 1000.000000, 0.003490, 2000.000000, 1000.000000, 10.039178, 9.945081, 10.027560, 9.988181, -0.013680, 0.007870, 0.033369, 0.000000, 0.000000, 0.017452, 3.117334, 2.576840, -22.963737, 0.024117, -0.013783, -0.005123, 0.001749, 15.239258, 11.441040, 178.588852
0.000000, 0.000000, 1000.000000, 0.003490, 2000.000000, 1000.000000, 10.023691, 9.972548, 10.033812, 9.969950, 0.003180, 0.001881, 0.028751, 0.000000, 0.000000, 0.017452, 3.108817, 2.562936, -22.954382, -0.005710, -0.003131, -0.001927, 0.001912, 15.407227, 5.120850, 80.810539
0.000000, 0.001745, 1000.000000, -0.001745, 2000.000000, 1000.000000, 9.994184, 10.002862, 9.995074, 10.007880, -0.001032, 0.001477, -0.005371, 0.000000, 0.008726, -0.008726, 3.160939, 2.542943, -22.926657, 0.001747, 0.006457, -0.005123, 0.002470, 15.438477, 4.440308, 70.190430
0.000000, 0.001745, 1000.000000, -0.024433, 2000.000000, 1000.000000, 9.833186, 10.166411, 9.827849, 10.172553, -0.002869, 0.000202, -0.169482, 0.000000, 0.008726, -0.122164, 3.179674, 2.550228, -22.956345, 0.004943, 0.008587, -0.008319, 0.002412, 15.434570, 4.440308, 70.190430
0.000000, 0.001745, 1000.000000, -0.005236, 2000.000000, 1000.000000, 9.958023, 10.037941, 9.973486, 10.030550, 0.005713, 0.002018, -0.034246, 0.000000, 0.008726, -0.026178, 3.165336, 2.497187, -22.905579, -0.009971, 0.005391, -0.002992, 0.001748, 15.438477, 4.199219, 66.406250
0.000000, 0.001745, 1000.000000, 0.001745, 2000.000000, 1000.000000, 9.972919, 10.025586, 9.989623, 10.011872, 0.007604, 0.000748, -0.018729, 0.000000, 0.008726, 0.008726, 3.135163, 2.503329, -22.856598, -0.013167, 0.007522, 0.021509, 0.002455, 15.442383, 4.238892, 67.016602
0.000000, 0.001745, 1000.000000, 0.001745, 2000.000000, 1000.000000, 10.017969, 9.978971, 10.026440, 9.976620, 0.002706, 0.001530, 0.022204, 0.000000, 0.008726, 0.008726, 3.140306, 2.530146, -22.856897, -0.004645, 0.006457, -0.006188, 0.002264, 15.454102, 3.961182, 62.683102
0.000000, 0.001745, 1000.000000, 0.001745, 2000.000000, 1000.000000, 10.052210, 9.952593, 10.041740, 9.953457, -0.002833, -0.002402, 0.046975, 0.000000, 0.008726, 0.008726, 3.169565, 2.536879, -22.872858, 0.004943, 0.012848, -0.023232, 0.001754, 15.450195, 4.000854, 63.293453
0.000000, 0.001745, 1000.000000, 0.001745, 2000.000000, 1000.000000, 10.008060, 9.978116, 10.007745, 10.006080, -0.007069, 0.006912, 0.007902, 0.000000, 0.008726, 0.008726, 3.135335, 2.506571, -22.823654, 0.012400, -0.003131, 0.003399, 0.001750, 15.446289, 4.080200, 64.514160
0.000000, 0.001745, 1000.000000, 0.001745, 2000.000000, 1000.000000, 10.009746, 9.980084, 10.031167, 9.979003, 0.005626, 0.005085, 0.020457, 0.000000, 0.008726, 0.008726, 3.145751, 2.492935, -22.812798, -0.009971, 0.000065, -0.005123, 0.002303, 15.446289, 4.199219, 66.406250
0.000000, 0.001745, 1000.000000, 0.001745, 2000.000000, 1000.000000, 10.029434, 9.960663, 10.039839, 9.970064, 0.000251, 0.004952, 0.034637, 0.000000, 0.008726, 0.008726, 3.138243, 2.449996, -22.757160, -0.000384, 0.000065, -0.014710, 0.001965, 15.458008, 3.921509, 62.011715
0.000000, 0.003490, 1000.000000, -0.001745, 2000.000000, 1000.000000, 9.977939, 10.001769, 9.998700, 10.021592, 0.000235, 0.010146, -0.011681, 0.000000, 0.017452, -0.008726, 3.180144, 2.442798, -22.735260, -0.000384, 0.000065, -0.000862, 0.001818, 15.610352, 0.518799, 8.300781
0.000000, 0.003490, 1000.000000, 0.001745, 2000.000000, 1000.000000, 10.011282, 9.967047, 10.023468, 9.998203, -0.004742, 0.010835, 0.017375, 0.000000, 0.017452, 0.008726, 3.188354, 2.454623, -22.749502, 0.008139, -0.001000, -0.002992, 0.002336, 15.524414, 3.359985, 52.795406
0.000000, 0.003490, 1000.000000, 0.001745, 2000.000000, 1000.000000, 9.954028, 10.007422, 9.971059, 10.067491, -0.010760, 0.019274, -0.037456, 0.000000, 0.017452, 0.008726, 3.180372, 2.451150, -22.751125, 0.018791, -0.015914, 0.034292, 0.001941, 15.364258, 9.201050, 144.775391
0.000000, 0.003490, 1000.000000, 0.001745, 2000.000000, 1000.000000, 9.999066, 9.987885, 10.001489, 10.011559, -0.005313, 0.006525, 0.000277, 0.000000, 0.017452, 0.008726, 3.220113, 2.406337, -22.746002, 0.009204, 0.006457, 0.008726, 0.001872, 15.426758, 6.878662, 108.703606
0.000000, 0.003490, 1000.000000, 0.003490, 2000.000000, 1000.000000, 9.993139, 9.997480, 10.014301, 9.995079, 0.005891, 0.004690, 0.003720, 0.000000, 0.017452, 0.017452, 3.185119, 2.395444, -22.715555, -0.009971, 0.009652, 0.015117, 0.002349, 15.477539, 5.520630, 87.524406
0.000000, 0.003490, 1000.000000, 0.001745, 2000.000000, 1000.000000, 10.032984, 9.961248, 10.036497, 9.969271, -0.001128, 0.002884, 0.034741, 0.000000, 0.017452, 0.008726, 3.193537, 2.388244, -22.691729, 0.001747, 0.012848, -0.014710, 0.002305, 15.485352, 4.840088, 76.782227
0.000000, 0.003490, 1000.000000, 0.001745, 2000.000000, 1000.000000, 10.041567, 9.942942, 10.049295, 9.966196, -0.003882, 0.007746, 0.045431, 0.000000, 0.017452, 0.008726, 3.217625, 2.371882, -22.667551, 0.007073, 0.004326, -0.022167, 0.001788, 15.512695, 3.720093, 59.082027
0.000000, 0.003490, 1000.000000, 0.001745, 2000.000000, 1000.000000, 9.978117, 9.997852, 10.003237, 10.020794, 0.000545, 0.012016, -0.009323, 0.000000, 0.017452, 0.008726, 3.205893, 2.342005, -22.636547, -0.001449, -0.003131, 0.015117, 0.001843, 15.500977, 4.119873, 65.429688
0.000000, 0.003490, 1000.000000, 0.001745, 2000.000000, 1000.000000, 9.998143, 9.992425, 10.011317, 9.998115, 0.001871, 0.004716, 0.004730, 0.000000, 0.017452, 0.008726, 3.217782, 2.324518, -22.593843, -0.003579, 0.009652, 0.005530, 0.002394, 15.500977, 4.400635, 69.824219
0.000000, 0.003490, 1000.000000, 0.001745, 2000.000000, 1000.000000, 9.991827, 9.991377, 9.995903, 10.020893, -0.006360, 0.008398, -0.006135, 0.000000, 0.017452, 0.008726, 3.184867, 2.312428, -22.560635, 0.011334, 0.003261, 0.012987, 0.002269, 15.536133, 2.600098, 41.381832
0.000000, 0.003490, 1000.000000, 0.001745, 2000.000000, 1000.000000, 10.007823, 9.969752, 10.036378, 9.986047, 0.003065, 0.011212, 0.022100, 0.000000, 0.017452, 0.008726, 3.213564, 2.302826, -22.552681, -0.005710, -0.002066, -0.006188, 0.001748, 15.489258, 5.041504, 79.895020
0.000000, 0.003490, 1000.000000, 0.001745, 2000.000000, 1000.000000, 10.000516, 9.981494, 10.037469, 9.980521, 0.009481, 0.008995, 0.018992, 0.000000, 0.017452, 0.008726, 3.198936, 2.237694, -22.476406, -0.016362, 0.002196, -0.004058, 0.002064, 15.481445, 5.120850, 81.176750
0.000000, 0.003490, 1000.000000, 0.001745, 2000.000000, 1000.000000, 10.019423, 9.955223, 10.046553, 9.978802, 0.000888, 0.012677, 0.032988, 0.000000, 0.017452, 0.008726, 3.228770, 2.237289, -22.489344, -0.001449, -0.004196, -0.013645, 0.002181, 15.528320, 3.561401, 56.579586
-0.001745, 0.003490, 1000.000000, 0.001745, 2000.000000, 1000.000000, 10.005493, 9.966993, 10.025858, 10.001656, -0.003574, 0.013756, 0.015676, -0.008726, 0.017452, 0.008726, 3.173497, 2.286657, -22.521557, -0.002514, -0.006327, -0.001927, 0.001768, 15.512695, 3.799438, 60.302731
0.000000, 0.003490, 1000.000000, 0.001745, 2000.000000, 1000.000000, 9.962738, 10.023144, 9.993633, 10.020485, 0.008389, 0.007059, -0.021814, 0.000000, 0.017452, 0.008726, 3.188804, 2.257266, -22.506203, -0.014232, 0.005391, 0.023639, 0.001851, 15.512695, 4.000854, 63.476559
0.000000, 0.003490, 1000.000000, 0.001745, 2000.000000, 1000.000000, 9.984574, 10.005128, 10.002927, 10.007371, 0.004027, 0.005149, -0.006249, 0.000000, 0.017452, 0.008726, 3.254150, 2.252419, -22.538889, -0.006775, 0.008587, 0.012987, 0.002299, 15.504883, 4.519653, 71.716309
-0.001745, 0.003490, 1000.000000, 0.001745, 2000.000000, 1000.000000, 10.002961, 9.986615, 9.997331, 10.013093, -0.008027, 0.005212, 0.000145, -0.008726, 0.017452, 0.008726, 3.253460, 2.233656, -22.501009, 0.004943, 0.008587, 0.008726, 0.002470, 15.536133, 2.801514, 44.616695
0.000000, 0.003490, 1000.000000, 0.001745, 2000.000000, 1000.000000, 10.008120, 9.962992, 10.042282, 9.986607, 0.002637, 0.014445, 0.025201, 0.000000, 0.017452, 0.008726, 3.241876, 2.246494, -22.505209, -0.004645, -0.007392, -0.008319, 0.001818, 15.504883, 4.119873, 65.429688
0.000000, 0.003490, 1000.000000, 0.001745, 2000.000000, 1000.000000, 10.017847, 9.967901, 10.032728, 9.981524, 0.000314, 0.007126, 0.025288, 0.000000, 0.017452, 0.008726, 3.278627, 2.262217, -22.513920, -0.000384, 0.005391, -0.008319, 0.002385, 15.512695, 3.799438, 60.302731
0.000000, 0.003490, 1004.000000, 0.001745, 2000.000000, 1000.000000, 9.993772, 9.978398, 10.022040, 10.005790, 0.000220, 0.013915, 0.007906, 0.000000, 0.017452, 0.008726, 3.267926, 2.280545, -22.502787, -0.000384, -0.006327, 0.003399, 0.002203, 15.508789, 4.360962, 69.274902
0.000000, 0.003490, 1009.000000, 0.001745, 2000.000000, 1000.000000, 10.015582, 9.970382, 10.019046, 9.994990, -0.005286, 0.007018, 0.017314, 0.000000, 0.017452, 0.008726, 3.263721, 2.255557, -22.499075, 0.009204, 0.005391, -0.002992, 0.001795, 15.504883, 4.278564, 67.871094
0.000000, 0.003490, 1010.000000, 0.001745, 2000.000000, 1000.000000, 10.993425, 10.978548, 11.035025, 10.993002, 0.006786, 0.014014, 0.014225, 0.000000, 0.017452, 0.008726, 3.285756, 2.290228, -22.517086, -0.012101, -0.006327, -0.000862, 0.001798, 15.407227, 7.519531, 118.713371
0.000000, 0.003490, 1018.000000, 0.001745, 2000.000000, 1000.000000, 11.017528, 10.966784, 11.014016, 11.001672, -0.009600, 0.007844, 0.015772, 0.000000, 0.017452, 0.008726, 3.255975, 2.348226, -22.521635, 0.016661, 0.004326, -0.001927, 0.002278, 15.438477, 6.680298, 105.590813
0.000000, 0.003490, 1028.000000, 0.001745, 2000.000000, 1000.000000, 12.009453, 11.996109, 12.034670, 11.959768, 0.015390, -0.002781, 0.022061, 0.000000, 0.017452, 0.008726, 3.213814, 2.394938, -22.546133, -0.027015, 0.022435, -0.006188, 0.002251, 15.383789, 9.320068, 146.911621
0.000000, 0.003490, 1043.000000, 0.001745, 2000.000000, 1000.000000, 14.059957, 13.965716, 13.977925, 13.996402, -0.028179, -0.012837, 0.018941, 0.000000, 0.017452, 0.008726, 3.291095, 2.478863, -22.548164, 0.049684, 0.041610, -0.004058, 0.001749, 15.168945, 16.918945, 262.817383
0.000000, 0.003490, 1050.000000, 0.001745, 2000.000000, 1000.000000, 14.851896, 14.811304, 15.387665, 14.949135, 0.099485, 0.168400, 0.119780, 0.000000, 0.017452, 0.008726, 3.053834, 2.156330, -22.640017, -0.171890, -0.275837, -0.072234, 0.002119, 15.118164, 18.640137, 288.391113
0.000000, 0.003490, 1050.000000, 0.001745, 2000.000000, 1000.000000, 15.006570, 14.870635, 15.500707, 14.622088, 0.185671, 0.061398, 0.253639, 0.000000, 0.017452, 0.008726, 2.157837, 1.903383, -22.976654, -0.322091, -0.089417, -0.162781, 0.002253, 15.364258, 8.239746, 133.422852
0.000000, 0.003490, 1049.000000, 0.001745, 2000.000000, 1000.000000, 14.358957, 14.005377, 13.988672, 13.646994, -0.002975, -0.182167, 0.173815, 0.000000, 0.017452, 0.008726, 1.853375, 2.410199, -23.337494, 0.002812, 0.337752, -0.109518, 0.001879, 15.309570, 11.080933, 173.828110
0.000000, 0.003490, 1049.000000, 0.001745, 2000.000000, 1000.000000, 14.467032, 13.707770, 13.840308, 13.984889, -0.225961, -0.087402, 0.153670, 0.000000, 0.017452, 0.008726, 2.652178, 3.090315, -23.601654, 0.394827, 0.172637, -0.095670, 0.002064, 15.172852, 16.839600, 261.596680
0.000000, 0.003490, 1050.000000, 0.001745, 2000.000000, 1000.000000, 15.210439, 13.849000, 15.227191, 15.713370, -0.461904, 0.470280, 0.218815, 0.000000, 0.017452, 0.008726, 4.769310, 0.603986, -24.173965, 0.802821, -0.798878, -0.139345, 0.002237, 15.215820, 20.761108, 321.594208
0.000000, 0.003490, 1050.000000, 0.001745, 2000.000000, 1000.000000, 14.753486, 14.187284, 15.303006, 15.756225, -0.254856, 0.529615, 0.028246, 0.000000, 0.017452, 0.008726, 5.409506, -2.368607, -24.396233, 0.451286, -0.913926, -0.010449, 0.001792, 15.336914, 9.118652, 143.127441
0.000000, 0.003490, 1049.000000, 0.001745, 2000.000000, 1000.000000, 13.917068, 13.590389, 14.199110, 14.293432, -0.105250, 0.246271, 0.058089, 0.000000, 0.017452, 0.008726, 5.494826, -4.472749, -24.406710, 0.186037, -0.413255, -0.030689, 0.002128, 15.270508, 8.279419, 129.821777
0.000000, 0.003490, 1050.000000, 0.001745, 2000.000000, 1000.000000, 15.455162, 15.135889, 14.781170, 14.627779, -0.041470, -0.295526, 0.118166, 0.000000, 0.017452, 0.008726, 6.519445, -4.253538, -24.632820, 0.073119, 0.531629, -0.071169, 0.002283, 15.125977, 18.081665, 280.090332
0.000000, 0.003490, 1050.000000, 0.001745, 2000.000000, 1000.000000, 15.237593, 14.938925, 15.180767, 14.642715, 0.059846, -0.088259, 0.209180, 0.000000, 0.017452, 0.008726, 6.887842, -3.170125, -24.846403, -0.105844, 0.172637, -0.132954, 0.002045, 15.325195, 8.480835, 133.117676
0.000000, 0.003490, 1050.000000, 0.001745, 2000.000000, 1000.000000, 14.626095, 14.645237, 15.527903, 15.200766, 0.086570, 0.364334, 0.076999, 0.000000, 0.017452, 0.008726, 6.273867, -3.754963, -25.121199, -0.150585, -0.622046, -0.043472, 0.001897, 15.180664, 15.240479, 236.999496
0.000000, 0.003490, 1050.000000, 0.001745, 2000.000000, 1000.000000, 14.699792, 14.530770, 15.776372, 14.993066, 0.153571, 0.384718, 0.238082, 0.000000, 0.017452, 0.008726, 4.246791, -6.351979, -25.639051, -0.266698, -0.649742, -0.152128, 0.002363, 15.208008, 14.440918, 224.731430
0.000000, 0.003490, 1049.000000, 0.001745, 2000.000000, 1000.000000, 13.904751, 13.816208, 14.667027, 13.612015, 0.241618, 0.139521, 0.285889, 0.000000, 0.017452, 0.008726, 2.788359, -6.894527, -26.314516, -0.424356, -0.225770, -0.185151, 0.002269, 15.352539, 8.761597, 137.695312
0.000000, 0.005236, 1049.000000, 0.001745, 2000.000000, 1000.000000, 13.987599, 14.058558, 14.487327, 13.466516, 0.272943, -0.023079, 0.237463, 0.000000, 0.026178, 0.008726, 1.476487, -6.386484, -26.948111, -0.480815, 0.067176, -0.153194, 0.001757, 15.270508, 11.840820, 185.119614
0.000000, 0.005236, 1049.000000, 0.001745, 2000.000000, 1000.000000, 14.133147, 13.671380, 14.317977, 13.877496, -0.005321, 0.097737, 0.225562, 0.000000, 0.026178, 0.008726, 0.891895, -5.750913, -27.759773, 0.009204, -0.143745, -0.144672, 0.001951, 15.278320, 11.560059, 180.786118
-0.001745, 0.006981, 1049.000000, 0.001745, 2000.000000, 1000.000000, 13.607347, 13.550268, 14.600193, 14.242191, 0.075231, 0.421192, 0.103770, -0.008726, 0.034904, 0.008726, 0.250528, -6.637859, -28.120903, -0.139932, -0.697679, -0.061581, 0.002283, 15.266602, 11.761475, 183.898911
-0.001745, 0.006981, 1049.000000, 0.001745, 2000.000000, 1000.000000, 13.324371, 13.484463, 15.172689, 14.018476, 0.328576, 0.595583, 0.248530, -0.008726, 0.034904, 0.008726, -1.841226, -8.263470, -28.725237, -0.590536, -1.016191, -0.160650, 0.001760, 15.219727, 13.839722, 215.698227
0.000000, 0.005236, 1049.000000, 0.001745, 2000.000000, 1000.000000, 13.791550, 13.952946, 14.437393, 13.818111, 0.195169, 0.127752, 0.114472, 0.000000, 0.026178, 0.008726, -5.478183, -9.599665, -29.833065, -0.343396, -0.200203, -0.069038, 0.001981, 15.301758, 10.440063, 163.513168
0.000000, 0.005236, 1042.000000, 0.001745, 2000.000000, 1000.000000, 14.439485, 13.990508, 13.796346, 13.773662, -0.106573, -0.214996, 0.117915, 0.000000, 0.026178, 0.008726, -5.436853, -9.196816, -30.025600, 0.184971, 0.400602, -0.071169, 0.002285, 15.262695, 11.999512, 187.499985
0.000000, 0.003490, 1040.000000, 0.003490, 2000.000000, 1000.000000, 14.630814, 13.975340, 13.576668, 13.817179, -0.223996, -0.303077, 0.103740, 0.000000, 0.017452, 0.017452, -3.932247, -8.374116, -29.937515, 0.394827, 0.551868, -0.053059, 0.001829, 15.247070, 12.240601, 191.101059
0.000000, 0.003490, 1039.000000, 0.003490, 2000.000000, 1000.000000, 13.319113, 12.579290, 13.067762, 13.033834, -0.176474, 0.050798, 0.193438, 0.000000, 0.017452, 0.017452, -2.711126, -8.176457, -30.054903, 0.307476, -0.069177, -0.113779, 0.002175, 15.379883, 6.719971, 105.895988
0.000000, 0.003490, 1039.000000, 0.003490, 2000.000000, 1000.000000, 12.574162, 12.513167, 13.829322, 13.083348, 0.171245, 0.456335, 0.201742, 0.000000, 0.017452, 0.017452, -3.791950, -10.040627, -30.672100, -0.297590, -0.776508, -0.119105, 0.002386, 15.336914, 8.920288, 135.131836
0.000000, 0.003490, 1040.000000, 0.003490, 2000.000000, 1000.000000, 13.644217, 13.691124, 14.966452, 13.698208, 0.328788, 0.332330, 0.305334, 0.000000, 0.017452, 0.017452, -5.843970, -10.996387, -31.472776, -0.578818, -0.567717, -0.190478, 0.001851, 15.356445, 8.120728, 127.685539
0.000000, 0.003490, 1039.000000, 0.003490, 2000.000000, 1000.000000, 12.882669, 12.951918, 13.721504, 12.443909, 0.336711, 0.082707, 0.302087, 0.000000, 0.017452, 0.017452, -7.807265, -10.880191, -32.376865, -0.595863, -0.128831, -0.188347, 0.001769, 15.235352, 12.561035, 195.983871
0.000000, 0.003490, 1040.000000, 0.003490, 2000.000000, 1000.000000, 14.414412, 13.916622, 14.230133, 13.438833, 0.073378, -0.165516, 0.322272, 0.000000, 0.017452, 0.017452, -8.842889, -9.472070, -33.301926, -0.129280, 0.306859, -0.201130, 0.002248, 15.239258, 11.679077, 182.311996
0.000000, 0.003490, 1040.000000, 0.003490, 2000.000000, 1000.000000, 14.386853, 13.679276, 14.163920, 13.769950, -0.078401, -0.033065, 0.275387, 0.000000, 0.017452, 0.017452, -8.460031, -9.022526, -33.798248, 0.135969, 0.075698, -0.169172, 0.002304, 15.368164, 7.080078, 111.389153
0.000000, 0.052356, 1039.000000, 0.003490, 2000.000000, 1000.000000, 12.946695, 12.495789, 13.426464, 13.131052, -0.038874, 0.278758, 0.186579, 0.000000, 0.261780, 0.017452, -8.322333, -9.350675, -34.188934, 0.067793, -0.221509, -0.109518, 0.001814, 15.333008, 7.998657, 125.610344
0.000000, 0.143106, 1042.000000, 0.003490, 2000.000000, 1000.000000, 13.865479, 13.142720, 15.096679, 13.895122, 0.119699, 0.495900, 0.481079, 0.000000, 0.715532, 0.017452, -9.176474, -10.040267, -35.132206, -0.209174, -0.133092, -0.308721, 0.002250, 15.223633, 13.281250, 207.031235
0.000000, 0.155323, 1040.000000, 0.003490, 2000.000000, 1000.000000, 14.209874, 13.471040, 14.743585, 13.575501, 0.107313, 0.159543, 0.476729, 0.000000, 0.776614, 0.017452, -9.442345, -9.166499, -36.097977, -0.186804, 0.515650, -0.305525, 0.002437, 15.247070, 11.761475, 183.593735
0.000000, 0.151832, 1040.000000, 0.003490, 2000.000000, 1000.000000, 14.607465, 13.775926, 14.106524, 13.510085, -0.058775, -0.191695, 0.356995, 0.000000, 0.759162, 0.017452, -7.925265, -7.133587, -36.682346, 0.104012, 1.118586, -0.225631, 0.001868, 15.258789, 11.120605, 173.828110
0.000000, 0.162304, 1040.000000, 0.003490, 2000.000000, 1000.000000, 14.555421, 13.850541, 14.086360, 13.507678, -0.031549, -0.202981, 0.320891, 0.000000, 0.811518, 0.017452, -4.298487, -3.446912, -37.172272, 0.056075, 1.183566, -0.200065, 0.002368, 15.278320, 11.639404, 181.823715
0.000000, 0.155323, 1041.000000, 0.003490, 2000.000000, 1000.000000, 14.144340, 13.962047, 14.314975, 13.578639, 0.138511, -0.053193, 0.229657, 0.000000, 0.776614, 0.017452, -2.822158, -1.054581, -37.606430, -0.242197, 0.888490, -0.138280, 0.002238, 15.254883, 11.239624, 176.818832
0.000000, 0.143106, 1041.000000, 0.003490, 2000.000000, 1000.000000, 13.902832, 14.053150, 14.476418, 13.567600, 0.264784, 0.022009, 0.189625, 0.000000, 0.715532, 0.017452, -2.311075, 1.301719, -37.898907, -0.466966, 0.698874, -0.111649, 0.001770, 15.247070, 11.679077, 182.311996
0.000000, 0.136126, 1041.000000, 0.003490, 2000.000000, 1000.000000, 14.127608, 13.496333, 14.448689, 13.927369, -0.027489, 0.188030, 0.288149, 0.000000, 0.680628, 0.017452, -1.526590, 3.362570, -38.629765, 0.048618, 0.368644, -0.177695, 0.002475, 15.247070, 11.480713, 179.199203
0.000000, 0.136126, 1041.000000, 0.003490, 2000.000000, 1000.000000, 14.089310, 13.393326, 14.310614, 14.206751, -0.148030, 0.258682, 0.199962, 0.000000, 0.680628, 0.017452, -0.621070, 3.617718, -39.016075, 0.257409, 0.245074, -0.118040, 0.002253, 15.211914, 12.600708, 196.411118
0.000000, 0.129145, 1042.000000, 0.003490, 2000.000000, 1000.000000, 14.073422, 13.575028, 14.340089, 14.011460, -0.042442, 0.175775, 0.206755, 0.000000, 0.645724, 0.017452, 0.214878, 3.861200, -39.375065, 0.074185, 0.353731, -0.123366, 0.001765, 15.223633, 12.200928, 190.185532
0.000000, 0.092496, 1042.000000, 0.003490, 2000.000000, 1000.000000, 14.008562, 14.295227, 14.300337, 13.395874, 0.297782, -0.151894, 0.154450, 0.000000, 0.462478, 0.017452, 0.795800, 6.186127, -39.826191, -0.519164, 0.737223, -0.087148, 0.002257, 15.227539, 12.680054, 197.692856
0.000000, 0.062827, 1048.000000, 0.003490, 2000.000000, 1000.000000, 14.268358, 14.238022, 14.196938, 13.296682, 0.217480, -0.253190, 0.232648, 0.000000, 0.314136, 0.017452, 1.124698, 8.594073, -40.173885, -0.380681, 0.764920, -0.140411, 0.002166, 15.215820, 12.161255, 189.514145
0.000000, 0.045375, 1045.000000, 0.003490, 2000.000000, 1000.000000, 14.448977, 13.802679, 14.071203, 13.677141, -0.063059, -0.125828, 0.260090, 0.000000, 0.226876, 0.017452, 1.912909, 10.034783, -40.682083, 0.110403, 0.454930, -0.159585, 0.001830, 15.258789, 10.720825, 169.921860
0.000000, 0.038394, 1047.000000, 0.003490, 2000.000000, 1000.000000, 14.389709, 13.284946, 13.969353, 14.355991, -0.372850, 0.162672, 0.179531, 0.000000, 0.191972, 0.017452, 3.733781, 9.160937, -41.404205, 0.650489, -0.087286, -0.104192, 0.002298, 15.235352, 11.361694, 177.307114
0.000000, 0.026178, 1047.000000, 0.003490, 2000.000000, 1000.000000, 14.304232, 13.257870, 14.142767, 14.295132, -0.299682, 0.218949, 0.223499, 0.000000, 0.130890, 0.017452, 4.556851, 7.671052, -41.870407, 0.520527, -0.248140, -0.134019, 0.002267, 15.211914, 12.759399, 188.110336
0.000000, 0.008726, 1045.000000, 0.003490, 2000.000000, 1000.000000, 14.180800, 13.691745, 14.111915, 14.015540, -0.098170, 0.063727, 0.146358, 0.000000, 0.043630, 0.017452, 4.875180, 6.733449, -42.191380, 0.173253, -0.067046, -0.081821, 0.002229, 15.227539, 12.438965, 193.908676
0.000000, 0.003490, 1047.000000, 0.003490, 2000.000000, 1000.000000, 14.238881, 14.163295, 13.834342, 13.763482, -0.001182, -0.201088, 0.036612, 0.000000, 0.017452, 0.017452, 5.574225, 7.115148, -42.422073, 0.002812, 0.368644, -0.007253, 0.002293, 15.235352, 11.560059, 180.297836
0.000000, 0.001745, 1047.000000, 0.003490, 2000.000000, 1000.000000, 14.357297, 13.677913, 14.070739, 13.894052, -0.125674, -0.017605, 0.214018, 0.000000, 0.008726, 0.017452, 6.253216, 7.459004, -42.688824, 0.217994, 0.041610, -0.127627, 0.002254, 15.262695, 10.400391, 162.475571
0.000000, 0.003490, 1046.000000, 0.003490, 2000.000000, 1000.000000, 14.069102, 13.311435, 14.269305, 14.350158, -0.209630, 0.309732, 0.169204, 0.000000, 0.017452, 0.017452, 6.353310, 6.291842, -43.015160, 0.371391, -0.529368, -0.097800, 0.001748, 15.184570, 13.119507, 204.101547
0.000000, 0.003490, 1048.000000, 0.003490, 2000.000000, 1000.000000, 14.189109, 13.335439, 14.210454, 14.264998, -0.227054, 0.237726, 0.199782, 0.000000, 0.017452, 0.017452, 5.862337, 3.349697, -43.321529, 0.396958, -0.398341, -0.118040, 0.002182, 15.211914, 12.240601, 190.612778
0.000000, 0.003490, 1046.000000, 0.003490, 2000.000000, 1000.000000, 14.342109, 13.695544, 13.916217, 14.046130, -0.194119, -0.018826, 0.129163, 0.000000, 0.017452, 0.017452, 6.257685, 2.302634, -43.530033, 0.338368, 0.051197, -0.070104, 0.002356, 15.223633, 10.879517, 176.513657
0.000000, 0.003490, 1046.000000, 0.001745, 2000.000000, 1000.000000, 14.324469, 14.015963, 13.853901, 13.805668, -0.065068, -0.170216, 0.089184, 0.000000, 0.017452, 0.008726, 7.178740, 2.323765, -43.739349, 0.115730, 0.318577, -0.051994, 0.001750, 15.254883, 10.681152, 166.809067
0.000000, 0.003490, 1046.000000, 0.001745, 2000.000000, 1000.000000, 13.821341, 13.910444, 14.298277, 13.969938, 0.104361, 0.134108, 0.059809, 0.000000, 0.017452, 0.008726, 7.165705, 3.038192, -43.824406, -0.181477, -0.215117, -0.031754, 0.002307, 15.254883, 10.559082, 164.794907
0.000000, 0.003490, 1048.000000, 0.001745, 2000.000000, 1000.000000, 13.896209, 13.591243, 14.157506, 14.355042, -0.125626, 0.256274, 0.026857, 0.000000, 0.017452, 0.008726, 6.470737, 2.235691, -43.785942, 0.220125, -0.429234, -0.009384, 0.002266, 15.086914, 16.918945, 261.413574
0.000000, 0.003490, 1049.000000, 0.001745, 2000.000000, 1000.000000, 14.502505, 13.484881, 13.647796, 14.364818, -0.433661, 0.006307, 0.075150, 0.000000, 0.017452, 0.008726, 7.072675, 0.760812, -43.850761, 0.764472, 0.006457, -0.042407, 0.001791, 15.262695, 9.680176, 145.080566
0.000000, 0.003490, 1050.000000, 0.001745, 2000.000000, 1000.000000, 15.684482, 14.617320, 14.595641, 15.102557, -0.393520, -0.150901, 0.140061, 0.000000, 0.017452, 0.008726, 8.960482, -0.311582, -44.047077, 0.685642, 0.281293, -0.086082, 0.002189, 15.114258, 16.558838, 256.225586
0.000000, 0.003490, 1050.000000, 0.001745, 2000.000000, 1000.000000, 15.126999, 14.928007, 15.093430, 14.851564, 0.010718, -0.027503, 0.110214, 0.000000, 0.017452, 0.008726, 10.574561, -0.725185, -44.408669, -0.016362, 0.065046, -0.065842, 0.002220, 15.122070, 16.079712, 248.718246
0.000000, 0.003490, 1051.000000, 0.001745, 2000.000000, 1000.000000, 14.698957, 14.956894, 15.239239, 15.104910, 0.098067, 0.172075, -0.030901, 0.000000, 0.017452, 0.008726, 9.945158, -0.609207, -44.403572, -0.176151, -0.285424, 0.030031, 0.001758, 15.083008, 17.041016, 263.000488
0.000000, 0.003490, 1050.000000, 0.001745, 2000.000000, 1000.000000, 15.269710, 14.279155, 15.127231, 15.323905, -0.296807, 0.225567, 0.198470, 0.000000, 0.017452, 0.008726, 9.423028, -2.292382, -44.691307, 0.518397, -0.373840, -0.125497, 0.002286, 15.102539, 15.798950, 244.384750
0.000000, 0.003490, 1051.000000, 0.001745, 2000.000000, 1000.000000, 15.267010, 14.312201, 15.035416, 15.385374, -0.326192, 0.210395, 0.151212, 0.000000, 0.017452, 0.008726, 10.036959, -4.216230, -44.956703, 0.570595, -0.347209, -0.093539, 0.002317, 15.145508, 13.879395, 215.332016
0.000000, 0.003490, 1051.000000, 0.001745, 2000.000000, 1000.000000, 15.067388, 14.364205, 15.145812, 15.422595, -0.244991, 0.284203, 0.106600, 0.000000, 0.017452, 0.008726, 10.332680, -6.074524, -45.167622, 0.434242, -0.482497, -0.063712, 0.001803, 15.129883, 14.761353, 228.576645
0.000000, 0.003490, 1053.000000, 0.001745, 2000.000000, 1000.000000, 14.794021, 14.502250, 15.521493, 15.182237, 0.011871, 0.351865, 0.157757, 0.000000, 0.017452, 0.008726, 9.369058, -8.655454, -45.518944, -0.020623, -0.592218, -0.097800, 0.002324, 15.161133, 13.519287, 210.021957
0.000000, 0.003490, 1052.000000, 0.001745, 2000.000000, 1000.000000, 14.775909, 15.077110, 15.677746, 14.469234, 0.377428, 0.073490, 0.226827, 0.000000, 0.017452, 0.008726, 8.062813, -8.785577, -46.082443, -0.653386, -0.110722, -0.144672, 0.002271, 15.180664, 12.921143, 200.683578
0.000000, 0.003490, 1012.000000, 0.003490, 2000.000000, 1000.000000, 11.155375, 11.277445, 11.493160, 10.074020, 0.385303, -0.216409, 0.324267, 0.000000, 0.017452, 0.017452, 7.088453, -7.055036, -46.642548, -0.678953, 0.398471, -0.203261, 0.001885, 15.598633, 0.158691, 2.502441
0.000000, 0.003490, 1011.000000, 0.003490, 2000.000000, 1000.000000, 11.293645, 11.042357, 11.324592, 10.339406, 0.183475, -0.168001, 0.309118, 0.000000, 0.017452, 0.017452, 7.004091, -5.243927, -47.229324, -0.322091, 0.313251, -0.192608, 0.002012, 15.465820, 2.038574, 32.287598
0.000000, 0.003490, 1014.000000, 0.003490, 2000.000000, 1000.000000, 10.804463, 10.612174, 11.381764, 11.201598, -0.003031, 0.291682, 0.093114, 0.000000, 0.017452, 0.017452, 6.344226, -5.119250, -47.855091, 0.004943, -0.489954, -0.045603, 0.002307, 15.395508, 4.959106, 78.186035
0.000000, 0.003490, 1015.000000, 0.001745, 2000.000000, 1000.000000, 10.572715, 10.450137, 11.605893, 11.371255, 0.028015, 0.488574, 0.089304, 0.000000, 0.017452, 0.008726, 4.910754, -6.377249, -48.092648, -0.049385, -0.843619, -0.051994, 0.001814, 15.379883, 5.358887, 84.411613
0.000000, 0.003490, 1028.000000, 0.001745, 2000.000000, 1000.000000, 11.657278, 11.438900, 12.665022, 12.238800, 0.051961, 0.451911, 0.161150, 0.000000, 0.017452, 0.008726, 3.042753, -7.714877, -48.537304, -0.091996, -0.779704, -0.100996, 0.001804, 15.258789, 10.800171, 168.823227
0.000000, 0.003490, 1049.000000, 0.001745, 2000.000000, 1000.000000, 13.792765, 13.992222, 14.462000, 13.753014, 0.227110, 0.107506, 0.127382, 0.000000, 0.017452, 0.008726, 0.867832, -8.471659, -49.265762, -0.395594, -0.169311, -0.077560, 0.002354, 14.965820, 21.960449, 336.486786
0.000000, 0.003490, 1056.000000, 0.001745, 2000.000000, 1000.000000, 14.820704, 15.539291, 15.217350, 14.422655, 0.378321, -0.179997, 0.019027, 0.000000, 0.017452, 0.008726, 0.117090, -7.028559, -49.468800, -0.654452, 0.329230, -0.004058, 0.002522, 15.051758, 17.761230, 273.681641
0.000000, 0.003490, 1053.000000, 0.000000, 2000.000000, 1000.000000, 14.943254, 15.478214, 15.184263, 14.394268, 0.331239, -0.210734, 0.063759, 0.000000, 0.017452, 0.000000, -0.146002, -4.972445, -49.574005, -0.584145, 0.391015, -0.043472, 0.001749, 15.118164, 14.721680, 228.088364
0.000000, 0.003490, 1051.000000, 0.000000, 2000.000000, 1000.000000, 14.962594, 14.782998, 15.276355, 14.978053, 0.029676, 0.127204, 0.119475, 0.000000, 0.017452, 0.000000, -0.869730, -3.515875, -49.852055, -0.051516, -0.202334, -0.080756, 0.002372, 15.133789, 13.681030, 212.402328
0.000000, 0.003490, 1050.000000, 0.000000, 2000.000000, 1000.000000, 14.979052, 14.318901, 15.165195, 15.536852, -0.257952, 0.351024, 0.072123, 0.000000, 0.017452, 0.000000, -1.264300, -4.814830, -50.089767, 0.447025, -0.590088, -0.048798, 0.002366, 15.094727, 15.560913, 240.600571
0.000000, 0.003490, 1053.000000, 0.000000, 2000.000000, 1000.000000, 14.850153, 14.673450, 15.120968, 15.355429, -0.102790, 0.238198, -0.014440, 0.000000, 0.017452, 0.000000, -1.857038, -6.334795, -50.181171, 0.179645, -0.402602, 0.009791, 0.001751, 15.145508, 13.159180, 204.101547
0.000000, 0.003490, 1061.000000, 0.000000, 2000.000000, 1000.000000, 16.219381, 16.309713, 15.908827, 15.562078, 0.109271, -0.264548, 0.064104, 0.000000, 0.017452, 0.000000, -1.784802, -5.914460, -50.176193, -0.189999, 0.480496, -0.043472, 0.002014, 15.110352, 14.959717, 231.506332
0.000000, 0.003490, 1065.000000, 0.000000, 2000.000000, 1000.000000, 16.009287, 16.119568, 16.232681, 15.638461, 0.176125, -0.064428, 0.120985, 0.000000, 0.017452, 0.000000, -1.221065, -4.977906, -50.324059, -0.300786, 0.130026, -0.081821, 0.002386, 14.958008, 21.200562, 324.584930
0.000000, 0.003490, 1070.000000, 0.000000, 2000.000000, 1000.000000, 16.252756, 16.657251, 17.827913, 17.262079, 0.242582, 0.544995, 0.040334, 0.000000, 0.017452, 0.000000, -2.633548, -5.098011, -50.596199, -0.423291, -0.938427, -0.027493, 0.001801, 15.059570, 15.560913, 239.990219
0.000000, 0.003490, 1070.000000, 0.000000, 2000.000000, 1000.000000, 16.151072, 16.320623, 18.131388, 17.396917, 0.226005, 0.764153, 0.141229, 0.000000, 0.017452, 0.000000, -5.852897, -6.366172, -51.068764, -0.393464, -1.313398, -0.095670, 0.002097, 15.040039, 16.720581, 257.629395
0.000000, 0.003490, 1058.000000, 0.001745, 2000.000000, 1000.000000, 14.886954, 14.643003, 15.630584, 14.839459, 0.136793, 0.235022, 0.258769, 0.000000, 0.017452, 0.008726, -9.714657, -7.545822, -51.992218, -0.239001, -0.390885, -0.165977, 0.002336, 15.098633, 14.840698, 229.614243
0.000000, 0.045375, 1057.000000, 0.001745, 2000.000000, 1000.000000, 15.167376, 14.860088, 15.393578, 14.578959, 0.126833, -0.013732, 0.280477, 0.000000, 0.226876, 0.008726, -10.271511, -6.955745, -52.532772, -0.227283, 0.256792, -0.181956, 0.001762, 15.165039, 12.719727, 197.509750
-0.006981, 0.059337, 1034.000000, 0.001745, 2000.000000, 1000.000000, 12.863092, 13.174803, 13.375351, 12.586754, 0.275077, -0.018948, 0.119221, -0.034904, 0.296684, 0.008726, -9.792337, -4.692682, -52.971619, -0.520229, 0.337752, -0.072234, 0.001985, 15.254883, 8.920288, 139.282227
-0.043630, 0.055846, 1007.000000, 0.001745, 2000.000000, 1000.000000, 9.809347, 9.781622, 10.730368, 9.678663, 0.255995, 0.204516, 0.269858, -0.218150, 0.279232, 0.008726, -10.626516, -3.069548, -53.368568, -0.670431, -0.071307, -0.174499, 0.002168, 19.637695, 0.000000, 1.586914
-0.033159, 0.047120, 1013.000000, 0.001745, 2000.000000, 1000.000000, 11.045367, 10.559171, 11.523379, 10.872083, 0.041275, 0.197731, 0.284373, -0.165794, 0.235602, 0.008726, -11.636729, -2.306011, -53.908836, -0.244328, -0.107526, -0.185151, 0.001750, 15.399414, 3.961182, 62.499996
-0.019197, 0.054101, 1016.000000, 0.001745, 2000.000000, 1000.000000, 11.137602, 10.609987, 11.138184, 11.114227, -0.125915, 0.126206, 0.137893, -0.095986, 0.270506, 0.008726, -11.611637, -2.281033, -54.464149, 0.122121, 0.056524, -0.085017, 0.002017, 15.329102, 6.439209, 101.074211
-0.019197, 0.054101, 1017.000000, 0.001745, 2000.000000, 1000.000000, 11.103146, 10.757404, 11.183067, 10.956383, -0.029764, 0.069725, 0.143106, -0.095986, 0.270506, 0.008726, -11.307256, -2.223716, -54.672417, -0.046190, 0.154527, -0.088213, 0.002357, 15.333008, 5.999756, 94.177238
-0.017452, 0.047120, 1050.000000, 0.001745, 2000.000000, 1000.000000, 14.871609, 15.110991, 15.262955, 14.754446, 0.186972, 0.008701, 0.067282, -0.087260, 0.235602, 0.008726, -11.250634, -1.370596, -54.869411, -0.419030, 0.228030, -0.037081, 0.001765, 14.700195, 35.839844, 539.611816
-0.015707, 0.036649, 1101.000000, 0.001745, 2000.000000, 1000.000000, 20.289732, 19.533266, 20.382036, 19.794966, -0.042348, 0.088501, 0.335884, -0.078534, 0.183246, 0.008726, -11.587281, 0.440752, -55.373882, -0.011036, 0.034153, -0.218174, 0.002340, 14.633789, 32.440186, 477.111786
-0.003490, 0.027923, 1107.000000, 0.001745, 2000.000000, 1000.000000, 19.824430, 19.439482, 20.283094, 20.452993, -0.138712, 0.368045, 0.053762, -0.017452, 0.139616, 0.008726, -11.912907, -0.279773, -55.665230, 0.223321, -0.497410, -0.027493, 0.002266, 14.375977, 41.201782, 606.689453
0.000000, 0.003490, 1100.000000, 0.001745, 2000.000000, 1000.000000, 20.206207, 19.667622, 20.479595, 19.646576, 0.073608, 0.063085, 0.342900, 0.000000, 0.017452, 0.008726, -12.860198, -1.071573, -55.973240, -0.127149, -0.094743, -0.224566, 0.001749, 14.500977, 37.161255, 551.330566
0.000000, 0.003490, 1073.000000, 0.001745, 2000.000000, 1000.000000, 18.002821, 17.507353, 16.615225, 15.874602, 0.061289, -0.755088, 0.309022, 0.000000, 0.017452, 0.008726, -10.305562, 1.303786, -56.850922, -0.107975, 1.327376, -0.200065, 0.002373, 15.106445, 13.119507, 202.880844
0.000000, 0.003490, 1046.000000, 0.003490, 2000.000000, 1000.000000, 14.657799, 13.933010, 13.949371, 13.459820, -0.058809, -0.295404, 0.303585, 0.000000, 0.017452, 0.017452, -8.018703, 2.862048, -57.450714, 0.100816, 0.534824, -0.188347, 0.002306, 15.438477, 0.680542, 10.803222
0.000000, 0.003490, 1001.000000, 0.003490, 2000.000000, 1000.000000, 10.076021, 9.174232, 10.505966, 10.243780, -0.159900, 0.374873, 0.290994, 0.000000, 0.017452, 0.017452, -8.034242, 2.322089, -58.032379, 0.280845, -0.643351, -0.180890, 0.001750, 20.563477, 0.000000, 0.000000
0.001745, 0.003490, 1003.000000, 0.003490, 2000.000000, 1000.000000, 10.102483, 8.921681, 10.374274, 10.601562, -0.352022, 0.487918, 0.238378, 0.008726, 0.017452, 0.017452, -10.305505, -1.398892, -58.531792, 0.628119, -0.840423, -0.144672, 0.001928, 15.465820, 0.360107, 5.676269
0.000000, 0.005236, 1004.000000, 0.003490, 2000.000000, 1000.000000, 10.265141, 9.536968, 9.851982, 10.345909, -0.305525, 0.098946, 0.058561, 0.000000, 0.026178, 0.017452, -10.558974, -3.477454, -58.770321, 0.533311, -0.146941, -0.022167, 0.002248, 15.372070, 2.600098, 41.015621
0.000000, 0.003490, 1004.000000, 0.001745, 2000.000000, 1000.000000, 10.430744, 9.952288, 9.832304, 9.784664, -0.107705, -0.191516, 0.131524, 0.000000, 0.017452, 0.008726, -9.699497, -4.136939, -58.811508, 0.190298, 0.354796, -0.080756, 0.001892, 15.403320, 2.719116, 42.907711
0.000000, 0.005236, 1006.000000, 0.001745, 2000.000000, 1000.000000, 10.316451, 10.161057, 10.018170, 9.504321, 0.089613, -0.238754, 0.167310, 0.000000, 0.026178, 0.008726, -8.650398, -3.466303, -58.998779, -0.158042, 0.448538, -0.105257, 0.001795, 15.360352, 5.081177, 79.895020
0.001745, 0.139616, 1015.000000, 0.001745, 2000.000000, 1000.000000, 10.659486, 10.489112, 11.592219, 11.259183, 0.040665, 0.425701, 0.125853, 0.008726, 0.698080, 0.008726, -8.256073, -2.389140, -59.359848, -0.062168, -0.026566, -0.076495, 0.002355, 15.403320, 2.920532, 46.081539
0.000000, 0.153578, 1018.000000, 0.001745, 2000.000000, 1000.000000, 10.907326, 10.150368, 11.575136, 11.367170, -0.137248, 0.471153, 0.241231, 0.000000, 0.767888, 0.008726, -8.311003, -2.727187, -59.664734, 0.240365, -0.039350, -0.155324, 0.001945, 15.317383, 6.201172, 97.290031
0.000000, 0.148342, 1019.000000, 0.001745, 2000.000000, 1000.000000, 11.308799, 10.233010, 11.272168, 11.186023, -0.247411, 0.229096, 0.290483, 0.000000, 0.741710, 0.008726, -7.449851, -3.348882, -60.124420, 0.437437, 0.359057, -0.189412, 0.001748, 15.188477, 11.361694, 176.696762
-0.001745, 0.144852, 1043.000000, 0.001745, 2000.000000, 1000.000000, 14.410346, 13.750264, 13.938512, 13.900878, -0.155612, -0.080305, 0.174429, -0.008726, 0.724258, 0.008726, -4.302753, -3.467228, -60.446911, 0.262735, 0.881033, -0.109518, 0.002272, 15.141602, 13.558960, 210.205063
-0.003490, 0.160558, 1072.000000, 0.001745, 2000.000000, 1000.000000, 17.105663, 17.025688, 17.173061, 16.695587, 0.099374, -0.065677, 0.139362, -0.017452, 0.802792, 0.008726, -2.034444, -2.296615, -60.639542, -0.191065, 0.941753, -0.086082, 0.001791, 14.770508, 39.801025, 592.102051
-0.001745, 0.167539, 1071.000000, 0.001745, 2000.000000, 1000.000000, 16.811962, 16.887714, 17.360584, 16.939739, 0.124150, 0.150162, 0.086273, -0.008726, 0.837696, 0.008726, -0.520942, -0.544725, -60.714558, -0.227283, 0.599805, -0.049864, 0.001834, 14.848633, 23.721313, 360.717743
-0.001745, 0.171030, 1077.000000, 0.001745, 2000.000000, 1000.000000, 17.394402, 16.055801, 17.065815, 17.483982, -0.439192, 0.274898, 0.230108, -0.008726, 0.855148, 0.008726, 1.616637, -0.926714, -61.201385, 0.755949, 0.397406, -0.146802, 0.002370, 14.907227, 20.361328, 311.035156
-0.008726, 0.171030, 1077.000000, 0.001745, 2000.000000, 1000.000000, 17.622686, 16.136789, 16.878153, 17.362371, -0.492530, 0.120262, 0.250419, -0.043630, 0.855148, 0.008726, 4.032228, -2.264125, -61.507591, 0.809212, 0.666916, -0.160650, 0.002222, 14.918945, 21.481323, 328.186005
-0.073298, 0.143106, 1077.000000, 0.001745, 2000.000000, 1000.000000, 17.614574, 16.410385, 17.194172, 16.780869, -0.197722, -0.012479, 0.404373, -0.366492, 0.715532, 0.008726, 6.350033, -2.257558, -62.008106, -0.023819, 0.757463, -0.266111, 0.001836, 14.903320, 21.801758, 332.824677
-0.068063, 0.122164, 1076.000000, 0.001745, 2000.000000, 1000.000000, 16.806772, 16.902769, 17.511202, 16.779257, 0.206986, 0.145229, 0.158987, -0.340314, 0.610820, 0.008726, 7.553851, 0.438194, -62.791832, -0.704519, 0.372905, -0.098865, 0.002285, 14.958008, 18.759155, 287.475586
-0.064572, 0.125654, 1076.000000, 0.001745, 2000.000000, 1000.000000, 16.920942, 16.549658, 17.433657, 17.095743, -0.008342, 0.264700, 0.177300, -0.322862, 0.628272, 0.008726, 7.420978, 2.040696, -63.021866, -0.319961, 0.179028, -0.111649, 0.001844, 14.899414, 21.679688, 330.688446
-0.061082, 0.137871, 1046.000000, 0.001745, 2000.000000, 1000.000000, 14.642426, 13.062888, 14.305144, 13.989541, -0.315984, 0.147343, 0.473785, -0.305410, 0.689354, 0.008726, 7.923185, 2.477142, -63.642281, 0.240365, 0.446408, -0.314048, 0.001826, 15.157227, 7.559204, 33.203125
-0.052356, 0.134380, 1041.000000, 0.001745, 2000.000000, 1000.000000, 14.978304, 13.247704, 13.980062, 13.793930, -0.386117, -0.113003, 0.479183, -0.261780, 0.671902, 0.008726, 11.144761, 2.545365, -65.153847, 0.404414, 0.883164, -0.316178, 0.002357, 15.192383, 10.159302, 158.020020
-0.089005, 0.123909, 1042.000000, 0.001745, 2000.000000, 1000.000000, 15.065959, 12.981687, 13.975463, 13.976892, -0.521426, -0.023823, 0.520711, -0.445026, 0.619546, 0.008726, 13.538705, 2.397089, -66.092384, 0.459808, 0.680765, -0.346005, 0.001821, 15.145508, 12.600708, 195.373520
-0.102967, 0.130890, 1042.000000, 0.001745, 2000.000000, 1000.000000, 14.599583, 12.846678, 14.372061, 14.181679, -0.390631, 0.276870, 0.485822, -0.514834, 0.654450, 0.008726, 14.998364, 2.032856, -67.078186, 0.158340, 0.186485, -0.322570, 0.001758, 15.157227, 11.160278, 173.217758
-0.113438, 0.136126, 1042.000000, 0.001745, 2000.000000, 1000.000000, 14.162777, 13.407949, 14.699888, 13.729385, 0.053918, 0.214637, 0.431333, -0.567190, 0.680628, 0.008726, 15.228882, 3.297714, -68.271408, -0.674692, 0.321773, -0.284220, 0.002157, 15.145508, 11.239624, 174.316391
-0.141361, 0.130890, 1042.000000, 0.001745, 2000.000000, 1000.000000, 14.117695, 13.686079, 14.679075, 13.517151, 0.182577, 0.098113, 0.398385, -0.706806, 0.654450, 0.008726, 15.433949, 5.960010, -69.029388, -1.042206, 0.498606, -0.261850, 0.002170, 15.157227, 11.718750, 181.884750
-0.176265, 0.123909, 1042.000000, 0.001745, 2000.000000, 1000.000000, 14.060158, 13.689453, 14.536091, 13.714298, 0.112772, 0.125195, 0.298124, -0.881326, 0.619546, 0.008726, 15.556597, 9.277674, -69.646889, -1.100795, 0.415515, -0.193673, 0.002147, 15.157227, 11.599731, 180.114731
-0.186736, 0.120419, 1043.000000, 0.001745, 2000.000000, 1000.000000, 14.015696, 13.437525, 14.524519, 14.022261, -0.018978, 0.273390, 0.270107, -0.933682, 0.602094, 0.008726, 15.010072, 13.708108, -70.168556, -0.922897, 0.139614, -0.174499, 0.002262, 15.176758, 10.281372, 159.790039
-0.167539, 0.120419, 1043.000000, 0.001745, 2000.000000, 1000.000000, 14.262351, 13.109334, 14.403947, 14.224368, -0.243359, 0.314158, 0.333149, -0.837696, 0.602094, 0.008726, 14.677100, 15.510403, -70.615097, -0.435009, 0.067176, -0.218174, 0.001854, 15.114258, 13.040161, 201.904282
-0.165794, 0.115183, 1042.000000, 0.003490, 2000.000000, 1000.000000, 14.351839, 13.004940, 14.337212, 14.306009, -0.328924, 0.321610, 0.344526, -0.828970, 0.575916, 0.017452, 14.535324, 16.414255, -71.174355, -0.272024, 0.026696, -0.217109, 0.001874, 15.153320, 11.160278, 173.217758
-0.144852, 0.120419, 1042.000000, 0.001745, 2000.000000, 1000.000000, 14.233286, 13.123085, 14.329502, 14.314127, -0.273707, 0.321814, 0.281394, -0.724258, 0.602094, 0.008726, 14.361618, 17.471451, -71.833992, -0.264567, 0.055458, -0.181956, 0.002353, 15.129883, 12.640381, 195.922836
-0.108202, 0.104712, 1042.000000, 0.001745, 2000.000000, 1000.000000, 14.097887, 13.278624, 14.430853, 14.192636, -0.145261, 0.311745, 0.264370, -0.541012, 0.523560, 0.008726, 14.103778, 18.196215, -72.183746, -0.300786, -0.010588, -0.171303, 0.001869, 15.137695, 11.679077, 181.091293
-0.097731, 0.073298, 1043.000000, 0.001745, 2000.000000, 1000.000000, 14.122546, 13.335332, 14.484424, 14.057698, -0.090122, 0.271061, 0.303485, -0.488656, 0.366492, 0.008726, 13.584239, 18.939137, -72.494408, -0.343396, -0.101134, -0.197934, 0.001851, 15.133789, 11.959839, 185.302719
-0.095986, 0.066318, 1032.000000, 0.005236, 2000.000000, 1000.000000, 13.104751, 12.186984, 13.663148, 13.045117, -0.074934, 0.354132, 0.383949, -0.479930, 0.331588, 0.026178, 12.183973, 19.994070, -72.869507, -0.359375, -0.279033, -0.234153, 0.002251, 15.231445, 8.480835, 132.202148
-0.095986, 0.041885, 1033.000000, 0.005236, 2000.000000, 1000.000000, 13.185630, 12.148398, 13.607677, 13.058295, -0.121963, 0.332986, 0.396653, -0.479930, 0.209424, 0.026178, 10.989828, 20.485863, -73.096687, -0.277351, -0.367449, -0.242675, 0.002311, 15.211914, 8.999634, 140.197754
-0.099476, 0.036649, 1033.000000, 0.010471, 2000.000000, 1000.000000, 13.231491, 11.976168, 13.631935, 13.160406, -0.195949, 0.396171, 0.431713, -0.497382, 0.183246, 0.052356, 9.549672, 20.648703, -73.248550, -0.165498, -0.511259, -0.241610, 0.001768, 15.235352, 7.958984, 124.206535
-0.123909, 0.027923, 1034.000000, 0.008726, 2000.000000, 1000.000000, 13.136966, 12.002442, 13.465755, 13.394837, -0.265902, 0.430296, 0.301360, -0.619546, 0.139616, 0.043630, 6.903169, 20.417934, -73.159332, -0.169759, -0.609262, -0.160650, 0.002195, 15.215820, 8.801270, 137.207031
-0.132635, 0.020942, 1034.000000, 0.020942, 2000.000000, 1000.000000, 13.262526, 11.989351, 13.544033, 13.204090, -0.233308, 0.374061, 0.403279, -0.663176, 0.104712, 0.104712, 5.192490, 20.589758, -72.963593, -0.272024, -0.545347, -0.168107, 0.002191, 15.196289, 9.719849, 151.184082
-0.134380, 0.019197, 1034.000000, 0.050611, 2000.000000, 1000.000000, 13.480087, 11.735104, 13.769957, 13.014853, -0.247470, 0.392405, 0.625022, -0.671902, 0.095986, 0.253054, 3.427197, 20.846369, -72.820000, -0.254980, -0.593284, -0.170238, 0.001799, 15.219727, 9.039307, 140.808105
-0.132635, 0.022688, 1048.000000, 0.068063, 2000.000000, 1000.000000, 14.543600, 12.688053, 14.725439, 14.042908, -0.293253, 0.384173, 0.634520, -0.663176, 0.113438, 0.340314, 0.783190, 20.967070, -72.387741, -0.167629, -0.552804, -0.087148, 0.002328, 14.958008, 18.679810, 286.193848
-0.132635, 0.022688, 1049.000000, 0.069808, 2000.000000, 1000.000000, 14.572967, 12.806197, 14.611451, 14.009385, -0.291176, 0.310418, 0.592209, -0.663176, 0.113438, 0.349040, -0.667417, 20.909546, -72.057198, -0.166564, -0.432430, -0.050929, 0.001759, 15.196289, 10.919189, 169.616684
-0.132635, 0.019197, 1049.000000, 0.089005, 2000.000000, 1000.000000, 14.776411, 12.601917, 14.585405, 14.036266, -0.406339, 0.310836, 0.680908, -0.663176, 0.095986, 0.445026, -1.930569, 20.669065, -71.676239, 0.034770, -0.449474, -0.013645, 0.001802, 15.153320, 11.480713, 178.100571
-0.132635, 0.008726, 1043.000000, 0.129145, 2000.000000, 1000.000000, 15.164642, 12.261683, 14.497303, 14.076372, -0.620507, 0.286837, 0.830973, -0.663176, 0.043630, 0.645724, -3.447864, 19.216684, -71.016411, 0.404414, -0.456931, 0.087555, 0.002206, 15.114258, 12.881470, 199.523911
-0.132635, 0.008726, 1044.000000, 0.136126, 2000.000000, 1000.000000, 14.877595, 12.204638, 14.552203, 14.365563, -0.621579, 0.458883, 0.714899, -0.663176, 0.043630, 0.680628, -4.644257, 17.496296, -70.225807, 0.405480, -0.755203, 0.201537, 0.002271, 15.165039, 10.400391, 161.499008
-0.129145, 0.006981, 1043.000000, 0.146597, 2000.000000, 1000.000000, 14.772220, 12.070254, 14.826314, 14.331212, -0.551715, 0.578763, 0.799267, -0.645724, 0.034904, 0.732984, -6.676439, 15.624629, -69.098778, 0.312802, -0.987429, 0.196211, 0.001761, 15.157227, 11.160278, 173.217758
-0.111693, 0.006981, 1043.000000, 0.158813, 2000.000000, 1000.000000, 14.818455, 12.050323, 14.652864, 14.478357, -0.648406, 0.565611, 0.735660, -0.558464, 0.034904, 0.794066, -9.885377, 12.241926, -67.398514, 0.563138, -0.953341, 0.301671, 0.002139, 15.145508, 12.438965, 192.810043
-0.109948, 0.006981, 1043.000000, 0.165794, 2000.000000, 1000.000000, 15.104467, 12.022924, 14.405510, 14.467098, -0.785783, 0.436304, 0.754989, -0.549738, 0.034904, 0.828970, -11.214991, 9.670472, -66.280373, 0.808147, -0.726441, 0.324042, 0.002205, 15.153320, 11.718750, 181.823715
-0.109948, 0.006981, 1042.000000, 0.172775, 2000.000000, 1000.000000, 15.183228, 11.998593, 14.097814, 14.720365, -0.951797, 0.409089, 0.640521, -0.549738, 0.034904, 0.863874, -11.780390, 6.550226, -65.257812, 1.110680, -0.684896, 0.436959, 0.001814, 15.122070, 12.799072, 191.528305
-0.113438, 0.008726, 1043.000000, 0.172775, 2000.000000, 1000.000000, 14.903122, 11.789629, 14.202232, 15.105017, -1.004069, 0.653624, 0.552677, -0.567190, 0.043630, 0.863874, -12.887074, 0.899507, -63.058517, 1.168204, -1.093955, 0.496614, 0.002279, 15.133789, 12.359619, 191.528305
-0.109948, 0.033159, 1042.000000, 0.157068, 2000.000000, 1000.000000, 14.855123, 11.607780, 14.246087, 15.291011, -1.073067, 0.768549, 0.550604, -0.549738, 0.165794, 0.785340, -14.259387, -3.409589, -61.851177, 1.303492, -1.169588, 0.418850, 0.002322, 15.141602, 11.639404, 179.931625
-0.104712, 0.054101, 1042.000000, 0.109948, 2000.000000, 1000.000000, 14.741113, 12.207410, 13.811023, 15.240455, -0.990783, 0.525739, 0.276068, -0.523560, 0.270506, 0.549738, -14.831380, -7.555018, -60.871254, 1.207619, -0.648677, 0.367717, 0.001845, 15.153320, 11.120605, 172.485336
-0.095986, 0.073298, 1042.000000, 0.090750, 2000.000000, 1000.000000, 15.174062, 12.507722, 13.552951, 14.765265, -0.969663, 0.159108, 0.363507, -0.479930, 0.366492, 0.453752, -13.663659, -10.830462, -59.902370, 1.200162, 0.097003, 0.211125, 0.002249, 15.137695, 11.761475, 182.311996
-0.095986, 0.092496, 1042.000000, 0.167539, 2000.000000, 1000.000000, 15.303854, 12.248318, 14.407900, 14.039928, -0.671891, 0.223914, 0.855877, -0.479930, 0.462478, 0.837696, -10.735582, -13.756071, -58.429398, 0.681381, 0.083155, 0.264387, 0.002354, 15.110352, 13.040161, 201.782211
-0.102967, 0.116928, 1043.000000, 0.183246, 2000.000000, 1000.000000, 14.757179, 12.132187, 14.791393, 14.319241, -0.538210, 0.555317, 0.774287, -0.514834, 0.584642, 0.916230, -10.298466, -15.265968, -57.455296, 0.422524, -0.378101, 0.398610, 0.001770, 15.122070, 11.920166, 184.692368
-0.125654, 0.127400, 1043.000000, 0.183246, 2000.000000, 1000.000000, 14.589052, 11.893780, 14.860147, 14.657021, -0.623036, 0.758584, 0.724600, -0.628272, 0.636998, 0.916230, -10.983896, -17.111193, -56.497120, 0.450220, -0.682765, 0.432698, 0.001818, 15.188477, 9.478760, 147.521973
-0.143106, 0.132635, 1043.000000, 0.179756, 2000.000000, 1000.000000, 14.765175, 12.255512, 14.283346, 14.695967, -0.730570, 0.489656, 0.524261, -0.715532, 0.663176, 0.898778, -11.629195, -19.835192, -54.672016, 0.540767, -0.174637, 0.550942, 0.002316, 15.145508, 11.639404, 180.480942
-0.176265, 0.134380, 1043.000000, 0.178010, 2000.000000, 1000.000000, 15.239081, 12.488767, 13.818458, 14.453694, -0.846388, 0.136076, 0.528769, -0.881326, 0.671902, 0.890052, -10.327449, -20.692417, -52.782715, 0.574856, 0.449604, 0.539224, 0.002211, 15.129883, 12.200928, 189.025864
-0.183246, 0.132635, 1043.000000, 0.174520, 2000.000000, 1000.000000, 15.144396, 12.792837, 13.734354, 14.328413, -0.736404, 0.031383, 0.439375, -0.916230, 0.663176, 0.872600, -8.006975, -20.632782, -50.442371, 0.355413, 0.627502, 0.582899, 0.001769, 15.145508, 11.520386, 178.710922
-0.183246, 0.151832, 1052.000000, 0.160558, 2000.000000, 1000.000000, 15.051282, 14.170138, 15.812108, 14.966472, -0.008876, 0.389290, 0.431695, -0.916230, 0.759162, 0.802792, -7.790945, -18.360220, -48.068356, -0.922897, 0.102330, 0.517919, 0.002327, 15.036133, 15.600586, 240.234360
-0.183246, 0.157068, 1065.000000, 0.160558, 2000.000000, 1000.000000, 15.945482, 14.901855, 17.053663, 16.099001, -0.022241, 0.576331, 0.499572, -0.916230, 0.785340, 0.802792, -9.879569, -16.366453, -47.357010, -0.902657, -0.198073, 0.472113, 0.002216, 15.192383, 9.118652, 141.784668
-0.183246, 0.157068, 1071.000000, 0.157068, 2000.000000, 1000.000000, 17.541300, 15.632746, 17.353006, 17.472948, -0.507124, 0.412976, 0.447153, -0.916230, 0.785340, 0.785340, -11.151277, -15.616847, -46.399864, -0.050451, 0.081025, 0.490222, 0.001758, 14.727539, 27.639771, 416.809052
-0.195462, 0.151832, 1070.000000, 0.155323, 2000.000000, 1000.000000, 18.298477, 15.904922, 16.493107, 17.303493, -0.800986, -0.101701, 0.395792, -0.977312, 0.759162, 0.776614, -8.157120, -14.786562, -43.499561, 0.390566, 0.953471, 0.515788, 0.002270, 14.868164, 21.960449, 334.411591
-0.195462, 0.151832, 1070.000000, 0.155323, 2000.000000, 1000.000000, 17.676579, 16.196690, 17.232529, 16.894203, -0.285391, 0.063365, 0.454554, -0.977312, 0.759162, 0.776614, -6.745424, -13.009321, -41.811432, -0.503185, 0.670112, 0.476374, 0.001800, 14.879883, 20.639038, 314.575195
-0.193717, 0.160558, 1110.000000, 0.150087, 2000.000000, 1000.000000, 21.178429, 19.858063, 21.654774, 21.308735, -0.243582, 0.481754, 0.416602, -0.968586, 0.802792, 0.750436, -8.563566, -10.002420, -40.255161, -0.569231, -0.015914, 0.475308, 0.002290, 13.950195, 61.560059, 878.845154
-0.176265, 0.172775, 1110.000000, 0.118674, 2000.000000, 1000.000000, 21.155355, 19.999697, 20.919840, 21.925108, -0.540232, 0.422474, 0.037598, -0.881326, 0.863874, 0.593368, -9.085282, -9.779828, -38.919617, 0.035835, 0.148136, 0.573312, 0.002218, 14.223633, 45.480347, 662.597595
-0.176265, 0.176265, 1041.000000, 0.019197, 2000.000000, 1000.000000, 13.884364, 14.261077, 13.024131, 14.830428, -0.357396, -0.072720, -0.545752, -0.881326, 0.881326, 0.095986, -8.192983, -8.329444, -37.299843, -0.275220, 1.034430, 0.468917, 0.001793, 18.161133, 0.158691, 2.990722
-0.181501, 0.176265, 1023.000000, 0.062827, 2000.000000, 1000.000000, 12.965346, 11.457196, 12.020661, 11.556796, -0.261072, -0.211271, 0.493004, -0.907504, 0.881326, 0.314136, -6.582254, -3.003937, -36.465290, -0.473358, 1.274113, -0.017906, 0.002069, 16.672852, 0.000000, 0.000000
-0.181501, 0.191972, 1040.000000, 0.104712, 2000.000000, 1000.000000, 15.146217, 12.966942, 14.102024, 13.784817, -0.465517, -0.056579, 0.624121, -0.907504, 0.959860, 0.523560, -5.358310, 0.005172, -36.381859, -0.116497, 1.083432, 0.104599, 0.002150, 14.973633, 18.600464, 285.217285
-0.181501, 0.212914, 1039.000000, 0.106457, 2000.000000, 1000.000000, 13.753559, 11.917936, 12.827700, 13.500805, -0.627182, 0.164252, 0.290630, -0.907504, 1.064572, 0.532286, -3.714237, 1.932331, -35.794880, 0.174319, 0.806465, 0.340021, 0.001800, 15.094727, 12.200928, 188.598618
-0.178010, 0.226876, 1007.000000, 0.069808, 2000.000000, 1000.000000, 10.323985, 9.131387, 9.812552, 10.732076, -0.528031, 0.272314, 0.068269, -0.890052, 1.134380, 0.349040, -2.249891, 3.326761, -34.967628, 0.010269, 0.686091, 0.305932, 0.002212, 18.438477, 0.039673, 0.793457
-0.179756, 0.228621, 1005.000000, 0.069808, 2000.000000, 1000.000000, 10.132527, 9.445273, 10.289189, 10.133010, -0.132769, 0.211100, 0.210858, -0.898778, 1.143106, 0.349040, -1.872726, 6.638350, -34.076359, -0.687475, 0.801139, 0.208994, 0.002338, 15.352539, 2.600098, 40.893551
-0.181501, 0.223386, 1011.000000, 0.064572, 2000.000000, 1000.000000, 11.099779, 10.717482, 11.122757, 11.059982, -0.079881, 0.091370, 0.111268, -0.907504, 1.116928, 0.322862, -2.242659, 9.767296, -33.412426, -0.794001, 0.988624, 0.250539, 0.001769, 15.317383, 3.921509, 61.523434
-0.184991, 0.219895, 1041.000000, 0.080279, 2000.000000, 1000.000000, 14.315776, 13.741656, 14.036914, 13.905654, -0.110715, -0.028716, 0.176345, -0.924956, 1.099476, 0.401396, -2.416687, 13.431225, -32.646976, -0.757782, 1.183566, 0.285693, 0.001748, 14.821289, 24.920654, 378.234833
-0.183246, 0.216405, 1046.000000, 0.120419, 2000.000000, 1000.000000, 14.794469, 13.428748, 13.869411, 13.907372, -0.350921, -0.111608, 0.331940, -0.916230, 1.082024, 0.602094, -1.601887, 19.170631, -31.489182, -0.325287, 1.301810, 0.382631, 0.002248, 15.114258, 11.520386, 178.283676
-0.183246, 0.212914, 1048.000000, 0.125654, 2000.000000, 1000.000000, 14.966384, 12.887511, 14.006576, 14.139529, -0.552957, 0.073052, 0.486479, -0.916230, 1.064572, 0.628272, -0.179988, 21.880424, -31.064016, 0.028378, 0.963058, 0.303802, 0.002181, 15.129883, 10.800171, 167.419418
-0.176265, 0.195462, 1071.000000, 0.123909, 2000.000000, 1000.000000, 17.624876, 16.042280, 16.909300, 17.423544, -0.524210, 0.166422, 0.267088, -0.881326, 0.977312, 0.619546, 1.730119, 24.387320, -30.417114, 0.007073, 0.710592, 0.444416, 0.002261, 14.676758, 28.799438, 432.983368
-0.167539, 0.186736, 1072.000000, 0.116928, 2000.000000, 1000.000000, 17.550562, 16.294909, 17.085501, 17.069029, -0.309795, 0.077264, 0.318031, -0.837696, 0.933682, 0.584642, 2.405560, 26.465538, -29.554594, -0.317830, 0.825640, 0.375174, 0.001805, 14.743164, 25.161743, 379.882782
-0.153578, 0.183246, 1072.000000, 0.099476, 2000.000000, 1000.000000, 17.393833, 16.372383, 17.000725, 17.233059, -0.313447, 0.116892, 0.197278, -0.767888, 0.916230, 0.497382, 2.800602, 28.759747, -28.740685, -0.240066, 0.738289, 0.368783, 0.001762, 14.833008, 21.719360, 330.017059
-0.118674, 0.148342, 1052.000000, 0.066318, 2000.000000, 1000.000000, 15.565346, 14.237320, 14.660162, 15.537172, -0.551259, 0.098667, 0.112754, -0.593368, 0.741710, 0.331588, 4.707594, 31.219366, -28.354313, 0.351152, 0.588087, 0.257996, 0.002211, 14.879883, 19.760132, 300.903320
-0.115183, 0.115183, 1051.000000, 0.052356, 2000.000000, 1000.000000, 15.643015, 13.884974, 14.772398, 15.699614, -0.671314, 0.236006, 0.207707, -0.575916, 0.575916, 0.261780, 6.574739, 31.578268, -28.823732, 0.576986, 0.180094, 0.123773, 0.002170, 15.149414, 9.680176, 150.085449
-0.115183, 0.061082, 1042.000000, 0.045375, 2000.000000, 1000.000000, 14.442739, 13.020038, 13.817170, 14.720054, -0.581396, 0.268612, 0.129954, -0.575916, 0.305410, 0.226876, 8.081599, 30.801695, -29.283463, 0.435307, -0.159724, 0.140818, 0.001748, 15.188477, 8.358765, 130.004883
-0.115183, 0.013962, 1033.000000, 0.036649, 2000.000000, 1000.000000, 13.162681, 12.187919, 12.992620, 13.656781, -0.409731, 0.324700, 0.077650, -0.575916, 0.069808, 0.183246, 8.399992, 29.179424, -28.800209, 0.125317, -0.495280, 0.132295, 0.002203, 15.200195, 8.279419, 128.906250
-0.106457, 0.003490, 1034.000000, 0.031414, 2000.000000, 1000.000000, 12.952472, 12.076732, 13.109040, 13.861756, -0.407114, 0.485398, 0.030756, -0.532286, 0.017452, 0.157068, 7.718256, 27.425896, -28.132309, 0.164731, -0.828705, 0.137622, 0.002255, 15.192383, 7.598877, 118.225090
-0.089005, 0.001745, 1051.000000, 0.031414, 2000.000000, 1000.000000, 15.053371, 13.797287, 15.056103, 16.093239, -0.573306, 0.574671, 0.054737, -0.445026, 0.008726, 0.157068, 7.269954, 24.711069, -27.561562, 0.551420, -1.002342, 0.121643, 0.001801, 15.024414, 15.161133, 233.215317
-0.085515, 0.001745, 1053.000000, 0.040140, 2000.000000, 1000.000000, 15.685431, 13.650568, 14.673246, 15.990755, -0.838093, 0.332000, 0.179339, -0.427574, 0.008726, 0.200698, 9.295454, 19.930256, -27.894890, 1.020133, -0.567717, 0.081163, 0.002332, 14.961914, 18.521118, 283.691406
-0.089005, 0.003490, 1064.000000, 0.064572, 2000.000000, 1000.000000, 16.785419, 14.778860, 16.009985, 16.425735, -0.605577, 0.217860, 0.397702, -0.445026, 0.017452, 0.322862, 10.838743, 17.790043, -28.223856, 0.597226, -0.361057, 0.056662, 0.002257, 15.059570, 13.040161, 201.110825
-0.089005, 0.003490, 1073.000000, 0.066318, 2000.000000, 1000.000000, 17.227182, 16.119993, 17.319750, 17.333075, -0.280129, 0.326412, 0.273467, -0.445026, 0.017452, 0.331588, 10.924417, 16.320810, -27.958925, 0.037966, -0.556000, 0.149340, 0.001753, 14.676758, 28.121948, 422.790497
-0.104712, 0.003490, 1082.000000, 0.061082, 2000.000000, 1000.000000, 17.983170, 16.407093, 18.527058, 19.082680, -0.532925, 0.804869, 0.255113, -0.523560, 0.017452, 0.305410, 9.644630, 12.602967, -27.016562, 0.391631, -1.382640, 0.135491, 0.002175, 14.629883, 30.679321, 459.594696
-0.106457, 0.003490, 1082.000000, 0.041885, 2000.000000, 1000.000000, 18.124323, 16.198782, 18.386736, 19.290159, -0.707242, 0.838447, 0.255529, -0.532286, 0.017452, 0.209424, 9.181531, 8.405730, -26.697657, 0.684577, -1.442294, 0.038553, 0.002213, 14.708008, 25.839233, 388.977020
-0.109948, 0.003490, 1082.000000, 0.040140, 2000.000000, 1000.000000, 18.220360, 16.423431, 18.391800, 18.964409, -0.592385, 0.678104, 0.306080, -0.549738, 0.017452, 0.200698, 9.023581, 4.411684, -26.625528, 0.472591, -1.174914, -0.005123, 0.001823, 14.735352, 25.561523, 385.681122
-0.113438, 0.003490, 1052.000000, 0.012216, 2000.000000, 1000.000000, 14.773747, 14.472173, 15.300765, 15.453315, -0.113531, 0.377040, 0.037256, -0.567190, 0.017452, 0.061082, 7.538009, 1.323833, -26.551214, -0.379615, -0.635894, 0.036422, 0.002341, 14.938477, 16.961670, 259.399414
-0.155323, 0.001745, 1012.000000, 0.003490, 2000.000000, 1000.000000, 11.247925, 10.254669, 11.175449, 11.321957, -0.284941, 0.248703, 0.211687, -0.776614, 0.008726, 0.017452, 6.010669, 0.511668, -26.631603, -0.298656, -0.430299, -0.126562, 0.001814, 18.848633, 0.039673, 0.793457
-0.162304, 0.001745, 1021.000000, 0.003490, 2000.000000, 1000.000000, 12.487010, 11.089341, 12.017516, 12.406133, -0.446572, 0.211824, 0.252264, -0.811518, 0.008726, 0.017452, 5.110042, -0.162230, -27.067204, -0.048320, -0.364253, -0.154259, 0.001814, 15.735352, 0.000000, 0.610352
-0.158813, 0.003490, 1028.000000, 0.006981, 2000.000000, 1000.000000, 12.475224, 10.864258, 12.017105, 12.643414, -0.559318, 0.330259, 0.246164, -0.794066, 0.017452, 0.034904, 4.680824, -1.851181, -27.630535, 0.162601, -0.557065, -0.131888, 0.002274, 15.243164, 6.039429, 94.299309
-0.160558, 0.005236, 1028.000000, 0.005236, 2000.000000, 1000.000000, 12.076762, 11.003688, 12.216971, 12.702579, -0.389670, 0.459775, 0.146867, -0.802792, 0.026178, 0.026178, 3.888043, -3.471157, -27.968195, -0.142063, -0.773312, -0.073299, 0.002356, 15.211914, 7.400513, 115.173332
-0.158813, 0.005236, 1028.000000, 0.005236, 2000.000000, 1000.000000, 11.835601, 11.173282, 12.432429, 12.558688, -0.197144, 0.495558, 0.134015, -0.794066, 0.026178, 0.026178, 2.070428, -4.981497, -28.246748, -0.469097, -0.845750, -0.064777, 0.001866, 15.215820, 6.759644, 105.285637
-0.193717, 0.005236, 1051.000000, 0.031414, 2000.000000, 1000.000000, 15.385669, 13.600459, 15.633672, 15.380200, -0.382934, 0.506936, 0.509670, -0.968586, 0.026178, 0.157068, -1.192492, -7.065797, -29.186573, -0.326352, -0.852141, -0.186217, 0.002342, 14.883789, 22.799683, 347.534149
-0.226876, 0.005236, 1071.000000, 0.050611, 2000.000000, 1000.000000, 17.556601, 15.504012, 17.370916, 17.568472, -0.562536, 0.469693, 0.463758, -1.134380, 0.026178, 0.253054, -2.791451, -8.672709, -29.749592, -0.183608, -0.788226, -0.058386, 0.002342, 14.766602, 23.800659, 360.107391
-0.247818, 0.005236, 1076.000000, 0.050611, 2000.000000, 1000.000000, 17.538914, 15.562592, 16.921490, 17.977005, -0.757960, 0.449248, 0.230202, -1.239092, 0.026178, 0.253054, -3.918084, -10.390240, -29.868767, 0.061401, -0.762660, 0.099272, 0.001749, 14.813477, 21.481323, 325.927704
-0.244328, 0.006981, 1075.000000, 0.055846, 2000.000000, 1000.000000, 17.654751, 15.359365, 17.301647, 17.684238, -0.669495, 0.492942, 0.478198, -1.221640, 0.034904, 0.279232, -5.086356, -13.408864, -29.925833, -0.083474, -0.827640, -0.042407, 0.001956, 14.856445, 19.918823, 302.978516
-0.205934, 0.006981, 1075.000000, 0.064572, 2000.000000, 1000.000000, 17.279099, 15.758423, 17.554028, 17.408451, -0.343775, 0.481240, 0.416563, -1.029668, 0.034904, 0.322862, -6.969586, -14.913623, -30.399618, -0.454183, -0.798878, 0.043879, 0.002341, 14.852539, 20.239258, 307.617188
-0.179756, 0.026178, 1076.000000, 0.076789, 2000.000000, 1000.000000, 17.178711, 15.877216, 17.705509, 17.238564, -0.208638, 0.472036, 0.442110, -0.898778, 0.130890, 0.383944, -9.077846, -16.014837, -30.782492, -0.553252, -0.695548, 0.087555, 0.001804, 14.872070, 20.480347, 311.523438
-0.130890, 0.080279, 1075.000000, 0.127400, 2000.000000, 1000.000000, 17.344721, 15.690672, 18.221750, 16.742857, -0.043789, 0.482304, 0.783236, -0.654450, 0.401396, 0.636998, -12.241351, -16.867704, -31.267750, -0.592667, -0.426038, 0.113121, 0.002379, 14.840820, 21.121216, 320.922852
-0.111693, 0.137871, 1075.000000, 0.125654, 2000.000000, 1000.000000, 17.199125, 15.847395, 17.716887, 17.236593, -0.217860, 0.476740, 0.458006, -0.558464, 0.689354, 0.628272, -13.779148, -16.812750, -31.122181, -0.196391, -0.122440, 0.324042, 0.002333, 14.844727, 20.761108, 315.490723
-0.106457, 0.171030, 1048.000000, 0.092496, 2000.000000, 1000.000000, 14.396187, 12.976355, 13.981024, 14.646435, -0.521310, 0.313729, 0.188605, -0.532286, 0.855148, 0.462478, -13.425944, -16.694828, -30.074051, 0.371391, 0.323903, 0.338955, 0.001748, 15.141602, 8.639526, 133.911133
-0.101222, 0.184991, 1045.000000, 0.090750, 2000.000000, 1000.000000, 14.907990, 12.937876, 13.906954, 14.247181, -0.577585, 0.077068, 0.407471, -0.506108, 0.924956, 0.453752, -10.409033, -15.454410, -28.159803, 0.486439, 0.812857, 0.181297, 0.002290, 15.141602, 8.959961, 138.916016
-0.083770, 0.184991, 1045.000000, 0.090750, 2000.000000, 1000.000000, 14.855821, 13.198556, 14.211545, 13.734078, -0.294949, -0.027188, 0.533683, -0.418848, 0.924956, 0.453752, -8.561251, -13.580517, -27.346916, 0.092294, 0.999277, 0.095011, 0.001823, 15.094727, 11.041260, 170.593246
-0.076789, 0.186736, 1044.000000, 0.108202, 2000.000000, 1000.000000, 15.014103, 12.991348, 14.091280, 13.903269, -0.458686, -0.002726, 0.552692, -0.383944, 0.933682, 0.541012, -6.634703, -11.423574, -26.626253, 0.408675, 0.960927, 0.170645, 0.002174, 15.098633, 10.720825, 165.710434
-0.073298, 0.186736, 1045.000000, 0.125654, 2000.000000, 1000.000000, 14.951501, 12.511020, 13.911614, 14.625865, -0.788683, 0.268740, 0.431558, -0.366492, 0.933682, 0.628272, -2.378719, -10.008796, -24.811684, 0.997763, 0.487953, 0.341086, 0.002322, 15.118164, 9.960938, 154.174805
-0.073298, 0.179756, 1045.000000, 0.123909, 2000.000000, 1000.000000, 14.649073, 12.557331, 14.247757, 14.545839, -0.597456, 0.396798, 0.448415, -0.366492, 0.898778, 0.619546, 0.058017, -10.055545, -23.500847, 0.674990, 0.225900, 0.320846, 0.001820, 15.079102, 12.280273, 189.697250
-0.073298, 0.151832, 1045.000000, 0.111693, 2000.000000, 1000.000000, 14.604177, 13.221561, 13.822149, 14.352112, -0.478144, 0.087130, 0.213163, -0.366492, 0.759162, 0.558464, 2.456375, -9.374534, -21.581657, 0.456612, 0.624306, 0.418850, 0.002290, 15.047852, 12.960815, 199.707016
-0.075044, 0.127400, 1045.000000, 0.108202, 2000.000000, 1000.000000, 15.014676, 13.363124, 13.576165, 14.046035, -0.530355, -0.188900, 0.295421, -0.375218, 0.636998, 0.541012, 4.482670, -7.716157, -20.255199, 0.541833, 0.981167, 0.345347, 0.002268, 15.040039, 13.558960, 210.693344
-0.071553, 0.122164, 1045.000000, 0.108202, 2000.000000, 1000.000000, 14.996639, 13.281504, 13.617004, 14.104853, -0.550746, -0.139071, 0.306822, -0.357766, 0.610820, 0.541012, 6.882584, -5.782003, -19.119020, 0.602552, 0.872511, 0.337890, 0.001860, 15.063477, 11.880493, 192.504868
-0.064572, 0.132635, 1045.000000, 0.106457, 2000.000000, 1000.000000, 14.296441, 12.968768, 14.325019, 14.409772, -0.353107, 0.367396, 0.310730, -0.322862, 0.663176, 0.532286, 9.032203, -4.573990, -17.532461, 0.284040, 0.038414, 0.326172, 0.002289, 15.063477, 12.121582, 187.011703
-0.061082, 0.157068, 1045.000000, 0.099476, 2000.000000, 1000.000000, 14.009661, 12.948763, 14.291157, 14.750420, -0.380040, 0.520788, 0.150409, -0.305410, 0.785340, 0.497382, 9.697012, -5.009507, -16.520897, 0.351152, -0.105396, 0.399675, 0.002193, 15.098633, 11.199951, 172.973618
-0.061082, 0.172775, 1045.000000, 0.085515, 2000.000000, 1000.000000, 14.029947, 13.152884, 13.818928, 14.998241, -0.514094, 0.408585, -0.075563, -0.305410, 0.863874, 0.427574, 10.907196, -5.340213, -15.197122, 0.589769, 0.168376, 0.483830, 0.001833, 15.055664, 13.159180, 202.880844
-0.073298, 0.172775, 1045.000000, 0.052356, 2000.000000, 1000.000000, 14.429660, 13.387437, 13.413537, 14.769366, -0.599513, 0.091451, -0.078401, -0.366492, 0.863874, 0.261780, 12.901052, -4.472160, -13.949533, 0.672859, 0.724440, 0.317650, 0.002109, 15.090820, 11.199951, 173.217758
-0.144852, 0.164049, 1045.000000, 0.029668, 2000.000000, 1000.000000, 14.619736, 13.341274, 13.183523, 14.855467, -0.737601, 0.019495, -0.098370, -0.724258, 0.820244, 0.148342, 16.053093, -1.779831, -12.727634, 0.545028, 0.805400, 0.216451, 0.002276, 15.086914, 11.639404, 179.809555
-0.181501, 0.162304, 1045.000000, 0.015707, 2000.000000, 1000.000000, 14.433755, 13.286256, 13.270494, 15.009496, -0.721625, 0.139995, -0.147876, -0.907504, 0.811518, 0.078534, 17.598871, -0.192348, -12.167542, 0.340499, 0.589153, 0.180232, 0.001790, 15.094727, 11.080933, 171.203598
-0.188482, 0.158813, 1045.000000, 0.003490, 2000.000000, 1000.000000, 14.167774, 13.281483, 13.580509, 14.970234, -0.569004, 0.275372, -0.125858, -0.942408, 0.794066, 0.017452, 18.334152, 0.886350, -11.742721, 0.034770, 0.331360, 0.103533, 0.001821, 15.055664, 12.759399, 196.716293
-0.197208, 0.153578, 1045.000000, 0.001745, 2000.000000, 1000.000000, 13.785275, 13.541288, 14.199429, 14.474009, -0.129641, 0.336719, -0.007648, -0.986038, 0.767888, 0.008726, 16.845037, 2.249345, -11.460196, -0.784413, 0.198203, 0.014052, 0.002176, 15.079102, 12.039185, 185.913071
-0.225131, 0.132635, 1044.000000, 0.000000, 2000.000000, 1000.000000, 13.867547, 13.712615, 14.056565, 14.363273, -0.115410, 0.209919, -0.037944, -1.125654, 0.663176, 0.000000, 14.506377, 3.341948, -11.284893, -0.952724, 0.313251, 0.025770, 0.002175, 15.083008, 10.598755, 163.818344
-0.256544, 0.057592, 1044.000000, 0.000000, 2000.000000, 1000.000000, 14.617753, 14.093522, 13.397172, 13.891553, -0.254653, -0.355638, 0.007463, -1.282722, 0.287958, 0.000000, 11.391864, 6.799308, -10.965403, -0.868569, 0.917252, -0.005123, 0.002109, 15.079102, 11.520386, 177.917465
-0.258290, 0.033159, 1044.000000, 0.001745, 2000.000000, 1000.000000, 14.524241, 14.077836, 13.661038, 13.736884, -0.130563, -0.301039, 0.092640, -1.291448, 0.165794, 0.008726, 9.141165, 9.567926, -10.685933, -1.094403, 0.696744, -0.054125, 0.002203, 15.086914, 11.441040, 176.696762
-0.253054, 0.006981, 1044.000000, 0.001745, 2000.000000, 1000.000000, 14.182696, 13.612676, 14.118815, 14.085813, -0.134254, 0.102314, 0.150756, -1.265270, 0.034904, 0.008726, 6.279521, 10.870836, -10.341017, -1.062445, -0.141614, -0.093539, 0.002175, 15.114258, 10.079956, 156.005859
-0.181501, 0.003490, 1044.000000, 0.001745, 2000.000000, 1000.000000, 13.438778, 13.397997, 14.696106, 14.467119, 0.047051, 0.581612, 0.067442, -0.907504, 0.017452, 0.008726, 3.007250, 9.531660, -9.837340, -1.013444, -1.000212, -0.037081, 0.002062, 15.083008, 11.239624, 173.583969
-0.108202, 0.003490, 1045.000000, 0.001745, 2000.000000, 1000.000000, 13.526896, 13.477958, 14.765903, 14.229243, 0.121930, 0.497573, 0.146399, -0.541012, 0.017452, 0.008726, -1.405655, 5.923951, -9.389896, -0.765239, -0.848945, -0.090343, 0.002360, 15.086914, 11.361694, 175.476059
0.000000, 0.003490, 1045.000000, 0.001745, 2000.000000, 1000.000000, 13.720186, 13.888895, 14.739779, 13.651140, 0.314336, 0.195460, 0.229982, 0.000000, 0.017452, 0.008726, -3.499240, 4.590775, -9.454607, -0.555383, -0.326969, -0.147867, 0.001848, 15.118164, 10.281372, 159.118652
0.000000, 0.003490, 1045.000000, 0.001745, 2000.000000, 1000.000000, 14.175392, 13.946808, 14.336973, 13.540827, 0.141890, -0.061100, 0.256183, 0.000000, 0.017452, 0.008726, -4.641603, 4.585436, -9.792855, -0.251784, 0.125765, -0.165977, 0.001757, 15.067383, 12.359619, 190.673813
0.000000, 0.003490, 1045.000000, 0.001745, 2000.000000, 1000.000000, 14.304232, 13.876257, 13.871933, 13.947578, -0.125905, -0.090244, 0.088083, 0.000000, 0.017452, 0.008726, -4.393470, 5.495149, -10.207607, 0.217994, 0.175833, -0.050929, 0.002256, 15.114258, 10.400391, 161.010727
0.000000, 0.003490, 1045.000000, 0.001745, 2000.000000, 1000.000000, 13.990340, 13.650088, 14.302060, 14.057511, -0.023926, 0.179786, 0.146200, 0.000000, 0.017452, 0.008726, -3.962211, 5.258325, -10.390639, 0.043292, -0.295011, -0.090343, 0.002390, 15.032227, 13.558960, 208.801254
0.000000, 0.003490, 1045.000000, 0.001745, 2000.000000, 1000.000000, 13.725145, 13.473274, 14.901014, 13.900566, 0.187144, 0.400790, 0.313080, 0.000000, 0.017452, 0.008726, -4.640338, 3.871016, -10.695574, -0.329548, -0.688091, -0.204326, 0.001868, 15.102539, 9.478760, 146.789551
0.000000, 0.003490, 1045.000000, 0.001745, 2000.000000, 1000.000000, 13.739293, 13.436944, 14.902034, 13.921729, 0.169489, 0.411881, 0.320664, 0.000000, 0.017452, 0.008726, -7.022235, 1.209517, -11.553623, -0.296525, -0.698744, -0.208587, 0.002396, 15.083008, 11.401367, 176.208481
0.000000, 0.003490, 1045.000000, 0.001745, 2000.000000, 1000.000000, 14.312355, 13.133549, 14.437820, 14.116276, -0.214315, 0.277048, 0.375088, 0.000000, 0.017452, 0.008726, -7.190345, -0.312421, -12.121396, 0.373522, -0.466518, -0.245871, 0.002196, 15.040039, 13.159180, 202.697739
0.000000, 0.003490, 1045.000000, 0.001745, 2000.000000, 1000.000000, 14.712934, 12.828826, 14.306401, 14.151839, -0.432386, 0.229120, 0.509668, 0.000000, 0.017452, 0.008726, -5.702481, -1.675978, -12.949486, 0.762341, -0.385558, -0.338548, 0.001827, 15.090820, 11.279297, 174.316391
0.000000, 0.003490, 1045.000000, 0.001745, 2000.000000, 1000.000000, 14.348738, 13.061497, 14.713295, 13.876471, -0.112604, 0.294882, 0.531016, 0.000000, 0.017452, 0.008726, -3.827459, -3.964795, -14.375415, 0.196689, -0.495280, -0.351332, 0.002353, 15.110352, 10.198975, 157.897949
0.000000, 0.003490, 1045.000000, 0.001745, 2000.000000, 1000.000000, 13.984426, 13.318378, 15.086023, 13.611172, 0.202201, 0.348598, 0.535225, 0.000000, 0.017452, 0.008726, -4.437109, -5.198393, -15.373835, -0.350853, -0.590088, -0.354527, 0.002260, 15.043945, 13.681030, 210.693344
0.000000, 0.003490, 1045.000000, 0.001745, 2000.000000, 1000.000000, 13.791329, 13.135900, 15.266067, 13.806705, 0.200983, 0.536385, 0.528698, 0.000000, 0.017452, 0.008726, -6.064950, -6.840310, -16.515619, -0.355114, -0.925644, -0.351332, 0.001874, 15.090820, 11.401367, 176.025375
0.000000, 0.003490, 1045.000000, 0.001745, 2000.000000, 1000.000000, 14.082712, 12.605469, 15.087828, 14.223991, -0.153352, 0.655910, 0.585270, 0.000000, 0.017452, 0.008726, -7.093290, -9.545200, -17.669712, 0.266996, -1.126978, -0.388616, 0.002186, 15.047852, 13.281250, 204.589828
0.000000, 0.003490, 1045.000000, 0.001745, 2000.000000, 1000.000000, 14.508025, 12.487315, 14.644608, 14.360051, -0.434039, 0.502330, 0.576317, 0.000000, 0.017452, 0.008726, -5.823212, -14.106967, -18.983461, 0.757015, -0.857467, -0.382224, 0.002320, 15.094727, 10.879517, 168.212875
0.000000, 0.003490, 1045.000000, 0.001745, 2000.000000, 1000.000000, 14.329164, 12.800679, 14.823314, 14.046844, -0.188003, 0.435079, 0.576239, 0.000000, 0.017452, 0.008726, -5.061265, -16.568003, -19.843237, 0.330912, -0.746681, -0.383289, 0.001971, 15.083008, 11.560059, 178.588852
0.000000, 0.003490, 1045.000000, 0.001745, 2000.000000, 1000.000000, 13.904269, 13.258845, 15.076632, 13.760253, 0.167739, 0.418443, 0.490451, 0.000000, 0.017452, 0.008726, -5.737787, -18.402409, -21.058170, -0.295460, -0.721114, -0.325765, 0.001755, 15.032227, 13.720703, 201.477036
0.000000, 0.003490, 1054.000000, 0.001745, 2000.000000, 1000.000000, 14.745544, 14.396250, 15.982565, 14.875641, 0.189407, 0.429103, 0.364055, 0.000000, 0.017452, 0.008726, -8.894022, -20.506123, -23.247320, -0.329548, -0.727506, -0.237349, 0.002332, 15.086914, 11.318970, 174.926743
0.000000, 0.019197, 1071.000000, 0.001745, 2000.000000, 1000.000000, 17.246559, 15.997326, 17.631630, 17.124485, -0.185521, 0.378058, 0.439095, 0.000000, 0.095986, 0.008726, -9.619707, -22.085367, -24.167168, 0.322390, -0.561326, -0.288481, 0.002143, 14.520508, 35.281372, 525.024414
0.000000, 0.029668, 1070.000000, 0.001745, 2000.000000, 1000.000000, 17.302191, 15.793974, 17.552809, 17.351027, -0.326609, 0.451918, 0.427500, 0.000000, 0.148342, 0.008726, -8.900155, -24.085091, -24.738840, 0.573790, -0.642285, -0.282090, 0.001754, 14.762695, 22.479248, 340.026825
0.000000, 0.129145, 1070.000000, 0.001745, 2000.000000, 1000.000000, 16.523468, 16.195923, 17.838940, 17.441669, 0.017431, 0.640304, 0.181204, 0.000000, 0.645724, 0.008726, -9.121366, -26.810625, -25.493490, -0.031276, -0.451604, -0.113779, 0.002278, 14.833008, 21.041870, 319.519043
-0.001745, 0.179756, 1070.000000, 0.001745, 2000.000000, 1000.000000, 16.927599, 16.278494, 17.571009, 17.222898, -0.075250, 0.396953, 0.249304, -0.008726, 0.898778, 0.008726, -9.332799, -27.013029, -25.970636, 0.119991, 0.230161, -0.159585, 0.002411, 14.825195, 20.440674, 310.180664
-0.001745, 0.184991, 1070.000000, 0.001745, 2000.000000, 1000.000000, 17.508848, 16.605242, 16.870230, 17.015680, -0.262264, -0.057046, 0.189539, -0.008726, 0.924956, 0.008726, -7.740782, -25.743641, -25.658978, 0.454482, 1.052540, -0.120171, 0.001748, 14.836914, 20.278931, 308.105469
-0.003490, 0.183246, 1070.000000, 0.001745, 2000.000000, 1000.000000, 17.677254, 16.841160, 16.379719, 17.101868, -0.389561, -0.259208, 0.028485, -0.017452, 0.916230, 0.008726, -2.559880, -21.945793, -23.785099, 0.660076, 1.385965, -0.010449, 0.002265, 14.821289, 21.640015, 328.124969
-0.003490, 0.174520, 1070.000000, 0.001745, 2000.000000, 1000.000000, 17.291420, 17.155094, 16.541832, 17.011654, -0.151536, -0.223257, -0.083374, -0.017452, 0.872600, 0.008726, 0.231112, -19.322456, -22.707987, 0.248887, 1.279439, 0.065184, 0.002300, 14.833008, 20.480347, 311.035156
-0.003490, 0.178010, 1069.000000, 0.001745, 2000.000000, 1000.000000, 16.084852, 16.310534, 15.862378, 15.742234, 0.086456, -0.197694, -0.026384, -0.017452, 0.890052, 0.008726, 1.834595, -16.198147, -22.061253, -0.169759, 1.268787, 0.026835, 0.001752, 14.985352, 12.240601, 187.988266
-0.003490, 0.178010, 1066.000000, 0.001745, 2000.000000, 1000.000000, 16.024706, 15.674481, 16.170979, 16.129837, -0.077270, 0.150407, 0.097842, -0.017452, 0.890052, 0.008726, 2.807097, -12.129156, -21.870300, 0.112534, 0.649872, -0.057320, 0.002258, 14.938477, 16.400146, 250.915512
-0.005236, 0.178010, 1054.000000, 0.001745, 2000.000000, 1000.000000, 15.344245, 14.333299, 14.862195, 15.460261, -0.402253, 0.161228, 0.103220, -0.026178, 0.890052, 0.008726, 4.491514, -11.053726, -21.731234, 0.682447, 0.632828, -0.061581, 0.001804, 15.067383, 11.199951, 172.729477
-0.047120, 0.165794, 1056.000000, 0.001745, 2000.000000, 1000.000000, 15.861099, 14.179394, 14.543287, 15.416220, -0.638660, -0.020246, 0.202193, -0.235602, 0.828970, 0.008726, 7.512664, -9.937664, -21.438335, 0.881650, 0.889555, -0.128693, 0.001763, 15.028320, 12.881470, 198.303207
-0.071553, 0.146597, 1057.000000, 0.001745, 2000.000000, 1000.000000, 15.829765, 14.758488, 14.743326, 14.668421, -0.249093, -0.294127, 0.286546, -0.357766, 0.732984, 0.008726, 11.269711, -6.621757, -21.557474, 0.066728, 1.263461, -0.185151, 0.002190, 15.047852, 12.078857, 186.096176
-0.066318, 0.146597, 1056.000000, 0.001745, 2000.000000, 1000.000000, 15.435857, 15.258765, 15.153235, 14.152143, 0.206001, -0.347311, 0.294546, -0.331588, 0.732984, 0.008726, 11.705218, -2.942613, -21.972179, -0.697062, 1.354007, -0.190478, 0.002196, 14.946289, 16.601562, 254.028305
-0.062827, 0.157068, 1056.000000, 0.001745, 2000.000000, 1000.000000, 15.155566, 15.063886, 15.633302, 14.147246, 0.348594, -0.109726, 0.394434, -0.314136, 0.785340, 0.008726, 10.811425, 0.910949, -22.621292, -0.933549, 1.003538, -0.259719, 0.001764, 14.981445, 14.599609, 223.876938
-0.045375, 0.167539, 1056.000000, 0.001745, 2000.000000, 1000.000000, 15.110631, 14.807961, 15.689778, 14.391629, 0.248870, 0.040704, 0.400205, -0.226876, 0.837696, 0.008726, 9.187531, 5.151538, -23.685482, -0.665104, 0.784095, -0.261850, 0.002288, 15.004883, 13.439941, 206.481918
-0.073298, 0.162304, 1052.000000, 0.001745, 2000.000000, 1000.000000, 15.269004, 14.973573, 15.417832, 14.339591, 0.195702, -0.121288, 0.343418, -0.366492, 0.811518, 0.008726, 8.489329, 8.015073, -24.231451, -0.718367, 1.046148, -0.224566, 0.001898, 15.004883, 13.400269, 205.932602
-0.085515, 0.153578, 1044.000000, 0.001745, 2000.000000, 1000.000000, 14.566887, 14.112833, 14.223261, 13.097019, 0.168047, -0.339860, 0.395073, -0.427574, 0.767888, 0.008726, 8.020576, 11.812452, -24.758078, -0.737542, 1.390226, -0.260785, 0.001748, 15.083008, 10.281372, 158.813477
-0.092496, 0.134380, 1046.000000, 0.005236, 2000.000000, 1000.000000, 14.935274, 13.621769, 14.173244, 13.269712, -0.102493, -0.278522, 0.554260, -0.462478, 0.671902, 0.026178, 8.246371, 17.949781, -26.111244, -0.296525, 1.170783, -0.349201, 0.002435, 15.083008, 10.919189, 168.579086
-0.092496, 0.136126, 1046.000000, 0.010471, 2000.000000, 1000.000000, 14.642918, 13.275526, 14.374205, 13.707352, -0.175135, 0.040778, 0.508562, -0.462478, 0.680628, 0.052356, 8.800295, 20.241501, -27.130707, -0.165498, 0.629632, -0.293808, 0.001803, 15.075195, 10.598755, 163.574203
-0.092496, 0.134380, 1047.000000, 0.008726, 2000.000000, 1000.000000, 14.413356, 13.265328, 14.278138, 14.043178, -0.228267, 0.160658, 0.345747, -0.462478, 0.671902, 0.043630, 9.153332, 21.542225, -27.896042, -0.073886, 0.408059, -0.191543, 0.001853, 15.028320, 13.400269, 206.115707
-0.090750, 0.123909, 1046.000000, 0.008726, 2000.000000, 1000.000000, 14.414850, 13.569723, 14.150352, 13.865074, -0.139962, 0.007713, 0.282602, -0.453752, 0.619546, 0.043630, 9.615631, 23.435051, -28.735172, -0.220892, 0.620045, -0.147867, 0.002199, 15.075195, 11.080933, 171.020493
-0.092496, 0.109948, 1045.000000, 0.006981, 2000.000000, 1000.000000, 14.336675, 14.073232, 13.860345, 13.729749, -0.033212, -0.204953, 0.098510, -0.462478, 0.549738, 0.034904, 9.880527, 25.680325, -29.066410, -0.413704, 0.920448, -0.031754, 0.002215, 15.098633, 9.759521, 150.817871
-0.090750, 0.062827, 1045.000000, 0.005236, 2000.000000, 1000.000000, 14.545506, 14.208308, 13.712905, 13.533280, -0.039394, -0.376907, 0.129205, -0.453752, 0.314136, 0.026178, 10.299031, 28.622036, -29.324827, -0.398790, 0.989689, -0.061581, 0.001762, 15.063477, 11.239624, 173.400864
-0.087260, 0.038394, 1045.000000, 0.003490, 2000.000000, 1000.000000, 14.220418, 13.545699, 14.266971, 13.966912, -0.093665, 0.116941, 0.243695, -0.436300, 0.191972, 0.017452, 10.166542, 31.235861, -29.759031, -0.282677, -0.006327, -0.147867, 0.002275, 15.063477, 12.121582, 181.396469
-0.076789, 0.017452, 1045.000000, 0.003490, 2000.000000, 1000.000000, 13.871228, 13.408652, 14.370769, 14.349351, -0.110290, 0.360060, 0.120998, -0.383944, 0.087260, 0.017452, 9.008523, 30.785212, -29.395313, -0.201717, -0.543216, -0.064777, 0.001853, 15.059570, 11.718750, 180.786118
-0.057592, 0.005236, 1045.000000, 0.003490, 2000.000000, 1000.000000, 13.901492, 13.610545, 14.330600, 14.157363, -0.029428, 0.243981, 0.116045, -0.287958, 0.026178, 0.017452, 7.572442, 29.828482, -28.825699, -0.242197, -0.405798, -0.061581, 0.001748, 15.067383, 11.318970, 174.621567
-0.003490, 0.003490, 1045.000000, 0.003490, 2000.000000, 1000.000000, 14.109238, 14.294905, 13.813055, 13.782803, 0.053980, -0.202072, -0.038854, -0.017452, 0.017452, 0.017452, 6.906991, 30.100279, -28.636679, -0.111170, 0.369709, 0.043879, 0.002316, 15.055664, 11.999512, 184.875473
0.000000, 0.003490, 1045.000000, 0.003490, 2000.000000, 1000.000000, 14.152613, 14.188696, 13.764694, 13.893997, -0.023305, -0.170654, -0.041347, 0.000000, 0.017452, 0.017452, 7.349786, 31.108555, -28.670954, 0.039031, 0.319642, 0.046010, 0.001759, 15.071289, 11.199951, 172.790512
0.000000, 0.003490, 1045.000000, 0.003490, 2000.000000, 1000.000000, 13.823591, 13.662590, 14.184084, 14.329735, -0.076663, 0.256909, 0.003838, 0.000000, 0.017452, 0.017452, 7.484220, 30.863485, -28.617096, 0.133839, -0.434560, 0.015117, 0.001811, 15.051758, 11.560059, 178.100571
0.000000, 0.003490, 1045.000000, 0.001745, 2000.000000, 1000.000000, 13.446539, 13.243412, 14.236713, 15.073336, -0.259937, 0.655025, -0.158374, 0.000000, 0.017452, 0.008726, 6.491067, 27.077921, -27.838621, 0.453416, -1.124847, 0.116317, 0.002188, 15.063477, 11.120605, 171.630844
0.000000, 0.003490, 1045.000000, 0.001745, 2000.000000, 1000.000000, 13.754982, 13.196737, 13.901375, 15.146906, -0.450944, 0.524141, -0.171822, 0.000000, 0.017452, 0.008726, 6.725814, 23.837118, -27.542273, 0.794299, -0.904339, 0.125904, 0.001889, 15.051758, 11.801147, 181.884750
0.000000, 0.003490, 1045.000000, 0.000000, 2000.000000, 1000.000000, 14.253295, 13.381654, 13.702167, 14.662885, -0.458089, 0.182526, -0.022269, 0.000000, 0.017452, 0.000000, 8.193879, 21.298265, -27.918522, 0.803886, -0.301403, 0.015117, 0.002074, 15.063477, 11.560059, 178.283676
0.000000, 0.003490, 1045.000000, 0.001745, 2000.000000, 1000.000000, 13.702081, 13.950259, 14.194337, 14.153323, 0.072298, 0.173830, -0.051791, 0.000000, 0.017452, 0.008726, 9.439993, 19.858393, -28.169933, -0.123953, -0.284359, 0.043879, 0.002322, 15.059570, 11.959839, 184.387192
0.000000, 0.003490, 1045.000000, 0.000000, 2000.000000, 1000.000000, 13.081085, 14.058767, 14.862206, 13.997942, 0.460487, 0.430074, -0.028355, 0.000000, 0.017452, 0.000000, 7.426147, 19.230343, -27.362406, -0.809979, -0.738159, 0.019378, 0.001902, 15.028320, 12.680054, 195.190414
0.000000, 0.003490, 1045.000000, 0.001745, 2000.000000, 1000.000000, 13.084002, 13.419318, 15.284892, 14.211787, 0.352105, 0.748339, 0.184447, 0.000000, 0.017452, 0.008726, 3.980721, 17.724354, -26.379839, -0.624625, -1.302745, -0.116975, 0.001766, 15.028320, 13.601685, 209.228500
0.000000, 0.003490, 1045.000000, 0.001745, 2000.000000, 1000.000000, 13.835152, 12.536766, 14.397635, 15.230448, -0.532799, 0.814041, 0.116393, 0.000000, 0.017452, 0.008726, 1.728160, 12.273992, -26.081030, 0.925325, -1.398618, -0.070104, 0.002362, 15.063477, 11.361694, 175.231918
0.000000, 0.003490, 1045.000000, 0.001745, 2000.000000, 1000.000000, 14.454873, 12.347064, 13.912061, 15.286002, -0.870438, 0.599031, 0.183467, 0.000000, 0.017452, 0.008726, 3.427270, 7.738234, -26.608019, 1.522935, -1.028974, -0.115910, 0.002180, 15.071289, 11.120605, 178.283676
0.000000, 0.003490, 1045.000000, 0.001745, 2000.000000, 1000.000000, 14.989961, 12.457280, 13.660354, 14.892406, -0.941183, 0.276380, 0.325157, 0.000000, 0.017452, 0.008726, 6.639778, 3.927719, -27.322216, 1.663549, -0.470779, -0.212848, 0.001778, 15.067383, 10.681152, 164.794907
0.000000, 0.003490, 1045.000000, 0.001745, 2000.000000, 1000.000000, 14.629587, 13.012798, 14.240101, 14.117514, -0.373550, 0.178807, 0.434844, 0.000000, 0.017452, 0.008726, 10.346210, 0.511057, -28.603163, 0.652619, -0.293946, -0.286351, 0.002265, 15.063477, 11.560059, 178.283676
0.000000, 0.003490, 1045.000000, 0.001745, 2000.000000, 1000.000000, 14.322244, 13.275624, 14.527993, 13.874139, -0.098191, 0.201066, 0.425119, 0.000000, 0.017452, 0.008726, 10.762619, -0.679095, -29.331387, 0.173253, -0.333361, -0.279959, 0.002165, 15.079102, 9.838867, 151.977539
0.000000, 0.003490, 1045.000000, 0.001745, 2000.000000, 1000.000000, 14.071541, 13.082094, 14.675903, 14.170462, -0.121001, 0.423182, 0.373722, 0.000000, 0.017452, 0.008726, 10.451782, -2.030432, -30.063984, 0.213733, -0.728571, -0.245871, 0.001829, 15.047852, 12.161255, 187.316879
