


<<< NEW FLIGHT DATA >>>


-0.001745, -0.001745, 1000.000000, 0.000000, 2000.000000, 1000.000000, 10.011267, 9.999632, 9.990841, 9.998260, -0.004763, -0.005450, 0.001054, -0.008726, -0.008726, 0.000000, 1.712697, -1.310825, -0.153697, -0.001105, -0.000006, -0.000719, 0.001750, 15.372070, 0.561523, 8.789062
-0.001745, 0.000000, 1000.000000, 0.000000, 2000.000000, 1000.000000, 9.995776, 10.001554, 9.987588, 10.015082, -0.005429, 0.001336, -0.008318, -0.008726, 0.000000, 0.000000, 1.711782, -1.300941, -0.146098, -0.000039, -0.002137, 0.005673, 0.001783, 15.204102, 5.679321, 88.500969
-0.001745, -0.001745, 1000.000000, 0.000000, 2000.000000, 1000.000000, 10.022198, 9.988701, 10.001772, 9.987329, -0.004763, -0.005450, 0.011985, -0.008726, -0.008726, 0.000000, 1.711719, -1.294552, -0.166704, -0.001105, -0.000006, -0.008176, 0.002105, 14.883789, 18.399048, 268.676758
-0.001745, -0.001745, 1000.000000, 0.000000, 2000.000000, 1000.000000, 9.970982, 10.003965, 9.927919, 10.097134, -0.034058, 0.012526, -0.050550, -0.008726, -0.008726, 0.000000, 1.760165, -1.337643, -0.153366, 0.045767, -0.028768, 0.034434, 0.001759, 15.168945, 13.040161, 200.988754
-0.001745, 0.000000, 1000.000000, 0.000000, 2000.000000, 1000.000000, 10.004252, 9.995740, 9.994733, 10.005275, -0.004763, 0.000004, -0.000507, -0.008726, 0.000000, 0.000000, 1.480670, -1.348197, -0.216890, -0.001105, -0.000006, 0.000346, 0.001750, 15.368164, 0.601196, 9.521484
-0.001745, -0.001745, 1000.000000, 0.000000, 2000.000000, 1000.000000, 10.000421, 10.009147, 9.982657, 10.007775, -0.004098, -0.004784, -0.008461, -0.008726, -0.008726, 0.000000, 1.486813, -1.344632, -0.227374, -0.002170, -0.001072, 0.005673, 0.001789, 15.176758, 7.040405, 109.497063
-0.001745, -0.001745, 1000.000000, 0.000000, 2000.000000, 1000.000000, 9.961161, 10.037754, 9.924757, 10.076328, -0.018745, 0.000542, -0.057041, -0.008726, -0.008726, 0.000000, 1.488294, -1.357732, -0.203805, 0.021266, -0.009594, 0.038696, 0.002316, 14.942383, 16.000366, 244.934067
-0.001745, 0.000000, 1000.000000, 0.000000, 2000.000000, 1000.000000, 9.998535, 10.002789, 9.966379, 10.032297, -0.015416, -0.000662, -0.017543, -0.008726, 0.000000, 0.000000, 1.559922, -1.363998, -0.195652, 0.015939, 0.001059, 0.012064, 0.002176, 15.172852, 6.399536, 99.487297
-0.001745, -0.001745, 1000.000000, 0.000000, 2000.000000, 1000.000000, 10.057922, 9.952976, 10.016191, 9.972910, -0.015416, -0.005450, 0.037057, -0.008726, -0.008726, 0.000000, 1.564073, -1.352351, -0.222777, 0.015939, -0.000006, -0.025220, 0.001874, 15.231445, 4.519653, 70.495605
-0.001745, 0.000000, 1000.000000, 0.000000, 2000.000000, 1000.000000, 10.021502, 9.973163, 9.996005, 10.009330, -0.015416, 0.002667, 0.008753, -0.008726, 0.000000, 0.000000, 1.639497, -1.339631, -0.241342, 0.015939, -0.004267, -0.006045, 0.001763, 15.250977, 4.238892, 66.223145
-0.001745, 0.000000, 1000.000000, 0.000000, 2000.000000, 1000.000000, 9.971577, 10.024420, 9.939423, 10.064581, -0.018079, 0.002001, -0.044501, -0.008726, 0.000000, 0.000000, 1.649430, -1.322322, -0.258321, 0.020200, -0.003202, 0.030173, 0.002257, 15.262695, 3.839111, 59.997555
-0.001745, 0.000000, 1000.000000, 0.000000, 2000.000000, 1000.000000, 9.972880, 10.021785, 9.963363, 10.041972, -0.007426, 0.002667, -0.031879, -0.008726, 0.000000, 0.000000, 1.748101, -1.331090, -0.273360, 0.003156, -0.004267, 0.021651, 0.001958, 15.258789, 4.238892, 66.223145
-0.001745, -0.001745, 1000.000000, 0.000000, 2000.000000, 1000.000000, 9.985056, 10.028507, 9.951313, 10.035124, -0.010090, -0.006781, -0.031816, -0.008726, -0.008726, 0.000000, 1.787326, -1.312898, -0.264934, 0.007417, 0.002124, 0.021651, 0.002206, 15.254883, 4.040527, 63.110348
-0.001745, 0.000000, 1000.000000, 0.000000, 2000.000000, 1000.000000, 10.026444, 9.980205, 10.010268, 9.983083, -0.004763, -0.003325, 0.018357, -0.008726, 0.000000, 0.000000, 1.833269, -1.322288, -0.256140, -0.001105, 0.005320, -0.012437, 0.002284, 15.258789, 4.238892, 66.223145
-0.001745, -0.001745, 1000.000000, 0.000000, 2000.000000, 1000.000000, 10.030792, 9.984102, 10.011698, 9.973408, -0.002100, -0.007447, 0.021245, -0.008726, -0.008726, 0.000000, 1.852092, -1.297964, -0.291768, -0.005366, 0.003189, -0.014567, 0.001758, 15.247070, 4.159546, 64.880371
-0.001745, 0.000000, 1000.000000, 0.000000, 2000.000000, 1000.000000, 9.989660, 10.003674, 9.965494, 10.041172, -0.015416, 0.003333, -0.022423, -0.008726, 0.000000, 0.000000, 1.883039, -1.302318, -0.280425, 0.015939, -0.005333, 0.015260, 0.001824, 15.270508, 4.440308, 69.396973
-0.001745, 0.000000, 1000.000000, 0.000000, 2000.000000, 1000.000000, 9.991342, 10.013976, 9.976497, 10.018186, -0.004763, -0.002659, -0.016081, -0.008726, 0.000000, 0.000000, 1.939040, -1.311287, -0.262268, -0.001105, 0.004255, 0.010999, 0.001812, 15.258789, 4.119873, 64.392090
-0.001745, 0.000000, 1000.000000, 0.000000, 2000.000000, 1000.000000, 10.043689, 9.956304, 10.027513, 9.972495, -0.008092, 0.000004, 0.035600, -0.008726, 0.000000, 0.000000, 1.938471, -1.295026, -0.266435, 0.004222, -0.000006, -0.024155, 0.002092, 15.254883, 3.601074, 56.274410
-0.001745, -0.001745, 1000.000000, -0.001745, 2000.000000, 1000.000000, 10.015402, 9.992834, 9.992313, 9.999451, -0.007426, -0.004118, 0.003858, -0.008726, -0.008726, -0.008726, 2.013630, -1.277858, -0.303388, 0.003156, -0.002137, -0.011372, 0.002362, 15.254883, 3.799438, 59.387203
-0.001745, 0.000000, 1000.000000, -0.001745, 2000.000000, 1000.000000, 10.013787, 9.980878, 10.018916, 9.986419, -0.000103, 0.002667, 0.016352, -0.008726, 0.000000, -0.008726, 2.023173, -1.313775, -0.301029, -0.008561, -0.004267, -0.019894, 0.002253, 15.247070, 4.159546, 64.880371
-0.001745, 0.000000, 1000.000000, -0.001745, 2000.000000, 1000.000000, 9.974501, 10.024160, 9.960987, 10.040352, -0.007426, 0.000670, -0.032256, -0.008726, 0.000000, -0.008726, 2.061675, -1.314133, -0.273473, 0.003156, -0.001072, 0.013129, 0.002052, 15.247070, 4.080200, 63.720699
-0.001745, -0.001745, 1000.000000, -0.001745, 2000.000000, 1000.000000, 9.986526, 10.028368, 9.946127, 10.038979, -0.012753, -0.007447, -0.033673, -0.008726, -0.008726, -0.008726, 2.046246, -1.342839, -0.263088, 0.011678, 0.003189, 0.014195, 0.001845, 15.250977, 4.000854, 58.715816
-0.001745, -0.001745, 1000.000000, -0.001745, 2000.000000, 1000.000000, 10.030562, 9.981669, 10.002147, 9.985621, -0.008092, -0.006116, 0.016354, -0.008726, -0.008726, -0.008726, 2.060324, -1.349687, -0.238352, 0.004222, 0.001059, -0.019894, 0.001863, 15.247070, 4.000854, 62.499996
-0.001745, -0.001745, 1000.000000, -0.001745, 2000.000000, 1000.000000, 10.027232, 9.988994, 10.008138, 9.975636, -0.001434, -0.008113, 0.017684, -0.008726, -0.008726, -0.008726, 2.078011, -1.381966, -0.213318, -0.006431, 0.004255, -0.020959, 0.001786, 15.278320, 3.158569, 49.377438
-0.001745, -0.001745, 1000.000000, -0.001745, 2000.000000, 1000.000000, 10.035110, 9.982447, 9.978733, 10.003710, -0.019411, -0.008779, 0.006922, -0.008726, -0.008726, -0.008726, 2.059333, -1.395784, -0.205768, 0.022331, 0.005320, -0.013502, 0.002398, 15.235352, 4.598999, 71.716309
-0.001745, -0.001745, 1000.000000, -0.001745, 2000.000000, 1000.000000, 9.946302, 10.055277, 9.960497, 10.037924, 0.007887, -0.000789, -0.046600, -0.008726, -0.008726, -0.008726, 2.009656, -1.374676, -0.229637, -0.021345, -0.007463, 0.022717, 0.002259, 15.250977, 4.199219, 65.612793
-0.001745, 0.000000, 1000.000000, 0.000000, 2000.000000, 1000.000000, 9.973106, 10.022890, 9.938290, 10.065714, -0.019411, 0.002001, -0.044302, -0.008726, 0.000000, 0.000000, 2.018539, -1.400980, -0.186157, 0.022331, -0.003202, 0.030173, 0.001889, 15.243164, 4.000854, 62.499996
-0.001745, -0.001745, 1000.000000, 0.000000, 2000.000000, 1000.000000, 10.023657, 9.991238, 10.000566, 9.984539, -0.004098, -0.007447, 0.012112, -0.008726, -0.008726, 0.000000, 1.965984, -1.415752, -0.170582, -0.002170, 0.003189, -0.008176, 0.001760, 15.258789, 4.040527, 63.110348
-0.001745, -0.001745, 1000.000000, -0.001745, 2000.000000, 1000.000000, 10.031522, 9.982041, 10.007100, 9.979337, -0.005429, -0.006781, 0.019311, -0.008726, -0.008726, -0.008726, 1.910788, -1.354984, -0.245510, -0.000039, 0.002124, -0.022024, 0.001817, 15.243164, 4.040527, 63.110348
-0.001745, 0.003490, 1000.000000, -0.001745, 2000.000000, 1000.000000, 9.969630, 9.999227, 9.993911, 10.037232, -0.003432, 0.015572, -0.018229, -0.008726, 0.017452, -0.008726, 1.941041, -1.351098, -0.271254, -0.003235, -0.007463, 0.003542, 0.001822, 15.243164, 4.278564, 66.772461
-0.001745, 0.034904, 1000.000000, -0.001745, 2000.000000, 1000.000000, 9.883251, 9.918564, 10.067915, 10.130270, -0.006761, 0.099092, -0.024417, -0.008726, 0.174520, -0.008726, 1.961701, -1.354416, -0.238707, 0.002091, 0.015972, 0.007803, 0.001767, 15.231445, 4.559326, 71.105957
-0.001745, 0.052356, 1000.000000, -0.001745, 2000.000000, 1000.000000, 9.834629, 9.859444, 10.125704, 10.180223, -0.007426, 0.152964, -0.019834, -0.008726, 0.261780, -0.008726, 1.936053, -1.268237, -0.272012, 0.003156, 0.017038, 0.004607, 0.002279, 15.231445, 4.400635, 68.603516
-0.001745, 0.052356, 1000.000000, -0.001745, 2000.000000, 1000.000000, 9.839161, 9.850916, 10.127573, 10.182350, -0.010755, 0.154961, -0.016633, -0.008726, 0.261780, -0.008726, 1.948652, -1.194410, -0.302741, 0.008483, 0.013842, 0.002477, 0.002213, 15.235352, 4.440308, 69.274902
-0.001745, 0.052356, 1000.000000, -0.001745, 2000.000000, 1000.000000, 9.830343, 9.851746, 10.142723, 10.175188, -0.002766, 0.158956, -0.013467, -0.008726, 0.261780, -0.008726, 1.971344, -1.142474, -0.322034, -0.004300, 0.007450, 0.000346, 0.002223, 15.247070, 4.080200, 63.720699
-0.001745, 0.052356, 1000.000000, -0.001745, 2000.000000, 1000.000000, 9.841274, 9.846140, 10.135012, 10.177574, -0.009424, 0.156293, -0.011857, -0.008726, 0.261780, -0.008726, 2.004278, -1.101040, -0.341831, 0.006352, 0.011711, -0.000719, 0.001837, 15.239258, 4.199219, 65.490723
-0.001745, 0.052356, 1000.000000, -0.001745, 2000.000000, 1000.000000, 9.821128, 9.850308, 10.145492, 10.183072, -0.002100, 0.164282, -0.016690, -0.008726, 0.261780, -0.008726, 1.990553, -1.093649, -0.339007, -0.005366, -0.001072, 0.002477, 0.001913, 15.247070, 4.000854, 62.377926
-0.001745, 0.052356, 1000.000000, -0.001745, 2000.000000, 1000.000000, 9.836700, 9.842724, 10.133102, 10.187473, -0.012087, 0.160288, -0.015099, -0.008726, 0.261780, -0.008726, 2.017886, -1.089368, -0.337608, 0.010613, 0.005320, 0.001411, 0.002327, 15.243164, 3.961182, 61.828609
-0.001745, 0.052356, 1006.000000, -0.001745, 2000.000000, 1000.000000, 9.833501, 9.852582, 10.145881, 10.168036, -0.000769, 0.156959, -0.010309, -0.008726, 0.261780, -0.008726, 2.022923, -1.047114, -0.370923, -0.007496, 0.010646, -0.001784, 0.002106, 15.235352, 4.400635, 68.603516
-0.001745, 0.052356, 1014.000000, -0.001745, 2000.000000, 1000.000000, 10.826508, 10.848923, 11.140219, 11.184351, -0.005429, 0.162285, -0.016636, -0.008726, 0.261780, -0.008726, 2.020806, -1.022394, -0.391283, -0.000039, 0.002124, 0.002477, 0.002257, 15.133789, 8.560181, 132.690430
-0.001745, 0.052356, 1030.000000, -0.001745, 2000.000000, 1000.000000, 12.856497, 12.861544, 13.084988, 13.196972, -0.026734, 0.140980, -0.029258, -0.008726, 0.261780, -0.008726, 2.031408, -0.977902, -0.391733, 0.034049, 0.036212, 0.010999, 0.002314, 14.879883, 17.160034, 250.732407
-0.001745, 0.054101, 1034.000000, -0.001745, 2000.000000, 1000.000000, 13.076769, 12.736891, 12.934006, 13.252335, -0.164552, 0.093171, 0.005387, -0.008726, 0.270506, -0.008726, 2.387911, -0.761500, -0.367181, 0.254557, 0.121433, -0.012437, 0.001812, 15.036133, 12.359619, 190.002426
-0.001745, 0.054101, 1035.000000, -0.001745, 2000.000000, 1000.000000, 13.076368, 12.601471, 12.780474, 13.541687, -0.309028, 0.161081, -0.071579, -0.008726, 0.270506, -0.008726, 3.471111, -0.515523, -0.347889, 0.485718, 0.012777, 0.039761, 0.002217, 15.071289, 9.201050, 142.028809
-0.001745, 0.068063, 1044.000000, -0.001745, 2000.000000, 1000.000000, 13.823256, 13.213387, 14.018090, 14.945266, -0.384261, 0.481678, -0.079327, -0.008726, 0.340314, -0.008726, 5.752211, -1.290304, -0.070020, 0.606092, -0.430371, 0.045087, 0.002222, 14.989258, 12.161255, 186.584457
-0.003490, 0.066318, 1045.000000, -0.001745, 2000.000000, 1000.000000, 13.709166, 12.988182, 14.364214, 14.938438, -0.323802, 0.651326, 0.036689, -0.017452, 0.331588, -0.008726, 7.168132, -2.834496, -0.037591, 0.500632, -0.710533, -0.033742, 0.002265, 14.989258, 11.401367, 175.109848
-0.001745, 0.069808, 1046.000000, -0.003490, 2000.000000, 1000.000000, 13.479482, 13.101510, 14.533433, 14.885575, -0.182528, 0.709504, 0.006458, -0.008726, 0.349040, -0.017452, 8.141363, -4.856480, -0.055137, 0.283319, -0.786167, -0.022024, 0.001912, 15.016602, 11.441040, 175.903305
-0.003490, 0.080279, 1049.000000, -0.005236, 2000.000000, 1000.000000, 13.446992, 13.250979, 14.599423, 14.702605, -0.074798, 0.651014, 0.023208, -0.017452, 0.401396, -0.026178, 8.625799, -6.829958, -0.106668, 0.102225, -0.640226, -0.042264, 0.001831, 15.012695, 11.160278, 171.630844
-0.017452, 0.082024, 1054.000000, -0.005236, 2000.000000, 1000.000000, 14.824876, 14.404532, 15.284717, 15.485875, -0.155375, 0.385296, 0.054796, -0.087260, 0.410122, -0.026178, 8.940487, -7.866921, -0.225601, 0.159749, -0.202405, -0.063569, 0.002013, 14.875977, 15.640259, 238.403305
-0.069808, 0.095986, 1069.000000, -0.005236, 2000.000000, 1000.000000, 15.767894, 15.515178, 16.575193, 16.141737, 0.045185, 0.358465, 0.171543, -0.349040, 0.479930, -0.026178, 8.434402, -8.316570, -0.711105, -0.420816, -0.089488, -0.142398, 0.002264, 14.762695, 21.319580, 321.594208
-0.087260, 0.136126, 1073.000000, -0.006981, 2000.000000, 1000.000000, 16.749823, 16.264299, 17.763151, 17.222727, 0.013726, 0.492940, 0.256486, -0.436300, 0.680628, -0.034904, 6.944904, -8.587279, -1.362165, -0.458100, -0.102271, -0.208444, 0.002317, 14.598633, 24.719238, 369.811981
-0.094241, 0.191972, 1072.000000, -0.010471, 2000.000000, 1000.000000, 16.728693, 15.986536, 18.005022, 17.279749, -0.004220, 0.642386, 0.366857, -0.471204, 0.959860, -0.052356, 5.634665, -8.749990, -2.230554, -0.464492, -0.061791, -0.302187, 0.001886, 14.696289, 20.440674, 307.617188
-0.127400, 0.230366, 1072.000000, -0.012216, 2000.000000, 1000.000000, 17.092894, 15.922734, 17.535746, 17.448626, -0.270760, 0.492186, 0.314320, -0.636998, 1.151832, -0.061082, 4.631131, -8.433492, -3.193256, -0.206699, 0.369638, -0.274490, 0.002119, 14.747070, 19.439697, 293.701172
-0.169284, 0.219895, 1071.000000, -0.010471, 2000.000000, 1000.000000, 17.164083, 16.878672, 17.189028, 16.768217, 0.033850, -0.021377, 0.176556, -0.846422, 1.099476, -0.052356, 2.704720, -4.850273, -4.297724, -0.900182, 1.133428, -0.172226, 0.002320, 14.704102, 21.279907, 320.617676
-0.120419, 0.221640, 1071.000000, -0.008726, 2000.000000, 1000.000000, 16.789293, 17.353815, 17.501810, 16.355082, 0.427813, -0.071554, 0.145552, -0.602094, 1.108202, -0.043630, -0.116569, -1.346387, -4.811268, -1.281544, 1.221844, -0.142398, 0.002323, 14.723633, 20.639038, 311.218262
-0.104712, 0.225131, 1071.000000, -0.008726, 2000.000000, 1000.000000, 17.164206, 16.605547, 17.554770, 16.675478, 0.080157, 0.115125, 0.359487, -0.523560, 1.125654, -0.043630, -2.717238, 1.824007, -5.379604, -0.650912, 0.942747, -0.287273, 0.002208, 14.696289, 20.840454, 313.720703
-0.106457, 0.225131, 1071.000000, -0.006981, 2000.000000, 1000.000000, 17.431925, 15.949830, 17.142775, 17.475470, -0.453698, 0.309121, 0.287350, -0.532286, 1.125654, -0.034904, -2.869833, 4.002690, -6.124845, 0.189576, 0.633822, -0.230815, 0.001755, 14.645508, 21.679688, 325.317352
-0.076789, 0.195462, 1062.000000, -0.003490, 2000.000000, 1000.000000, 16.330091, 15.137704, 16.042276, 16.489927, -0.410009, 0.266102, 0.186185, -0.383944, 0.977312, -0.017452, -1.723311, 5.416159, -6.730631, 0.268406, 0.553928, -0.144529, 0.001756, 14.875977, 14.239502, 217.102036
-0.048866, 0.169284, 1064.000000, -0.001745, 2000.000000, 1000.000000, 16.279852, 15.744816, 16.178427, 15.796903, -0.038379, -0.012335, 0.229140, -0.244328, 0.846422, -0.008726, -1.279146, 7.337718, -7.177871, -0.183264, 0.866048, -0.164769, 0.001748, 14.797852, 16.961670, 257.080078
-0.008726, 0.150087, 1065.000000, 0.000000, 2000.000000, 1000.000000, 16.025936, 16.163902, 16.379448, 15.430713, 0.271675, -0.094920, 0.202692, -0.043630, 0.750436, 0.000000, -2.411288, 11.406512, -7.564826, -0.475144, 0.901202, -0.137072, 0.002293, 14.770508, 17.279053, 261.413574
-0.003490, 0.150087, 1054.000000, 0.000000, 2000.000000, 1000.000000, 14.991752, 14.459167, 15.387502, 15.161580, -0.076666, 0.274541, 0.189627, -0.017452, 0.750436, 0.000000, -2.576576, 13.092432, -7.917936, 0.104356, 0.314245, -0.128550, 0.002202, 14.969727, 10.839844, 166.198715
-0.003490, 0.151832, 1042.000000, 0.000000, 2000.000000, 1000.000000, 14.186977, 12.644352, 14.327213, 14.841457, -0.514217, 0.584335, 0.257096, -0.017452, 0.759162, 0.000000, -1.160594, 12.934103, -8.608342, 0.805295, -0.175774, -0.175421, 0.001749, 15.059570, 7.598877, 117.187492
-0.003490, 0.151832, 1003.000000, 0.000000, 2000.000000, 1000.000000, 10.461352, 8.716187, 9.909169, 10.913291, -0.687321, 0.411231, 0.185261, -0.017452, 0.759162, 0.000000, 1.581731, 12.272159, -9.644154, 1.082262, 0.101193, -0.126419, 0.001773, 17.313477, 0.000000, 2.807617
-0.003490, 0.139616, 1007.000000, 0.000000, 2000.000000, 1000.000000, 10.430028, 9.411086, 9.800162, 10.358724, -0.394376, 0.079443, 0.115095, -0.017452, 0.698080, 0.000000, 4.147951, 12.811555, -10.406171, 0.613549, 0.570972, -0.078483, 0.001767, 16.567383, 0.000000, 0.671387
-0.003490, 0.123909, 1007.000000, 0.000000, 2000.000000, 1000.000000, 10.009548, 10.016287, 10.334787, 9.639378, 0.175537, -0.012917, 0.172167, -0.017452, 0.619546, 0.000000, 5.073563, 15.388193, -11.197130, -0.298312, 0.640213, -0.116832, 0.002348, 15.176758, 4.598999, 71.472168
-0.001745, 0.125654, 1008.000000, 0.000000, 2000.000000, 1000.000000, 9.754730, 10.033829, 10.410711, 9.800730, 0.222270, 0.105720, 0.082721, -0.008726, 0.628272, 0.000000, 4.342011, 17.020977, -11.148849, -0.364358, 0.459120, -0.056112, 0.002171, 15.188477, 3.799438, 59.082027
-0.003490, 0.120419, 1009.000000, 0.000000, 2000.000000, 1000.000000, 10.041486, 9.630660, 10.273005, 10.054849, -0.048167, 0.163927, 0.157245, -0.017452, 0.602094, 0.000000, 4.105004, 18.087069, -11.329495, 0.059615, 0.339811, -0.107245, 0.001759, 15.192383, 3.320312, 51.574703
-0.001745, 0.116928, 1009.000000, 0.000000, 2000.000000, 1000.000000, 10.334271, 9.428931, 9.895757, 10.341041, -0.337656, 0.118399, 0.115014, -0.008726, 0.584642, 0.000000, 5.233070, 18.859035, -11.938013, 0.531524, 0.395204, -0.078483, 0.001749, 15.188477, 3.640747, 56.579586
-0.026178, 0.116928, 1023.000000, 0.000000, 2000.000000, 1000.000000, 12.514873, 11.153789, 12.032842, 12.298497, -0.406685, 0.165669, 0.273857, -0.130890, 0.584642, 0.000000, 8.170362, 19.877785, -13.463696, 0.519806, 0.319571, -0.186074, 0.002131, 14.903320, 14.559937, 222.412094
-0.031414, 0.106457, 1046.000000, 0.000000, 2000.000000, 1000.000000, 14.187264, 13.332459, 14.307471, 14.172805, -0.180035, 0.240138, 0.247368, -0.157068, 0.532286, 0.000000, 9.207934, 20.230143, -14.342910, 0.130987, 0.148064, -0.167964, 0.002229, 14.684570, 20.559692, 309.509277
-0.027923, 0.087260, 1051.000000, 0.000000, 2000.000000, 1000.000000, 14.947116, 14.597293, 15.389256, 15.066335, -0.006726, 0.227795, 0.168186, -0.139616, 0.436300, 0.000000, 9.222803, 20.459702, -14.678928, -0.128936, 0.074562, -0.113636, 0.002362, 14.747070, 17.880249, 270.202637
-0.033159, 0.073298, 1051.000000, 0.000000, 2000.000000, 1000.000000, 15.258883, 14.715611, 15.184495, 14.841010, -0.049947, 0.012752, 0.221689, -0.165794, 0.366492, 0.000000, 8.942831, 21.044065, -14.946476, -0.086325, 0.346202, -0.150920, 0.001753, 14.833008, 15.481567, 235.229477
-0.047120, 0.068063, 1053.000000, 0.000000, 2000.000000, 1000.000000, 15.264787, 14.750672, 14.762372, 15.222169, -0.243478, -0.007729, 0.013579, -0.235602, 0.340314, 0.000000, 9.359490, 21.982141, -15.261922, 0.151227, 0.352594, -0.009241, 0.002210, 14.848633, 15.161133, 230.590805
-0.054101, 0.073298, 1053.000000, 0.000000, 2000.000000, 1000.000000, 14.785452, 14.237986, 15.528757, 15.447805, -0.116629, 0.488282, 0.157105, -0.270506, 0.366492, 0.000000, 9.858581, 21.750782, -15.661960, -0.085260, -0.409065, -0.106180, 0.002294, 14.856445, 14.199829, 216.125473
-0.048866, 0.076789, 1053.000000, 0.000000, 2000.000000, 1000.000000, 14.375681, 14.268789, 15.985670, 15.369860, 0.127229, 0.677765, 0.180675, -0.244328, 0.383944, 0.000000, 8.496367, 20.403797, -15.436003, -0.446382, -0.692424, -0.122158, 0.002339, 14.883789, 13.919067, 211.975082
-0.048866, 0.075044, 1053.000000, 0.000000, 2000.000000, 1000.000000, 14.478746, 14.405115, 15.869383, 15.246756, 0.137249, 0.558070, 0.174064, -0.244328, 0.375218, 0.000000, 6.598308, 19.101101, -15.158024, -0.462361, -0.511330, -0.117897, 0.002243, 14.860352, 12.921143, 196.777328
-0.043630, 0.061082, 1048.000000, 0.000000, 2000.000000, 1000.000000, 14.165262, 13.508894, 14.277058, 14.048786, -0.107025, 0.162922, 0.221160, -0.218150, 0.305410, 0.000000, 5.710891, 18.695738, -15.160005, -0.046911, 0.044734, -0.150920, 0.001759, 15.016602, 8.358765, 128.479004
-0.045375, 0.050611, 1048.000000, 0.000000, 2000.000000, 1000.000000, 14.591429, 13.599575, 13.775997, 14.032999, -0.312214, -0.095502, 0.183713, -0.226876, 0.253054, 0.000000, 6.216564, 19.328110, -15.746799, 0.272667, 0.405857, -0.125354, 0.001786, 14.973633, 10.360718, 158.874512
-0.045375, 0.050611, 1049.000000, 0.000000, 2000.000000, 1000.000000, 14.465833, 13.388284, 13.904731, 14.241153, -0.353493, 0.072942, 0.185282, -0.226876, 0.253054, 0.000000, 7.357121, 19.821327, -16.373566, 0.338713, 0.136347, -0.126419, 0.001752, 14.958008, 10.760498, 164.916977
-0.043630, 0.041885, 1048.000000, 0.001745, 2000.000000, 1000.000000, 13.610959, 13.248416, 14.954318, 14.186307, 0.101367, 0.570313, 0.282638, -0.218150, 0.209424, 0.008726, 6.889118, 18.599476, -16.836958, -0.380336, -0.703076, -0.182878, 0.002296, 14.950195, 10.641479, 162.902817
-0.043630, 0.010471, 1047.000000, 0.001745, 2000.000000, 1000.000000, 13.440622, 13.183657, 15.228132, 14.147589, 0.205895, 0.687860, 0.334378, -0.218150, 0.052356, 0.008726, 4.719462, 16.568584, -16.706785, -0.547582, -1.048220, -0.218032, 0.002306, 14.915039, 11.801147, 180.175766
-0.040140, 0.001745, 1047.000000, 0.001745, 2000.000000, 1000.000000, 13.751915, 13.077370, 14.856895, 14.313820, -0.032867, 0.585357, 0.304406, -0.200698, 0.008726, 0.008726, 2.927831, 14.224380, -16.749184, -0.148110, -0.927846, -0.198857, 0.001768, 14.958008, 10.720825, 164.184555
-0.020942, -0.001745, 1047.000000, 0.000000, 2000.000000, 1000.000000, 14.227471, 13.008452, 14.467893, 14.296184, -0.261827, 0.382038, 0.347682, -0.104712, -0.008726, 0.000000, 2.648694, 12.241774, -17.261015, 0.314212, -0.619986, -0.237206, 0.001759, 14.907227, 12.039185, 183.898911
-0.015707, -0.001745, 1050.000000, 0.000000, 2000.000000, 1000.000000, 15.183107, 13.957447, 15.338614, 15.520832, -0.351970, 0.429723, 0.260861, -0.078534, -0.008726, 0.000000, 3.302113, 10.179754, -17.886192, 0.481457, -0.692424, -0.177552, 0.001764, 14.946289, 11.041260, 169.006332
-0.013962, -0.001745, 1054.000000, 0.000000, 2000.000000, 1000.000000, 14.568829, 14.020224, 15.846310, 15.564638, -0.066733, 0.705473, 0.207569, -0.069808, -0.008726, 0.000000, 3.206819, 6.275859, -18.298416, 0.036179, -1.129180, -0.140268, 0.002316, 14.840820, 14.001465, 213.012680
-0.013962, -0.001745, 1057.000000, 0.000000, 2000.000000, 1000.000000, 14.423113, 13.911531, 16.110603, 15.554752, 0.011067, 0.832677, 0.266858, -0.069808, -0.008726, 0.000000, 2.054076, 3.129524, -18.694427, -0.087391, -1.331578, -0.180748, 0.002228, 14.844727, 14.160156, 215.332016
-0.008726, 0.001745, 1056.000000, 0.000000, 2000.000000, 1000.000000, 14.545691, 14.142740, 15.625645, 15.685925, -0.115808, 0.655785, 0.085668, -0.043630, 0.008726, 0.000000, 1.059852, 0.093221, -18.973452, 0.140575, -1.034372, -0.058243, 0.001845, 14.907227, 12.438965, 189.514145
-0.008726, 0.010471, 1057.000000, 0.000000, 2000.000000, 1000.000000, 14.949320, 14.241692, 15.441063, 15.367926, -0.158623, 0.404494, 0.195191, -0.043630, 0.052356, 0.000000, 0.760623, -1.984564, -19.220037, 0.208751, -0.591224, -0.132811, 0.001753, 14.860352, 13.320923, 202.697739
-0.013962, 0.040140, 1056.000000, -0.001745, 2000.000000, 1000.000000, 15.071362, 14.204329, 15.564478, 15.159832, -0.115597, 0.362155, 0.317920, -0.069808, 0.200698, -0.008726, 0.731344, -3.303366, -19.759865, 0.113943, -0.374977, -0.224423, 0.002048, 14.813477, 15.078735, 228.820786
-0.069808, 0.059337, 1056.000000, -0.003490, 2000.000000, 1000.000000, 14.548529, 14.130722, 16.107237, 15.213512, 0.118979, 0.660374, 0.327883, -0.349040, 0.296684, -0.017452, -0.680714, -4.911792, -20.760073, -0.537995, -0.752078, -0.239337, 0.002335, 14.864258, 13.720703, 208.801254
-0.092496, 0.066318, 1056.000000, -0.003490, 2000.000000, 1000.000000, 14.418706, 13.907273, 16.305809, 15.368213, 0.106541, 0.837011, 0.362257, -0.462478, 0.331588, -0.017452, -3.142409, -6.657261, -21.718811, -0.631737, -0.998153, -0.262772, 0.002227, 14.852539, 14.041138, 213.500961
-0.092496, 0.076789, 1056.000000, -0.003490, 2000.000000, 1000.000000, 14.595369, 13.977999, 15.886614, 15.540018, -0.067694, 0.713316, 0.240992, -0.462478, 0.383944, -0.017452, -5.272087, -8.409400, -22.588734, -0.354770, -0.751013, -0.181813, 0.001748, 14.856445, 13.198853, 200.683578
-0.087260, 0.080279, 1056.000000, -0.003490, 2000.000000, 1000.000000, 15.211652, 14.065379, 15.242827, 15.480142, -0.345897, 0.361485, 0.227240, -0.436300, 0.401396, -0.017452, -5.952183, -9.438646, -23.165802, 0.113943, -0.173643, -0.172226, 0.001813, 14.801758, 16.400146, 248.413071
-0.075044, 0.085515, 1056.000000, 0.000000, 2000.000000, 1000.000000, 15.689744, 14.002608, 15.156215, 15.151433, -0.420588, 0.153824, 0.422980, -0.375218, 0.427574, 0.000000, -4.813102, -9.345487, -23.928440, 0.292906, 0.183218, -0.286208, 0.002253, 14.833008, 14.279175, 222.228989
-0.054101, 0.089005, 1056.000000, 0.000000, 2000.000000, 1000.000000, 15.488432, 13.822214, 15.519121, 15.170233, -0.329333, 0.344677, 0.503776, -0.270506, 0.445026, 0.000000, -3.944907, -9.647021, -24.675175, 0.252427, -0.102271, -0.340536, 0.002390, 14.852539, 13.879395, 211.120590
-0.034904, 0.094241, 1056.000000, 0.000000, 2000.000000, 1000.000000, 15.165716, 13.921814, 15.771334, 15.141136, -0.153427, 0.456235, 0.468525, -0.174520, 0.471204, 0.000000, -3.538084, -10.415219, -25.501371, 0.069202, -0.253538, -0.317101, 0.002257, 14.844727, 13.558960, 206.115707
-0.026178, 0.095986, 1056.000000, 0.000000, 2000.000000, 1000.000000, 15.006546, 14.145138, 15.984968, 14.863348, 0.065053, 0.424158, 0.495757, -0.130890, 0.479930, 0.000000, -3.863061, -10.837372, -26.467201, -0.234396, -0.194949, -0.337340, 0.001748, 14.840820, 13.839722, 210.388168
-0.019197, 0.094241, 1056.000000, 0.000000, 2000.000000, 1000.000000, 15.001991, 14.123363, 15.969057, 14.905588, 0.046210, 0.437322, 0.485524, -0.095986, 0.471204, 0.000000, -4.768301, -10.980464, -27.594875, -0.169415, -0.223710, -0.328818, 0.002159, 14.829102, 13.681030, 207.702621
-0.012216, 0.062827, 1056.000000, 0.000000, 2000.000000, 1000.000000, 15.730200, 13.349852, 15.500307, 15.419641, -0.574921, 0.459974, 0.615253, -0.061082, 0.314136, 0.000000, -4.075143, -12.708200, -28.903332, 0.852167, -0.416522, -0.416170, 0.002267, 14.836914, 13.558960, 206.115707
-0.005236, 0.055846, 1056.000000, 0.000000, 2000.000000, 1000.000000, 15.865261, 13.313581, 15.463617, 15.357539, -0.611400, 0.410579, 0.664439, -0.026178, 0.279232, 0.000000, -2.543408, -14.782300, -29.713747, 0.944844, -0.372847, -0.449193, 0.002323, 14.836914, 13.958740, 203.613266
-0.003490, 0.040140, 1056.000000, 0.000000, 2000.000000, 1000.000000, 15.832644, 13.739020, 15.476018, 14.952317, -0.392481, 0.214168, 0.654331, -0.017452, 0.200698, 0.000000, -1.190738, -16.326862, -30.575760, 0.606092, -0.139555, -0.442801, 0.002218, 14.833008, 13.479614, 204.833969
-0.001745, -0.001745, 1056.000000, 0.000000, 2000.000000, 1000.000000, 15.838671, 14.394567, 15.374914, 14.391848, -0.115260, -0.116619, 0.606793, -0.008726, -0.008726, 0.000000, -0.291683, -16.738491, -31.490025, 0.174663, 0.176826, -0.412974, 0.001749, 14.825195, 14.559937, 221.008286
-0.001745, -0.001745, 1056.000000, 0.000000, 2000.000000, 1000.000000, 15.827170, 14.293599, 15.458457, 14.420774, -0.123972, -0.060385, 0.642814, -0.008726, -0.008726, 0.000000, 0.392882, -16.615349, -32.484367, 0.188511, 0.087345, -0.437475, 0.001771, 14.829102, 13.879395, 210.693344
-0.001745, -0.001745, 1056.000000, 0.000000, 2000.000000, 1000.000000, 15.828102, 13.794443, 15.534327, 14.843128, -0.335616, 0.188727, 0.681214, -0.008726, -0.008726, 0.000000, 1.073383, -17.360489, -33.511421, 0.525133, -0.308931, -0.463041, 0.001830, 14.868164, 12.921143, 196.594223
-0.001745, -0.001745, 1056.000000, 0.000000, 2000.000000, 1000.000000, 15.541530, 13.480653, 15.683290, 15.294528, -0.418029, 0.488908, 0.612410, -0.008726, -0.008726, 0.000000, 1.935037, -20.780167, -34.973103, 0.655094, -0.785101, -0.414039, 0.002366, 14.829102, 13.601685, 206.420883
-0.001745, 0.050611, 1056.000000, 0.000000, 2000.000000, 1000.000000, 15.255510, 13.633360, 16.033855, 15.077274, -0.166393, 0.555565, 0.644683, -0.008726, 0.253054, 0.000000, 1.841257, -23.073778, -36.196674, 0.255622, -0.629574, -0.436409, 0.002222, 14.825195, 13.681030, 207.580551
-0.017452, 0.087260, 1056.000000, 0.000000, 2000.000000, 1000.000000, 14.914254, 14.269506, 16.073450, 14.742791, 0.171477, 0.408120, 0.493852, -0.087260, 0.436300, 0.000000, 0.954467, -23.834555, -37.687683, -0.360097, -0.213058, -0.336275, 0.001749, 14.813477, 14.001465, 212.524399
-0.068063, 0.139616, 1056.000000, 0.000000, 2000.000000, 1000.000000, 15.158983, 14.339769, 15.675724, 14.825523, 0.007747, 0.250623, 0.417353, -0.340314, 0.698080, 0.000000, 0.193104, -22.986713, -38.776958, -0.352640, 0.299331, -0.284078, 0.001762, 14.813477, 14.599609, 221.313461
-0.123909, 0.162304, 1056.000000, 0.000000, 2000.000000, 1000.000000, 15.734205, 13.577948, 15.392508, 15.295340, -0.514773, 0.343924, 0.563356, -0.619546, 0.811518, 0.000000, 1.211374, -21.696520, -39.801037, 0.198098, 0.265243, -0.381016, 0.002290, 14.805664, 14.199829, 215.209946
-0.146597, 0.164049, 1056.000000, 0.000000, 2000.000000, 1000.000000, 15.523100, 13.682959, 15.688000, 15.105942, -0.314521, 0.396970, 0.605549, -0.732984, 0.820244, 0.000000, 1.553870, -21.288410, -40.770782, -0.233331, 0.189609, -0.409778, 0.002239, 14.813477, 14.120483, 214.233383
-0.165794, 0.164049, 1056.000000, 0.000000, 2000.000000, 1000.000000, 15.245237, 14.300821, 15.902514, 14.551428, 0.101668, 0.226971, 0.573876, -0.828970, 0.820244, 0.000000, 0.805033, -19.549820, -42.140701, -0.990729, 0.459120, -0.390603, 0.001756, 14.797852, 14.559937, 220.703110
-0.174520, 0.164049, 1056.000000, 0.000000, 2000.000000, 1000.000000, 14.962584, 14.851283, 16.135460, 14.050673, 0.493371, 0.093066, 0.549022, -0.872600, 0.820244, 0.000000, -0.988603, -15.773831, -43.681076, -1.657580, 0.672171, -0.373559, 0.001757, 14.793945, 14.361572, 217.590317
-0.174520, 0.164049, 1056.000000, 0.000000, 2000.000000, 1000.000000, 15.000948, 15.003071, 15.972736, 14.023245, 0.487904, -0.002010, 0.486842, -0.872600, 0.820244, 0.000000, -3.124396, -10.963699, -45.155830, -1.647993, 0.823438, -0.329884, 0.002117, 14.786133, 15.161133, 229.431137
-0.178010, 0.164049, 1056.000000, 0.000000, 2000.000000, 1000.000000, 15.861188, 14.412129, 15.100865, 14.625817, -0.243502, -0.136658, 0.481027, -0.890052, 0.820244, 0.000000, -3.043048, -5.187247, -46.544319, -0.502841, 1.037555, -0.326688, 0.001931, 14.809570, 13.479614, 204.406723
-0.179756, 0.162304, 1056.000000, 0.000000, 2000.000000, 1000.000000, 15.784098, 14.154461, 15.102934, 14.958508, -0.371303, 0.030721, 0.443515, -0.898778, 0.811518, 0.000000, -1.939064, -2.914262, -47.302479, -0.308964, 0.762718, -0.300056, 0.002263, 14.817383, 13.958740, 211.791977
-0.179756, 0.160558, 1056.000000, 0.000000, 2000.000000, 1000.000000, 15.423807, 13.992887, 15.492014, 15.091291, -0.257549, 0.291652, 0.457910, -0.898778, 0.802792, 0.000000, -1.580518, -1.253659, -48.079971, -0.488993, 0.338746, -0.311774, 0.001749, 14.770508, 15.481567, 234.191879
-0.176265, 0.151832, 1056.000000, 0.001745, 2000.000000, 1000.000000, 15.035360, 14.338234, 15.917200, 14.709206, 0.127717, 0.313203, 0.476280, -0.881326, 0.759162, 0.008726, -2.421358, 0.719537, -48.946800, -1.084472, 0.260982, -0.314970, 0.001847, 14.805664, 14.239502, 215.881332
-0.137871, 0.139616, 1056.000000, 0.001745, 2000.000000, 1000.000000, 14.552891, 14.836998, 16.265671, 14.344440, 0.551334, 0.305056, 0.409281, -0.689354, 0.698080, 0.008726, -4.315420, 3.868085, -49.666855, -1.565968, 0.213045, -0.269164, 0.001968, 14.786133, 14.678955, 222.106918
-0.069808, 0.094241, 1056.000000, 0.000000, 2000.000000, 1000.000000, 15.271495, 14.989617, 15.615863, 14.123025, 0.302741, -0.130556, 0.443679, -0.349040, 0.471204, 0.000000, -6.337314, 9.003926, -50.478310, -0.829875, 0.678563, -0.300056, 0.002307, 14.762695, 15.240479, 230.407700
-0.055846, 0.068063, 1056.000000, 0.000000, 2000.000000, 1000.000000, 15.672830, 14.534347, 15.174600, 14.618224, -0.145527, -0.103588, 0.423715, -0.279232, 0.340314, 0.000000, -5.552219, 10.822157, -51.489449, -0.047976, 0.504926, -0.287273, 0.002144, 14.813477, 13.720703, 208.007797
-0.047120, 0.061082, 1056.000000, 0.000000, 2000.000000, 1000.000000, 15.595459, 14.125902, 15.188412, 15.090227, -0.342843, 0.139320, 0.391935, -0.235602, 0.305410, 0.000000, -4.000093, 10.735748, -52.789711, 0.308885, 0.084149, -0.264903, 0.002331, 14.758789, 15.438843, 233.276352
-0.019197, 0.048866, 1056.000000, 0.000000, 2000.000000, 1000.000000, 15.373656, 14.358005, 15.586993, 14.681346, -0.027501, 0.134170, 0.480325, -0.095986, 0.244328, 0.000000, -3.714334, 10.444290, -53.637287, -0.052237, 0.030886, -0.326688, 0.001801, 14.797852, 13.800049, 209.228500
-0.001745, 0.040140, 1056.000000, 0.000000, 2000.000000, 1000.000000, 15.136509, 14.567003, 15.791668, 14.504820, 0.179336, 0.148244, 0.464088, -0.008726, 0.200698, 0.000000, -3.976074, 10.804119, -54.475666, -0.294051, -0.035160, -0.316035, 0.001766, 14.805664, 13.919067, 210.998520
-0.001745, 0.034904, 1056.000000, 0.000000, 2000.000000, 1000.000000, 15.006637, 14.333547, 16.006998, 14.652818, 0.170272, 0.329909, 0.506817, -0.008726, 0.174520, 0.000000, -5.222236, 11.270141, -55.559784, -0.279137, -0.349411, -0.342667, 0.002340, 14.844727, 11.999512, 182.189926
-0.001745, 0.038394, 1056.000000, 0.000000, 2000.000000, 1000.000000, 15.046829, 14.043650, 15.869104, 15.040417, -0.043623, 0.454761, 0.457967, -0.008726, 0.191972, 0.000000, -6.455432, 10.810867, -56.256798, 0.060680, -0.531570, -0.311774, 0.001760, 14.805664, 13.320923, 201.904282
-0.001745, 0.038394, 1056.000000, 0.000000, 2000.000000, 1000.000000, 15.224461, 13.863245, 15.654432, 15.257862, -0.241162, 0.456148, 0.439447, -0.008726, 0.191972, 0.000000, -7.270042, 9.314919, -56.918129, 0.374931, -0.533700, -0.298991, 0.001793, 14.790039, 14.559937, 220.520004
-0.001745, 0.020942, 1056.000000, 0.000000, 2000.000000, 1000.000000, 15.316650, 14.378510, 15.708456, 14.596384, 0.043483, 0.152420, 0.512553, -0.008726, 0.104712, 0.000000, -7.986534, 7.529950, -58.154140, -0.077803, -0.137425, -0.346928, 0.002240, 14.790039, 13.760376, 208.374008
-0.001745, -0.001745, 1056.000000, 0.000000, 2000.000000, 1000.000000, 15.288425, 14.687681, 15.749336, 14.274557, 0.218509, 0.011946, 0.518881, -0.008726, -0.008726, 0.000000, -8.360940, 7.910208, -59.071205, -0.355835, -0.027703, -0.351189, 0.002255, 14.801758, 13.400269, 203.002914
-0.001745, -0.001745, 1056.000000, 0.000000, 2000.000000, 1000.000000, 15.210227, 14.448556, 15.756116, 14.585101, 0.102336, 0.170609, 0.483171, -0.008726, -0.008726, 0.000000, -8.997025, 8.343579, -59.926849, -0.171546, -0.280169, -0.328818, 0.001762, 14.786133, 14.239502, 215.576157
-0.001745, -0.001745, 1056.000000, 0.000000, 2000.000000, 1000.000000, 15.086989, 14.103232, 15.657844, 15.151935, -0.119462, 0.404889, 0.372417, -0.008726, -0.008726, 0.000000, -10.634492, 7.314611, -60.882465, 0.181054, -0.651944, -0.252120, 0.002237, 14.754883, 15.399170, 232.604965
-0.001745, 0.005236, 1056.000000, 0.000000, 2000.000000, 1000.000000, 15.171785, 13.801613, 15.585367, 15.441235, -0.306510, 0.513301, 0.378576, -0.008726, 0.026178, 0.000000, -11.886441, 5.354904, -61.437534, 0.478261, -0.789362, -0.256381, 0.002200, 14.786133, 14.199829, 215.026840
-0.001745, 0.031414, 1056.000000, 0.000000, 2000.000000, 1000.000000, 15.020484, 14.152469, 15.511123, 15.315925, -0.168205, 0.413523, 0.265804, -0.008726, 0.157068, 0.000000, -12.897127, 3.432328, -61.982555, 0.258818, -0.500677, -0.180748, 0.001849, 14.793945, 13.800049, 208.984360
-0.001745, 0.106457, 1056.000000, 0.000000, 2000.000000, 1000.000000, 15.036734, 14.675245, 15.494932, 14.793089, 0.085088, 0.144011, 0.265833, -0.008726, 0.532286, 0.000000, -13.041895, 3.028696, -62.595383, -0.143849, 0.303592, -0.179682, 0.002355, 14.786133, 13.760376, 208.312973
-0.001745, 0.151832, 1054.000000, 0.000000, 2000.000000, 1000.000000, 15.189897, 14.645572, 15.212037, 14.952495, -0.071195, 0.082266, 0.200967, -0.008726, 0.759162, 0.000000, -11.831228, 3.671284, -63.137589, 0.104356, 0.628496, -0.136007, 0.002295, 14.774414, 14.279175, 216.003403
-0.001745, 0.169284, 1054.000000, 0.000000, 2000.000000, 1000.000000, 15.287618, 14.494689, 14.930661, 15.287032, -0.287325, 0.108847, 0.109139, -0.008726, 0.846422, 0.000000, -9.846064, 3.798770, -63.528419, 0.448434, 0.673236, -0.074222, 0.001750, 14.778320, 14.001465, 211.791977
-0.001745, 0.204188, 1051.000000, 0.000000, 2000.000000, 1000.000000, 15.277016, 14.150978, 15.254547, 15.317459, -0.297237, 0.286003, 0.265781, -0.008726, 1.020942, 0.000000, -6.683753, 3.073588, -64.312439, 0.463348, 0.566711, -0.179682, 0.002321, 14.750977, 15.200806, 229.492172
-0.001745, 0.211169, 1050.000000, 0.000000, 2000.000000, 1000.000000, 15.298610, 14.259833, 15.141686, 15.299870, -0.299240, 0.220778, 0.220148, -0.008726, 1.055846, 0.000000, -4.589012, 2.702239, -64.866508, 0.466543, 0.705194, -0.148790, 0.002311, 14.762695, 14.318848, 216.430649
-0.001745, 0.212914, 1051.000000, 0.000000, 2000.000000, 1000.000000, 15.506603, 14.326864, 14.840014, 15.326519, -0.416561, 0.083266, 0.173309, -0.008726, 1.064572, 0.000000, -1.944118, 2.295187, -65.320419, 0.654029, 0.932094, -0.117897, 0.001765, 14.747070, 14.920044, 225.402817
-0.001745, 0.211169, 1051.000000, 0.000000, 2000.000000, 1000.000000, 15.903337, 14.206399, 14.737998, 15.152267, -0.527801, -0.054868, 0.320667, -0.008726, 1.055846, 0.000000, 3.537548, 1.326887, -66.094879, 0.829796, 1.143015, -0.216966, 0.002221, 14.782227, 13.320923, 201.721176
-0.001745, 0.211169, 1052.000000, 0.000000, 2000.000000, 1000.000000, 15.781317, 14.174187, 15.093199, 14.951298, -0.366308, 0.022248, 0.437258, -0.008726, 1.055846, 0.000000, 6.990085, 0.803839, -66.838676, 0.573069, 1.020510, -0.295795, 0.002308, 14.758789, 14.678955, 221.923813
-0.001745, 0.211169, 1048.000000, 0.000000, 2000.000000, 1000.000000, 14.563360, 13.238008, 14.110647, 14.087984, -0.325672, 0.099316, 0.337004, -0.008726, 1.055846, 0.000000, 9.778326, 0.607619, -67.584702, 0.512350, 0.896941, -0.229749, 0.001830, 14.739258, 15.200806, 229.492172
-0.001745, 0.200698, 1045.000000, 0.000000, 2000.000000, 1000.000000, 14.974628, 12.965422, 13.919847, 14.140102, -0.557366, 0.029975, 0.447238, -0.008726, 1.003490, 0.000000, 14.343657, -0.680656, -68.566757, 0.883059, 0.955530, -0.304317, 0.001966, 14.879883, 10.159302, 154.785156
-0.001745, 0.197208, 1038.000000, 0.000000, 2000.000000, 1000.000000, 13.973037, 12.067391, 13.038918, 12.920653, -0.446845, -0.020214, 0.505978, -0.008726, 0.986038, 0.000000, 17.644815, -1.817569, -69.418175, 0.706226, 1.018380, -0.343732, 0.002167, 14.989258, 5.081177, 78.002930
-0.001745, 0.191972, 1020.000000, 0.000000, 2000.000000, 1000.000000, 12.437458, 11.358725, 12.233608, 11.970209, -0.203833, 0.101908, 0.335533, -0.008726, 0.959860, 0.000000, 20.421577, -2.191806, -70.072990, 0.317407, 0.796806, -0.228684, 0.001861, 15.286133, 0.241089, 3.784179
-0.003490, 0.174520, 1021.000000, 0.000000, 2000.000000, 1000.000000, 12.226591, 11.379063, 12.214348, 12.179998, -0.203295, 0.197173, 0.220469, -0.017452, 0.872600, 0.000000, 22.401842, -2.291455, -70.477142, 0.307820, 0.557123, -0.149855, 0.002092, 14.958008, 7.839966, 120.117180
-0.012216, 0.146597, 1023.000000, 0.000000, 2000.000000, 1000.000000, 12.551536, 11.217986, 12.015956, 12.214522, -0.383029, 0.115239, 0.283746, -0.061082, 0.732984, 0.000000, 25.006552, -3.301520, -71.050743, 0.551764, 0.548601, -0.192465, 0.002319, 14.958008, 7.321167, 112.121574
-0.017452, 0.143106, 1025.000000, 0.000000, 2000.000000, 1000.000000, 12.746370, 11.200760, 11.952524, 12.100346, -0.423358, 0.026435, 0.349448, -0.087260, 0.715532, 0.000000, 27.058010, -4.237229, -71.473732, 0.590113, 0.673236, -0.238272, 0.001768, 14.985352, 6.719971, 103.088371
-0.045375, 0.134380, 1034.000000, 0.000000, 2000.000000, 1000.000000, 13.843062, 12.126649, 13.086471, 12.943818, -0.393440, 0.015145, 0.464767, -0.226876, 0.671902, 0.000000, 29.253624, -5.012177, -72.077332, 0.402628, 0.647670, -0.317101, 0.001751, 14.946289, 7.800293, 118.896477
-0.097731, 0.099476, 1049.000000, 0.001745, 2000.000000, 1000.000000, 14.785676, 13.215764, 13.932450, 14.066110, -0.425893, -0.000720, 0.359063, -0.488656, 0.497382, 0.008726, 31.844868, -5.355745, -72.870667, 0.192772, 0.498534, -0.235076, 0.002183, 14.782227, 13.241577, 200.378403
-0.116928, 0.069808, 1052.000000, 0.003490, 2000.000000, 1000.000000, 15.612710, 14.248252, 15.285279, 14.853759, -0.233234, 0.069519, 0.448995, -0.584642, 0.349040, 0.017452, 32.804474, -5.058767, -73.551201, -0.214156, 0.238611, -0.286208, 0.002268, 14.665039, 17.440796, 262.023926
-0.120419, 0.041885, 1054.000000, 0.003490, 2000.000000, 1000.000000, 15.153953, 14.485028, 15.328607, 15.032413, -0.093182, 0.180510, 0.241280, -0.602094, 0.209424, 0.017452, 32.798565, -4.016330, -74.134621, -0.453839, -0.077770, -0.146659, 0.001764, 14.747070, 14.721680, 222.290024
-0.120419, 0.024433, 1058.000000, 0.003490, 2000.000000, 1000.000000, 15.011699, 14.180087, 15.621211, 15.187003, -0.099351, 0.404107, 0.316455, -0.602094, 0.122164, 0.017452, 31.109659, -2.795353, -74.841499, -0.444252, -0.519852, -0.196726, 0.002217, 14.731445, 14.559937, 219.726547
-0.122164, 0.013962, 1059.000000, 0.003490, 2000.000000, 1000.000000, 15.070164, 14.061413, 15.900547, 14.967876, -0.019020, 0.434212, 0.485355, -0.610820, 0.069808, 0.017452, 29.230709, -1.830095, -75.596558, -0.580605, -0.619986, -0.310709, 0.002240, 14.793945, 11.279297, 175.292953
-0.122164, 0.005236, 1058.000000, 0.003490, 2000.000000, 1000.000000, 14.954782, 14.077450, 16.035906, 14.931862, 0.056677, 0.483884, 0.495344, -0.610820, 0.026178, 0.017452, 26.917604, -0.425190, -76.548035, -0.700979, -0.743556, -0.319231, 0.001819, 14.758789, 14.160156, 213.989243
-0.120419, 0.001745, 1054.000000, 0.003490, 2000.000000, 1000.000000, 15.517247, 13.627727, 15.561563, 15.293464, -0.405356, 0.427513, 0.539405, -0.602094, 0.008726, 0.017452, 23.674517, -0.075969, -77.836601, 0.041506, -0.670053, -0.346928, 0.002413, 14.778320, 12.759399, 193.115219
-0.120419, 0.001745, 1053.000000, 0.003490, 2000.000000, 1000.000000, 15.452758, 13.696383, 15.713998, 15.136861, -0.294810, 0.425429, 0.583377, -0.602094, 0.008726, 0.017452, 21.927752, -0.559182, -78.835777, -0.133197, -0.667923, -0.378886, 0.001865, 14.778320, 13.839722, 209.411606
-0.106457, 0.001745, 1052.000000, 0.013962, 2000.000000, 1000.000000, 14.670948, 14.483099, 16.342966, 14.502987, 0.413033, 0.422976, 0.506957, -0.532286, 0.008726, 0.069808, 18.568106, 1.690014, -80.308716, -1.188867, -0.663662, -0.273425, 0.002033, 14.754883, 14.279175, 215.820297
-0.090750, 0.003490, 1052.000000, 0.038394, 2000.000000, 1000.000000, 14.974228, 14.443266, 16.213924, 14.368582, 0.328595, 0.291254, 0.594077, -0.453752, 0.017452, 0.191972, 16.611399, 4.445436, -80.829758, -0.975815, -0.445284, -0.208444, 0.002208, 14.778320, 13.760376, 208.190903
-0.082024, 0.003490, 1052.000000, 0.041885, 2000.000000, 1000.000000, 15.642742, 13.898149, 15.487772, 14.971336, -0.307039, 0.229554, 0.565257, -0.410122, 0.017452, 0.209424, 15.472761, 5.397825, -81.226051, 0.077724, -0.347280, -0.171160, 0.002188, 14.778320, 13.079834, 197.875961
-0.083770, 0.008726, 1052.000000, 0.041885, 2000.000000, 1000.000000, 15.423317, 13.346252, 15.400276, 15.830154, -0.626736, 0.615215, 0.411796, -0.418848, 0.043630, 0.209424, 13.832829, 3.971039, -81.393555, 0.577330, -0.934237, -0.067830, 0.002070, 14.758789, 14.199829, 214.599594
-0.082024, 0.022688, 1052.000000, 0.047120, 2000.000000, 1000.000000, 14.716225, 13.025166, 16.183802, 16.074808, -0.395516, 1.129305, 0.450013, -0.410122, 0.113438, 0.235602, 8.550933, 1.047258, -81.369583, 0.218338, -1.680983, -0.066765, 0.002171, 14.708008, 16.201782, 244.018539
-0.082024, 0.026178, 1052.000000, 0.066318, 2000.000000, 1000.000000, 14.590945, 13.330420, 16.661585, 15.417048, -0.003997, 1.039317, 0.626265, -0.410122, 0.130890, 0.331588, 4.046029, 0.906114, -81.553909, -0.403772, -1.520129, -0.089135, 0.002250, 14.762695, 13.558960, 205.078110
-0.083770, 0.020942, 1052.000000, 0.099476, 2000.000000, 1000.000000, 14.971541, 13.738498, 16.462162, 14.827798, 0.100331, 0.644980, 0.716852, -0.418848, 0.104712, 0.497382, 0.510954, 1.993165, -81.562698, -0.578474, -0.921454, 0.015260, 0.001767, 14.805664, 12.039185, 182.373032
-0.083770, 0.010471, 1052.000000, 0.151832, 2000.000000, 1000.000000, 15.632179, 13.656765, 15.547686, 15.163370, -0.397775, 0.355528, 0.589933, -0.418848, 0.052356, 0.759162, -2.307933, 2.703794, -80.741539, 0.213012, -0.512395, 0.366795, 0.002265, 14.809570, 11.761475, 178.283676
-0.083770, 0.012216, 1052.000000, 0.169284, 2000.000000, 1000.000000, 15.724589, 13.165673, 15.435124, 15.674612, -0.699601, 0.554868, 0.579857, -0.418848, 0.061082, 0.846422, -3.808882, 1.033428, -79.524323, 0.692378, -0.820255, 0.461603, 0.002288, 14.770508, 13.519287, 204.406723
-0.080279, 0.012216, 1052.000000, 0.165794, 2000.000000, 1000.000000, 15.457539, 13.026039, 15.656509, 15.859913, -0.658725, 0.758211, 0.557024, -0.401396, 0.061082, 0.828970, -6.040936, -1.358378, -78.327278, 0.646572, -1.145158, 0.459472, 0.001787, 14.805664, 12.600708, 190.978989
-0.069808, 0.013962, 1052.000000, 0.174520, 2000.000000, 1000.000000, 15.012076, 13.203727, 16.166531, 15.617664, -0.314871, 0.892098, 0.589304, -0.349040, 0.069808, 0.872600, -9.246080, -3.148221, -77.152786, 0.151227, -1.347557, 0.481843, 0.002203, 14.715820, 15.921021, 235.595688
-0.047120, 0.013962, 1052.000000, 0.204188, 2000.000000, 1000.000000, 14.774527, 13.863377, 16.499928, 14.862169, 0.181652, 0.681049, 0.637227, -0.235602, 0.069808, 1.020942, -14.490939, -3.316699, -75.263283, -0.524146, -1.012001, 0.599021, 0.002273, 14.786133, 12.240601, 182.373032
-0.033159, 0.017452, 1052.000000, 0.235602, 2000.000000, 1000.000000, 15.358611, 14.079087, 15.992419, 14.569882, 0.035753, 0.281151, 0.675515, -0.165794, 0.087260, 1.178010, -16.421259, -2.769622, -73.629189, -0.222678, -0.360063, 0.732178, 0.001759, 14.708008, 15.798950, 237.915024
-0.022688, 0.036649, 1052.000000, 0.253054, 2000.000000, 1000.000000, 15.716634, 13.986978, 15.685220, 14.611169, -0.163901, 0.148195, 0.700927, -0.113438, 0.183246, 1.265270, -16.850449, -2.697273, -71.468842, 0.146966, -0.052204, 0.802485, 0.002205, 14.770508, 12.799072, 193.603500
-0.003490, 0.089005, 1052.000000, 0.239092, 2000.000000, 1000.000000, 15.103874, 13.521694, 15.969522, 15.404909, -0.254391, 0.687216, 0.536698, -0.017452, 0.445026, 1.195462, -17.607798, -4.328275, -68.217110, 0.386649, -0.646618, 0.842965, 0.002262, 14.743164, 13.958740, 210.815414
-0.003490, 0.129145, 1050.000000, 0.230366, 2000.000000, 1000.000000, 14.624056, 13.736607, 16.295069, 15.344269, 0.015838, 0.819669, 0.459562, -0.017452, 0.645724, 1.151832, -19.181517, -5.369566, -66.094261, -0.042650, -0.658336, 0.852552, 0.001776, 14.899414, 8.081055, 123.291008
-0.003490, 0.137871, 1050.000000, 0.244328, 2000.000000, 1000.000000, 15.576553, 14.534615, 15.717121, 14.171711, 0.125867, -0.055584, 0.646838, -0.017452, 0.689354, 1.221640, -19.604589, -4.191844, -62.653130, -0.217352, 0.777632, 0.795028, 0.002326, 14.868164, 9.521484, 145.019531
-0.003490, 0.137871, 1049.000000, 0.249564, 2000.000000, 1000.000000, 15.382256, 13.512388, 14.116974, 12.988382, -0.185319, -0.447322, 0.749615, -0.017452, 0.689354, 1.247818, -16.686136, -2.807783, -60.442265, 0.279058, 1.405069, 0.750288, 0.002188, 14.817383, 10.958862, 166.381821
-0.003490, 0.136126, 1050.000000, 0.253054, 2000.000000, 1000.000000, 16.282452, 14.102042, 15.073756, 14.541751, -0.412101, -0.192247, 0.678104, -0.017452, 0.680628, 1.265270, -13.026798, -2.141549, -58.165913, 0.638050, 0.986422, 0.818464, 0.001840, 14.668945, 16.000366, 240.478500
-0.003490, 0.137871, 1049.000000, 0.251309, 2000.000000, 1000.000000, 14.212582, 12.479641, 15.196327, 14.111450, -0.162016, 0.653889, 0.704454, -0.017452, 0.689354, 1.256544, -11.576982, -2.827367, -55.927750, 0.241774, -0.356868, 0.789702, 0.002288, 14.903320, 7.720947, 117.797844
-0.001745, 0.146597, 1048.000000, 0.251309, 2000.000000, 1000.000000, 13.624646, 12.236733, 16.151878, 13.986741, 0.194307, 1.069311, 0.888263, -0.008726, 0.732984, 1.256544, -14.837067, -4.507117, -53.138382, -0.319617, -0.977913, 0.665067, 0.002322, 14.782227, 13.241577, 200.378403
-0.001745, 0.146597, 1049.000000, 0.254799, 2000.000000, 1000.000000, 14.477799, 12.543378, 15.413806, 13.565017, -0.021408, 0.489411, 0.945803, -0.008726, 0.732984, 1.273996, -16.306904, -4.888485, -51.548672, 0.025527, -0.050073, 0.643762, 0.001760, 14.817383, 11.718750, 177.795395
-0.003490, 0.144852, 1048.000000, 0.253054, 2000.000000, 1000.000000, 15.462543, 12.890461, 14.380709, 13.266287, -0.364415, -0.176503, 0.921626, -0.017452, 0.724258, 1.265270, -14.485803, -4.572500, -49.642059, 0.565612, 1.006662, 0.651219, 0.002204, 14.801758, 11.999512, 181.823715
-0.001745, 0.144852, 1049.000000, 0.253054, 2000.000000, 1000.000000, 15.411381, 13.030840, 14.541519, 13.016260, -0.213820, -0.221110, 0.976450, -0.008726, 0.724258, 1.265270, -9.241475, -2.967895, -46.633598, 0.333386, 1.078034, 0.613935, 0.002260, 14.797852, 11.801147, 178.894028
-0.001745, 0.157068, 1049.000000, 0.253054, 2000.000000, 1000.000000, 14.866979, 12.573447, 15.429009, 13.130565, 0.001229, 0.279787, 1.147994, -0.008726, 0.785340, 1.265270, -7.489477, -2.054695, -45.135609, -0.010692, 0.337680, 0.496756, 0.001747, 14.829102, 11.041260, 167.602524
-0.001745, 0.172775, 1049.000000, 0.251309, 2000.000000, 1000.000000, 14.427600, 12.194278, 16.059845, 13.318276, 0.127062, 0.689061, 1.243723, -0.008726, 0.863874, 1.256544, -8.349834, -1.723740, -43.309078, -0.212026, -0.238624, 0.423254, 0.001949, 14.754883, 13.320923, 201.416000
-0.001745, 0.176265, 1049.000000, 0.249564, 2000.000000, 1000.000000, 15.072294, 12.189560, 15.422747, 13.315399, -0.193847, 0.369073, 1.247521, -0.008726, 0.881326, 1.247818, -8.298683, -1.716040, -42.176426, 0.301428, 0.290809, 0.412601, 0.002396, 14.829102, 10.681152, 162.231430
-0.001745, 0.176265, 1049.000000, 0.249564, 2000.000000, 1000.000000, 16.007059, 11.960527, 14.815552, 13.216862, -0.611960, 0.016207, 1.411306, -0.008726, 0.881326, 1.247818, -5.826701, -1.683095, -41.182552, 0.970410, 0.855396, 0.299684, 0.001762, 14.813477, 11.361694, 172.302231
-0.001745, 0.174520, 1049.000000, 0.251309, 2000.000000, 1000.000000, 15.921056, 12.078744, 14.862451, 13.137750, -0.529403, 0.000100, 1.391753, -0.008726, 0.872600, 1.256544, -1.980565, -1.567152, -40.286625, 0.838318, 0.872440, 0.323119, 0.002222, 14.770508, 12.921143, 195.495590
-0.001745, 0.165794, 1049.000000, 0.256544, 2000.000000, 1000.000000, 14.894643, 12.563149, 15.910684, 12.631524, 0.236917, 0.271104, 1.402663, -0.008726, 0.828970, 1.282722, -0.058614, -0.038202, -38.888374, -0.387793, 0.395204, 0.342294, 0.002237, 14.872070, 8.120728, 124.328606
-0.001745, 0.162304, 1049.000000, 0.265270, 2000.000000, 1000.000000, 15.093349, 12.307695, 15.945097, 12.653858, 0.126397, 0.299477, 1.519223, -0.008726, 0.811518, 1.326352, -0.233813, 1.291486, -37.993298, -0.210960, 0.332354, 0.306075, 0.001883, 14.778320, 12.719727, 192.504868
-0.001745, 0.162304, 1049.000000, 0.261780, 2000.000000, 1000.000000, 15.609956, 12.078710, 15.151437, 13.159898, -0.384927, 0.155668, 1.380696, -0.008726, 0.811518, 1.308900, 0.929103, 1.972146, -37.063107, 0.607157, 0.562450, 0.383839, 0.002327, 14.778320, 12.680054, 191.894516
-0.001745, 0.164049, 1049.000000, 0.261780, 2000.000000, 1000.000000, 15.725388, 12.001638, 14.693216, 13.579758, -0.652573, 0.136487, 1.209302, -0.008726, 0.820244, 1.308900, 5.572803, 1.634428, -35.370094, 1.035391, 0.601864, 0.499952, 0.002343, 14.840820, 10.598755, 161.010727
-0.003490, 0.164049, 1050.000000, 0.260035, 2000.000000, 1000.000000, 16.294670, 13.280857, 16.029081, 14.395391, -0.345030, 0.212237, 1.161875, -0.017452, 0.820244, 1.300174, 8.265011, 1.581333, -34.049660, 0.531524, 0.482555, 0.524453, 0.001749, 14.606445, 19.360352, 289.611816
-0.001745, 0.164049, 1050.000000, 0.260035, 2000.000000, 1000.000000, 15.536944, 13.486863, 16.549086, 14.427108, 0.017974, 0.488096, 1.043015, -0.008726, 0.820244, 1.300174, 9.219038, 1.827266, -32.531754, -0.037323, 0.043669, 0.605413, 0.001762, 14.704102, 14.801025, 222.778305
-0.001745, 0.151832, 1054.000000, 0.246073, 2000.000000, 1000.000000, 15.202375, 13.829954, 16.482265, 14.485405, 0.156110, 0.483835, 0.842321, -0.008726, 0.759162, 1.230366, 8.398370, 2.011766, -29.847677, -0.256767, -0.009594, 0.671459, 0.002187, 14.715820, 14.559937, 219.421371
-0.003490, 0.148342, 1063.000000, 0.242583, 2000.000000, 1000.000000, 16.364075, 15.138044, 17.038502, 15.459378, 0.088273, 0.248940, 0.701289, -0.017452, 0.741710, 1.212914, 8.242898, 2.563123, -27.945990, -0.157698, 0.346202, 0.749222, 0.002210, 14.446289, 25.881958, 382.812469
-0.005236, 0.141361, 1069.000000, 0.230366, 2000.000000, 1000.000000, 16.746147, 15.325491, 16.470209, 15.458154, -0.102150, -0.035819, 0.608178, -0.026178, 0.706806, 1.151832, 9.009159, 4.006341, -25.904036, 0.136314, 0.763783, 0.751353, 0.001824, 14.586914, 17.880249, 267.333984
-0.019197, 0.132635, 1075.000000, 0.216405, 2000.000000, 1000.000000, 17.620480, 16.314388, 17.454796, 16.610336, -0.115408, 0.032567, 0.537637, -0.095986, 0.663176, 1.082024, 10.809221, 6.488671, -23.140684, 0.087312, 0.611452, 0.727917, 0.002310, 14.508789, 21.200562, 315.002441
-0.026178, 0.132635, 1080.000000, 0.211169, 2000.000000, 1000.000000, 18.257954, 17.313614, 18.472095, 17.956337, -0.107146, 0.214216, 0.365025, -0.130890, 0.663176, 1.055846, 11.482956, 7.500744, -21.194391, 0.039375, 0.322767, 0.818464, 0.002145, 14.551758, 19.720459, 293.823242
-0.022688, 0.132635, 1081.000000, 0.211169, 2000.000000, 1000.000000, 18.109844, 16.989559, 18.385830, 18.514767, -0.312305, 0.450299, 0.247838, -0.113438, 0.663176, 1.055846, 12.116844, 7.630395, -18.924122, 0.383453, -0.053269, 0.899424, 0.001759, 14.329102, 27.200317, 398.925751
-0.027923, 0.097731, 1079.000000, 0.200698, 2000.000000, 1000.000000, 16.979820, 16.309681, 17.208771, 17.501728, -0.240773, 0.355250, 0.094295, -0.139616, 0.488656, 1.003490, 13.492203, 6.606334, -15.428237, 0.242839, -0.075640, 0.948426, 0.002273, 14.356445, 26.721191, 393.005341
-0.024433, 0.062827, 1070.000000, 0.165794, 2000.000000, 1000.000000, 16.878113, 17.115330, 16.858364, 17.148193, -0.013153, 0.003280, -0.131761, -0.122164, 0.314136, 0.828970, 13.742499, 6.846919, -12.924352, -0.101239, 0.308918, 0.928186, 0.001788, 14.657227, 15.798950, 236.999496
-0.022688, 0.027923, 1054.000000, 0.143106, 2000.000000, 1000.000000, 15.323112, 15.393346, 14.630157, 14.653386, 0.011752, -0.358228, -0.023366, -0.113438, 0.139616, 0.715532, 13.606646, 8.469121, -10.635705, -0.132131, 0.709455, 0.739635, 0.001824, 14.833008, 7.800293, 118.530266
-0.026178, 0.019197, 1018.000000, 0.101222, 2000.000000, 1000.000000, 10.684696, 11.034193, 10.682402, 11.598709, -0.141702, 0.140555, -0.316451, -0.130890, 0.095986, 0.506108, 13.594168, 10.013120, -7.616739, 0.095834, -0.128903, 0.725787, 0.002222, 14.872070, 8.279419, 128.601074
-0.061082, 0.008726, 1005.000000, 0.071553, 2000.000000, 1000.000000, 9.555183, 9.391592, 10.086880, 10.966345, -0.260764, 0.526612, -0.178968, -0.305410, 0.043630, 0.357766, 13.804112, 7.554457, -5.266912, 0.111813, -0.798950, 0.483973, 0.001773, 16.387695, 0.039673, 0.671387
-0.078534, 0.010471, 1009.000000, 0.068063, 2000.000000, 1000.000000, 9.695411, 9.674550, 9.873277, 10.756763, -0.226086, 0.315020, -0.215656, -0.392670, 0.052356, 0.340314, 13.739250, 5.056406, -3.306865, -0.030932, -0.451676, 0.491430, 0.001764, 15.051758, 2.719116, 41.931149
-0.090750, 0.008726, 1043.000000, 0.069808, 2000.000000, 1000.000000, 13.633724, 13.941553, 14.005293, 14.419430, -0.026577, 0.212361, -0.180491, -0.453752, 0.043630, 0.349040, 12.827296, 3.776763, -1.437523, -0.411229, -0.296148, 0.474386, 0.002335, 14.512695, 20.800781, 309.326172
-0.095986, 0.005236, 1050.000000, 0.069808, 2000.000000, 1000.000000, 14.510618, 15.138655, 14.955881, 15.394846, 0.047268, 0.175363, -0.266750, -0.479930, 0.026178, 0.349040, 11.482596, 3.033513, 0.014901, -0.555039, -0.252472, 0.532975, 0.002165, 14.735352, 12.600708, 190.185532
-0.095986, 0.005236, 1056.000000, 0.057592, 2000.000000, 1000.000000, 14.567422, 15.006663, 15.150929, 15.274985, 0.078796, 0.212958, -0.140824, -0.479930, 0.026178, 0.287958, 9.920714, 2.348223, 1.302017, -0.605106, -0.312127, 0.385970, 0.002242, 14.602539, 17.880249, 267.395020
-0.094241, 0.005236, 1058.000000, 0.047120, 2000.000000, 1000.000000, 14.420579, 14.861552, 15.293527, 15.424342, 0.077539, 0.358935, -0.142947, -0.471204, 0.026178, 0.235602, 8.228870, 0.975724, 2.338118, -0.594453, -0.544353, 0.334837, 0.002062, 14.719727, 13.839722, 208.496078
-0.095986, 0.015707, 1058.000000, 0.022688, 2000.000000, 1000.000000, 14.241982, 15.148235, 15.053593, 15.556190, 0.100914, 0.304891, -0.352213, -0.479930, 0.078534, 0.113438, 5.846431, -1.270945, 3.771802, -0.640259, -0.405870, 0.352947, 0.002208, 14.680664, 15.359497, 230.895981
-0.094241, 0.029668, 1059.000000, 0.010471, 2000.000000, 1000.000000, 14.321616, 15.164369, 15.096755, 15.417260, 0.130562, 0.257008, -0.290814, -0.471204, 0.148342, 0.052356, 3.976151, -2.269370, 4.523592, -0.678609, -0.259929, 0.249617, 0.002251, 14.700195, 14.080811, 223.388657
-0.090750, 0.027923, 1059.000000, 0.010471, 2000.000000, 1000.000000, 14.448383, 15.049391, 15.211828, 15.290398, 0.130609, 0.251113, -0.169894, -0.453752, 0.139616, 0.052356, 2.240899, -3.151268, 4.997741, -0.661564, -0.259929, 0.168657, 0.001748, 14.700195, 14.480591, 217.895493
-0.089005, 0.027923, 1058.000000, 0.003490, 2000.000000, 1000.000000, 14.532907, 15.082420, 15.207384, 15.177288, 0.144903, 0.192336, -0.129854, -0.445026, 0.139616, 0.017452, -0.179041, -4.477869, 5.361292, -0.675413, -0.166187, 0.105807, 0.001977, 14.688477, 14.920044, 224.304184
-0.089005, 0.029668, 1058.000000, 0.003490, 2000.000000, 1000.000000, 14.764321, 15.097178, 15.286794, 14.851707, 0.191986, 0.069251, 0.025558, -0.445026, 0.148342, 0.017452, -2.117498, -4.831671, 5.340281, -0.749981, 0.038343, 0.000346, 0.002278, 14.731445, 12.960815, 195.617661
-0.095986, 0.033159, 1058.000000, 0.003490, 2000.000000, 1000.000000, 15.050004, 14.817853, 15.227033, 14.905110, 0.022443, 0.066071, 0.138519, -0.479930, 0.165794, 0.017452, -3.968112, -4.817903, 5.073874, -0.515624, 0.060713, -0.076352, 0.001883, 14.719727, 14.279175, 214.904770
-0.097731, 0.040140, 1060.000000, 0.012216, 2000.000000, 1000.000000, 15.943139, 15.581786, 16.265825, 16.209249, -0.076195, 0.237537, 0.104482, -0.488656, 0.200698, 0.061082, -5.049508, -5.055178, 4.836490, -0.367553, -0.176839, -0.009241, 0.002088, 14.583008, 18.841553, 281.311035
-0.097731, 0.048866, 1060.000000, 0.027923, 2000.000000, 1000.000000, 15.573651, 15.382360, 17.078112, 15.965874, 0.230237, 0.521993, 0.325882, -0.488656, 0.244328, 0.139616, -7.020951, -6.961339, 4.544386, -0.854376, -0.584833, -0.079548, 0.002272, 14.661133, 15.560913, 233.703598
-0.095986, 0.048866, 1059.000000, 0.005236, 2000.000000, 1000.000000, 14.380193, 15.045802, 15.729390, 14.844615, 0.387596, 0.287003, 0.054792, -0.479930, 0.244328, 0.026178, -9.580712, -8.329787, 4.004430, -1.096190, -0.211993, -0.011372, 0.001975, 14.563477, 18.441772, 275.024414
-0.082024, 0.047120, 1060.000000, 0.001745, 2000.000000, 1000.000000, 15.976843, 16.059076, 16.082914, 15.881166, 0.070995, -0.017960, 0.029879, -0.410122, 0.235602, 0.008726, -11.900042, -8.304167, 3.707304, -0.523081, 0.264178, -0.011372, 0.001753, 14.567383, 20.559692, 306.579590
-0.057592, 0.041885, 1060.000000, 0.000000, 2000.000000, 1000.000000, 16.397684, 15.280951, 15.909893, 16.411474, -0.404579, 0.160684, 0.153787, -0.287958, 0.209424, 0.000000, -12.072311, -7.499845, 3.387031, 0.354691, -0.045812, -0.104049, 0.002274, 14.747070, 12.078857, 181.030258
-0.059337, 0.041885, 1060.000000, 0.000000, 2000.000000, 1000.000000, 15.841481, 15.182672, 16.455072, 16.520773, -0.181128, 0.487924, 0.148278, -0.296684, 0.209424, 0.000000, -11.300924, -8.331058, 3.171244, -0.008561, -0.566723, -0.100853, 0.001824, 14.547852, 18.798828, 280.029297
-0.068063, 0.054101, 1068.000000, -0.001745, 2000.000000, 1000.000000, 15.256450, 15.455190, 16.867014, 16.421347, 0.161102, 0.644181, 0.061732, -0.340314, 0.270506, -0.008726, -12.058237, -10.336363, 2.872291, -0.596584, -0.754209, -0.050786, 0.001822, 14.641602, 16.720581, 250.427231
-0.034904, 0.083770, 1069.000000, 0.000000, 2000.000000, 1000.000000, 15.391485, 15.951093, 16.695621, 15.961803, 0.323356, 0.328712, 0.043553, -0.174520, 0.418848, 0.000000, -14.982061, -12.584571, 2.059907, -0.688196, -0.103336, -0.029481, 0.002247, 14.629883, 15.921021, 238.403305
-0.031414, 0.082024, 1069.000000, -0.001745, 2000.000000, 1000.000000, 16.131954, 16.098698, 15.982557, 15.786793, 0.040627, -0.115325, 0.057256, -0.157068, 0.410122, -0.008726, -16.164047, -11.788835, 1.718013, -0.221613, 0.593342, -0.047590, 0.002217, 14.602539, 17.279053, 258.300781
-0.015707, 0.089005, 1068.000000, 0.000000, 2000.000000, 1000.000000, 16.561062, 15.416461, 15.783824, 16.238651, -0.399857, 0.011238, 0.172443, -0.078534, 0.445026, 0.000000, -15.735768, -10.081827, 1.557480, 0.557090, 0.427162, -0.116832, 0.002039, 14.657227, 14.801025, 222.106918
-0.012216, 0.111693, 1048.000000, 0.000000, 2000.000000, 1000.000000, 13.600370, 12.806725, 14.483145, 15.109760, -0.355066, 0.796452, 0.041758, -0.061082, 0.558464, 0.000000, -13.209784, -11.035360, 1.619233, 0.507023, -0.715860, -0.028416, 0.002265, 14.747070, 12.121582, 182.983383
-0.012216, 0.111693, 1038.000000, 0.000000, 2000.000000, 1000.000000, 12.454831, 12.183957, 13.625224, 13.735988, -0.095409, 0.680605, 0.040027, -0.061082, 0.558464, 0.000000, -12.246348, -12.922685, 1.754882, 0.091573, -0.530505, -0.027350, 0.001772, 14.829102, 9.399414, 143.310547
-0.013962, 0.137871, 1023.000000, 0.000000, 2000.000000, 1000.000000, 12.235333, 11.732535, 12.105685, 11.926446, -0.080889, 0.016065, 0.170510, -0.069808, 0.689354, 0.000000, -12.289305, -12.463213, 1.405995, 0.059615, 0.663649, -0.115767, 0.002293, 14.954102, 5.401611, 82.702629
-0.012216, 0.160558, 1023.000000, 0.000000, 2000.000000, 1000.000000, 12.574854, 11.703953, 11.543304, 12.177889, -0.376371, -0.139403, 0.059079, -0.061082, 0.802792, 0.000000, -11.528545, -10.081339, 1.370012, 0.541111, 1.025837, -0.040134, 0.002148, 14.922852, 6.161499, 94.116203
-0.008726, 0.171030, 1025.000000, -0.001745, 2000.000000, 1000.000000, 12.747222, 11.391572, 11.525966, 12.335240, -0.541231, -0.069396, 0.136594, -0.043630, 0.855148, -0.008726, -9.632655, -7.351454, 1.466244, 0.822340, 0.966182, -0.101919, 0.001822, 14.907227, 6.878662, 104.980461
-0.034904, 0.193717, 1026.000000, -0.006981, 2000.000000, 1000.000000, 12.598905, 11.127782, 11.684733, 12.588580, -0.593743, 0.136657, 0.141819, -0.174520, 0.968586, -0.034904, -6.256617, -3.777303, 1.281825, 0.775468, 0.749935, -0.131746, 0.001973, 14.907227, 7.321167, 107.421867
-0.043630, 0.195462, 1025.000000, -0.006981, 2000.000000, 1000.000000, 12.430305, 11.108374, 11.794744, 12.666576, -0.548441, 0.230660, 0.112525, -0.218150, 0.977312, -0.034904, -4.411840, -1.923483, 1.054376, 0.659355, 0.608256, -0.111506, 0.002373, 14.899414, 6.921387, 105.590813
-0.061082, 0.197208, 1026.000000, 0.000000, 2000.000000, 1000.000000, 12.343325, 10.998028, 11.911863, 12.746784, -0.545055, 0.329324, 0.127594, -0.305410, 0.986038, 0.000000, -2.866711, -0.486735, 0.833488, 0.566678, 0.459120, -0.087005, 0.001759, 14.907227, 7.000732, 106.872551
-0.061082, 0.198953, 1038.000000, 0.000000, 2000.000000, 1000.000000, 13.185449, 12.021159, 12.932673, 13.860719, -0.523084, 0.396696, 0.059061, -0.305410, 0.994764, 0.000000, -1.400150, 0.653338, 0.658810, 0.531524, 0.360051, -0.040134, 0.002141, 14.899414, 14.721680, 222.778305
-0.061082, 0.197208, 1074.000000, 0.000000, 2000.000000, 1000.000000, 16.884691, 16.170343, 17.029493, 17.915472, -0.400081, 0.472482, -0.042907, -0.305410, 0.986038, 0.000000, 0.260017, 1.908850, 0.679470, 0.330190, 0.235416, 0.029108, 0.002227, 14.282227, 28.240967, 413.207977
-0.059337, 0.195462, 1076.000000, 0.000000, 2000.000000, 1000.000000, 17.058683, 16.048788, 16.962225, 17.930304, -0.494493, 0.446265, 0.010454, -0.296684, 0.977312, 0.000000, 1.252359, 2.488385, 0.670403, 0.489979, 0.267373, -0.007111, 0.001798, 14.422852, 23.559570, 348.022430
-0.040140, 0.184991, 1079.000000, 0.000000, 2000.000000, 1000.000000, 17.438278, 16.220989, 16.604774, 17.735958, -0.587119, 0.170367, 0.021526, -0.200698, 0.924956, 0.000000, 4.513515, 4.549956, 0.431388, 0.732858, 0.654062, -0.014567, 0.001953, 14.528320, 19.320679, 287.292480
-0.040140, 0.172775, 1078.000000, 0.000000, 2000.000000, 1000.000000, 17.287766, 16.348003, 17.165344, 17.198887, -0.243326, 0.182116, 0.226556, -0.200698, 0.863874, 0.000000, 5.700070, 6.161537, 0.092424, 0.186381, 0.574168, -0.154116, 0.001811, 14.473633, 22.201538, 328.735321
-0.031414, 0.167539, 1078.000000, 0.000000, 2000.000000, 1000.000000, 17.184217, 16.422365, 17.519426, 16.873991, -0.029105, 0.196708, 0.351823, -0.157068, 0.837696, 0.000000, 5.747333, 7.626018, -0.508736, -0.110826, 0.525166, -0.238272, 0.002203, 14.508789, 20.199585, 300.231934
-0.024433, 0.167539, 1078.000000, 0.000000, 2000.000000, 1000.000000, 17.483465, 16.151167, 17.277887, 17.087481, -0.285472, 0.182684, 0.380676, -0.122164, 0.837696, 0.000000, 6.065723, 9.895316, -1.526958, 0.331256, 0.547536, -0.257446, 0.002299, 14.442383, 22.039795, 326.110809
-0.024433, 0.169284, 1077.000000, 0.000000, 2000.000000, 1000.000000, 17.865406, 15.702655, 17.250706, 17.181232, -0.523320, 0.215969, 0.558056, -0.122164, 0.846422, 0.000000, 7.713855, 11.117522, -2.703690, 0.710487, 0.502795, -0.379951, 0.001749, 14.497070, 20.840454, 309.387207
-0.024433, 0.164049, 1067.000000, 0.000000, 2000.000000, 1000.000000, 16.899384, 15.293799, 16.060043, 15.746773, -0.323078, -0.096591, 0.479713, -0.122164, 0.820244, 0.000000, 10.940461, 13.855207, -5.004085, 0.390910, 0.973639, -0.324557, 0.002345, 14.665039, 14.318848, 214.904770
-0.024433, 0.150087, 1066.000000, 0.000000, 2000.000000, 1000.000000, 16.544062, 15.624253, 16.291750, 15.539933, -0.041998, -0.084158, 0.417907, -0.122164, 0.750436, 0.000000, 11.670384, 16.466156, -5.959554, -0.055433, 0.884158, -0.283012, 0.002177, 14.629883, 15.560913, 233.032211
-0.022688, 0.143106, 1066.000000, 0.000000, 2000.000000, 1000.000000, 16.360945, 15.423817, 16.590313, 15.624929, 0.007064, 0.107621, 0.475628, -0.113438, 0.715532, 0.000000, 11.525735, 18.365788, -6.732565, -0.124675, 0.544340, -0.323492, 0.001828, 14.598633, 16.680908, 249.328598
-0.022688, 0.137871, 1065.000000, 0.000000, 2000.000000, 1000.000000, 16.423149, 14.927807, 16.629177, 16.019867, -0.221508, 0.324522, 0.526163, -0.113438, 0.689354, 0.000000, 11.858250, 19.267197, -7.801455, 0.238578, 0.173631, -0.356515, 0.002128, 14.594727, 16.918945, 252.807602
-0.003490, 0.113438, 1066.000000, 0.000000, 2000.000000, 1000.000000, 16.536839, 14.742002, 16.587967, 16.133190, -0.335015, 0.360579, 0.562403, -0.017452, 0.567190, 0.000000, 13.822367, 19.012495, -9.957428, 0.514480, -0.005333, -0.379951, 0.002404, 14.598633, 16.519165, 247.131332
-0.003490, -0.001745, 1065.000000, 0.000000, 2000.000000, 1000.000000, 16.705742, 15.665434, 16.288574, 15.340252, -0.022996, -0.185587, 0.497158, -0.017452, -0.008726, 0.000000, 14.743306, 19.192244, -11.203743, 0.019135, 0.286548, -0.338406, 0.001763, 14.602539, 16.360474, 237.487778
-0.001745, -0.001745, 1066.000000, 0.001745, 2000.000000, 1000.000000, 16.548306, 15.545726, 16.537134, 15.368836, 0.041429, -0.047015, 0.542719, -0.008726, -0.008726, 0.008726, 14.617218, 20.477232, -12.600966, -0.074607, 0.066040, -0.359711, 0.001919, 14.590820, 16.760254, 250.488266
-0.001745, -0.001745, 1065.000000, 0.000000, 2000.000000, 1000.000000, 16.253305, 14.844340, 16.762491, 16.139864, -0.196584, 0.451177, 0.507898, -0.008726, -0.008726, 0.000000, 14.727290, 19.574736, -13.583261, 0.303559, -0.725447, -0.343732, 0.002251, 14.586914, 17.080688, 255.004868
-0.001745, -0.001745, 1066.000000, 0.000000, 2000.000000, 1000.000000, 16.075407, 14.331308, 16.925282, 16.668007, -0.371705, 0.796644, 0.500343, -0.008726, -0.008726, 0.000000, 15.308140, 16.552011, -14.677304, 0.582657, -1.276185, -0.340536, 0.001768, 14.594727, 16.159058, 241.577133
-0.001745, -0.001745, 1042.000000, 0.000000, 2000.000000, 1000.000000, 13.896733, 12.680062, 15.092032, 14.331172, -0.113952, 0.711602, 0.494382, -0.008726, -0.008726, 0.000000, 15.332214, 10.997453, -16.097349, 0.173598, -1.147289, -0.336275, 0.002002, 14.750977, 9.881592, 149.230957
-0.001745, -0.001745, 1002.000000, 0.000000, 2000.000000, 1000.000000, 10.394157, 9.194633, 10.518873, 9.892336, -0.143247, 0.205604, 0.456515, -0.008726, -0.008726, 0.000000, 15.262920, 8.974402, -16.974268, 0.220469, -0.337693, -0.309644, 0.002393, 20.891602, 0.000000, 2.502441
-0.001745, -0.001745, 1012.000000, 0.000000, 2000.000000, 1000.000000, 11.387516, 10.760536, 11.095448, 10.756500, -0.072008, -0.074026, 0.241481, -0.008726, -0.008726, 0.000000, 15.634283, 8.683730, -17.601675, 0.106486, 0.109715, -0.164769, 0.001760, 16.711914, 0.000000, 2.014160
-0.001745, -0.001745, 1056.000000, 0.000000, 2000.000000, 1000.000000, 15.263259, 14.738330, 15.119357, 14.879054, -0.071156, -0.000795, 0.191308, -0.008726, -0.008726, 0.000000, 15.942253, 8.805363, -18.034660, 0.104356, -0.007463, -0.129615, 0.002122, 14.403320, 23.440552, 346.008270
-0.001745, -0.001745, 1046.000000, 0.001745, 2000.000000, 1000.000000, 13.944292, 13.222391, 14.551037, 14.282280, -0.113286, 0.416659, 0.247664, -0.008726, -0.008726, 0.008726, 16.230867, 7.267626, -18.581745, 0.172532, -0.675380, -0.159442, 0.002156, 14.762695, 9.838867, 148.681641
-0.001745, -0.001745, 1041.000000, 0.000000, 2000.000000, 1000.000000, 13.812325, 12.969534, 14.921072, 14.297070, -0.054697, 0.609071, 0.366698, -0.008726, -0.008726, 0.000000, 15.820312, 4.954463, -19.067343, 0.078790, -0.983239, -0.249989, 0.001764, 14.786133, 10.479736, 158.630371
-0.001745, -0.001745, 1042.000000, -0.001745, 2000.000000, 1000.000000, 13.848534, 12.958624, 14.927986, 14.264856, -0.056695, 0.596421, 0.388260, -0.008726, -0.008726, -0.008726, 14.980325, 2.239282, -19.802809, 0.081985, -0.962999, -0.272360, 0.002263, 14.754883, 11.120605, 168.029770
-0.001745, -0.001745, 1042.000000, -0.001745, 2000.000000, 1000.000000, 14.438334, 13.296930, 14.266108, 13.998629, -0.218481, 0.132368, 0.352220, -0.008726, -0.008726, -0.008726, 14.978798, -0.109946, -20.778641, 0.340843, -0.220515, -0.247859, 0.002250, 14.743164, 11.599731, 175.109848
-0.001745, -0.001745, 1042.000000, -0.001745, 2000.000000, 1000.000000, 14.398739, 13.363157, 14.286434, 13.951670, -0.175205, 0.119052, 0.342586, -0.008726, -0.008726, -0.008726, 15.585592, -0.831828, -21.444269, 0.271601, -0.199210, -0.242533, 0.001763, 14.766602, 10.241699, 154.907227
-0.001745, -0.001745, 1045.000000, -0.001745, 2000.000000, 1000.000000, 13.820654, 13.136972, 14.826870, 14.215504, -0.018079, 0.521187, 0.323761, -0.008726, -0.008726, -0.008726, 15.377123, -2.981679, -22.368992, 0.020200, -0.842625, -0.228684, 0.002169, 14.762695, 10.400391, 154.785156
-0.001745, -0.001745, 1045.000000, -0.001745, 2000.000000, 1000.000000, 13.594888, 12.952615, 15.250911, 14.201587, 0.101762, 0.726249, 0.422900, -0.008726, -0.008726, -0.008726, 14.047771, -5.444394, -23.220764, -0.171546, -1.170725, -0.295795, 0.002282, 14.743164, 11.761475, 177.490219
-0.001745, -0.001745, 1045.000000, -0.001745, 2000.000000, 1000.000000, 13.704418, 13.165323, 14.899717, 14.230541, 0.032521, 0.565129, 0.302068, -0.008726, -0.008726, -0.008726, 12.570662, -7.925300, -24.063473, -0.060759, -0.912932, -0.214836, 0.001784, 14.719727, 11.801147, 177.917465
-0.001745, -0.001745, 1044.000000, -0.001745, 2000.000000, 1000.000000, 14.199255, 13.081944, 14.522373, 14.196428, -0.197841, 0.359401, 0.360814, -0.008726, -0.008726, -0.008726, 12.056762, -9.845639, -24.787058, 0.307820, -0.583768, -0.254250, 0.001998, 14.766602, 12.121582, 182.678207
-0.001745, -0.001745, 1044.000000, -0.001745, 2000.000000, 1000.000000, 14.087677, 13.150911, 14.449411, 14.312000, -0.199839, 0.380706, 0.268544, -0.008726, -0.008726, -0.008726, 12.469046, -12.418633, -25.752604, 0.311016, -0.617856, -0.191400, 0.002111, 14.727539, 11.679077, 173.828110
-0.001745, -0.001745, 1044.000000, -0.001745, 2000.000000, 1000.000000, 13.711109, 13.227875, 14.746620, 14.314396, -0.012753, 0.530508, 0.228865, -0.008726, -0.008726, -0.008726, 11.911522, -14.302886, -26.393673, 0.011678, -0.857539, -0.164769, 0.001808, 14.774414, 10.598755, 160.278320
-0.001745, 0.000000, 1044.000000, -0.001745, 2000.000000, 1000.000000, 13.555849, 13.093929, 15.161528, 14.188694, 0.127728, 0.675111, 0.358689, -0.008726, 0.000000, -0.008726, 10.311319, -16.517406, -27.460911, -0.213091, -1.080178, -0.252120, 0.002292, 14.723633, 12.438965, 187.499985
-0.020942, 0.000000, 1044.000000, -0.001745, 2000.000000, 1000.000000, 13.679677, 13.056653, 14.811175, 14.452495, -0.066086, 0.631835, 0.245426, -0.104712, 0.000000, -0.008726, 7.340953, -20.076199, -29.309742, 0.001026, -1.010936, -0.175421, 0.002237, 14.770508, 10.281372, 155.517578
-0.078534, 0.000000, 1045.000000, -0.001745, 2000.000000, 1000.000000, 14.126974, 12.891649, 14.364565, 14.616812, -0.371893, 0.490688, 0.245769, -0.392670, 0.000000, -0.008726, 6.412188, -22.243599, -30.175009, 0.202360, -0.785101, -0.176487, 0.001797, 14.766602, 10.400391, 157.226562
-0.115183, 0.000000, 1044.000000, -0.001745, 2000.000000, 1000.000000, 13.529416, 13.342734, 14.669785, 14.458064, 0.006259, 0.563925, 0.099601, -0.575916, 0.000000, -0.008726, 4.060447, -24.928427, -31.581465, -0.585931, -0.902280, -0.076352, 0.002384, 14.762695, 10.641479, 160.888657
-0.165794, 0.001745, 1049.000000, -0.001745, 2000.000000, 1000.000000, 13.415316, 13.367365, 15.041227, 14.176092, 0.204296, 0.608660, 0.228271, -0.828970, 0.008726, -0.008726, 0.373606, -25.736616, -33.482445, -1.155844, -0.965130, -0.163703, 0.002218, 14.750977, 11.041260, 166.809067
-0.193717, 0.015707, 1053.000000, -0.001745, 2000.000000, 1000.000000, 14.292778, 14.572063, 16.249832, 14.885326, 0.410948, 0.567579, 0.271306, -0.968586, 0.078534, -0.008726, -4.663750, -25.578173, -36.202793, -1.622427, -0.824516, -0.193531, 0.001757, 14.594727, 16.760254, 250.488266
-0.197208, 0.069808, 1061.000000, -0.003490, 2000.000000, 1000.000000, 15.650123, 15.774940, 16.577003, 15.997932, 0.175972, 0.287469, 0.113564, -0.986038, 0.349040, -0.017452, -11.295268, -23.056267, -39.467155, -1.265566, -0.107597, -0.094462, 0.002267, 14.711914, 11.920166, 179.626450
-0.204188, 0.089005, 1061.000000, -0.003490, 2000.000000, 1000.000000, 16.085447, 15.247091, 16.525810, 16.141649, -0.113549, 0.333731, 0.305629, -1.020942, 0.445026, -0.017452, -13.708191, -21.414467, -40.797722, -0.840528, -0.085227, -0.224423, 0.002190, 14.473633, 21.600342, 320.007324
-0.216405, 0.092496, 1064.000000, -0.001745, 2000.000000, 1000.000000, 15.967758, 15.331482, 16.776077, 15.924683, 0.053779, 0.350380, 0.371917, -1.082024, 0.462478, -0.008726, -15.885701, -19.826849, -42.267036, -1.167562, -0.094814, -0.261707, 0.001859, 14.579102, 17.160034, 256.225586
-0.218150, 0.092496, 1064.000000, -0.001745, 2000.000000, 1000.000000, 15.397158, 15.643532, 17.158772, 15.800538, 0.401152, 0.479655, 0.277965, -1.090750, 0.462478, -0.008726, -21.370310, -16.061686, -44.880165, -1.727888, -0.299344, -0.196726, 0.002308, 14.575195, 17.080688, 254.821762
-0.207679, 0.094241, 1062.000000, -0.001745, 2000.000000, 1000.000000, 15.594109, 15.882183, 16.744713, 15.778996, 0.313448, 0.261854, 0.169411, -1.038394, 0.471204, -0.008726, -24.922787, -13.117768, -46.163830, -1.536141, 0.055387, -0.123224, 0.002367, 14.637695, 14.801025, 221.984848
-0.186736, 0.095986, 1063.000000, 0.000000, 2000.000000, 1000.000000, 16.168049, 15.812489, 16.366341, 15.653121, 0.089415, 0.009732, 0.267195, -0.933682, 0.479930, 0.000000, -26.782330, -10.068708, -46.937313, -1.075950, 0.464446, -0.181813, 0.001750, 14.563477, 17.919922, 267.211914
-0.150087, 0.092496, 1063.000000, 0.000000, 2000.000000, 1000.000000, 16.142702, 15.985811, 16.139650, 15.731836, 0.062731, -0.064256, 0.141176, -0.750436, 0.462478, 0.000000, -27.626316, -5.699164, -47.647781, -0.850115, 0.564580, -0.095527, 0.002166, 14.579102, 16.400146, 244.811996
-0.082024, 0.052356, 1063.000000, 0.001745, 2000.000000, 1000.000000, 15.914431, 16.237503, 16.375652, 15.472412, 0.306579, -0.075968, 0.145042, -0.410122, 0.261780, 0.008726, -28.343483, -3.059703, -47.895370, -0.896986, 0.382421, -0.089135, 0.002350, 14.583008, 16.201782, 241.882309
-0.013962, 0.059337, 1063.000000, 0.006981, 2000.000000, 1000.000000, 16.132095, 15.756072, 16.762814, 15.349015, 0.259444, 0.055915, 0.447455, -0.069808, 0.296684, 0.034904, -29.068676, -1.085794, -48.397301, -0.482601, 0.207719, -0.269164, 0.001754, 14.567383, 17.520142, 261.291504
-0.003490, 0.083770, 1063.000000, 0.006981, 2000.000000, 1000.000000, 16.454155, 15.305453, 16.417732, 15.822663, -0.138408, 0.120196, 0.435943, -0.017452, 0.418848, 0.034904, -28.537174, -0.404141, -49.617912, 0.202360, 0.227959, -0.259577, 0.002333, 14.583008, 15.798950, 236.083969
-0.001745, 0.082024, 1063.000000, 0.010471, 2000.000000, 1000.000000, 16.445143, 15.446237, 16.329620, 15.779000, -0.112071, 0.054310, 0.387381, -0.008726, 0.410122, 0.052356, -27.622837, -0.373348, -50.242256, 0.169337, 0.323832, -0.209510, 0.002197, 14.598633, 16.040039, 239.685043
-0.001745, 0.066318, 1062.000000, 0.020942, 2000.000000, 1000.000000, 16.642166, 15.451229, 16.166775, 15.739829, -0.190998, -0.046698, 0.404471, -0.008726, 0.331588, 0.104712, -26.424864, -0.286624, -50.751690, 0.295037, 0.405857, -0.169030, 0.001887, 14.583008, 16.601562, 247.985825
-0.001745, -0.001745, 1063.000000, 0.017452, 2000.000000, 1000.000000, 16.981997, 15.726142, 15.764187, 15.527677, -0.254836, -0.354069, 0.373091, -0.008726, -0.008726, 0.087260, -24.621082, -0.260458, -51.188179, 0.396236, 0.553928, -0.164769, 0.002142, 14.629883, 14.999390, 224.609360
-0.001745, -0.001745, 1063.000000, 0.000000, 2000.000000, 1000.000000, 16.393875, 15.863892, 16.048721, 15.693512, -0.043694, -0.128883, 0.221298, -0.008726, -0.008726, 0.000000, -22.305965, -0.197573, -51.894600, 0.060680, 0.196001, -0.149855, 0.002268, 14.633789, 14.361572, 215.209946
-0.001745, -0.001745, 1059.000000, 0.000000, 2000.000000, 1000.000000, 14.871260, 14.717907, 15.532284, 14.878550, 0.125096, 0.205417, 0.201772, -0.008726, -0.008726, 0.000000, -22.804380, -0.067464, -52.271908, -0.207765, -0.335563, -0.137072, 0.001750, 14.770508, 9.320068, 140.930176
-0.001745, -0.001745, 1056.000000, 0.000000, 2000.000000, 1000.000000, 15.371069, 14.454763, 15.210955, 14.963213, -0.167141, 0.087084, 0.291012, -0.008726, -0.008726, 0.000000, -24.194700, -0.456046, -52.980431, 0.256688, -0.147012, -0.196726, 0.002369, 14.665039, 14.001465, 210.205063
-0.001745, -0.001745, 1056.000000, 0.000000, 2000.000000, 1000.000000, 15.966697, 14.367429, 14.516757, 15.149117, -0.557907, -0.167063, 0.241727, -0.008726, -0.008726, 0.000000, -23.053698, -1.613531, -53.435627, 0.877733, 0.256721, -0.163703, 0.002183, 14.657227, 13.958740, 213.623032
-0.001745, -0.001745, 1050.000000, 0.000000, 2000.000000, 1000.000000, 16.326307, 14.335541, 14.274088, 15.064064, -0.695185, -0.330924, 0.300198, -0.008726, -0.008726, 0.000000, -20.358551, -3.282745, -53.913361, 1.097176, 0.517709, -0.204183, 0.001807, 14.625977, 14.639282, 219.177231
-0.001745, 0.000000, 1042.000000, 0.000000, 2000.000000, 1000.000000, 14.519304, 14.053265, 13.624289, 13.803143, -0.161223, -0.286284, 0.071796, -0.008726, 0.000000, 0.000000, -16.782759, -4.289064, -54.209000, 0.249231, 0.458054, -0.048656, 0.002298, 14.754883, 10.760498, 162.597641
-0.001745, 0.033159, 1043.000000, 0.000000, 2000.000000, 1000.000000, 14.158377, 13.762203, 14.236259, 13.843161, -0.000769, 0.039710, 0.197318, -0.008726, 0.165794, 0.000000, -16.035061, -3.832799, -54.398411, -0.007496, 0.102258, -0.133876, 0.002215, 14.750977, 10.559082, 159.484863
-0.001745, 0.040140, 1043.000000, 0.000000, 2000.000000, 1000.000000, 14.130496, 13.245784, 14.353208, 14.270513, -0.200504, 0.311860, 0.241852, -0.008726, 0.200698, 0.000000, -16.119707, -4.370008, -54.846783, 0.312081, -0.298279, -0.164769, 0.001865, 14.719727, 12.039185, 181.518539
-0.001745, 0.012216, 1043.000000, 0.000000, 2000.000000, 1000.000000, 14.590041, 13.235063, 13.913857, 14.261039, -0.425540, 0.087448, 0.251949, -0.008726, 0.061082, 0.000000, -15.813344, -5.880847, -55.305149, 0.672138, -0.078835, -0.171160, 0.002130, 14.731445, 11.080933, 167.175278
-0.001745, -0.001745, 1043.000000, 0.000000, 2000.000000, 1000.000000, 15.319957, 13.721580, 13.146379, 13.812085, -0.566021, -0.520768, 0.233167, -0.008726, -0.008726, 0.000000, -12.351316, -7.834792, -55.681049, 0.896908, 0.824503, -0.158377, 0.002255, 14.743164, 10.440063, 157.714844
-0.001745, -0.001745, 1043.000000, -0.001745, 2000.000000, 1000.000000, 14.988771, 14.187254, 13.021587, 13.802387, -0.395580, -0.588013, 0.005179, -0.008726, -0.008726, -0.008726, -9.070981, -8.148979, -55.440968, 0.624202, 0.932094, -0.012437, 0.001748, 14.723633, 11.959839, 180.297836
-0.003490, -0.001745, 1043.000000, -0.001745, 2000.000000, 1000.000000, 14.583842, 14.114148, 13.567145, 13.734864, -0.159353, -0.348995, 0.075494, -0.017452, -0.008726, -0.008726, -6.645115, -7.839268, -55.222565, 0.237513, 0.549667, -0.060373, 0.001764, 14.747070, 10.598755, 159.973145
-0.003490, 0.000000, 1043.000000, -0.001745, 2000.000000, 1000.000000, 14.454794, 13.053848, 14.026907, 14.464451, -0.459623, 0.245679, 0.240850, -0.017452, 0.000000, -0.008726, -5.285525, -9.120738, -55.581024, 0.717944, -0.393086, -0.172226, 0.002246, 14.754883, 10.241699, 154.724121
-0.003490, -0.001745, 1043.000000, -0.001745, 2000.000000, 1000.000000, 14.180593, 12.884891, 14.126622, 14.807895, -0.494244, 0.467258, 0.153607, -0.017452, -0.008726, -0.008726, -5.545923, -11.843628, -56.073833, 0.773338, -0.756339, -0.113636, 0.001787, 14.739258, 10.800171, 163.085922
-0.003490, 0.000000, 1043.000000, -0.001745, 2000.000000, 1000.000000, 14.296162, 13.532057, 13.620604, 14.551178, -0.423670, 0.085890, -0.041617, -0.017452, 0.000000, -0.008726, -5.576131, -14.192607, -56.188416, 0.660420, -0.137425, 0.019521, 0.001860, 14.766602, 10.241699, 154.907227
-0.003490, -0.001745, 1049.000000, -0.005236, 2000.000000, 1000.000000, 14.904855, 14.458922, 13.276965, 13.359258, -0.132056, -0.681888, 0.090910, -0.017452, -0.008726, -0.026178, -2.638059, -14.309534, -55.567326, 0.193837, 1.082295, -0.088070, 0.002200, 14.750977, 10.681152, 161.315903
-0.003490, 0.000000, 1068.000000, -0.001745, 2000.000000, 1000.000000, 17.106907, 16.330811, 15.415483, 15.146802, -0.126853, -0.718858, 0.261194, -0.017452, 0.000000, -0.008726, 0.238232, -12.880091, -55.294468, 0.184250, 1.143015, -0.186074, 0.001957, 14.571289, 16.119385, 240.722641
-0.003490, -0.001745, 1086.000000, 0.000000, 2000.000000, 1000.000000, 18.596241, 17.878716, 17.843239, 17.681805, -0.139023, -0.237478, 0.219741, -0.017452, -0.008726, 0.000000, 2.487695, -12.155340, -55.256725, 0.203425, 0.368573, -0.148790, 0.002208, 14.196289, 30.001831, 436.523407
-0.003490, 0.003490, 1100.000000, 0.000000, 2000.000000, 1000.000000, 20.010708, 19.562252, 20.482887, 19.944153, 0.022569, 0.213520, 0.246798, -0.017452, 0.017452, 0.000000, 2.094462, -12.914157, -55.903660, -0.053302, -0.321714, -0.166899, 0.002272, 14.000977, 35.720825, 512.390137
-0.003490, 0.022688, 1099.000000, 0.000000, 2000.000000, 1000.000000, 19.956461, 18.950876, 18.590643, 18.502020, -0.229241, -0.453669, 0.273553, -0.017452, 0.113438, 0.000000, 2.800767, -12.756140, -56.255859, 0.347235, 0.835156, -0.186074, 0.001798, 14.356445, 23.321533, 342.590302
-0.003490, 0.027923, 1097.000000, 0.000000, 2000.000000, 1000.000000, 20.356260, 19.111250, 18.149130, 18.383360, -0.369811, -0.733756, 0.252694, -0.017452, 0.139616, 0.000000, 6.661294, -12.104977, -55.954048, 0.570939, 1.307065, -0.172226, 0.001756, 14.172852, 30.120850, 436.828583
-0.008726, 0.027923, 1087.000000, 0.000000, 2000.000000, 1000.000000, 17.487658, 17.565500, 18.926756, 18.020086, 0.246128, 0.473421, 0.207207, -0.043630, 0.139616, 0.000000, 8.305668, -11.543315, -56.209042, -0.434665, -0.612530, -0.140268, 0.002214, 14.485352, 19.918823, 294.982910
-0.008726, 0.022688, 1088.000000, 0.000000, 2000.000000, 1000.000000, 17.426018, 17.526203, 19.251877, 17.795902, 0.389040, 0.523890, 0.338947, -0.043630, 0.113438, 0.000000, 5.557232, -11.393761, -57.255623, -0.662630, -0.720121, -0.230815, 0.001749, 14.391602, 21.560669, 317.626953
-0.003490, 0.008726, 1068.000000, 0.000000, 2000.000000, 1000.000000, 17.539494, 16.193787, 15.259756, 15.006967, -0.273229, -0.866639, 0.399624, -0.017452, 0.043630, 0.000000, 6.391209, -9.906734, -58.144981, 0.416476, 1.419982, -0.270229, 0.002332, 14.676758, 9.680176, 145.629883
-0.003490, 0.005236, 1040.000000, 0.000000, 2000.000000, 1000.000000, 16.007090, 13.799081, 13.011365, 13.182464, -0.594777, -0.903085, 0.509228, -0.017452, 0.026178, 0.000000, 11.067618, -9.354962, -58.269894, 0.934192, 1.471115, -0.345863, 0.002196, 14.993164, 1.119995, 17.211914
-0.001745, -0.001745, 1034.000000, 0.000000, 2000.000000, 1000.000000, 14.164368, 12.709391, 12.359634, 12.766607, -0.465487, -0.436879, 0.262001, -0.008726, -0.008726, 0.000000, 14.759299, -9.881071, -58.315048, 0.736054, 0.690281, -0.178617, 0.001879, 14.860352, 5.960083, 90.698235
-0.001745, -0.001745, 1037.000000, 0.000000, 2000.000000, 1000.000000, 13.120682, 12.737087, 13.210775, 12.931456, -0.026068, 0.071116, 0.165729, -0.008726, -0.008726, 0.000000, 15.840173, -10.456565, -58.466610, 0.032984, -0.122511, -0.112571, 0.002241, 14.836914, 7.040405, 106.872551
-0.001745, -0.001745, 1042.000000, 0.000000, 2000.000000, 1000.000000, 13.541607, 13.941990, 14.658344, 13.858059, 0.300167, 0.258202, 0.099976, -0.008726, -0.008726, 0.000000, 13.761487, -10.202622, -59.204525, -0.488993, -0.421848, -0.067830, 0.002318, 14.711914, 10.919189, 164.611801
-0.001745, -0.001745, 1042.000000, 0.000000, 2000.000000, 1000.000000, 14.000627, 13.975652, 14.379672, 13.644050, 0.177662, 0.011861, 0.190150, -0.008726, -0.008726, 0.000000, 12.663808, -9.591554, -59.656410, -0.292985, -0.027703, -0.129615, 0.001790, 14.739258, 10.360718, 156.127930
-0.001745, -0.001745, 1042.000000, 0.000000, 2000.000000, 1000.000000, 14.497567, 14.023324, 13.992450, 13.486659, 0.007887, -0.260446, 0.245008, -0.008726, -0.008726, 0.000000, 13.021118, -8.918727, -60.007858, -0.021345, 0.407987, -0.166899, 0.001869, 14.680664, 12.280273, 184.631332
-0.010471, 0.043630, 1046.000000, 0.000000, 2000.000000, 1000.000000, 14.567546, 13.545915, 14.244880, 13.641660, -0.104603, -0.056730, 0.406213, -0.052356, 0.218150, 0.000000, 14.716166, -8.416403, -60.728531, 0.115008, 0.308918, -0.275555, 0.002349, 14.715820, 11.080933, 166.992172
-0.038394, 0.144852, 1066.000000, 0.000000, 2000.000000, 1000.000000, 16.056208, 15.272132, 16.562702, 16.108961, -0.082584, 0.335831, 0.309454, -0.191972, 0.724258, 0.000000, 15.271482, -8.229546, -61.290363, -0.060759, 0.190675, -0.209510, 0.002194, 14.559570, 17.678833, 263.610840
-0.069808, 0.204188, 1075.000000, 0.000000, 2000.000000, 1000.000000, 16.843777, 16.302620, 17.888050, 16.965553, 0.095336, 0.426801, 0.365913, -0.349040, 1.020942, 0.000000, 15.493972, -7.298185, -61.812565, -0.500711, 0.341941, -0.248924, 0.001786, 14.329102, 24.600220, 360.900848
-0.109948, 0.197208, 1079.000000, 0.000000, 2000.000000, 1000.000000, 17.215578, 17.256975, 17.727362, 15.800085, 0.492169, -0.236276, 0.471470, -0.549738, 0.986038, 0.000000, 17.047739, -2.473101, -63.044003, -1.331612, 1.361393, -0.319231, 0.002237, 14.458008, 17.800903, 263.610840
-0.109948, 0.176265, 1078.000000, 0.000000, 2000.000000, 1000.000000, 17.226896, 17.579958, 17.684618, 15.508529, 0.632288, -0.403426, 0.455757, -0.549738, 0.881326, 0.000000, 18.924824, 2.726187, -63.881248, -1.554250, 1.522247, -0.308578, 0.002224, 14.485352, 19.119263, 279.907227
-0.109948, 0.165794, 1078.000000, 0.000000, 2000.000000, 1000.000000, 17.128719, 17.049179, 17.779953, 16.042149, 0.414566, -0.088949, 0.454337, -0.549738, 0.828970, 0.000000, 20.378901, 7.766589, -64.858330, -1.209107, 0.970443, -0.308578, 0.001866, 14.465820, 19.439697, 287.902832
-0.109948, 0.167539, 1068.000000, 0.000000, 2000.000000, 1000.000000, 15.878472, 15.200692, 17.031366, 15.889467, 0.116030, 0.460418, 0.454920, -0.549738, 0.837696, 0.000000, 20.187706, 12.113719, -66.006714, -0.734002, 0.106519, -0.307513, 0.002347, 14.446289, 19.439697, 287.597656
-0.113438, 0.164049, 1036.000000, 0.000000, 2000.000000, 1000.000000, 13.367253, 12.309173, 13.439950, 12.883624, -0.125439, 0.161787, 0.403601, -0.567190, 0.820244, 0.000000, 20.372478, 13.715510, -66.833466, -0.366488, 0.561384, -0.275555, 0.001758, 15.446289, 0.000000, 1.220703
-0.111693, 0.162304, 1004.000000, 0.001745, 2000.000000, 1000.000000, 10.542410, 9.579016, 10.134409, 9.744165, -0.143287, -0.060713, 0.338409, -0.558464, 0.811518, 0.008726, 22.140448, 15.293899, -68.000702, -0.329204, 0.908658, -0.221227, 0.002110, 18.665039, 0.000000, 0.000000
-0.113438, 0.153578, 1009.000000, 0.001745, 2000.000000, 1000.000000, 10.166642, 9.920106, 10.165904, 9.747348, 0.043005, -0.043374, 0.166273, -0.567190, 0.767888, 0.008726, 24.978621, 18.387209, -69.414124, -0.635998, 0.837286, -0.104049, 0.002273, 14.993164, 1.800537, 27.587889
-0.111693, 0.155323, 1009.000000, 0.001745, 2000.000000, 1000.000000, 9.855339, 10.019434, 10.375755, 9.749472, 0.197595, 0.062614, 0.115547, -0.558464, 0.776614, 0.008726, 26.239464, 20.984581, -70.047905, -0.874616, 0.676432, -0.069961, 0.001796, 14.950195, 3.280640, 50.170895
-0.106457, 0.136126, 1009.000000, 0.001745, 2000.000000, 1000.000000, 10.015001, 9.897196, 10.562674, 9.525129, 0.229935, 0.043901, 0.288837, -0.532286, 0.680628, 0.008726, 27.112120, 23.936377, -70.734367, -0.900182, 0.610386, -0.188204, 0.001752, 14.950195, 2.880859, 45.288082
-0.104712, 0.097731, 1009.000000, 0.005236, 2000.000000, 1000.000000, 9.909515, 10.113485, 10.305361, 9.671638, 0.209423, -0.011500, 0.107438, -0.523560, 0.488656, 0.026178, 28.361256, 27.930264, -71.823257, -0.858637, 0.507056, -0.046525, 0.002292, 14.950195, 3.280640, 50.170895
-0.118674, 0.085515, 1010.000000, 0.031414, 2000.000000, 1000.000000, 11.123281, 10.756364, 11.619164, 10.501191, 0.187764, 0.060178, 0.371222, -0.593368, 0.427574, 0.157068, 28.724632, 30.553141, -72.182297, -0.893791, 0.331289, -0.093396, 0.002327, 14.868164, 5.920410, 90.087883
-0.122164, 0.052356, 1048.000000, 0.064572, 2000.000000, 1000.000000, 14.122593, 13.699310, 14.708998, 13.469099, 0.204154, 0.089048, 0.415796, -0.610820, 0.261780, 0.322862, 28.566542, 33.087147, -72.211784, -0.937466, 0.119302, 0.042957, 0.001852, 14.422852, 22.039795, 325.805634
-0.122164, 0.003490, 1068.000000, 0.092496, 2000.000000, 1000.000000, 15.745973, 15.584418, 17.128429, 15.541179, 0.356424, 0.334805, 0.437201, -0.610820, 0.017452, 0.462478, 25.918350, 36.937218, -70.085266, -1.177149, -0.514526, 0.170787, 0.002179, 14.387695, 22.680664, 334.228485
-0.115183, -0.003490, 1072.000000, 0.069808, 2000.000000, 1000.000000, 16.493925, 16.418715, 17.839373, 17.247988, 0.129043, 0.543681, 0.166648, -0.575916, -0.017452, 0.349040, 22.251284, 38.777302, -67.292183, -0.780873, -0.880974, 0.238964, 0.002304, 14.360352, 22.961426, 337.585419
-0.095986, -0.024433, 1072.000000, 0.057592, 2000.000000, 1000.000000, 16.740984, 16.098982, 17.506685, 17.653349, -0.197167, 0.580018, 0.123835, -0.479930, -0.122164, 0.287958, 18.587942, 38.828053, -64.328728, -0.166220, -1.045024, 0.207006, 0.001750, 14.434570, 20.239258, 299.194336
-0.057592, -0.057592, 1072.000000, 0.050611, 2000.000000, 1000.000000, 17.217157, 16.077837, 17.240503, 17.464502, -0.340830, 0.352502, 0.228831, -0.287958, -0.287958, 0.253054, 14.078817, 36.510914, -61.046513, 0.253492, -0.847951, 0.100480, 0.002238, 14.407227, 22.039795, 325.317352
-0.020942, -0.031414, 1072.000000, 0.045375, 2000.000000, 1000.000000, 17.007830, 16.202639, 17.245672, 17.543859, -0.275845, 0.394765, 0.126751, -0.104712, -0.157068, 0.226876, 12.413156, 34.670555, -59.751678, 0.333386, -0.784036, 0.143091, 0.002321, 14.442383, 20.599365, 304.687500
-0.003490, -0.006981, 1061.000000, 0.036649, 2000.000000, 1000.000000, 15.722873, 14.945790, 16.448496, 16.882841, -0.302857, 0.665669, 0.085684, -0.017452, -0.034904, 0.183246, 10.495683, 32.445557, -58.292797, 0.464413, -1.094026, 0.127112, 0.001755, 14.665039, 11.718750, 176.086411
-0.001745, -0.003490, 1046.000000, 0.017452, 2000.000000, 1000.000000, 13.585302, 12.756060, 14.422155, 15.236483, -0.410893, 0.829319, 0.003729, -0.008726, -0.017452, 0.087260, 8.072539, 29.215168, -56.753540, 0.648703, -1.344362, 0.085567, 0.002251, 14.864258, 5.160522, 78.491211
-0.001745, -0.003490, 1046.000000, 0.006981, 2000.000000, 1000.000000, 13.975170, 13.431450, 14.215477, 14.377903, -0.176536, 0.296690, 0.095324, -0.008726, -0.017452, 0.034904, 5.640534, 25.242994, -55.529011, 0.273732, -0.492155, -0.029481, 0.002246, 14.750977, 9.719849, 146.789551
-0.001745, -0.001745, 1047.000000, 0.001745, 2000.000000, 1000.000000, 14.172805, 13.686296, 13.983270, 14.157630, -0.165218, 0.070450, 0.078037, -0.008726, -0.008726, 0.008726, 5.443298, 24.327198, -55.583015, 0.255622, -0.121446, -0.044395, 0.001819, 14.704102, 11.441040, 172.302231
-0.003490, 0.000000, 1047.000000, 0.000000, 2000.000000, 1000.000000, 13.855738, 13.270742, 14.262747, 14.610773, -0.233255, 0.436760, 0.059242, -0.017452, 0.000000, 0.000000, 5.022502, 22.315557, -55.501762, 0.355757, -0.698815, -0.040134, 0.002347, 14.727539, 10.919189, 164.672836
-0.003490, 0.000000, 1041.000000, 0.000000, 2000.000000, 1000.000000, 13.664465, 12.741634, 14.532198, 15.061703, -0.363084, 0.796950, 0.098332, -0.017452, 0.000000, 0.000000, 3.273611, 19.744898, -55.003746, 0.563482, -1.275120, -0.066765, 0.002206, 14.700195, 11.880493, 178.832993
-0.010471, 0.000000, 1038.000000, 0.000000, 2000.000000, 1000.000000, 12.896294, 11.267460, 13.419462, 14.416784, -0.656539, 0.918123, 0.157878, -0.052356, 0.000000, 0.000000, 1.276534, 15.720646, -54.616417, 0.998107, -1.468997, -0.107245, 0.002185, 14.829102, 6.921387, 105.102531
-0.017452, -0.001745, 1044.000000, 0.000000, 2000.000000, 1000.000000, 14.733302, 12.370797, 13.718560, 15.177341, -0.955321, 0.447951, 0.225931, -0.087260, -0.008726, 0.000000, 0.444633, 8.803541, -54.924652, 1.441254, -0.725447, -0.153051, 0.002449, 14.801758, 8.239746, 124.877922
-0.026178, -0.001745, 1067.000000, 0.001745, 2000.000000, 1000.000000, 16.888718, 14.615406, 15.727495, 16.768379, -0.828549, 0.247937, 0.308107, -0.130890, -0.008726, 0.008726, 1.377331, 5.031331, -55.524967, 1.185592, -0.402674, -0.199922, 0.002183, 14.520508, 23.040771, 339.599579
-0.036649, 0.000000, 1079.000000, 0.003490, 2000.000000, 1000.000000, 17.618507, 16.056057, 16.967678, 17.357758, -0.488132, 0.162718, 0.293093, -0.183246, 0.000000, 0.017452, 2.048030, 2.695117, -56.146297, 0.593309, -0.258864, -0.181813, 0.001793, 14.325195, 25.921631, 380.493134
-0.048866, 0.000000, 1090.000000, 0.001745, 2000.000000, 1000.000000, 19.069967, 17.867994, 19.430258, 19.631781, -0.350874, 0.531019, 0.250113, -0.244328, 0.000000, 0.008726, 1.383795, 1.045042, -56.599964, 0.313146, -0.843690, -0.160508, 0.002200, 14.196289, 38.400269, 551.391602
-0.041885, 0.000000, 1093.000000, 0.001745, 2000.000000, 1000.000000, 18.742392, 16.981863, 19.795706, 20.480040, -0.611216, 1.137873, 0.269049, -0.209424, 0.000000, 0.008726, -2.428918, -3.886209, -57.169796, 0.761620, -1.807749, -0.173291, 0.002221, 14.157227, 28.881836, 419.006317
-0.036649, 0.003490, 1092.000000, 0.000000, 2000.000000, 1000.000000, 19.193460, 17.335443, 19.783304, 19.687792, -0.440626, 0.735549, 0.488383, -0.183246, 0.017452, 0.000000, -4.975808, -7.677831, -58.146595, 0.517676, -1.152615, -0.332014, 0.001819, 14.215820, 27.600098, 402.221649
-0.034904, 0.027923, 1092.000000, 0.000000, 2000.000000, 1000.000000, 19.040043, 18.660789, 19.383747, 18.915421, 0.022268, 0.149584, 0.211896, -0.174520, 0.139616, 0.000000, -6.312230, -8.717919, -59.348743, -0.209895, -0.098010, -0.143464, 0.002247, 14.301758, 24.600220, 360.595673
-0.033159, 0.041885, 1091.000000, 0.000000, 2000.000000, 1000.000000, 18.967449, 17.866203, 19.422131, 19.744217, -0.355832, 0.583174, 0.194791, -0.165794, 0.209424, 0.000000, -7.246427, -9.309703, -59.800991, 0.399432, -0.716925, -0.131746, 0.002270, 14.231445, 27.001953, 393.615692
-0.033159, 0.059337, 1060.000000, 0.000000, 2000.000000, 1000.000000, 16.340614, 13.866042, 16.227875, 17.565468, -0.953042, 0.896671, 0.284245, -0.165794, 0.296684, 0.000000, -8.324901, -12.718238, -60.461689, 1.348577, -1.128114, -0.192465, 0.002166, 14.586914, 0.079346, 1.220703
-0.005236, 0.134380, 1002.000000, 0.000000, 2000.000000, 1000.000000, 10.114429, 9.032371, 10.126693, 10.726508, -0.420469, 0.426601, 0.120561, -0.026178, 0.671902, 0.000000, -8.284851, -18.516241, -61.019367, 0.646572, -0.010659, -0.081679, 0.002390, 19.731445, 0.079346, 1.586914
-0.010471, 0.137871, 1007.000000, 0.000000, 2000.000000, 1000.000000, 10.128788, 10.187952, 10.151449, 9.531811, 0.169701, -0.158370, 0.140119, -0.052356, 0.689354, 0.000000, -6.772994, -17.979826, -60.813515, -0.323878, 0.942747, -0.095527, 0.001777, 16.430664, 0.000000, 1.281738
-0.020942, 0.141361, 1006.000000, 0.000000, 2000.000000, 1000.000000, 10.273629, 9.995997, 10.171433, 9.558940, 0.083716, -0.134813, 0.222532, -0.104712, 0.706806, 0.000000, -3.570376, -14.238909, -60.462379, -0.238657, 0.922507, -0.150920, 0.002361, 14.918945, 3.640747, 55.603024
-0.041885, 0.150087, 1009.000000, 0.000000, 2000.000000, 1000.000000, 10.276128, 9.231896, 10.061627, 10.430348, -0.353238, 0.245988, 0.168878, -0.209424, 0.750436, 0.000000, -1.971728, -13.570282, -60.458649, 0.355757, 0.356855, -0.114702, 0.002178, 14.911133, 4.080200, 62.316891
-0.080279, 0.148342, 1019.000000, 0.000000, 2000.000000, 1000.000000, 11.396614, 9.656267, 10.917927, 12.029192, -0.712903, 0.473560, 0.157271, -0.401396, 0.741710, 0.000000, -0.866067, -14.767246, -60.464859, 0.739249, -0.015985, -0.107245, 0.001807, 14.825195, 7.440186, 112.915031
-0.111693, 0.143106, 1042.000000, 0.000000, 2000.000000, 1000.000000, 14.471150, 12.598474, 14.142903, 14.787473, -0.629311, 0.465188, 0.307027, -0.558464, 0.715532, 0.000000, -0.074952, -16.464737, -60.689106, 0.448434, -0.028768, -0.208444, 0.002195, 14.602539, 14.761353, 220.825180
-0.130890, 0.123909, 1049.000000, 0.000000, 2000.000000, 1000.000000, 13.974344, 13.878386, 14.187765, 13.959505, 0.033075, 0.073635, 0.081055, -0.654450, 0.619546, 0.000000, 0.398338, -15.472457, -61.012714, -0.707371, 0.501730, -0.055047, 0.002221, 14.629883, 13.400269, 200.683578
-0.143106, 0.120419, 1067.000000, 0.000000, 2000.000000, 1000.000000, 16.087723, 16.120914, 16.346943, 15.444421, 0.233928, -0.104318, 0.217334, -0.715532, 0.602094, 0.000000, 0.700101, -12.291956, -61.183674, -1.087668, 0.768044, -0.147725, 0.001805, 14.571289, 14.840698, 221.374496
-0.167539, 0.120419, 1119.000000, 0.000000, 2000.000000, 1000.000000, 20.708979, 20.620687, 21.295771, 21.374563, -0.041772, 0.335167, 0.002374, -0.837696, 0.602094, 0.000000, 1.091780, -8.030723, -61.746723, -0.771286, 0.069235, -0.001784, 0.001999, 13.333008, 61.761475, 845.642029
-0.169284, 0.120419, 1118.000000, 0.000000, 2000.000000, 1000.000000, 20.219589, 20.198986, 22.182507, 21.398918, 0.190747, 0.790713, 0.201047, -0.846422, 0.602094, 0.000000, -0.929086, -6.344112, -62.105087, -1.149453, -0.654075, -0.136007, 0.002232, 13.696289, 46.960449, 658.019958
-0.169284, 0.118674, 1117.000000, 0.000000, 2000.000000, 1000.000000, 20.709623, 20.132040, 22.235495, 20.922842, 0.183767, 0.579168, 0.472558, -0.846422, 0.593368, 0.000000, -3.697486, -4.221224, -62.996006, -1.138800, -0.328106, -0.321362, 0.001762, 13.758789, 44.281006, 623.535156
-0.136126, 0.104712, 1105.000000, 0.000000, 2000.000000, 1000.000000, 21.127968, 19.100792, 19.961540, 19.809700, -0.468834, -0.114380, 0.544753, -0.680628, 0.523560, 0.000000, -3.421415, -1.406399, -64.643028, 0.063876, 0.705194, -0.368233, 0.002363, 13.715820, 46.920776, 659.118591
-0.108202, 0.094241, 1084.000000, 0.000000, 2000.000000, 1000.000000, 18.528503, 16.758984, 18.251610, 18.460903, -0.494703, 0.356256, 0.390056, -0.541012, 0.471204, 0.000000, -2.158359, -1.615565, -65.390076, 0.244970, -0.094814, -0.263838, 0.002204, 14.336914, 17.520142, 257.690430
-0.104712, 0.092496, 1059.000000, 0.000000, 2000.000000, 1000.000000, 14.306630, 13.883561, 16.413195, 15.396613, 0.148378, 0.904904, 0.359913, -0.523560, 0.462478, 0.000000, -4.034921, -1.741679, -66.120262, -0.759568, -0.976848, -0.244663, 0.001850, 14.778320, 6.118774, 92.590324
-0.102967, 0.095986, 1034.000000, 0.000000, 2000.000000, 1000.000000, 12.433699, 12.491009, 14.302265, 12.773027, 0.396637, 0.537646, 0.367982, -0.514834, 0.479930, 0.000000, -7.205868, 0.115614, -66.835915, -1.149453, -0.380303, -0.249989, 0.002069, 15.649414, 0.000000, 2.502441
-0.102967, 0.116928, 1004.000000, 0.000000, 2000.000000, 1000.000000, 10.774845, 9.929779, 9.638447, 9.656929, -0.215887, -0.352312, 0.206646, -0.514834, 0.584642, 0.000000, -6.655064, 3.730506, -67.789375, -0.169415, 1.148341, -0.140268, 0.002309, 17.200195, 0.000000, 0.671387
-0.102967, 0.123909, 1005.000000, 0.000000, 2000.000000, 1000.000000, 11.113160, 9.804828, 9.138892, 9.943120, -0.528140, -0.458994, 0.126027, -0.514834, 0.619546, 0.000000, -3.265289, 4.681314, -68.323547, 0.330190, 1.353936, -0.085940, 0.001844, 14.973633, 0.878906, 13.488769
-0.094241, 0.132635, 1006.000000, 0.000000, 2000.000000, 1000.000000, 10.625198, 9.605755, 9.508348, 10.260698, -0.442948, -0.115477, 0.066773, -0.471204, 0.663176, 0.000000, -0.114915, 4.960236, -68.722900, 0.237513, 0.847939, -0.045460, 0.001790, 14.922852, 2.920532, 44.616695
-0.090750, 0.136126, 1007.000000, 0.000000, 2000.000000, 1000.000000, 9.929676, 9.379320, 10.524916, 10.166088, -0.047882, 0.345502, 0.227296, -0.453752, 0.680628, 0.000000, 1.418211, 5.925129, -69.349388, -0.377141, 0.127825, -0.154116, 0.002376, 14.875977, 4.519653, 68.786621
-0.092496, 0.132635, 1007.000000, 0.000000, 2000.000000, 1000.000000, 9.768107, 9.424220, 10.767381, 10.040292, 0.095800, 0.403836, 0.267744, -0.462478, 0.663176, 0.000000, 1.018475, 7.256750, -69.717102, -0.615758, 0.017038, -0.181813, 0.002167, 14.899414, 4.000854, 60.974117
-0.092496, 0.118674, 1008.000000, 0.000000, 2000.000000, 1000.000000, 9.974343, 9.523622, 10.605395, 9.896640, 0.064508, 0.251017, 0.289870, -0.462478, 0.593368, 0.000000, 0.687874, 8.863233, -70.216927, -0.565691, 0.191740, -0.197792, 0.001750, 14.911133, 3.359985, 51.330563
-0.109948, 0.083770, 1010.000000, 0.020942, 2000.000000, 1000.000000, 11.522240, 10.525436, 10.846029, 11.106295, -0.314267, -0.023838, 0.184134, -0.549738, 0.418848, 0.104712, 1.649765, 10.561851, -70.817635, -0.046911, 0.456989, -0.018828, 0.002296, 14.782227, 8.239746, 124.694817
-0.113438, 0.055846, 1009.000000, 0.038394, 2000.000000, 1000.000000, 10.892768, 9.376033, 9.808503, 9.922696, -0.407732, -0.134401, 0.350635, -0.567190, 0.279232, 0.191972, 2.946418, 10.842703, -71.134445, 0.085181, 0.494273, -0.044395, 0.002168, 14.958008, 1.480103, 22.705076
-0.116928, 0.043630, 1019.000000, 0.045375, 2000.000000, 1000.000000, 11.744575, 10.315623, 10.961614, 10.978189, -0.361382, -0.030099, 0.353094, -0.584642, 0.218150, 0.226876, 4.016676, 11.069653, -71.419823, -0.006431, 0.266308, -0.011372, 0.001773, 14.844727, 5.758667, 87.585442
-0.116928, 0.019197, 1041.000000, 0.071553, 2000.000000, 1000.000000, 14.358051, 13.089197, 14.309212, 14.243540, -0.300795, 0.276376, 0.333632, -0.584642, 0.095986, 0.357766, 3.597833, 11.257764, -71.057503, -0.103369, -0.346215, 0.134569, 0.002311, 14.415039, 23.321533, 343.994110
-0.116928, 0.008726, 1042.000000, 0.071553, 2000.000000, 1000.000000, 14.276293, 13.041990, 14.296499, 14.385218, -0.330756, 0.340858, 0.286396, -0.584642, 0.043630, 0.357766, 2.397098, 11.056859, -70.428146, -0.055433, -0.501743, 0.166526, 0.002220, 14.618164, 13.681030, 204.833969
-0.123909, 0.005236, 1048.000000, 0.089005, 2000.000000, 1000.000000, 14.459371, 12.949969, 14.294290, 14.296371, -0.377871, 0.295330, 0.376830, -0.619546, 0.026178, 0.445026, 1.151189, 10.738692, -69.720947, -0.014953, -0.446349, 0.193158, 0.001779, 14.692383, 11.120605, 167.297348
-0.127400, 0.003490, 1055.000000, 0.095986, 2000.000000, 1000.000000, 15.420914, 14.197794, 15.102421, 15.278872, -0.349892, 0.190646, 0.261667, -0.636998, 0.017452, 0.479930, 0.109492, 10.415176, -68.859879, -0.080999, -0.285495, 0.307140, 0.002152, 14.520508, 16.400146, 244.018539
-0.130890, 0.003490, 1056.000000, 0.092496, 2000.000000, 1000.000000, 15.640428, 14.391246, 14.934922, 15.033404, -0.336916, -0.015836, 0.287675, -0.654450, 0.017452, 0.462478, -0.311257, 10.727947, -67.508537, -0.119348, 0.042604, 0.271987, 0.002315, 14.622070, 13.320923, 199.523911
-0.132635, 0.003490, 1056.000000, 0.073298, 2000.000000, 1000.000000, 15.320586, 14.393569, 15.154317, 15.131528, -0.226057, 0.142922, 0.237452, -0.663176, 0.017452, 0.366492, -0.688365, 11.170783, -66.819427, -0.303638, -0.209862, 0.209137, 0.001871, 14.586914, 15.481567, 231.201157
-0.127400, 0.005236, 1055.000000, 0.066318, 2000.000000, 1000.000000, 15.114598, 14.404721, 15.162377, 15.318303, -0.216451, 0.240340, 0.138488, -0.636998, 0.026178, 0.331588, -1.897592, 11.733739, -65.942749, -0.292985, -0.355802, 0.241094, 0.002097, 14.602539, 14.120483, 211.120590
-0.123909, 0.005236, 1056.000000, 0.066318, 2000.000000, 1000.000000, 15.351251, 14.201394, 14.940915, 15.506440, -0.428846, 0.223678, 0.146083, -0.619546, 0.026178, 0.331588, -3.729450, 11.938673, -64.539619, 0.061746, -0.329171, 0.235768, 0.002230, 14.637695, 12.838745, 192.504868
-0.116928, 0.005236, 1056.000000, 0.066318, 2000.000000, 1000.000000, 15.494411, 14.058821, 14.864656, 15.582111, -0.538262, 0.223384, 0.179534, -0.584642, 0.026178, 0.331588, -4.255593, 11.186985, -63.808716, 0.271601, -0.329171, 0.213398, 0.001816, 14.629883, 12.561035, 188.293442
-0.102967, 0.005236, 1063.000000, 0.062827, 2000.000000, 1000.000000, 15.848079, 14.848749, 16.221390, 17.081783, -0.464931, 0.651586, 0.034734, -0.514834, 0.026178, 0.314136, -6.361198, 8.875500, -62.514709, 0.223665, -1.008806, 0.293292, 0.002281, 14.653320, 12.078857, 181.274399
-0.085515, 0.006981, 1068.000000, 0.050611, 2000.000000, 1000.000000, 15.898690, 14.955836, 16.127348, 17.018126, -0.458408, 0.572737, 0.013019, -0.427574, 0.034904, 0.253054, -8.406316, 6.827109, -61.464363, 0.300363, -0.874583, 0.246421, 0.002368, 14.489258, 18.280029, 271.118164
-0.069808, 0.008726, 1069.000000, 0.045375, 2000.000000, 1000.000000, 16.550028, 15.299843, 15.763386, 16.386744, -0.468386, 0.075065, 0.156707, -0.349040, 0.043630, 0.226876, -9.039492, 5.280747, -60.952446, 0.395171, -0.075640, 0.122851, 0.002186, 14.512695, 17.840576, 265.014648
-0.033159, 0.017452, 1068.000000, 0.036649, 2000.000000, 1000.000000, 16.668713, 15.354183, 15.977440, 15.999664, -0.334189, -0.011448, 0.323076, -0.165794, 0.087260, 0.183246, -8.343133, 4.562017, -60.870960, 0.365344, 0.105454, -0.033742, 0.002097, 14.516602, 16.680908, 247.924789
-0.008726, 0.062827, 1050.000000, 0.012216, 2000.000000, 1000.000000, 15.057331, 13.935368, 15.349741, 15.657560, -0.357446, 0.503651, 0.203536, -0.043630, 0.314136, 0.061082, -8.359321, 2.779003, -61.116650, 0.524067, -0.485764, -0.076352, 0.002321, 14.661133, 11.480713, 172.424301
-0.003490, 0.108202, 1049.000000, 0.006981, 2000.000000, 1000.000000, 14.054382, 12.502359, 14.254824, 15.188435, -0.621409, 0.721629, 0.154603, -0.017452, 0.541012, 0.034904, -8.651220, 0.060761, -61.354450, 0.976802, -0.613595, -0.069961, 0.001947, 14.735352, 9.478760, 142.883301
-0.013962, 0.132635, 1048.000000, 0.006981, 2000.000000, 1000.000000, 14.285484, 12.569956, 13.964657, 15.179903, -0.732694, 0.572280, 0.125070, -0.069808, 0.663176, 0.034904, -8.323914, -3.260783, -61.501209, 1.102502, -0.252472, -0.049721, 0.002056, 14.696289, 10.919189, 164.306625
-0.015707, 0.134380, 1048.000000, 0.006981, 2000.000000, 1000.000000, 14.650396, 13.340620, 13.669107, 14.339876, -0.495136, 0.004492, 0.159752, -0.078534, 0.671902, 0.034904, -5.650189, -6.099550, -61.556446, 0.713683, 0.664714, -0.073157, 0.002297, 14.692383, 11.401367, 171.386703
-0.017452, 0.137871, 1048.000000, 0.008726, 2000.000000, 1000.000000, 14.645411, 13.490236, 13.792210, 14.072144, -0.358777, -0.067824, 0.218810, -0.087260, 0.689354, 0.043630, -3.080418, -6.451373, -61.519085, 0.486783, 0.797872, -0.105114, 0.001776, 14.696289, 10.598755, 159.484863
-0.013962, 0.155323, 1048.000000, 0.008726, 2000.000000, 1000.000000, 14.398820, 13.369428, 14.036033, 14.195720, -0.297270, 0.115876, 0.217426, -0.069808, 0.776614, 0.043630, -0.720805, -6.526837, -61.573528, 0.405824, 0.591212, -0.104049, 0.001814, 14.696289, 10.641479, 160.095215
-0.041885, 0.158813, 1048.000000, 0.003490, 2000.000000, 1000.000000, 14.003038, 13.078939, 13.875034, 15.042988, -0.523013, 0.459011, -0.060964, -0.209424, 0.794066, 0.017452, 1.237603, -7.504773, -61.513668, 0.627397, 0.059648, 0.058935, 0.002312, 14.700195, 10.281372, 154.785156
-0.061082, 0.155323, 1048.000000, 0.001745, 2000.000000, 1000.000000, 14.013829, 12.806338, 13.803948, 15.375884, -0.694857, 0.589916, -0.091111, -0.305410, 0.776614, 0.008726, 2.059257, -9.306377, -61.183731, 0.806361, -0.167252, 0.070653, 0.002325, 14.700195, 11.041260, 166.198715
-0.089005, 0.134380, 1048.000000, 0.001745, 2000.000000, 1000.000000, 13.901481, 13.076209, 13.813624, 15.208686, -0.555084, 0.511155, -0.142448, -0.445026, 0.671902, 0.008726, 2.507529, -11.095709, -60.876575, 0.443108, -0.145947, 0.105807, 0.001908, 14.692383, 11.361694, 170.898422
-0.109948, 0.099476, 1067.000000, 0.001745, 2000.000000, 1000.000000, 15.867915, 15.779350, 16.062307, 16.290428, -0.079171, 0.176368, -0.034889, -0.549738, 0.497382, 0.008726, 2.522449, -10.816347, -60.695084, -0.424012, 0.217306, 0.032304, 0.002357, 14.329102, 24.279785, 356.079071
-0.111693, 0.099476, 1070.000000, 0.003490, 2000.000000, 1000.000000, 17.041693, 16.872595, 16.791880, 17.293833, -0.167763, 0.042856, -0.083214, -0.558464, 0.497382, 0.017452, 2.832821, -9.547011, -60.474319, -0.291920, 0.429292, 0.073849, 0.002201, 14.520508, 16.601562, 247.985825
-0.113438, 0.099476, 1071.000000, 0.003490, 2000.000000, 1000.000000, 17.000687, 16.665989, 16.749626, 17.583698, -0.292193, 0.166661, -0.124844, -0.567190, 0.497382, 0.017452, 3.524275, -8.595970, -60.157623, -0.102304, 0.232220, 0.102611, 0.001763, 14.368164, 21.679688, 319.030762
-0.113438, 0.094241, 1071.000000, 0.003490, 2000.000000, 1000.000000, 16.415894, 16.181705, 17.383080, 18.019321, -0.217607, 0.701200, -0.100513, -0.567190, 0.471204, 0.017452, 2.096333, -8.169114, -59.940342, -0.221613, -0.642357, 0.085567, 0.002346, 14.422852, 19.879150, 293.701172
-0.115183, 0.094241, 1071.000000, 0.003490, 2000.000000, 1000.000000, 16.819801, 15.758987, 17.143517, 18.277695, -0.548749, 0.710606, -0.018341, -0.575916, 0.471204, 0.017452, 0.435676, -9.078841, -60.000118, 0.297167, -0.659401, 0.030173, 0.001759, 14.415039, 20.361328, 300.476074
-0.122164, 0.090750, 1074.000000, 0.003490, 2000.000000, 1000.000000, 17.794800, 16.303112, 16.319645, 17.582443, -0.688621, -0.048956, 0.057222, -0.610820, 0.453752, 0.017452, 1.101083, -11.141467, -59.852375, 0.483588, 0.531557, -0.020959, 0.002109, 14.426758, 19.799805, 292.297363
-0.116928, 0.094241, 1074.000000, 0.003490, 2000.000000, 1000.000000, 17.672007, 16.744524, 16.602781, 16.980688, -0.326347, -0.208266, 0.137393, -0.584642, 0.471204, 0.017452, 3.108874, -10.440200, -59.572998, -0.066085, 0.802133, -0.075287, 0.002169, 14.422852, 19.519043, 288.635254
-0.116928, 0.095986, 1074.000000, 0.003490, 2000.000000, 1000.000000, 17.016781, 16.606155, 17.281624, 17.095440, -0.056110, 0.188532, 0.149202, -0.584642, 0.479930, 0.017452, 4.031307, -8.942163, -59.644955, -0.495384, 0.180022, -0.083809, 0.001816, 14.403320, 21.279907, 313.903809
-0.109948, 0.099476, 1074.000000, 0.001745, 2000.000000, 1000.000000, 16.429443, 15.961644, 17.906921, 17.701992, -0.065718, 0.804457, 0.168182, -0.549738, 0.497382, 0.008726, 2.463531, -8.234385, -60.064896, -0.445317, -0.780840, -0.105114, 0.002178, 14.434570, 19.320679, 285.583496
-0.106457, 0.104712, 1074.000000, 0.001745, 2000.000000, 1000.000000, 17.007538, 15.477344, 17.600243, 17.914875, -0.461206, 0.757559, 0.303891, -0.532286, 0.523560, 0.008726, -0.838902, -9.794233, -61.329235, 0.200229, -0.679641, -0.196726, 0.002310, 14.438477, 17.840576, 281.616211
-0.130890, 0.106457, 1067.000000, 0.000000, 2000.000000, 1000.000000, 16.482544, 15.031672, 15.710194, 16.775589, -0.629067, 0.242891, 0.096370, -0.654450, 0.532286, 0.000000, -1.001026, -10.897626, -61.745464, 0.346169, 0.145934, -0.065700, 0.001839, 14.622070, 11.080933, 159.973145
-0.157068, 0.106457, 1065.000000, 0.000000, 2000.000000, 1000.000000, 16.669735, 15.502328, 15.404563, 16.423374, -0.546555, -0.086031, 0.037149, -0.785340, 0.532286, 0.000000, 0.452003, -10.904990, -61.540253, 0.083051, 0.668975, -0.025220, 0.002194, 14.555664, 15.200806, 226.623520
-0.157068, 0.108202, 1056.000000, 0.000000, 2000.000000, 1000.000000, 15.412007, 14.714231, 15.018617, 14.855145, -0.133576, -0.063119, 0.215312, -0.785340, 0.541012, 0.000000, 2.617715, -8.682140, -61.527336, -0.573148, 0.641279, -0.145594, 0.002253, 14.704102, 8.880615, 133.728027
-0.158813, 0.116928, 1048.000000, 0.000000, 2000.000000, 1000.000000, 13.812865, 13.861123, 14.388700, 13.937312, 0.124912, 0.163006, 0.100782, -0.794066, 0.584642, 0.000000, 2.660061, -6.142231, -61.827244, -0.993925, 0.323832, -0.068896, 0.001764, 14.633789, 12.561035, 58.105465
-0.157068, 0.134380, 1049.000000, 0.000000, 2000.000000, 1000.000000, 14.066809, 13.470140, 14.381798, 14.081253, -0.074031, 0.231525, 0.224303, -0.785340, 0.671902, 0.000000, 1.583260, -2.390630, -62.243168, -0.666891, 0.301462, -0.151986, 0.002464, 14.696289, 10.040283, 151.123047
-0.164049, 0.136126, 1049.000000, 0.000000, 2000.000000, 1000.000000, 14.546617, 13.457459, 14.032603, 13.963321, -0.254969, -0.002038, 0.289610, -0.820244, 0.680628, 0.000000, 2.117606, -0.533240, -62.753963, -0.412294, 0.683889, -0.196726, 0.002195, 14.692383, 10.241699, 153.381348
-0.171030, 0.143106, 1049.000000, 0.005236, 2000.000000, 1000.000000, 14.730330, 13.445830, 13.886086, 13.937753, -0.334041, -0.088081, 0.308208, -0.855148, 0.715532, 0.026178, 3.585289, 1.319504, -63.251858, -0.320682, 0.856461, -0.182878, 0.002199, 14.711914, 9.600830, 144.592285
-0.178010, 0.146597, 1049.000000, 0.003490, 2000.000000, 1000.000000, 14.619506, 13.331109, 14.104983, 13.944402, -0.281954, 0.024692, 0.362245, -0.890052, 0.732984, 0.017452, 5.141346, 3.252833, -63.887669, -0.438926, 0.693476, -0.228684, 0.002079, 14.657227, 11.840820, 177.673325
-0.178010, 0.144852, 1050.000000, 0.008726, 2000.000000, 1000.000000, 15.059599, 14.185345, 15.576574, 15.178482, -0.119041, 0.377528, 0.318086, -0.890052, 0.724258, 0.043630, 5.600839, 5.939768, -64.624268, -0.700979, 0.124629, -0.171160, 0.002301, 14.528320, 16.201782, 241.088852
-0.176265, 0.144852, 1050.000000, 0.008726, 2000.000000, 1000.000000, 14.897405, 14.206265, 15.994336, 14.901994, 0.100301, 0.448165, 0.445870, -0.881326, 0.724258, 0.043630, 4.742889, 8.058767, -65.085159, -1.040796, 0.011711, -0.258511, 0.001981, 14.610352, 13.601685, 203.491196
-0.178010, 0.139616, 1051.000000, 0.008726, 2000.000000, 1000.000000, 15.124901, 14.347712, 15.812534, 14.714853, 0.080123, 0.263694, 0.468717, -0.890052, 0.698080, 0.043630, 3.853212, 10.880944, -65.728882, -1.017361, 0.279091, -0.273425, 0.002179, 14.598633, 14.279175, 213.378891
-0.176265, 0.120419, 1052.000000, 0.008726, 2000.000000, 1000.000000, 15.283448, 14.348622, 15.236375, 15.131555, -0.207501, 0.183965, 0.259911, -0.881326, 0.602094, 0.043630, 4.174416, 14.209046, -66.641479, -0.551843, 0.309984, -0.131746, 0.002389, 14.563477, 15.319824, 227.783188
-0.176265, 0.106457, 1052.000000, 0.006981, 2000.000000, 1000.000000, 15.008313, 14.193633, 15.408067, 15.389987, -0.199150, 0.399027, 0.208190, -0.881326, 0.532286, 0.034904, 3.864474, 15.468542, -66.847168, -0.564626, -0.102271, -0.106180, 0.001914, 14.571289, 14.599609, 217.895493
-0.176265, 0.106457, 1052.000000, 0.006981, 2000.000000, 1000.000000, 14.890617, 14.043192, 15.692434, 15.373756, -0.132187, 0.533095, 0.291526, -0.881326, 0.532286, 0.034904, 2.613080, 16.609327, -66.847282, -0.671152, -0.315323, -0.162638, 0.001970, 14.614258, 13.519287, 202.331528
-0.176265, 0.108202, 1052.000000, 0.003490, 2000.000000, 1000.000000, 14.947991, 14.264714, 15.584638, 15.202657, -0.075325, 0.393647, 0.266315, -0.881326, 0.541012, 0.017452, 0.536880, 18.601337, -67.055603, -0.761699, -0.084162, -0.162638, 0.002330, 14.633789, 12.121582, 181.579575
-0.162304, 0.109948, 1049.000000, 0.000000, 2000.000000, 1000.000000, 14.065844, 13.609163, 14.404463, 13.920530, 0.006813, 0.162496, 0.235153, -0.811518, 0.549738, 0.000000, 0.060168, 20.553486, -67.320076, -0.822418, 0.289744, -0.159442, 0.002425, 14.739258, 7.760620, 117.675774
-0.151832, 0.099476, 1048.000000, 0.000000, 2000.000000, 1000.000000, 14.007380, 13.789000, 14.163572, 14.040049, -0.023714, 0.101811, 0.085476, -0.759162, 0.497382, 0.000000, 0.163081, 22.903109, -67.653999, -0.721219, 0.334485, -0.058243, 0.001749, 14.727539, 9.118652, 137.329102
-0.134380, 0.082024, 1045.000000, 0.000000, 2000.000000, 1000.000000, 14.001442, 13.451277, 14.270819, 14.276463, -0.138952, 0.273641, 0.136130, -0.671902, 0.410122, 0.000000, -0.423624, 25.311228, -67.560242, -0.449578, -0.027703, -0.092331, 0.002314, 14.696289, 10.000610, 155.883789
-0.136126, 0.076789, 1045.000000, 0.001745, 2000.000000, 1000.000000, 14.273968, 13.283379, 14.112226, 14.330427, -0.302197, 0.221327, 0.193097, -0.680628, 0.383944, 0.008726, -0.768689, 26.033133, -67.733246, -0.197112, 0.029821, -0.122158, 0.002331, 14.661133, 11.679077, 175.292953
-0.134380, 0.076789, 1046.000000, 0.006981, 2000.000000, 1000.000000, 14.281102, 13.163060, 14.118285, 14.437552, -0.359328, 0.277919, 0.199694, -0.671902, 0.383944, 0.034904, -0.956153, 26.330595, -67.937012, -0.096978, -0.060726, -0.100853, 0.001752, 14.665039, 11.279297, 169.311508
-0.134380, 0.066318, 1046.000000, 0.013962, 2000.000000, 1000.000000, 14.267184, 12.984097, 14.170749, 14.577970, -0.422577, 0.374359, 0.218967, -0.671902, 0.331588, 0.069808, -1.797578, 26.266945, -67.908791, 0.004222, -0.267386, -0.078483, 0.002007, 14.665039, 11.318970, 169.921860
-0.132635, 0.068063, 1046.000000, 0.031414, 2000.000000, 1000.000000, 14.379291, 12.822469, 14.206132, 14.592109, -0.485699, 0.399120, 0.292712, -0.663176, 0.340314, 0.157068, -2.541935, 25.780207, -67.763977, 0.113943, -0.298279, -0.040134, 0.002314, 14.684570, 10.839844, 163.024887
-0.130890, 0.069808, 1046.000000, 0.031414, 2000.000000, 1000.000000, 14.420481, 13.020706, 13.916271, 14.642542, -0.531511, 0.279406, 0.168376, -0.654450, 0.349040, 0.157068, -2.937736, 25.092718, -67.572365, 0.195968, -0.098010, 0.044022, 0.001896, 14.684570, 10.958862, 164.672836
-0.129145, 0.066318, 1046.000000, 0.029668, 2000.000000, 1000.000000, 14.698225, 12.917908, 13.763662, 14.620205, -0.659215, 0.191933, 0.230944, -0.645724, 0.331588, 0.148342, -2.599434, 24.269705, -67.600388, 0.409020, 0.024495, -0.007111, 0.002139, 14.719727, 9.719849, 146.423340
-0.130890, 0.059337, 1047.000000, 0.027923, 2000.000000, 1000.000000, 14.705425, 12.745281, 13.900082, 14.649212, -0.677318, 0.274647, 0.302754, -0.654450, 0.296684, 0.139616, -1.953066, 22.478004, -68.061676, 0.429259, -0.142751, -0.064634, 0.002280, 14.696289, 10.079956, 151.672363
-0.130890, 0.055846, 1046.000000, 0.026178, 2000.000000, 1000.000000, 14.536241, 12.708583, 14.053958, 14.701219, -0.618729, 0.377589, 0.295099, -0.654450, 0.279232, 0.130890, -2.190250, 21.214697, -68.164879, 0.335517, -0.324910, -0.068896, 0.001809, 14.657227, 11.999512, 180.114731
-0.129145, 0.054101, 1050.000000, 0.024433, 2000.000000, 1000.000000, 15.446795, 13.745693, 14.946987, 15.860524, -0.653660, 0.403756, 0.196891, -0.645724, 0.270506, 0.122164, -2.853635, 19.974960, -68.028526, 0.394106, -0.371781, -0.010306, 0.001811, 14.543945, 18.600464, 276.916504
-0.129145, 0.054101, 1054.000000, 0.005236, 2000.000000, 1000.000000, 15.864749, 13.567813, 14.675794, 15.891645, -0.878197, 0.283719, 0.270271, -0.645724, 0.270506, 0.026178, -2.963182, 17.404551, -68.250114, 0.748837, -0.180035, -0.156247, 0.002365, 14.618164, 13.400269, 200.500473
-0.130890, 0.055846, 1056.000000, 0.003490, 2000.000000, 1000.000000, 16.197563, 13.290620, 14.608811, 15.903008, -1.050285, 0.255909, 0.403187, -0.654450, 0.279232, 0.017452, -2.482826, 15.202530, -68.949326, 1.016216, -0.127837, -0.256381, 0.001831, 14.559570, 15.399170, 229.614243
-0.143106, 0.057592, 1055.000000, 0.006981, 2000.000000, 1000.000000, 16.155785, 12.995991, 14.779013, 16.069210, -1.112498, 0.424112, 0.467399, -0.715532, 0.287958, 0.034904, -1.715489, 10.447144, -70.180740, 1.051370, -0.385630, -0.280882, 0.002316, 14.606445, 12.960815, 193.786606
-0.141361, 0.057592, 1055.000000, 0.019197, 2000.000000, 1000.000000, 15.988862, 13.000531, 15.175698, 15.834908, -0.911885, 0.505303, 0.582280, -0.706806, 0.287958, 0.095986, -2.120978, 7.799157, -70.922241, 0.741380, -0.514526, -0.296861, 0.002337, 14.579102, 14.801025, 220.886215
-0.137871, 0.061082, 1055.000000, 0.026178, 2000.000000, 1000.000000, 15.665277, 13.329333, 15.110915, 15.894474, -0.779876, 0.502695, 0.388096, -0.689354, 0.305410, 0.130890, -2.920327, 5.897074, -71.384331, 0.549634, -0.493221, -0.130680, 0.002223, 14.622070, 12.521362, 187.499985
-0.136126, 0.075044, 1056.000000, 0.005236, 2000.000000, 1000.000000, 15.967640, 13.330370, 14.529940, 16.172050, -1.069845, 0.350995, 0.248790, -0.680628, 0.375218, 0.026178, -3.138166, 3.568749, -71.696129, 1.021543, -0.183231, -0.143464, 0.001759, 14.598633, 14.279175, 213.378891
-0.143106, 0.094241, 1056.000000, 0.001745, 2000.000000, 1000.000000, 16.854193, 13.174846, 13.931966, 16.038996, -1.446594, -0.014519, 0.393079, -0.715532, 0.471204, 0.008726, -0.661962, -1.725255, -72.748085, 1.582933, 0.494273, -0.257446, 0.002187, 14.575195, 14.721680, 219.726547
-0.160558, 0.094241, 1050.000000, 0.000000, 2000.000000, 1000.000000, 16.864445, 13.117657, 13.962921, 16.054977, -1.459711, 0.008949, 0.413683, -0.802792, 0.471204, 0.000000, 1.972030, -5.546966, -73.296661, 1.515822, 0.456989, -0.279817, 0.002281, 14.610352, 12.680054, 189.819321
-0.158813, 0.101222, 1050.000000, 0.000000, 2000.000000, 1000.000000, 16.285381, 12.964595, 14.699557, 16.050467, -1.167924, 0.375012, 0.492469, -0.794066, 0.506108, 0.000000, 3.432173, -8.760951, -73.943451, 1.064153, -0.090553, -0.335210, 0.001759, 14.708008, 9.521484, 143.432617
-0.162304, 0.132635, 1052.000000, 0.000000, 2000.000000, 1000.000000, 15.570064, 13.131955, 15.191476, 16.106504, -0.838284, 0.648990, 0.380770, -0.811518, 0.663176, 0.000000, 2.642189, -11.938817, -75.431976, 0.519806, -0.367520, -0.257446, 0.002331, 14.563477, 15.200806, 226.684555
-0.160558, 0.153578, 1050.000000, 0.000000, 2000.000000, 1000.000000, 16.111101, 13.230680, 14.687360, 15.970860, -1.040980, 0.329110, 0.399230, -0.802792, 0.767888, 0.000000, 2.926708, -13.676840, -76.026909, 0.851101, 0.245003, -0.270229, 0.002206, 14.614258, 13.320923, 199.218735
-0.160558, 0.150087, 1048.000000, 0.000000, 2000.000000, 1000.000000, 15.913676, 11.949878, 13.073293, 15.063153, -1.488415, 0.068223, 0.493485, -0.802792, 0.750436, 0.000000, 5.208850, -16.638794, -76.282028, 1.578672, 0.641279, -0.336275, 0.001820, 14.696289, 10.360718, 157.104492
-0.171030, 0.150087, 1045.000000, 0.000000, 2000.000000, 1000.000000, 15.788859, 11.723159, 13.045484, 15.442498, -1.615679, 0.243991, 0.417172, -0.855148, 0.750436, 0.000000, 9.359976, -23.150532, -76.226425, 1.729939, 0.360051, -0.283012, 0.002307, 14.688477, 10.079956, 151.611328
-0.191972, 0.146597, 1045.000000, -0.001745, 2000.000000, 1000.000000, 15.081988, 12.015090, 13.516147, 15.386775, -1.234382, 0.451461, 0.299067, -0.959860, 0.732984, -0.008726, 10.801334, -26.557388, -76.277214, 1.015151, 0.010646, -0.211640, 0.002381, 14.680664, 10.681152, 166.015610
-0.218150, 0.146597, 1043.000000, -0.001745, 2000.000000, 1000.000000, 15.021280, 12.046503, 13.689966, 15.242250, -1.131765, 0.466108, 0.355623, -1.090750, 0.732984, -0.008726, 11.359305, -28.650625, -76.596001, 0.720075, -0.012789, -0.251055, 0.001828, 14.684570, 10.879517, 163.513168
-0.254799, 0.144852, 1033.000000, -0.001745, 2000.000000, 1000.000000, 14.206459, 11.226429, 12.592571, 13.974541, -1.090500, 0.283556, 0.399515, -1.273996, 0.724258, -0.008726, 12.563627, -30.890379, -77.244637, 0.470804, 0.270569, -0.279817, 0.002339, 14.762695, 7.479858, 113.098137
-0.256544, 0.139616, 1023.000000, -0.001745, 2000.000000, 1000.000000, 12.877952, 10.658233, 11.605256, 12.858560, -0.868255, 0.231908, 0.241604, -1.282722, 0.698080, -0.008726, 13.728976, -31.518606, -77.263275, 0.106486, 0.327028, -0.173291, 0.001927, 14.879883, 4.400635, 67.016602
-0.260035, 0.136126, 1025.000000, -0.001745, 2000.000000, 1000.000000, 11.953823, 11.035595, 11.906487, 13.104095, -0.528959, 0.505291, -0.069845, -1.300174, 0.680628, -0.008726, 13.891391, -30.952745, -77.322563, -0.453839, -0.127837, 0.038696, 0.001759, 14.821289, 6.039429, 91.674797
-0.280977, 0.132635, 1031.000000, -0.001745, 2000.000000, 1000.000000, 12.658352, 12.306276, 13.088144, 13.947227, -0.302790, 0.517686, -0.126751, -1.404886, 0.663176, -0.008726, 12.111722, -28.232691, -78.034103, -0.920422, -0.165121, 0.077045, 0.002296, 14.813477, 6.561279, 99.487297
-0.308900, 0.120419, 1050.000000, 0.000000, 2000.000000, 1000.000000, 14.737032, 14.867590, 14.315649, 16.079729, -0.408380, 0.197689, -0.473659, -1.544502, 0.602094, 0.000000, 11.704669, -25.771061, -77.664658, -0.894856, 0.287613, 0.322054, 0.001810, 14.352539, 24.200439, 355.712860
-0.359511, 0.104712, 1056.000000, 0.000000, 2000.000000, 1000.000000, 14.604465, 15.061374, 13.774184, 16.559978, -0.582221, 0.167080, -0.810676, -1.797556, 0.523560, 0.000000, 12.024461, -23.276575, -76.333107, -0.871420, 0.257786, 0.551084, 0.001828, 14.532227, 16.519165, 245.910629
-0.380454, 0.094241, 1056.000000, 0.000000, 2000.000000, 1000.000000, 13.824908, 15.171395, 13.777492, 17.226204, -0.525557, 0.501848, -1.198800, -1.902268, 0.471204, 0.000000, 10.797210, -19.915216, -73.975090, -1.067428, -0.325975, 0.811007, 0.002265, 14.559570, 15.161133, 226.074203
-0.383944, 0.092496, 1068.000000, 0.000000, 2000.000000, 1000.000000, 14.379840, 16.554789, 15.382052, 17.683321, -0.031580, 0.532686, -1.119054, -1.919720, 0.462478, 0.000000, 8.544558, -16.484964, -72.533203, -1.869567, -0.383499, 0.756679, 0.002335, 14.422852, 22.039795, 325.317352
-0.385689, 0.092496, 1083.000000, 0.000000, 2000.000000, 1000.000000, 15.831360, 19.237469, 17.891384, 19.039787, 0.564427, 0.465587, -1.138628, -1.928446, 0.462478, 0.000000, 5.538543, -10.509313, -71.117302, -2.826168, -0.278039, 0.773723, 0.001866, 14.258789, 26.040649, 380.126923
-0.378708, 0.094241, 1103.000000, 0.001745, 2000.000000, 1000.000000, 18.589752, 20.492207, 19.572845, 21.345196, 0.032527, 0.459021, -0.918702, -1.893542, 0.471204, 0.008726, 0.668206, -0.455972, -68.790276, -1.945200, -0.257799, 0.629914, 0.002328, 13.821289, 39.801025, 563.903809
-0.359511, 0.094241, 1102.000000, 0.001745, 2000.000000, 1000.000000, 20.044569, 19.483488, 18.768003, 21.703939, -0.874254, 0.235972, -0.593714, -1.797556, 0.471204, 0.008726, -0.614145, 1.944410, -67.403381, -0.406968, 0.095867, 0.412601, 0.001847, 14.051758, 31.521606, 453.918427
-0.343804, 0.094241, 1094.000000, 0.000000, 2000.000000, 1000.000000, 18.442789, 19.566122, 17.944223, 20.046865, -0.244826, -0.004456, -0.806494, -1.719022, 0.471204, 0.000000, -0.388864, 3.864289, -66.163521, -1.329481, 0.478294, 0.548954, 0.001750, 13.961914, 35.360718, 505.920380
-0.329843, 0.095986, 1077.000000, 0.000000, 2000.000000, 1000.000000, 14.097410, 18.748234, 18.568954, 16.585403, 1.658594, 0.577179, -0.666818, -1.649214, 0.479930, 0.000000, -5.668896, 15.350079, -63.114597, -4.283441, -0.436762, 0.450950, 0.002316, 14.524414, 15.521240, 230.773911
-0.329843, 0.095986, 1076.000000, 0.000000, 2000.000000, 1000.000000, 14.533467, 17.730381, 18.485588, 17.250566, 1.107984, 0.868077, -0.490472, -1.649214, 0.479930, 0.000000, -12.906443, 23.765928, -59.588646, -3.412060, -0.901214, 0.333772, 0.001760, 14.383789, 20.681763, 304.504395
-0.329843, 0.095986, 1076.000000, 0.000000, 2000.000000, 1000.000000, 16.625698, 16.120117, 17.179298, 18.074886, -0.350292, 0.627092, -0.097503, -1.649214, 0.479930, 0.000000, -18.394451, 27.702620, -56.654430, -1.091929, -0.517722, 0.066392, 0.001784, 14.348633, 23.361206, 343.078583
-0.321117, 0.094241, 1066.000000, 0.000000, 2000.000000, 1000.000000, 17.324272, 15.233209, 14.923720, 16.518799, -0.921535, -0.278740, 0.123996, -1.605584, 0.471204, 0.000000, -17.982504, 28.994272, -57.008766, -0.141719, 0.913985, -0.083809, 0.002261, 14.434570, 18.521118, 275.512695
-0.308900, 0.071553, 1038.000000, 0.000000, 2000.000000, 1000.000000, 13.434249, 13.143846, 12.759151, 12.662755, -0.048502, -0.289048, 0.096700, -1.544502, 0.357766, 0.000000, -16.842848, 32.214336, -57.749050, -1.466899, 0.820242, -0.065700, 0.002235, 14.840820, 3.961182, 60.180660
-0.240838, 0.062827, 1038.000000, 0.000000, 2000.000000, 1000.000000, 12.191772, 13.352967, 13.916842, 12.538419, 0.634905, 0.227631, 0.054307, -1.204188, 0.314136, 0.000000, -19.464598, 37.245266, -56.494884, -2.220037, -0.050073, -0.036938, 0.001783, 14.817383, 5.960083, 90.393059
-0.197208, 0.068063, 1039.000000, 0.000000, 2000.000000, 1000.000000, 12.242118, 11.984931, 13.794566, 13.978385, -0.110252, 0.886476, 0.018342, -0.986038, 0.340314, 0.000000, -27.569695, 41.465691, -51.512619, -0.809635, -1.078047, -0.012437, 0.002385, 14.723633, 9.161377, 138.000488
-0.162304, 0.089005, 1039.000000, 0.000000, 2000.000000, 1000.000000, 12.629486, 11.184380, 12.866508, 15.319626, -0.974556, 1.093067, -0.252003, -0.811518, 0.445026, 0.000000, -30.775656, 39.313911, -49.187927, 0.747772, -1.303882, 0.171853, 0.001763, 14.532227, 17.160034, 255.310043
-0.120419, 0.132635, 1040.000000, -0.001745, 2000.000000, 1000.000000, 13.979762, 12.006162, 13.942988, 16.071089, -1.025425, 1.007038, -0.038625, -0.602094, 0.663176, -0.008726, -31.378099, 32.174679, -48.449745, 1.038587, -0.948086, 0.017390, 0.002375, 14.586914, 14.639282, 218.627914
-0.092496, 0.144852, 1040.000000, -0.001745, 2000.000000, 1000.000000, 13.767576, 13.176626, 14.547592, 14.508205, -0.137891, 0.527899, 0.157584, -0.462478, 0.724258, -0.008726, -31.746017, 30.321827, -48.406136, -0.241853, -0.120380, -0.115767, 0.002245, 14.672852, 9.960938, 149.597168
-0.036649, 0.160558, 1045.000000, -0.001745, 2000.000000, 1000.000000, 13.943665, 14.138069, 14.663559, 13.254707, 0.400814, -0.040867, 0.303612, -0.183246, 0.802792, -0.008726, -32.033295, 32.324051, -48.699741, -0.824549, 0.868179, -0.215901, 0.001766, 14.688477, 9.478760, 142.395020
-0.005236, 0.169284, 1077.000000, -0.001745, 2000.000000, 1000.000000, 18.003550, 16.180769, 17.015100, 16.800581, -0.402066, -0.092160, 0.509325, -0.026178, 0.846422, -0.008726, -28.585228, 36.196766, -52.013489, 0.612484, 0.992814, -0.353319, 0.002272, 14.227539, 26.800537, 390.197723
-0.003490, 0.176265, 1079.000000, -0.001745, 2000.000000, 1000.000000, 18.397404, 14.684870, 16.372435, 18.545292, -1.471348, 0.458864, 0.384919, -0.017452, 0.881326, -0.008726, -24.161760, 33.970078, -55.396820, 2.320092, 0.152325, -0.269164, 0.002221, 14.305664, 23.001099, 337.097137
-0.001745, 0.223386, 1090.000000, -0.001745, 2000.000000, 1000.000000, 20.021601, 16.024828, 18.622374, 21.331198, -1.676399, 0.976786, 0.321986, -0.008726, 1.116928, -0.008726, -20.329172, 27.772888, -57.994949, 2.657779, -0.436762, -0.227619, 0.001844, 14.094727, 31.240845, 450.500458
0.010471, 0.289703, 1094.000000, -0.001745, 2000.000000, 1000.000000, 19.336864, 17.752522, 19.550129, 19.360485, -0.348674, 0.455307, 0.443497, 0.052356, 1.448516, -0.008726, -16.536089, 21.837803, -60.685352, 0.606092, 0.725434, -0.308578, 0.002338, 14.165039, 26.800537, 388.915985
0.075044, 0.307155, 1093.000000, -0.001745, 2000.000000, 1000.000000, 19.576021, 19.030569, 18.944311, 18.449099, -0.012560, -0.303295, 0.260166, 0.375218, 1.535776, -0.008726, -12.355125, 22.804613, -62.915588, 0.395171, 2.017592, -0.185009, 0.002242, 14.239258, 24.560547, 358.215302
0.020942, 0.273996, 1081.000000, 0.000000, 2000.000000, 1000.000000, 19.813639, 17.388720, 16.611227, 18.186415, -1.000028, -0.601180, 0.212432, 0.104712, 1.369982, 0.000000, -4.960297, 22.914328, -66.238533, 1.695851, 2.326516, -0.144529, 0.001749, 14.391602, 18.719482, 275.878906
0.000000, 0.242583, 1078.000000, 0.000000, 2000.000000, 1000.000000, 18.450142, 14.445164, 15.873098, 19.231594, -1.840869, 0.552346, 0.161621, 0.000000, 1.212914, 0.000000, 4.942569, 15.039974, -70.248215, 2.924093, 0.335550, -0.109375, 0.002276, 14.485352, 14.120483, 209.533676
-0.003490, 0.235602, 1067.000000, 0.000000, 2000.000000, 1000.000000, 15.992524, 13.572478, 16.207758, 18.227240, -1.109883, 1.217499, 0.100141, -0.017452, 1.178010, 0.000000, 6.201941, 8.606879, -70.738159, 1.745918, -0.756339, -0.067830, 0.002205, 14.442383, 17.919922, 265.075684
-0.001745, 0.233857, 1039.000000, 0.000000, 2000.000000, 1000.000000, 12.662477, 11.621581, 13.502038, 14.213904, -0.438190, 0.857972, 0.082257, -0.008726, 1.169284, 0.000000, 5.640268, 5.091241, -70.842285, 0.692378, -0.203471, -0.056112, 0.001761, 15.618164, 0.000000, 1.892090
-0.003490, 0.223386, 1015.000000, 0.000000, 2000.000000, 1000.000000, 12.423038, 10.979757, 9.883951, 10.713253, -0.568146, -0.701398, 0.153495, -0.017452, 1.116928, 0.000000, 10.961725, 4.063459, -71.564606, 0.891581, 2.239165, -0.104049, 0.002334, 15.215820, 0.000000, 0.610352
-0.003490, 0.207679, 1017.000000, 0.001745, 2000.000000, 1000.000000, 12.885211, 10.957967, 9.457002, 10.699821, -0.792516, -0.921589, 0.171107, -0.017452, 1.038394, 0.008726, 18.216810, 3.402458, -72.324303, 1.250573, 2.512937, -0.107245, 0.002350, 14.852539, 4.159546, 63.171383
-0.001745, 0.200698, 1018.000000, 0.001745, 2000.000000, 1000.000000, 12.599763, 10.164531, 9.787305, 11.448401, -1.024082, -0.382146, 0.193534, -0.008726, 1.003490, 0.008726, 24.670013, 1.400628, -72.919647, 1.629805, 1.614924, -0.123224, 0.001751, 14.817383, 5.239868, 79.528809
-0.003490, 0.200698, 1019.000000, 0.003490, 2000.000000, 1000.000000, 12.109588, 9.219270, 10.311534, 12.359609, -1.234598, 0.335571, 0.210561, -0.017452, 1.003490, 0.017452, 28.750605, -2.578698, -73.273399, 1.957904, 0.466576, -0.125354, 0.002205, 14.786133, 6.680298, 101.074211
-0.022688, 0.190227, 1023.000000, 0.031414, 2000.000000, 1000.000000, 12.903772, 9.314753, 11.615372, 14.166103, -1.534938, 0.890737, 0.259572, -0.113438, 0.951134, 0.157068, 30.692375, -10.951093, -73.315948, 2.342462, -0.474046, -0.017763, 0.002246, 14.676758, 10.519409, 158.203125
-0.029668, 0.184991, 1035.000000, 0.029668, 2000.000000, 1000.000000, 14.388610, 10.104983, 12.143689, 15.362718, -1.875664, 0.753203, 0.266150, -0.148342, 0.924956, 0.148342, 31.662624, -17.952440, -73.146057, 2.852721, -0.280169, -0.031612, 0.001755, 14.583008, 13.720703, 204.833969
-0.048866, 0.186736, 1043.000000, 0.034904, 2000.000000, 1000.000000, 15.698704, 11.099566, 12.698893, 16.502838, -2.100770, 0.600866, 0.198798, -0.244328, 0.933682, 0.174520, 33.886223, -26.043940, -72.246407, 3.116905, -0.027703, 0.040826, 0.001837, 14.528320, 16.439819, 244.628891
-0.109948, 0.179756, 1084.000000, 0.075044, 2000.000000, 1000.000000, 19.496737, 14.997563, 17.070261, 20.435438, -1.966087, 0.752850, 0.283499, -0.549738, 0.898778, 0.375218, 38.113266, -37.623055, -69.855659, 2.573623, -0.297213, 0.186766, 0.002239, 13.774414, 47.882080, 675.537048
-0.221640, 0.158813, 1118.000000, 0.047120, 2000.000000, 1000.000000, 21.398670, 18.945374, 19.881439, 23.774517, -1.586593, 0.827977, -0.359946, -1.108202, 0.794066, 0.235602, 39.197182, -43.327789, -68.255676, 1.415688, -0.523048, 0.482908, 0.001815, 13.497070, 54.321289, 751.220642
-0.268761, 0.155323, 1119.000000, 0.036649, 2000.000000, 1000.000000, 19.494240, 20.741444, 22.320538, 21.443779, 0.530991, 0.882159, -0.092611, -1.343804, 0.776614, 0.183246, 34.496658, -42.320736, -69.758965, -2.187013, -0.624247, 0.247486, 0.002363, 13.450195, 55.801392, 768.737732
-0.265270, 0.157068, 1119.000000, 0.031414, 2000.000000, 1000.000000, 20.483696, 20.758133, 21.924522, 20.833649, 0.341328, 0.379085, 0.204110, -1.326352, 0.785340, 0.157068, 31.179142, -36.854923, -71.567162, -1.868501, 0.183218, 0.020586, 0.002291, 13.633789, 46.441650, 656.127869
-0.261780, 0.160558, 1121.000000, 0.026178, 2000.000000, 1000.000000, 23.355457, 20.736111, 21.424435, 22.483997, -0.919728, -0.045784, 0.389946, -1.308900, 0.802792, 0.130890, 32.281796, -34.182606, -71.114594, 0.154423, 0.875635, -0.132811, 0.001760, 13.485352, 53.680420, 741.210876
-0.272251, 0.162304, 1120.000000, 0.008726, 2000.000000, 1000.000000, 22.643738, 19.271297, 22.747032, 23.337933, -0.990835, 1.042483, 0.695386, -1.361256, 0.811518, 0.043630, 34.238037, -36.394375, -71.263184, 0.211947, -0.843690, -0.425757, 0.002410, 13.637695, 47.640991, 665.283142
-0.270506, 0.162304, 1119.000000, 0.003490, 2000.000000, 1000.000000, 19.913368, 19.427940, 23.464226, 21.194466, 0.446082, 1.329345, 0.688796, -1.352530, 0.811518, 0.017452, 29.275272, -34.938801, -75.413040, -2.061313, -1.300686, -0.449193, 0.002182, 13.633789, 45.281982, 632.507324
-0.277487, 0.162304, 1073.000000, 0.001745, 2000.000000, 1000.000000, 16.357847, 17.319700, 18.972178, 15.350274, 1.145939, 0.161226, 0.665013, -1.387434, 0.811518, 0.008726, 25.832615, -27.647251, -78.444611, -3.210726, 0.554993, -0.443866, 0.001750, 14.665039, 3.039551, 45.715328
-0.308900, 0.148342, 1039.000000, 0.000000, 2000.000000, 1000.000000, 15.193175, 12.782506, 12.108497, 11.915822, -0.554499, -0.987841, 0.650836, -1.544502, 0.741710, 0.000000, 32.225441, -18.009085, -77.976776, -0.657303, 2.322255, -0.441736, 0.002274, 15.243164, 0.000000, 1.220703
-0.335078, 0.144852, 1038.000000, 0.001745, 2000.000000, 1000.000000, 14.936862, 11.506690, 12.224683, 13.331765, -1.134313, -0.221776, 0.580773, -1.675392, 0.724258, 0.008726, 37.094090, -16.751081, -77.748466, 0.139509, 1.079100, -0.385277, 0.002263, 14.735352, 7.159424, 108.093254
-0.350785, 0.132635, 1039.000000, 0.012216, 2000.000000, 1000.000000, 13.482227, 11.138855, 13.442430, 13.936487, -0.709357, 0.689459, 0.462329, -1.753926, 0.663176, 0.061082, 37.627384, -16.102116, -78.414925, -0.618954, -0.439958, -0.253185, 0.001866, 14.711914, 7.958984, 119.873039
-0.378708, 0.127400, 1050.000000, 0.036649, 2000.000000, 1000.000000, 14.110586, 13.782223, 16.793863, 15.313326, 0.288044, 1.053595, 0.452225, -1.893542, 0.636998, 0.183246, 32.171719, -10.181648, -80.435532, -2.351063, -1.036502, -0.121093, 0.002288, 14.602539, 11.560059, 172.790512
-0.445026, 0.092496, 1056.000000, 0.034904, 2000.000000, 1000.000000, 14.693836, 14.471651, 16.146996, 14.687517, 0.309323, 0.417256, 0.420416, -2.225130, 0.462478, 0.174520, 29.353308, -3.649299, -81.067001, -2.716446, -0.200275, -0.108310, 0.002290, 14.493164, 14.480591, 214.904770
-0.486911, 0.066318, 1055.000000, 0.017452, 2000.000000, 1000.000000, 15.380035, 14.846195, 15.268616, 14.505154, 0.057405, -0.113115, 0.324326, -2.434554, 0.331588, 0.087260, 28.842068, 3.401587, -81.406342, -2.525765, 0.511317, -0.131746, 0.002182, 14.540039, 14.080811, 209.533676
-0.479930, 0.062827, 1055.000000, 0.031414, 2000.000000, 1000.000000, 15.261560, 14.856531, 15.272669, 14.609240, 0.064600, -0.059045, 0.267114, -2.399650, 0.314136, 0.157068, 29.269615, 10.367939, -81.665115, -2.502330, 0.407987, -0.022024, 0.002069, 14.555664, 13.119507, 195.617661
-0.436300, 0.066318, 1069.000000, 0.052356, 2000.000000, 1000.000000, 15.259962, 15.640578, 17.246708, 15.852752, 0.443643, 0.549730, 0.253335, -2.181500, 0.331588, 0.261780, 27.343534, 21.318579, -80.848969, -2.885823, -0.541157, 0.093024, 0.002443, 14.372070, 20.721436, 300.109863
-0.404886, 0.052356, 1077.000000, 0.055846, 2000.000000, 1000.000000, 15.757304, 16.578041, 18.510460, 17.154194, 0.544251, 0.832327, 0.133882, -2.024432, 0.261780, 0.279232, 23.391167, 28.619043, -78.776527, -2.890084, -1.062068, 0.191027, 0.001859, 14.215820, 25.039673, 364.929169
-0.378708, 0.015707, 1093.000000, 0.052356, 2000.000000, 1000.000000, 18.229719, 18.561468, 20.052485, 19.156328, 0.306976, 0.604406, 0.141101, -1.893542, 0.078534, 0.261780, 18.359079, 34.939518, -75.648338, -2.381956, -0.883105, 0.168657, 0.001758, 13.848633, 40.802002, 578.613281
-0.265270, -0.003490, 1117.000000, 0.061082, 2000.000000, 1000.000000, 20.196501, 21.189676, 21.853796, 20.760027, 0.521735, 0.306912, 0.025149, -1.326352, -0.017452, 0.305410, 11.730973, 42.580315, -70.415031, -2.155056, -0.504939, 0.291162, 0.002290, 13.598633, 48.681641, 677.307068
-0.232112, -0.034904, 1115.000000, 0.062827, 2000.000000, 1000.000000, 19.691616, 20.695858, 22.396286, 21.216240, 0.546072, 0.806263, 0.043950, -1.160558, -0.174520, 0.314136, 5.505042, 47.099323, -65.213554, -2.029355, -1.457279, 0.287966, 0.001769, 13.801758, 39.199829, 553.833008
-0.197208, -0.061082, 1114.000000, 0.069808, 2000.000000, 1000.000000, 19.963757, 19.428181, 22.640667, 21.967396, 0.034423, 1.304031, 0.302211, -0.986038, -0.305410, 0.349040, -5.082833, 48.119461, -56.719803, -1.040796, -2.379792, 0.147352, 0.001818, 13.786133, 39.639282, 561.828613
-0.200698, -0.048866, 1096.000000, 0.071553, 2000.000000, 1000.000000, 19.177357, 17.712696, 18.959652, 20.150295, -0.663826, 0.554974, 0.068505, -1.003490, -0.244328, 0.357766, -14.718547, 44.044258, -48.980549, 0.051093, -1.125984, 0.314597, 0.002234, 13.958008, 33.081055, 472.778290
-0.204188, -0.027923, 1074.000000, 0.061082, 2000.000000, 1000.000000, 16.626400, 17.179173, 17.533966, 16.660461, 0.356569, 0.097213, 0.080183, -1.020942, -0.139616, 0.305410, -18.152603, 44.335003, -45.743343, -1.587273, -0.294018, 0.253878, 0.002306, 14.610352, 7.598877, 120.178215
-0.209424, -0.015707, 1063.000000, 0.041885, 2000.000000, 1000.000000, 14.870422, 16.739388, 17.324955, 15.065235, 1.032171, 0.195095, 0.097688, -1.047120, -0.078534, 0.209424, -25.735725, 48.329422, -39.757183, -2.688750, -0.388825, 0.145221, 0.001874, 14.563477, 11.639404, 173.522934
-0.209424, -0.013962, 1047.000000, 0.041885, 2000.000000, 1000.000000, 13.565806, 13.249795, 14.559875, 14.624524, -0.095165, 0.592200, 0.062840, -1.047120, -0.069808, 0.209424, -38.829212, 50.355930, -29.051203, -0.894856, -1.017328, 0.168657, 0.002384, 14.723633, 5.880737, 88.623039
-0.211169, -0.010471, 1048.000000, 0.045375, 2000.000000, 1000.000000, 14.322697, 12.328611, 13.805685, 15.543007, -0.932851, 0.674346, 0.064191, -1.055846, -0.052356, 0.226876, -41.513840, 47.828918, -26.668814, 0.436716, -1.131310, 0.185701, 0.001772, 14.629883, 10.079956, 151.000977
-0.212914, -0.006981, 1048.000000, 0.038394, 2000.000000, 1000.000000, 14.522760, 12.677977, 13.679770, 15.119493, -0.821127, 0.399632, 0.101265, -1.064572, -0.034904, 0.191972, -40.734184, 43.425953, -26.570232, 0.249231, -0.674314, 0.124981, 0.002069, 14.606445, 10.760498, 160.888657
-0.193717, -0.005236, 1047.000000, 0.024433, 2000.000000, 1000.000000, 13.897574, 13.464028, 14.140210, 14.498187, -0.197880, 0.319199, 0.018893, -0.968586, -0.026178, 0.122164, -42.248814, 42.225101, -25.265057, -0.651977, -0.536896, 0.110068, 0.002152, 14.563477, 12.521362, 186.706528
-0.130890, -0.006981, 1050.000000, 0.001745, 2000.000000, 1000.000000, 14.129384, 15.127103, 15.689309, 15.054204, 0.408206, 0.371757, -0.090654, -0.654450, -0.034904, 0.008726, -46.552090, 41.916229, -22.097630, -1.303915, -0.626378, 0.070653, 0.001763, 14.575195, 12.200928, 182.128891
-0.095986, -0.036649, 1057.000000, -0.001745, 2000.000000, 1000.000000, 14.599779, 14.376328, 15.568064, 15.455830, -0.027804, 0.511947, 0.083921, -0.479930, -0.183246, -0.008726, -53.668617, 40.207779, -17.569082, -0.435730, -0.997088, -0.065700, 0.002025, 14.524414, 13.439941, 198.791489
-0.095986, -0.089005, 1059.000000, -0.001745, 2000.000000, 1000.000000, 15.460560, 13.681747, 14.824242, 16.033451, -0.747006, 0.428847, 0.142400, -0.479930, -0.445026, -0.008726, -54.125420, 37.274300, -17.499687, 0.706226, -1.125984, -0.105114, 0.002385, 14.551758, 12.600708, 187.805161
-0.075044, -0.097731, 1061.000000, -0.001745, 2000.000000, 1000.000000, 16.899925, 14.494451, 15.417735, 17.187889, -1.043907, 0.302812, 0.158830, -0.375218, -0.488656, -0.008726, -51.789448, 33.725708, -19.141977, 1.285727, -0.970456, -0.116832, 0.001751, 14.348633, 20.559692, 302.124023
-0.040140, -0.087260, 1062.000000, 0.000000, 2000.000000, 1000.000000, 16.472143, 14.835291, 15.989452, 16.703115, -0.587629, 0.346284, 0.230797, -0.200698, -0.436300, 0.000000, -49.647209, 30.235729, -20.672453, 0.732858, -0.986435, -0.156247, 0.002226, 14.473633, 15.399170, 228.332504
-0.003490, -0.052356, 1081.000000, 0.000000, 2000.000000, 1000.000000, 17.495310, 16.901735, 18.821535, 18.781420, -0.138364, 0.801478, 0.158423, -0.017452, -0.261780, 0.000000, -50.279305, 24.799889, -20.954054, 0.202360, -1.535043, -0.107245, 0.002234, 14.090820, 33.239746, 479.125946
-0.001745, -0.019197, 1113.000000, -0.001745, 2000.000000, 1000.000000, 21.019848, 19.460098, 21.548557, 21.971497, -0.495672, 0.760028, 0.284203, -0.008726, -0.095986, -0.008726, -50.583084, 20.717602, -21.227049, 0.779729, -1.304947, -0.202053, 0.001831, 13.750977, 40.200806, 566.833496
-0.001745, -0.001745, 1118.000000, -0.022688, 2000.000000, 1000.000000, 21.941002, 19.433254, 20.449966, 22.175777, -1.058390, 0.312871, 0.195485, -0.008726, -0.008726, -0.113438, -48.068577, 17.118168, -22.669918, 1.673480, -0.506004, -0.246794, 0.002084, 13.668945, 42.401123, 594.116211
0.000000, 0.003490, 1115.000000, -0.095986, 2000.000000, 1000.000000, 21.738356, 20.222231, 19.833303, 22.206110, -0.972232, 0.019706, -0.214171, 0.000000, 0.017452, -0.479930, -41.131664, 13.958184, -25.574366, 1.544584, -0.013855, -0.339471, 0.002223, 13.719727, 42.001343, 589.721680
0.010471, 0.003490, 1114.000000, -0.108202, 2000.000000, 1000.000000, 20.605951, 19.587172, 21.931025, 21.875853, -0.240902, 0.903438, 0.268488, 0.052356, 0.017452, -0.541012, -39.649014, 11.292052, -27.499794, 0.435651, -1.419995, -0.730421, 0.001751, 13.836914, 37.039185, 524.902344
0.019197, 0.006981, 1089.000000, -0.113438, 2000.000000, 1000.000000, 18.015371, 15.774039, 18.711527, 19.499063, -0.757217, 1.105296, 0.363448, 0.095986, 0.034904, -0.567190, -42.047997, 2.858366, -30.317097, 1.298510, -1.720398, -0.817772, 0.002345, 14.301758, 16.601562, 243.286118
0.038394, 0.034904, 1060.000000, -0.092496, 2000.000000, 1000.000000, 18.841812, 13.401164, 14.639991, 17.117031, -1.979422, -0.121488, 0.740901, 0.191972, 0.174520, -0.462478, -37.244019, -2.037082, -32.742107, 3.336348, 0.367508, -0.967973, 0.002256, 14.606445, 9.359741, 140.014648
0.066318, 0.052356, 1047.000000, -0.076789, 2000.000000, 1000.000000, 17.009727, 12.163721, 12.289387, 14.537165, -1.773446, -0.586724, 0.649557, 0.331588, 0.261780, -0.383944, -28.097605, -4.897165, -34.561756, 3.169102, 1.200539, -0.831620, 0.001761, 14.731445, 4.199219, 63.293453
0.099476, 0.064572, 1019.000000, -0.043630, 2000.000000, 1000.000000, 11.707380, 9.255205, 12.225414, 10.812000, -0.259690, 0.518707, 0.966397, 0.497382, 0.322862, -0.218150, -20.334623, -8.224133, -37.215099, 0.912886, -0.507069, -0.878491, 0.001921, 14.758789, 4.638672, 78.918457
0.118674, 0.082024, 1002.000000, -0.006981, 2000.000000, 1000.000000, 9.959381, 7.978008, 12.018070, 10.044540, -0.001961, 1.031305, 0.988726, 0.593368, 0.410122, -0.034904, -20.625690, -11.328483, -39.468906, 0.596505, -1.239966, -0.706985, 0.002138, 15.747070, 0.000000, 0.610352
0.148342, 0.089005, 1004.000000, -0.005236, 2000.000000, 1000.000000, 10.226555, 8.049366, 11.266619, 10.457460, -0.342008, 0.862040, 0.746587, 0.741710, 0.445026, -0.026178, -20.787775, -15.174309, -41.022873, 1.288922, -0.934237, -0.534413, 0.001984, 14.864258, 1.998901, 30.395506
0.167539, 0.111693, 1005.000000, -0.003490, 2000.000000, 1000.000000, 11.106756, 7.952810, 10.156910, 10.783524, -0.945139, 0.470217, 0.631833, 0.837696, 0.558464, -0.017452, -17.813074, -19.681967, -41.491207, 2.349919, -0.193883, -0.447062, 0.002098, 14.833008, 2.279663, 34.606934
0.108202, 0.094241, 1033.000000, -0.001745, 2000.000000, 1000.000000, 15.084123, 11.089856, 11.586415, 14.239606, -1.661864, -0.086989, 0.335269, 0.541012, 0.471204, -0.008726, -7.242734, -26.363989, -38.521912, 3.199995, 0.610386, -0.236141, 0.002331, 14.614258, 12.838745, 192.077621
0.113438, 0.101222, 1052.000000, 0.000000, 2000.000000, 1000.000000, 17.155989, 12.965719, 13.560045, 16.318247, -1.737118, -0.060854, 0.358017, 0.567190, 0.506108, 0.000000, 1.909159, -30.178566, -34.846027, 3.331022, 0.602929, -0.243598, 0.001759, 14.321289, 19.918823, 292.175293
0.158813, 0.108202, 1059.000000, 0.000000, 2000.000000, 1000.000000, 16.792007, 12.460896, 13.757878, 16.989216, -1.890612, 0.373547, 0.274943, 0.794066, 0.541012, 0.000000, 12.061109, -34.766655, -30.085815, 3.801865, -0.053269, -0.187139, 0.001785, 14.485352, 14.559937, 216.003403
0.122164, 0.111693, 1058.000000, -0.003490, 2000.000000, 1000.000000, 17.477596, 12.210857, 12.809168, 17.502380, -2.489988, 0.155774, 0.143381, 0.610820, 0.558464, -0.017452, 31.952225, -42.066002, -18.153929, 4.565655, 0.311049, -0.114702, 0.002303, 14.461914, 14.999390, 222.412094
0.047120, 0.113438, 1058.000000, -0.005236, 2000.000000, 1000.000000, 18.108603, 12.985116, 11.645465, 17.260817, -2.684710, -0.546860, -0.122966, 0.235602, 0.567190, -0.026178, 49.207146, -42.546230, -6.466737, 4.500674, 1.435961, 0.056805, 0.002232, 14.473633, 15.161133, 224.609360
-0.003490, 0.115183, 1058.000000, -0.005236, 2000.000000, 1000.000000, 17.869705, 14.213113, 11.746448, 16.170732, -2.020220, -1.041409, -0.191923, -0.017452, 0.575916, -0.026178, 63.313568, -37.270535, 2.961238, 3.192538, 2.230643, 0.103676, 0.002177, 14.504883, 14.480591, 215.026840
-0.115183, 0.132635, 1058.000000, -0.020942, 2000.000000, 1000.000000, 16.151922, 13.923768, 14.129691, 15.794620, -0.973270, -0.037845, 0.140806, -0.575916, 0.663176, -0.104712, 72.875328, -30.221693, 8.005679, 0.970410, 0.723304, -0.200987, 0.002204, 14.583008, 11.520386, 171.997055
-0.218150, 0.108202, 1058.000000, -0.022688, 2000.000000, 1000.000000, 14.240958, 14.051745, 16.002048, 15.705247, 0.026897, 0.853648, 0.121504, -1.090750, 0.541012, -0.113438, 72.842285, -30.241514, 7.378071, -1.133474, -0.814928, -0.196726, 0.002281, 14.528320, 13.519287, 201.232895
-0.272251, 0.108202, 1058.000000, -0.024433, 2000.000000, 1000.000000, 12.392113, 14.239701, 18.133781, 15.234407, 1.186740, 1.684094, 0.262946, -1.361256, 0.541012, -0.122164, 65.499092, -35.588360, 2.644061, -3.249075, -2.137979, -0.302187, 0.001815, 14.500977, 14.678955, 218.017563
-0.349040, 0.113438, 1083.000000, -0.003490, 2000.000000, 1000.000000, 18.361626, 18.226795, 18.801983, 16.609596, 0.514389, -0.294211, 0.581804, -1.745200, 0.567190, -0.017452, 48.338650, -38.717163, -9.562674, -2.561984, 1.034359, -0.410843, 0.002387, 14.243164, 24.081421, 351.318329
-0.392670, 0.099476, 1115.000000, -0.003490, 2000.000000, 1000.000000, 24.295368, 21.843388, 18.954933, 18.906311, -0.600840, -2.069378, 0.625150, -1.963350, 0.497382, -0.017452, 44.574768, -30.719381, -12.954966, -1.008839, 3.784854, -0.440670, 0.002237, 13.305664, 65.002441, 886.596619
-0.392670, 0.099476, 1131.000000, -0.024433, 2000.000000, 1000.000000, 24.748280, 23.352825, 21.772713, 22.126183, -0.437231, -1.050553, 0.260497, -1.963350, 0.497382, -0.122164, 44.154457, -21.266336, -14.151467, -1.267696, 2.168858, -0.301122, 0.001759, 13.051758, 71.002197, 949.401794
-0.335078, 0.106457, 1092.000000, -0.005236, 2000.000000, 1000.000000, 17.231718, 18.154097, 20.070311, 20.543875, 0.112204, 1.307093, -0.348985, -1.675392, 0.532286, -0.026178, 35.301319, -21.828255, -18.777851, -1.853588, -1.543565, 0.209137, 0.002333, 13.907227, 30.480957, 434.387177
-0.307155, 0.120419, 1091.000000, -0.001745, 2000.000000, 1000.000000, 17.619776, 20.673582, 16.706064, 21.000578, -0.310177, -0.146678, -1.837081, -1.535776, 0.602094, -0.008726, 31.271084, -21.656147, -17.966984, -1.042927, 0.835156, 1.234980, 0.002177, 14.040039, 29.321289, 419.189423
-0.246073, 0.137871, 1137.000000, 0.000000, 2000.000000, 1000.000000, 22.077499, 25.980949, 20.107506, 23.834045, 0.044228, -1.029225, -1.907498, -1.230366, 0.689354, 0.000000, 29.746929, -15.997593, -14.951583, -1.300719, 2.326516, 1.296765, 0.001832, 12.930664, 78.961182, 1045.104980
-0.195462, 0.153578, 1000.000000, 0.001745, 2000.000000, 1000.000000, 7.570580, 11.393654, 9.516602, 11.519165, 0.455128, 0.517884, -1.456410, -0.977312, 0.767888, 0.008726, 24.941927, -10.327260, -10.750444, -1.705517, -0.060726, 0.997427, 0.002252, 28.231445, 0.000000, 0.000000
-0.141361, 0.153578, 1000.000000, 0.089005, 2000.000000, 1000.000000, 9.055865, 9.101434, 11.792756, 10.049945, 0.447095, 0.921350, 0.424310, -0.706806, 0.767888, 0.445026, 20.271107, -11.127764, -10.183790, -1.422158, -0.706272, 0.161200, 0.002244, 22.649414, 0.079346, 1.770019
-0.111693, 0.155323, 1000.000000, 0.095986, 2000.000000, 1000.000000, 10.207196, 9.694209, 10.186994, 9.911601, -0.059398, 0.049298, 0.197095, -0.558464, 0.776614, 0.479930, 17.725315, -10.763613, -10.225837, -0.463427, 0.697737, 0.350816, 0.001756, 18.797852, 0.000000, 0.793457
-0.003490, 0.109948, 1000.000000, 0.123909, 2000.000000, 1000.000000, 11.348831, 10.475334, 8.975597, 9.200237, -0.274534, -0.912082, 0.162214, -0.017452, 0.549738, 0.619546, 19.391287, -4.287560, -7.780396, 0.421803, 2.009070, 0.515931, 0.002283, 14.833008, 1.638794, 29.113768
-0.001745, 0.064572, 1000.000000, 0.146597, 2000.000000, 1000.000000, 11.193161, 10.232834, 9.597851, 8.976154, -0.084658, -0.712997, 0.395506, -0.008726, 0.322862, 0.732984, 20.736462, 0.258810, -6.485323, 0.126726, 1.463658, 0.471190, 0.002209, 14.786133, 3.158569, 47.790524
-0.001745, 0.061082, 1000.000000, 0.151832, 2000.000000, 1000.000000, 10.285514, 9.923934, 10.287580, 9.502973, 0.105757, -0.104724, 0.286546, -0.008726, 0.305410, 0.759162, 20.869905, 2.798517, -5.061180, -0.177937, 0.472968, 0.572390, 0.001791, 14.758789, 4.479980, 67.687988
-0.001745, 0.059337, 1000.000000, 0.148342, 2000.000000, 1000.000000, 9.514009, 9.685031, 10.835408, 9.965552, 0.260220, 0.400480, 0.174708, -0.008726, 0.296684, 0.741710, 20.043354, 2.850665, -3.364969, -0.425077, -0.344085, 0.629914, 0.002188, 14.801758, 3.240967, 49.072262
-0.001745, 0.059337, 1000.000000, 0.097731, 2000.000000, 1000.000000, 9.126820, 10.081541, 10.880980, 9.910660, 0.481260, 0.395820, 0.003899, -0.008726, 0.296684, 0.488656, 17.538191, 1.141586, -0.979289, -0.778743, -0.336628, 0.490365, 0.002228, 14.774414, 4.360962, 65.979004
-0.001745, 0.062827, 1000.000000, 0.111693, 2000.000000, 1000.000000, 9.384482, 10.221509, 11.143147, 9.250861, 0.682328, 0.197005, 0.263815, -0.008726, 0.314136, 0.558464, 14.995303, 0.766288, 0.202936, -1.100451, -0.001072, 0.384904, 0.001815, 14.758789, 4.760742, 71.899414
-0.029668, 0.059337, 1052.000000, 0.085515, 2000.000000, 1000.000000, 14.222651, 15.613265, 15.926621, 14.237462, 0.769943, 0.082041, 0.074637, -0.148342, 0.296684, 0.427574, 11.598001, 0.973895, 1.277678, -1.373157, 0.166174, 0.381709, 0.001810, 14.774414, 4.479980, 67.810059
-0.036649, 0.045375, 1059.000000, 0.001745, 2000.000000, 1000.000000, 13.250490, 15.995601, 16.564037, 14.189873, 1.279819, 0.376955, -0.092736, -0.183246, 0.226876, 0.008726, 4.724349, 0.983578, 2.642870, -2.215775, -0.371781, 0.071718, 0.002334, 13.782227, 38.601685, 544.738770
-0.003490, -0.001745, 1000.000000, 0.038394, 2000.000000, 1000.000000, 9.657408, 9.109804, 12.213318, 9.019470, 0.661561, 0.616394, 0.935362, -0.017452, -0.008726, 0.191972, -0.345338, -1.713685, 2.316497, -1.075950, -0.994957, -0.439605, 0.002173, 21.278320, 0.000000, 0.000000
-0.001745, -0.001745, 1000.000000, 0.073298, 2000.000000, 1000.000000, 19.460972, 1.913459, 12.982419, 5.643151, -2.552061, -0.687215, 6.221695, -0.008726, -0.008726, 0.366492, 2.866022, -0.829147, -1.594520, 4.074571, 1.090817, -3.861213, 0.002112, 14.665039, 10.119629, 151.672363
-0.001745, -0.006981, 1000.000000, 0.000000, 2000.000000, 1000.000000, 10.027630, 10.015993, 9.974480, 9.981897, -0.004763, -0.021811, 0.001055, -0.008726, -0.034904, 0.000000, -4.296403, 1.522547, -31.373209, -0.001105, -0.000006, -0.000719, 0.001811, 14.946289, 0.479126, 7.324218
-0.001745, -0.003490, 1000.000000, 0.000000, 2000.000000, 1000.000000, 10.021543, 10.017575, 9.983550, 9.977332, 0.000563, -0.019559, 0.002546, -0.008726, -0.017452, 0.000000, -4.316349, 1.408989, -31.314787, -0.009627, 0.013842, -0.001784, 0.002290, 14.844727, 3.961182, 60.180660
-0.001745, -0.003490, 1000.000000, 0.000000, 2000.000000, 1000.000000, 9.871723, 10.067526, 9.892321, 10.168430, -0.020076, 0.030375, -0.117978, -0.008726, -0.017452, 0.000000, -4.317725, 1.470220, -31.226076, 0.023396, -0.066052, 0.080241, 0.001967, 14.555664, 13.519287, 201.721176
-0.001745, -0.003490, 1000.000000, 0.000000, 2000.000000, 1000.000000, 10.015897, 9.731606, 10.004537, 10.247960, -0.131928, 0.126248, 0.010217, -0.008726, -0.017452, 0.000000, -4.217698, 0.782696, -31.214266, 0.202360, -0.219449, -0.007111, 0.001804, 14.715820, 8.599854, 129.577637
-0.001745, -0.003490, 1000.000000, -0.001745, 2000.000000, 1000.000000, 10.015853, 9.987311, 9.988515, 10.008321, -0.012087, -0.001583, 0.002184, -0.008726, -0.017452, -0.008726, -4.095722, 0.135548, -31.136709, 0.010613, -0.014920, -0.010306, 0.002420, 14.793945, 6.079102, 92.102043
-0.001745, -0.001745, 1000.000000, -0.001745, 2000.000000, 1000.000000, 9.994675, 9.980272, 9.978243, 10.046810, -0.020742, 0.012526, -0.013542, -0.008726, -0.008726, -0.008726, -4.084456, 0.070842, -31.158447, 0.024461, -0.028768, 0.000346, 0.002319, 14.805664, 5.319214, 80.627434
-0.001745, -0.001745, 1000.000000, -0.001745, 2000.000000, 1000.000000, 10.000488, 10.035711, 9.960089, 10.003712, -0.002100, -0.018100, -0.019712, -0.008726, -0.008726, -0.008726, -4.043744, -0.046053, -31.138933, -0.005366, 0.020234, 0.004607, 0.001869, 14.790039, 5.880737, 89.111320
-0.001745, -0.001745, 1000.000000, -0.001745, 2000.000000, 1000.000000, 9.999520, 9.980754, 9.983088, 10.036637, -0.018079, 0.009863, -0.008695, -0.008726, -0.008726, -0.008726, -4.039566, -0.098717, -31.140869, 0.020200, -0.024507, -0.002850, 0.002367, 14.809570, 5.200195, 78.918457
-0.001745, -0.001745, 1001.000000, -0.001745, 2000.000000, 1000.000000, 10.003461, 10.008771, 9.979039, 10.008729, -0.006095, -0.006116, -0.008750, -0.008726, -0.008726, -0.008726, -4.014145, -0.196241, -31.128336, 0.001026, 0.001059, -0.002850, 0.002383, 14.895508, 2.038574, 34.790039
-0.001745, -0.001745, 1002.000000, -0.001745, 2000.000000, 1000.000000, 9.992749, 9.999509, 9.980311, 10.027431, -0.010090, 0.003871, -0.013470, -0.008726, -0.008726, -0.008726, -4.062201, -0.226702, -31.098484, 0.007417, -0.014920, 0.000346, 0.001813, 14.817383, 5.081177, 78.308105
-0.001745, -0.001745, 1000.000000, -0.001745, 2000.000000, 1000.000000, 10.002497, 10.009735, 9.967422, 10.020346, -0.011421, -0.006116, -0.015041, -0.008726, -0.008726, -0.008726, -4.083790, -0.350459, -31.017942, 0.009548, 0.001059, 0.001411, 0.002288, 14.809570, 5.319214, 80.688469
-0.001745, -0.001745, 1000.000000, 0.000000, 2000.000000, 1000.000000, 10.006346, 10.004553, 9.992579, 9.996523, -0.001434, -0.005450, -0.000538, -0.008726, -0.008726, 0.000000, -4.057867, -0.491995, -30.957079, -0.006431, -0.000006, 0.000346, 0.002317, 14.817383, 5.160522, 78.308105
-0.001745, 0.000000, 1000.000000, 0.000000, 2000.000000, 1000.000000, 10.011619, 9.987042, 9.996774, 10.004565, -0.008092, 0.000670, 0.004197, -0.008726, 0.000000, 0.000000, -4.066746, -0.514407, -30.926773, 0.004222, -0.001072, -0.002850, 0.002200, 14.797852, 6.478882, 98.083488
-0.003490, 0.000000, 1000.000000, 0.001745, 2000.000000, 1000.000000, 10.008363, 9.983640, 10.003915, 10.004083, -0.006222, 0.003999, 0.006139, -0.017452, 0.000000, 0.008726, -4.096317, -0.617278, -30.858198, -0.007496, -0.006398, 0.004607, 0.002067, 14.801758, 6.118774, 92.712395
-0.001745, 0.000000, 1000.000000, 0.000000, 2000.000000, 1000.000000, 10.004728, 9.989937, 10.000536, 10.004799, -0.004763, 0.002667, 0.002632, -0.008726, 0.000000, 0.000000, -4.108926, -0.649576, -30.838486, -0.001105, -0.004267, -0.001784, 0.002411, 14.833008, 4.681396, 71.105957
-0.001745, 0.000000, 1000.000000, 0.000000, 2000.000000, 1000.000000, 10.013434, 9.989221, 10.010573, 9.986772, -0.000103, -0.001328, 0.012004, -0.008726, 0.000000, 0.000000, -4.189708, -0.688720, -30.777847, -0.008561, 0.002124, -0.008176, 0.002137, 14.821289, 5.999756, 91.003410
-0.001745, 0.000000, 1000.000000, 0.000000, 2000.000000, 1000.000000, 9.996831, 10.003161, 9.992639, 10.007369, -0.002100, 0.000004, -0.005265, -0.008726, 0.000000, 0.000000, -4.177979, -0.700106, -30.767803, -0.005366, -0.000006, 0.003542, 0.001765, 14.836914, 5.120850, 77.819824
-0.001745, 0.000000, 1000.000000, 0.000000, 2000.000000, 1000.000000, 10.001479, 9.997182, 9.987966, 10.013373, -0.007426, 0.000670, -0.005278, -0.008726, 0.000000, 0.000000, -4.246089, -0.737630, -30.720106, 0.003156, -0.001072, 0.003542, 0.002425, 14.817383, 5.758667, 87.280266
-0.001745, 0.000000, 1000.000000, 0.005236, 2000.000000, 1000.000000, 10.041171, 9.964147, 10.026326, 9.968356, -0.004763, -0.002659, 0.033749, -0.008726, 0.000000, 0.026178, -4.179160, -0.815251, -30.699587, -0.001105, 0.004255, 0.003542, 0.002483, 14.813477, 6.201172, 93.994133
-0.001745, 0.000000, 1000.000000, 0.008726, 2000.000000, 1000.000000, 10.063716, 9.950923, 10.055530, 9.929832, 0.003226, -0.007320, 0.059623, -0.008726, 0.000000, 0.043630, -4.200475, -0.834953, -30.673813, -0.013888, 0.011711, 0.003542, 0.001828, 14.801758, 6.201172, 93.994133
-0.001745, -0.001745, 1000.000000, 0.003490, 2000.000000, 1000.000000, 10.045478, 9.962758, 10.011737, 9.980027, -0.012753, -0.004118, 0.028607, -0.008726, -0.008726, 0.017452, -4.225491, -0.841332, -30.664583, 0.011678, -0.002137, -0.001784, 0.002161, 14.813477, 5.920410, 89.782707
-0.001745, -0.001745, 1009.000000, 0.000000, 2000.000000, 1000.000000, 9.995179, 9.999742, 9.988069, 10.017011, -0.006095, 0.002540, -0.008376, -0.008726, -0.008726, 0.000000, -4.192130, -0.982865, -30.595667, 0.001026, -0.012789, 0.005673, 0.002318, 14.825195, 5.639648, 85.571281
-0.001745, -0.001745, 1012.000000, 0.000000, 2000.000000, 1000.000000, 11.014720, 10.990853, 10.996957, 10.997470, -0.006095, -0.002787, 0.005838, -0.008726, -0.008726, 0.000000, -4.197557, -1.002102, -30.581900, 0.001026, -0.004267, -0.003915, 0.002217, 14.735352, 8.718872, 131.591797
-0.001745, -0.001745, 1022.000000, 0.000000, 2000.000000, 1000.000000, 11.983348, 11.971625, 11.984227, 12.060800, -0.022074, 0.022513, -0.016213, -0.008726, -0.008726, 0.000000, -4.272135, -1.197981, -30.534464, 0.026592, -0.044747, 0.010999, 0.002423, 14.750977, 7.559204, 114.196770
-0.001745, -0.001745, 1030.000000, 0.000000, 2000.000000, 1000.000000, 13.002613, 12.869802, 12.999498, 13.128086, -0.065350, 0.063792, 0.001056, -0.008726, -0.008726, 0.000000, -4.288740, -1.476683, -30.535267, 0.095834, -0.110793, -0.000719, 0.001898, 14.754883, 7.839966, 118.408195
-0.001745, -0.001745, 1031.000000, 0.000000, 2000.000000, 1000.000000, 12.956045, 12.832481, 13.064781, 13.146692, -0.051368, 0.105737, 0.010413, -0.008726, -0.008726, 0.000000, -4.250889, -1.895066, -30.544764, 0.073463, -0.177904, -0.007111, 0.002067, 14.684570, 10.598755, 159.301758
-0.001745, -0.001745, 1041.000000, 0.000000, 2000.000000, 1000.000000, 13.987809, 13.674218, 13.986026, 14.351947, -0.169878, 0.168986, -0.013082, -0.008726, -0.008726, 0.000000, -4.258618, -3.173333, -30.529659, 0.263079, -0.279104, 0.008868, 0.002271, 14.747070, 7.519531, 113.525383
-0.001745, -0.001745, 1048.000000, 0.000000, 2000.000000, 1000.000000, 13.967956, 13.706056, 13.962176, 14.363812, -0.165884, 0.162994, -0.034934, -0.008726, -0.008726, 0.000000, -3.947483, -4.237407, -30.468765, 0.256688, -0.269517, 0.023782, 0.001759, 14.661133, 11.120605, 166.992172
-0.001745, -0.001745, 1063.000000, 0.000000, 2000.000000, 1000.000000, 15.685083, 15.664367, 16.010027, 16.640520, -0.162803, 0.325274, -0.152444, -0.008726, -0.008726, 0.000000, -3.913486, -5.490287, -30.322744, 0.250296, -0.526244, 0.103676, 0.001764, 14.411133, 22.879028, 337.219208
-0.001745, -0.001745, 1065.000000, 0.000000, 2000.000000, 1000.000000, 15.169758, 14.831161, 15.768699, 18.230387, -0.700071, 0.999542, -0.530773, -0.008726, -0.008726, 0.000000, -3.736628, -10.269462, -29.300592, 1.103567, -1.596828, 0.359338, 0.002197, 14.583008, 13.681030, 204.223618
-0.001745, -0.001745, 1066.000000, -0.001745, 2000.000000, 1000.000000, 14.514170, 14.170628, 15.903199, 19.412006, -0.963087, 1.657601, -0.791316, -0.008726, -0.008726, -0.008726, -3.424667, -17.071056, -28.010771, 1.521149, -2.641845, 0.526583, 0.002260, 14.641602, 11.441040, 171.630844
-0.001745, -0.001745, 1067.000000, 0.000000, 2000.000000, 1000.000000, 13.815729, 13.790363, 15.705955, 20.687950, -1.251841, 2.196954, -1.239157, -0.008726, -0.008726, 0.000000, -3.010270, -26.963882, -26.004799, 1.980275, -3.499378, 0.838704, 0.002191, 14.649414, 11.599731, 174.011215
-0.001745, -0.001745, 1067.000000, 0.000000, 2000.000000, 1000.000000, 12.713451, 14.281676, 15.091468, 21.913406, -1.313428, 2.502437, -2.097541, -0.008726, -0.008726, 0.000000, -0.892130, -44.820183, -19.991968, 2.077213, -3.983005, 1.418204, 0.002329, 14.657227, 11.599731, 174.133286
-0.001745, -0.001745, 1067.000000, 0.000000, 2000.000000, 1000.000000, 12.712286, 14.678589, 14.110315, 22.498808, -1.605548, 2.304562, -2.588699, -0.008726, -0.008726, 0.000000, 3.566935, -56.272976, -12.056659, 2.544861, -3.674080, 1.759087, 0.001871, 14.688477, 9.759521, 146.728516
-0.001745, -0.001745, 1002.000000, 0.000000, 2000.000000, 1000.000000, 6.030990, 9.489847, 5.777540, 18.701622, -2.366307, 2.239581, -4.095735, -0.008726, -0.008726, 0.000000, 21.288681, -66.709221, 9.918895, 3.777364, -3.592055, 2.782799, 0.002119, 14.872070, 2.841187, 43.273922
-0.001745, -0.001745, 1000.000000, 0.000000, 2000.000000, 1000.000000, 4.136115, 8.937295, 6.713585, 20.213005, -2.174560, 3.463295, -4.575150, -0.008726, -0.008726, 0.000000, 82.576866, -66.485825, 79.753654, 3.470570, -5.549999, 3.103442, 0.002338, 14.915039, 2.481079, 37.902832
-0.001745, -0.001745, 1000.000000, 0.019197, 2000.000000, 1000.000000, 0.099108, 6.699933, 12.033536, 21.167423, -0.633265, 6.600480, -3.933678, -0.008726, -0.008726, 0.095986, 128.002151, -55.592598, 127.493729, 1.004499, -10.569493, 2.780669, 0.001764, 14.915039, 4.238892, 64.575195
-0.001745, -0.001745, 1000.000000, 0.073298, 2000.000000, 1000.000000, 0.078872, 6.111639, 11.362164, 22.447325, -1.263099, 6.904744, -4.279482, -0.008726, -0.008726, 0.366492, 142.514435, -42.592213, 143.076736, 2.012233, -11.056316, 3.278144, 0.002099, 14.848633, 5.200195, 78.979492
-0.001745, -0.001745, 1000.000000, -0.001745, 2000.000000, 1000.000000, 9.996079, 10.014819, 9.976985, 10.012116, -0.004098, -0.005450, -0.013468, -0.008726, -0.008726, -0.008726, -0.402955, -1.047110, -5.570877, -0.002170, -0.000006, 0.000346, 0.001782, 15.184570, 0.399780, 6.225585
-0.001745, -0.001745, 1000.000000, -0.001745, 2000.000000, 1000.000000, 9.991816, 10.011095, 9.978046, 10.019043, -0.005429, -0.001455, -0.015069, -0.008726, -0.008726, -0.008726, -0.389930, -1.061200, -5.577158, -0.000039, -0.006398, 0.001411, 0.002293, 15.090820, 3.359985, 51.879879
-0.001745, -0.001745, 1000.000000, -0.001745, 2000.000000, 1000.000000, 10.010628, 9.980299, 10.006180, 10.002893, -0.006761, 0.004537, 0.008404, -0.008726, -0.008726, -0.008726, -0.382593, -1.075715, -5.575053, 0.002091, -0.015985, -0.014567, 0.001797, 14.977539, 7.321167, 112.182610
-0.001745, -0.001745, 1000.000000, -0.001745, 2000.000000, 1000.000000, 10.009048, 9.980545, 10.011259, 9.999147, -0.004098, 0.005203, 0.010154, -0.008726, -0.008726, -0.008726, -0.298327, -1.241106, -5.569882, -0.002170, -0.017050, -0.015633, 0.002347, 15.043945, 4.598999, 70.922852
-0.001745, -0.001745, 1000.000000, -0.001745, 2000.000000, 1000.000000, 10.001364, 10.004210, 9.990259, 10.004168, -0.002766, -0.002787, -0.004188, -0.008726, -0.008726, -0.008726, -0.237861, -1.279659, -5.576789, -0.004300, -0.004267, -0.006045, 0.002322, 15.090820, 3.518677, 54.321285
-0.001745, -0.001745, 1000.000000, -0.001745, 2000.000000, 1000.000000, 9.973529, 10.018729, 9.965087, 10.042655, -0.008092, 0.003871, -0.030692, -0.008726, -0.008726, -0.008726, -0.245831, -1.328128, -5.548141, 0.004222, -0.014920, 0.012064, 0.001870, 15.090820, 3.601074, 55.603024
-0.001745, -0.001745, 1000.000000, -0.001745, 2000.000000, 1000.000000, 9.974581, 10.024334, 9.970135, 10.030951, -0.002766, 0.000542, -0.027642, -0.008726, -0.008726, -0.008726, -0.184548, -1.367878, -5.524819, -0.004300, -0.009594, 0.009934, 0.002104, 15.086914, 3.561401, 54.992672
-0.001745, -0.001745, 1000.000000, -0.001745, 2000.000000, 1000.000000, 9.965894, 10.027696, 9.969436, 10.036975, -0.001434, 0.003205, -0.032335, -0.008726, -0.008726, -0.008726, -0.155998, -1.372798, -5.528233, -0.006431, -0.013855, 0.013129, 0.002343, 15.075195, 3.921509, 60.485836
-0.001745, -0.001745, 1000.000000, -0.001745, 2000.000000, 1000.000000, 10.019698, 9.987206, 10.000604, 9.992492, -0.006095, -0.003452, 0.010151, -0.008726, -0.008726, -0.008726, -0.092196, -1.414509, -5.500921, 0.001026, -0.003202, -0.015633, 0.001856, 15.075195, 4.080200, 56.823727
-0.001745, -0.001745, 1000.000000, -0.001745, 2000.000000, 1000.000000, 10.015780, 9.984466, 9.998019, 10.001735, -0.008758, -0.000123, 0.006900, -0.008726, -0.008726, -0.008726, -0.076434, -1.456382, -5.495008, 0.005287, -0.008528, -0.013502, 0.002194, 15.071289, 4.400635, 67.871094
-0.001745, -0.001745, 1000.000000, -0.001745, 2000.000000, 1000.000000, 10.013232, 9.979026, 10.010116, 9.997626, -0.005429, 0.003871, 0.011674, -0.008726, -0.008726, -0.008726, 0.051736, -1.526663, -5.481196, -0.000039, -0.014920, -0.016698, 0.002380, 15.063477, 4.479980, 69.091797
-0.001745, -0.001745, 1000.000000, -0.001745, 2000.000000, 1000.000000, 9.985631, 10.022605, 9.965205, 10.026559, -0.006095, -0.004118, -0.024582, -0.008726, -0.008726, -0.008726, 0.142059, -1.567087, -5.462219, 0.001026, -0.002137, 0.007803, 0.002239, 15.071289, 4.238892, 65.429688
-0.001745, -0.001745, 1000.000000, -0.001745, 2000.000000, 1000.000000, 9.974328, 10.027251, 9.955234, 10.043187, -0.008758, -0.000789, -0.035219, -0.008726, -0.008726, -0.008726, 0.208590, -1.582853, -5.456625, 0.005287, -0.007463, 0.015260, 0.001761, 15.079102, 4.159546, 64.208984
-0.001745, -0.001745, 1000.000000, -0.001745, 2000.000000, 1000.000000, 9.981406, 10.030826, 9.947663, 10.040105, -0.010755, -0.006116, -0.035466, -0.008726, -0.008726, -0.008726, 0.268189, -1.616669, -5.448951, 0.008483, 0.001059, 0.015260, 0.002419, 15.071289, 4.119873, 63.598629
-0.001745, -0.001745, 1000.000000, -0.001745, 2000.000000, 1000.000000, 9.987480, 10.030077, 9.976376, 10.006067, 0.003226, -0.008779, -0.018072, -0.008726, -0.008726, -0.008726, 0.335561, -1.634589, -5.424213, -0.013888, 0.005320, 0.003542, 0.002211, 15.071289, 3.878784, 56.213375
-0.001745, -0.001745, 1000.000000, -0.001745, 2000.000000, 1000.000000, 10.020725, 9.980854, 10.014946, 9.983475, -0.002100, -0.000789, 0.017835, -0.008726, -0.008726, -0.008726, 0.383618, -1.658553, -5.422006, -0.005366, -0.007463, -0.020959, 0.001751, 15.075195, 4.080200, 62.377926
-0.001745, -0.001745, 1000.000000, -0.001745, 2000.000000, 1000.000000, 9.998895, 10.012004, 9.977138, 10.011964, -0.005429, -0.005450, -0.011984, -0.008726, -0.008726, -0.008726, 0.396020, -1.711836, -5.393013, -0.000039, -0.000006, -0.000719, 0.002251, 15.067383, 4.440308, 68.481445
-0.001745, -0.001745, 1000.000000, -0.001745, 2000.000000, 1000.000000, 10.017707, 10.001182, 9.986629, 9.994483, -0.006095, -0.009444, 0.002168, -0.008726, -0.008726, -0.008726, 0.496084, -1.720566, -5.406856, 0.001026, 0.006385, -0.010306, 0.002229, 15.075195, 4.040527, 62.377926
-0.001745, -0.001745, 1000.000000, -0.001745, 2000.000000, 1000.000000, 9.975370, 10.035528, 9.960272, 10.028830, -0.002100, -0.005450, -0.032178, -0.008726, -0.008726, -0.008726, 0.471865, -1.713197, -5.415786, -0.005366, -0.000006, 0.013129, 0.001789, 15.063477, 4.278564, 65.979004
-0.001745, 0.000000, 1000.000000, -0.001745, 2000.000000, 1000.000000, 9.983809, 10.024174, 9.967630, 10.024387, -0.004098, -0.003991, -0.024281, -0.008726, 0.000000, -0.008726, 0.460731, -1.683143, -5.430563, -0.002170, 0.006385, 0.007803, 0.001860, 15.071289, 3.961182, 61.096188
-0.001745, -0.001745, 1000.000000, -0.001745, 2000.000000, 1000.000000, 9.984000, 10.026898, 9.960912, 10.028190, -0.006095, -0.005450, -0.027544, -0.008726, -0.008726, -0.008726, 0.494449, -1.695831, -5.420447, 0.001026, -0.000006, 0.009934, 0.002286, 15.067383, 4.440308, 68.481445
-0.001745, -0.001745, 1000.000000, -0.001745, 2000.000000, 1000.000000, 9.997507, 10.012060, 9.994392, 9.996040, 0.003226, -0.004784, -0.004050, -0.008726, -0.008726, -0.008726, 0.505873, -1.711442, -5.429550, -0.013888, -0.001072, -0.006045, 0.002347, 15.067383, 4.119873, 63.598629
-0.001745, -0.001745, 1000.000000, -0.001745, 2000.000000, 1000.000000, 9.999885, 10.000361, 9.979459, 10.020295, -0.010090, -0.000123, -0.010329, -0.008726, -0.008726, -0.008726, 0.531498, -1.728334, -5.425786, 0.007417, -0.008528, -0.001784, 0.001845, 15.043945, 5.239868, 80.688469
-0.001745, -0.001745, 1000.000000, -0.001745, 2000.000000, 1000.000000, 10.004461, 10.017092, 9.965393, 10.013054, -0.008758, -0.010776, -0.015072, -0.008726, -0.008726, -0.008726, 0.568761, -1.727602, -5.438735, 0.005287, 0.008516, 0.001411, 0.002351, 15.067383, 5.401611, 83.190910
-0.001745, 0.000000, 1000.000000, 0.000000, 2000.000000, 1000.000000, 9.988938, 10.008391, 9.984746, 10.017924, -0.003432, 0.001336, -0.013158, -0.008726, 0.000000, 0.000000, 0.563047, -1.739160, -5.425211, -0.003235, -0.002137, 0.008868, 0.002357, 15.090820, 3.158569, 48.828121
-0.001745, 0.000000, 1000.000000, 0.000000, 2000.000000, 1000.000000, 9.981870, 10.020785, 9.957704, 10.039641, -0.010755, -0.001328, -0.030214, -0.008726, 0.000000, 0.000000, 0.593786, -1.730066, -5.423561, 0.008483, 0.002124, 0.020586, 0.001808, 15.075195, 3.640747, 56.213375
-0.001745, 0.000000, 1004.000000, 0.000000, 2000.000000, 1000.000000, 9.975680, 10.021649, 9.963498, 10.039172, -0.007426, 0.001336, -0.030411, -0.008726, 0.000000, 0.000000, 0.703591, -1.726184, -5.431526, 0.003156, -0.002137, 0.020586, 0.002365, 15.063477, 4.400635, 67.871094
-0.001745, 0.000000, 1006.000000, 0.000000, 2000.000000, 1000.000000, 9.985182, 9.997499, 10.007622, 10.009697, 0.002560, 0.008659, -0.003598, -0.008726, 0.000000, 0.000000, 0.678865, -1.734065, -5.444036, -0.012823, -0.013855, 0.002477, 0.002362, 15.071289, 4.000854, 61.706539
-0.001745, 0.000000, 1005.000000, 0.000000, 2000.000000, 1000.000000, 10.031232, 9.972754, 10.017718, 9.978295, -0.004763, -0.001993, 0.024475, -0.008726, 0.000000, 0.000000, 0.724160, -1.758942, -5.436166, -0.001105, 0.003189, -0.016698, 0.001751, 15.071289, 4.040527, 62.377926
-0.003490, 0.000000, 1006.000000, -0.001745, 2000.000000, 1000.000000, 10.022583, 9.981403, 10.000826, 9.995188, -0.008885, -0.001993, 0.011704, -0.017452, 0.000000, -0.008726, 0.766922, -1.798725, -5.398717, -0.003235, 0.003189, -0.016698, 0.002413, 15.071289, 3.839111, 59.204098
-0.003490, 0.000000, 1006.000000, -0.001745, 2000.000000, 1000.000000, 10.007869, 9.998780, 9.990108, 10.003243, -0.005557, -0.003325, -0.001012, -0.017452, 0.000000, -0.008726, 0.769907, -1.775559, -5.425086, -0.008561, 0.005320, -0.008176, 0.002248, 15.075195, 3.759766, 58.105465
-0.003490, 0.000000, 1006.000000, -0.001745, 2000.000000, 1000.000000, 9.972643, 10.019360, 9.953548, 10.054449, -0.013546, 0.003999, -0.036904, -0.017452, 0.000000, -0.008726, 0.810491, -1.774382, -5.435757, 0.004222, -0.006398, 0.016325, 0.001751, 15.055664, 4.238892, 65.429688
-0.003490, 0.000000, 1011.000000, -0.001745, 2000.000000, 1000.000000, 10.991645, 11.007016, 10.975213, 11.026126, -0.008885, 0.000670, -0.016571, -0.017452, 0.000000, -0.008726, 0.815398, -1.763661, -5.439013, -0.003235, -0.001072, 0.002477, 0.002176, 14.930664, 10.119629, 154.724121
-0.003490, 0.000000, 1015.000000, -0.001745, 2000.000000, 1000.000000, 10.971463, 10.996572, 10.976336, 11.055629, -0.013546, 0.015983, -0.026100, -0.017452, 0.000000, -0.008726, 0.833675, -1.795543, -5.451999, 0.004222, -0.025573, 0.008868, 0.002284, 15.036133, 4.638672, 71.411133
-0.003490, 0.000000, 1020.000000, -0.001745, 2000.000000, 1000.000000, 11.991227, 12.020749, 11.978791, 12.009233, -0.000230, -0.005988, -0.014990, -0.017452, 0.000000, -0.008726, 0.837770, -1.872089, -5.422244, -0.017084, 0.009581, 0.001411, 0.001753, 14.848633, 12.799072, 194.580063
-0.003490, 0.000000, 1034.000000, -0.001745, 2000.000000, 1000.000000, 12.963278, 12.903557, 13.032066, 13.101099, -0.032188, 0.066583, -0.002328, -0.017452, 0.000000, -0.008726, 1.059802, -1.941164, -5.414088, 0.034049, -0.106532, -0.007111, 0.002295, 14.891602, 10.119629, 154.174805
-0.003490, 0.000000, 1034.000000, -0.001745, 2000.000000, 1000.000000, 12.791275, 12.877155, 13.141026, 13.190544, 0.009091, 0.165785, -0.033850, -0.017452, 0.000000, -0.008726, 0.899316, -2.481761, -5.435722, -0.031997, -0.265256, 0.014195, 0.002217, 14.895508, 10.040283, 155.578613
-0.001745, 0.000000, 1034.000000, -0.001745, 2000.000000, 1000.000000, 12.940790, 12.875444, 12.838062, 13.345703, -0.143247, 0.091882, -0.110574, -0.008726, 0.000000, -0.008726, 1.046212, -3.080641, -5.314615, 0.220469, -0.147012, 0.066392, 0.001942, 14.934570, 8.041382, 122.985832
-0.001745, 0.000000, 1040.000000, 0.000000, 2000.000000, 1000.000000, 14.121994, 13.759487, 13.689035, 14.429483, -0.275738, 0.059259, -0.094485, -0.008726, 0.000000, 0.000000, 2.041584, -3.417145, -5.115306, 0.432455, -0.094814, 0.064262, 0.002058, 14.915039, 9.439087, 144.104004
-0.001745, 0.000000, 1050.000000, 0.000000, 2000.000000, 1000.000000, 14.726802, 14.751325, 14.985524, 15.536349, -0.131576, 0.260937, -0.143837, -0.008726, 0.000000, 0.000000, 3.374255, -4.489913, -4.654951, 0.200229, -0.414392, 0.097285, 0.002343, 14.860352, 11.199951, 170.288071
-0.001745, 0.000000, 1050.000000, 0.000000, 2000.000000, 1000.000000, 14.615177, 14.833115, 15.151949, 15.399759, -0.007468, 0.275854, -0.116437, -0.008726, 0.000000, 0.000000, 3.548906, -5.776049, -4.442128, 0.003156, -0.438893, 0.079175, 0.001762, 14.688477, 16.601562, 249.816879
-0.001745, 0.000000, 1053.000000, 0.000000, 2000.000000, 1000.000000, 15.150971, 14.787366, 14.810332, 15.251330, -0.201151, 0.030831, -0.019348, -0.008726, 0.000000, 0.000000, 3.931812, -6.565931, -4.273746, 0.311016, -0.049008, 0.013129, 0.002052, 14.793945, 12.799072, 193.908676
-0.001745, 0.003490, 1055.000000, 0.000000, 2000.000000, 1000.000000, 15.854397, 14.837240, 14.384544, 14.923819, -0.389108, -0.345819, 0.119471, -0.008726, 0.017452, 0.000000, 6.371753, -5.331363, -4.188092, 0.609288, 0.566711, -0.080613, 0.002305, 14.797852, 13.079834, 198.120102
-0.005236, 0.008726, 1055.000000, 0.000000, 2000.000000, 1000.000000, 15.189828, 15.186553, 14.852904, 14.770715, 0.019729, -0.188191, 0.021366, -0.026178, 0.043630, 0.000000, 7.151574, -4.014671, -4.223891, -0.057563, 0.343007, -0.014567, 0.001804, 14.747070, 14.678955, 221.801743
-0.029668, 0.026178, 1056.000000, 0.000000, 2000.000000, 1000.000000, 14.532466, 14.696208, 15.645045, 15.126281, 0.170627, 0.385663, 0.088755, -0.148342, 0.130890, 0.000000, 6.321936, -4.031899, -4.386738, -0.419751, -0.482568, -0.060373, 0.001835, 14.797852, 12.399292, 187.927231
-0.075044, 0.033159, 1064.000000, -0.001745, 2000.000000, 1000.000000, 15.426031, 14.720551, 16.896872, 16.956545, -0.191289, 0.926708, 0.161451, -0.375218, 0.165794, -0.008726, 4.845010, -8.420690, -4.855154, -0.071412, -1.306012, -0.117897, 0.002320, 14.668945, 17.559814, 263.732910
-0.095986, 0.033159, 1064.000000, -0.001745, 2000.000000, 1000.000000, 15.860375, 15.017756, 16.449238, 16.672630, -0.266502, 0.560935, 0.154807, -0.479930, 0.165794, -0.008726, 4.376813, -11.245198, -5.241938, -0.056498, -0.725447, -0.113636, 0.002193, 14.684570, 16.799927, 252.624496
-0.106457, 0.020942, 1063.000000, -0.001745, 2000.000000, 1000.000000, 16.443893, 15.720403, 15.938619, 15.897082, -0.170489, -0.082149, 0.191256, -0.532286, 0.104712, -0.008726, 3.960107, -11.761213, -5.673857, -0.261028, 0.235416, -0.139203, 0.001756, 14.680664, 15.600586, 234.619125
-0.106457, 0.003490, 1063.000000, -0.001745, 2000.000000, 1000.000000, 16.070442, 16.052425, 16.217632, 15.659500, 0.135029, -0.061433, 0.144037, -0.532286, 0.017452, -0.008726, 2.428552, -10.230075, -6.473443, -0.746785, 0.115041, -0.106180, 0.002254, 14.692383, 15.399170, 231.018051
-0.104712, 0.001745, 1063.000000, -0.001745, 2000.000000, 1000.000000, 15.536689, 15.813322, 16.721931, 15.928058, 0.267626, 0.324995, 0.129310, -0.523560, 0.008726, -0.008726, -0.023813, -10.515276, -7.167612, -0.949184, -0.508134, -0.096592, 0.001893, 14.700195, 14.999390, 225.830063
-0.104712, 0.003490, 1063.000000, 0.000000, 2000.000000, 1000.000000, 15.448628, 15.519912, 16.807940, 16.223520, 0.163925, 0.515730, 0.128284, -0.523560, 0.017452, 0.000000, -2.735994, -12.103064, -7.932250, -0.784069, -0.802145, -0.087005, 0.002124, 14.645508, 17.199707, 257.934570
-0.106457, 0.001745, 1063.000000, 0.000000, 2000.000000, 1000.000000, 16.414446, 15.436423, 16.283762, 15.865371, -0.139908, 0.074566, 0.349103, -0.532286, 0.008726, 0.000000, -5.195524, -13.852063, -9.219672, -0.310029, -0.109728, -0.236141, 0.002245, 14.657227, 16.799927, 252.075180
-0.106457, 0.001745, 1062.000000, 0.000000, 2000.000000, 1000.000000, 16.399929, 15.988125, 15.930675, 15.681270, -0.040600, -0.194028, 0.165302, -0.532286, 0.008726, 0.000000, -6.327273, -13.271104, -9.939618, -0.467688, 0.317440, -0.112571, 0.001751, 14.665039, 14.959717, 225.097641
-0.106457, 0.001745, 1061.000000, 0.000000, 2000.000000, 1000.000000, 16.175055, 15.817973, 16.258991, 15.747982, 0.038482, 0.003487, 0.217023, -0.532286, 0.008726, 0.000000, -8.443518, -11.839664, -10.818177, -0.593388, 0.003189, -0.146659, 0.002398, 14.606445, 18.759155, 280.517578
-0.082024, 0.001745, 1060.000000, 0.000000, 2000.000000, 1000.000000, 15.755759, 15.537364, 16.611519, 16.095356, 0.074442, 0.353438, 0.183639, -0.410122, 0.008726, 0.000000, -10.139186, -12.400811, -11.538567, -0.528407, -0.552875, -0.124289, 0.002170, 14.649414, 17.001343, 259.033203
-0.052356, 0.001745, 1058.000000, 0.000000, 2000.000000, 1000.000000, 15.097292, 14.400126, 15.632416, 14.870167, 0.016271, 0.251291, 0.364854, -0.261780, 0.008726, 0.000000, -11.351040, -13.577266, -12.283107, -0.287659, -0.390956, -0.247859, 0.001864, 14.801758, 11.160278, 169.128403
-0.020942, 0.001745, 1057.000000, 0.000000, 2000.000000, 1000.000000, 15.494037, 14.722869, 15.303594, 14.479501, 0.013231, -0.108453, 0.398815, -0.104712, 0.008726, 0.000000, -11.876343, -13.713619, -13.177622, -0.125740, 0.181087, -0.270229, 0.002110, 14.762695, 12.438965, 187.988266
-0.001745, 0.000000, 1055.000000, 0.000000, 2000.000000, 1000.000000, 15.657649, 15.029181, 14.918294, 14.394876, -0.026263, -0.343416, 0.287972, -0.008726, 0.000000, 0.000000, -11.666787, -12.003042, -14.095415, 0.032984, 0.545406, -0.194596, 0.002326, 14.739258, 13.720703, 207.031235
-0.001745, -0.001745, 1049.000000, 0.000000, 2000.000000, 1000.000000, 14.823161, 13.620500, 14.079692, 13.476647, -0.149905, -0.221830, 0.451427, -0.008726, -0.008726, 0.000000, -11.030086, -10.821934, -14.673237, 0.231121, 0.346202, -0.307513, 0.001829, 14.735352, 13.760376, 207.580551
-0.001745, -0.001745, 1047.000000, 0.000000, 2000.000000, 1000.000000, 14.642095, 13.387446, 14.124993, 13.845466, -0.243781, -0.014771, 0.383544, -0.008726, -0.008726, 0.000000, -10.075210, -10.618559, -15.320528, 0.381323, 0.014907, -0.260642, 0.002151, 14.844727, 8.679199, 131.896973
-0.001745, -0.001745, 1044.000000, 0.000000, 2000.000000, 1000.000000, 14.756360, 13.293155, 13.983596, 13.966889, -0.361625, -0.024758, 0.369978, -0.008726, -0.008726, 0.000000, -7.990786, -11.169031, -15.928729, 0.569873, 0.030886, -0.251055, 0.002276, 14.825195, 10.281372, 156.127930
-0.001745, -0.001745, 1043.000000, 0.000000, 2000.000000, 1000.000000, 14.783901, 13.388119, 14.055079, 13.772902, -0.278401, -0.086010, 0.419489, -0.008726, -0.008726, 0.000000, -6.581616, -11.321223, -16.421738, 0.436716, 0.128890, -0.286208, 0.001758, 14.809570, 10.958862, 166.198715
-0.001745, 0.000000, 1044.000000, 0.000000, 2000.000000, 1000.000000, 14.653172, 13.613134, 13.936588, 13.797106, -0.225139, -0.133153, 0.294880, -0.008726, 0.000000, 0.000000, -5.473018, -11.124250, -16.875389, 0.351496, 0.213045, -0.200987, 0.001822, 14.797852, 11.279297, 170.898422
-0.001745, 0.015707, 1043.000000, 0.000000, 2000.000000, 1000.000000, 14.669413, 13.554653, 13.891207, 13.884727, -0.277070, -0.112032, 0.280310, -0.008726, 0.078534, 0.000000, -3.576529, -10.530302, -17.247553, 0.434586, 0.257786, -0.190335, 0.002230, 14.825195, 10.119629, 153.625488
-0.001745, 0.040140, 1043.000000, 0.000000, 2000.000000, 1000.000000, 14.431606, 13.405397, 14.097721, 14.065275, -0.248441, 0.081498, 0.264663, -0.008726, 0.200698, 0.000000, -2.360425, -10.408425, -17.565668, 0.388780, 0.070301, -0.179682, 0.002238, 14.747070, 13.400269, 202.331528
-0.001745, 0.041885, 1043.000000, 0.000000, 2000.000000, 1000.000000, 14.406386, 13.419709, 14.074088, 14.099816, -0.253102, 0.086952, 0.240237, -0.008726, 0.209424, 0.000000, -1.325577, -10.586688, -17.832058, 0.396236, 0.070301, -0.163703, 0.001835, 14.778320, 11.761475, 177.978500
-0.001745, 0.038394, 1043.000000, 0.000000, 2000.000000, 1000.000000, 14.704325, 13.809372, 13.818914, 13.667389, -0.185857, -0.256848, 0.261619, -0.008726, 0.191972, 0.000000, 0.443414, -9.717599, -18.257141, 0.288645, 0.602929, -0.177552, 0.002283, 14.821289, 10.281372, 156.127930
-0.001745, 0.034904, 1043.000000, 0.000000, 2000.000000, 1000.000000, 14.717830, 13.988124, 13.809272, 13.484775, -0.101302, -0.352977, 0.263551, -0.008726, 0.174520, 0.000000, 1.634874, -8.171202, -18.548103, 0.153358, 0.739282, -0.179682, 0.001789, 14.825195, 10.000610, 151.794434
-0.001745, 0.027923, 1043.000000, 0.000000, 2000.000000, 1000.000000, 14.555942, 14.011216, 14.083119, 13.349723, 0.047168, -0.283579, 0.319531, -0.008726, 0.139616, 0.000000, 2.314145, -6.432676, -18.979322, -0.084195, 0.593342, -0.216966, 0.002140, 14.743164, 13.479614, 203.491196
-0.003490, 0.026178, 1043.000000, 0.000000, 2000.000000, 1000.000000, 14.394050, 13.672692, 14.107139, 13.826119, -0.110085, -0.033371, 0.250594, -0.017452, 0.130890, 0.000000, 2.649585, -5.042688, -19.849485, 0.158684, 0.184283, -0.170095, 0.002286, 14.797852, 10.919189, 165.527328
-0.020942, 0.020942, 1043.000000, 0.000000, 2000.000000, 1000.000000, 14.583118, 13.570940, 13.806870, 14.039072, -0.311095, -0.077029, 0.194994, -0.104712, 0.104712, 0.000000, 3.497416, -4.781487, -20.180273, 0.393041, 0.227959, -0.132811, 0.001819, 14.790039, 11.318970, 171.508774
-0.040140, 0.026178, 1043.000000, 0.000000, 2000.000000, 1000.000000, 14.905583, 13.463426, 13.813043, 13.817948, -0.361766, -0.184504, 0.359313, -0.200698, 0.130890, 0.000000, 4.875256, -4.361493, -20.592768, 0.378127, 0.426097, -0.244663, 0.001886, 14.821289, 10.000610, 151.794434
-0.064572, 0.033159, 1043.000000, 0.000000, 2000.000000, 1000.000000, 14.691983, 13.630733, 14.126859, 13.550426, -0.121204, -0.161358, 0.409421, -0.322862, 0.165794, 0.000000, 5.991081, -2.854358, -21.652542, -0.128936, 0.423966, -0.277686, 0.002362, 14.782227, 11.999512, 181.518539
-0.075044, 0.033159, 1043.000000, 0.000000, 2000.000000, 1000.000000, 14.537086, 13.805604, 14.039674, 13.617637, -0.077361, -0.171344, 0.288380, -0.375218, 0.165794, 0.000000, 5.876430, -1.639891, -22.279633, -0.251440, 0.439945, -0.196726, 0.001783, 14.790039, 11.080933, 167.785629
-0.095986, 0.029668, 1043.000000, 0.000000, 2000.000000, 1000.000000, 14.664741, 13.918141, 13.820214, 13.596904, -0.130822, -0.291441, 0.242477, -0.479930, 0.148342, 0.000000, 5.754862, -0.013549, -22.751375, -0.270615, 0.614647, -0.164769, 0.002087, 14.813477, 10.198975, 154.724121
-0.101222, 0.027923, 1044.000000, 0.000000, 2000.000000, 1000.000000, 14.628822, 14.030214, 13.997660, 13.343304, 0.013937, -0.329518, 0.313241, -0.506108, 0.139616, 0.000000, 5.477912, 3.154624, -23.498659, -0.528407, 0.666845, -0.212705, 0.002194, 14.778320, 11.959839, 181.030258
-0.104712, 0.015707, 1044.000000, 0.000000, 2000.000000, 1000.000000, 14.417009, 13.913582, 14.453333, 13.216076, 0.183458, -0.165295, 0.435171, -0.523560, 0.078534, 0.000000, 4.301794, 5.151708, -24.095137, -0.817092, 0.343007, -0.296861, 0.001760, 14.790039, 11.001587, 166.625961
-0.104712, 0.003490, 1044.000000, 0.000000, 2000.000000, 1000.000000, 14.046492, 14.068838, 14.555071, 13.329599, 0.311954, -0.057664, 0.300781, -0.523560, 0.017452, 0.000000, 2.088107, 6.642355, -24.512403, -1.022687, 0.109715, -0.204183, 0.002259, 14.790039, 11.080933, 167.907700
-0.078534, 0.003490, 1044.000000, 0.000000, 2000.000000, 1000.000000, 14.205357, 13.878016, 14.600580, 13.316048, 0.239298, -0.041686, 0.402968, -0.392670, 0.017452, 0.000000, -1.438163, 8.614919, -24.899509, -0.775547, 0.084149, -0.273425, 0.002266, 14.797852, 10.879517, 164.184555
-0.031414, 0.001745, 1044.000000, 0.000000, 2000.000000, 1000.000000, 14.118902, 13.976707, 14.502113, 13.402277, 0.239411, -0.047805, 0.310508, -0.157068, 0.008726, 0.000000, -2.913038, 9.518987, -25.325132, -0.540125, 0.085214, -0.211640, 0.001845, 14.793945, 10.720825, 162.475571
-0.001745, -0.001745, 1044.000000, 0.000000, 2000.000000, 1000.000000, 14.018138, 14.056678, 14.434466, 13.490718, 0.245572, -0.037407, 0.226302, -0.008726, -0.008726, 0.000000, -3.982797, 10.232923, -25.606552, -0.401642, 0.051126, -0.154116, 0.001911, 14.758789, 11.840820, 179.016098
-0.001745, -0.001745, 1044.000000, 0.000000, 2000.000000, 1000.000000, 14.123411, 13.551931, 14.362642, 13.962015, -0.042713, 0.162328, 0.243027, -0.008726, -0.008726, 0.000000, -4.791069, 10.113008, -26.148249, 0.059615, -0.268451, -0.164769, 0.002419, 14.790039, 11.199951, 169.677719
-0.001745, -0.001745, 1044.000000, 0.000000, 2000.000000, 1000.000000, 14.153116, 13.419697, 14.269842, 14.157345, -0.155231, 0.213594, 0.211480, -0.008726, -0.008726, 0.000000, -4.748552, 9.040917, -26.521755, 0.239644, -0.350476, -0.143464, 0.002265, 14.754883, 11.718750, 177.124008
-0.001745, -0.001745, 1044.000000, 0.000000, 2000.000000, 1000.000000, 14.301953, 13.527852, 14.184323, 13.985871, -0.143913, 0.085097, 0.243138, -0.008726, -0.008726, 0.000000, -4.456375, 8.028415, -26.959736, 0.221534, -0.144881, -0.165834, 0.001767, 14.762695, 11.318970, 171.081528
-0.001745, -0.001745, 1044.000000, 0.001745, 2000.000000, 1000.000000, 14.321941, 14.077778, 13.891390, 13.708891, -0.015416, -0.199859, 0.106665, -0.008726, -0.008726, 0.008726, -3.883094, 8.334774, -27.500853, 0.015939, 0.311049, -0.063569, 0.002347, 14.770508, 11.959839, 180.786118
-0.001745, -0.001745, 1044.000000, 0.001745, 2000.000000, 1000.000000, 14.296410, 13.794384, 14.134836, 13.774370, -0.035389, -0.045397, 0.215623, -0.008726, -0.008726, 0.008726, -3.560617, 8.898762, -27.785366, 0.047897, 0.063909, -0.138137, 0.001830, 14.778320, 11.279297, 170.593246
-0.001745, -0.001745, 1044.000000, 0.000000, 2000.000000, 1000.000000, 14.071783, 13.483719, 14.140572, 14.303926, -0.187854, 0.222249, 0.106177, -0.008726, -0.008726, 0.000000, -3.397287, 8.237928, -28.090744, 0.291841, -0.364325, -0.072091, 0.002142, 14.750977, 11.801147, 178.283676
-0.001745, -0.001745, 1044.000000, 0.000000, 2000.000000, 1000.000000, 14.077036, 13.450502, 14.028646, 14.443815, -0.260425, 0.236231, 0.052841, -0.008726, -0.008726, 0.000000, -2.856578, 5.888823, -28.330351, 0.407954, -0.386695, -0.035873, 0.002290, 14.758789, 11.520386, 174.133286
-0.001745, -0.001745, 1044.000000, 0.000000, 2000.000000, 1000.000000, 14.101066, 13.776677, 13.910197, 14.212060, -0.156563, 0.061129, 0.005631, -0.008726, -0.008726, 0.000000, -2.327050, 4.929742, -28.416710, 0.241774, -0.106532, -0.003915, 0.001770, 14.786133, 10.241699, 166.015610
-0.001745, -0.001745, 1044.000000, 0.000000, 2000.000000, 1000.000000, 14.090661, 13.961516, 14.074231, 13.873591, 0.017873, -0.026089, 0.082446, -0.008726, -0.008726, 0.000000, -2.097354, 4.751137, -28.504606, -0.037323, 0.033017, -0.056112, 0.001862, 14.786133, 11.160278, 168.884262
-0.001745, -0.001745, 1044.000000, 0.000000, 2000.000000, 1000.000000, 13.927587, 14.011409, 14.234727, 13.826278, 0.123068, 0.030503, 0.081156, -0.008726, -0.008726, 0.000000, -3.078816, 5.323987, -28.526533, -0.205634, -0.057530, -0.055047, 0.002335, 14.786133, 10.559082, 159.790039
-0.001745, -0.001745, 1046.000000, 0.000000, 2000.000000, 1000.000000, 14.448204, 13.333666, 13.845881, 14.372250, -0.410227, 0.109065, 0.147042, -0.008726, -0.008726, 0.000000, -2.718391, 4.719227, -28.793440, 0.647637, -0.183231, -0.099788, 0.002292, 14.758789, 12.078857, 182.373032
-0.001745, -0.001745, 1049.000000, 0.000000, 2000.000000, 1000.000000, 14.721984, 12.769603, 13.617658, 14.890756, -0.806370, 0.254207, 0.169820, -0.008726, -0.008726, 0.000000, -0.610876, 2.543555, -29.188534, 1.281466, -0.415457, -0.115767, 0.001822, 14.801758, 9.719849, 147.399902
-0.001745, -0.001745, 1049.000000, 0.000000, 2000.000000, 1000.000000, 14.268170, 13.373883, 13.759057, 14.598889, -0.433530, 0.178973, 0.013613, -0.008726, -0.008726, 0.000000, 2.452781, -1.001081, -29.528469, 0.684921, -0.295083, -0.009241, 0.002361, 14.641602, 15.759277, 236.328110
-0.001745, -0.001745, 1049.000000, 0.000000, 2000.000000, 1000.000000, 13.885748, 13.846853, 14.207535, 14.059864, 0.027194, 0.133700, 0.046641, -0.008726, -0.008726, 0.000000, 2.824507, -1.996654, -29.538761, -0.052237, -0.222645, -0.031612, 0.002361, 14.649414, 17.041016, 255.615219
-0.001745, -0.001745, 1049.000000, 0.000000, 2000.000000, 1000.000000, 13.714294, 14.103527, 14.387617, 13.794561, 0.245572, 0.091089, 0.050955, -0.008726, -0.008726, 0.000000, 1.934338, -2.119678, -29.711060, -0.401642, -0.154469, -0.034807, 0.001918, 14.833008, 9.118652, 138.427734
-0.001745, -0.001745, 1048.000000, 0.000000, 2000.000000, 1000.000000, 14.456819, 13.721860, 13.696038, 14.125283, -0.291051, -0.089339, 0.076428, -0.008726, -0.008726, 0.000000, 1.826533, -1.860930, -29.902279, 0.456956, 0.134216, -0.051851, 0.002449, 14.766602, 10.919189, 165.100082
-0.001745, -0.001745, 1048.000000, 0.000000, 2000.000000, 1000.000000, 14.726027, 13.342131, 13.507185, 14.424658, -0.575342, -0.034079, 0.116606, -0.008726, -0.008726, 0.000000, 3.749169, -2.634380, -29.996811, 0.911821, 0.045800, -0.079548, 0.001769, 14.766602, 11.080933, 167.480453
-0.001745, -0.001745, 1048.000000, -0.001745, 2000.000000, 1000.000000, 14.400457, 13.389400, 13.976566, 14.233576, -0.317017, 0.105071, 0.188512, -0.008726, -0.008726, -0.008726, 6.331106, -4.402337, -30.331150, 0.498501, -0.176839, -0.137072, 0.002003, 14.770508, 10.681152, 161.499008
-0.001745, -0.001745, 1053.000000, -0.001745, 2000.000000, 1000.000000, 14.933444, 14.611533, 15.452533, 15.002490, 0.032033, 0.227511, 0.192989, -0.008726, -0.008726, -0.008726, 6.391541, -5.249137, -30.724197, -0.059694, -0.370716, -0.140268, 0.001751, 14.645508, 14.721680, 220.825180
-0.001745, -0.001745, 1055.000000, -0.001745, 2000.000000, 1000.000000, 14.843513, 14.909903, 15.270990, 14.975594, 0.090446, 0.123292, 0.057252, -0.008726, -0.008726, -0.008726, 4.769118, -5.779606, -31.238518, -0.152371, -0.204536, -0.047590, 0.002325, 14.715820, 12.640381, 190.490707
-0.001745, -0.001745, 1054.000000, -0.001745, 2000.000000, 1000.000000, 15.384869, 14.847382, 14.685726, 15.082024, -0.233446, -0.116125, 0.035298, -0.008726, -0.008726, -0.008726, 5.109734, -6.019015, -31.319923, 0.362148, 0.175761, -0.032677, 0.002224, 14.672852, 13.879395, 208.618149
-0.001745, -0.001745, 1055.000000, -0.001745, 2000.000000, 1000.000000, 15.545896, 14.909755, 14.658746, 14.885604, -0.215750, -0.227825, 0.102320, -0.008726, -0.008726, -0.008726, 6.544511, -6.024119, -31.310520, 0.334451, 0.353659, -0.078483, 0.001841, 14.700195, 12.078857, 182.128891
-0.001745, -0.001745, 1055.000000, -0.001745, 2000.000000, 1000.000000, 14.778692, 15.114244, 15.474422, 14.632641, 0.294333, 0.053532, 0.126558, -0.008726, -0.008726, -0.008726, 6.660406, -5.135494, -31.703352, -0.476210, -0.093749, -0.094462, 0.002306, 14.645508, 15.039062, 225.585922
-0.005236, -0.001745, 1056.000000, -0.001745, 2000.000000, 1000.000000, 14.529705, 14.653622, 15.717230, 15.099443, 0.185426, 0.408336, 0.123468, -0.026178, -0.008726, -0.008726, 5.162551, -5.481798, -32.084217, -0.320682, -0.657270, -0.092331, 0.002310, 14.676758, 13.558960, 203.918442
-0.015707, -0.001745, 1056.000000, -0.001745, 2000.000000, 1000.000000, 14.846149, 14.374454, 15.628645, 15.150751, 0.001550, 0.389698, 0.237397, -0.078534, -0.008726, -0.008726, 3.812908, -6.852043, -32.568108, -0.080999, -0.628508, -0.170095, 0.001883, 14.692383, 13.439941, 202.087387
-0.024433, 0.000000, 1056.000000, -0.001745, 2000.000000, 1000.000000, 15.276279, 14.670086, 15.303579, 14.750055, -0.013168, 0.026818, 0.289930, -0.122164, 0.000000, -0.008726, 3.261455, -7.652800, -33.224056, -0.101239, -0.042617, -0.205249, 0.002139, 14.680664, 13.919067, 209.289536
-0.026178, 0.000000, 1057.000000, -0.001745, 2000.000000, 1000.000000, 15.236811, 15.258003, 14.966162, 14.539024, 0.112083, -0.247407, 0.101486, -0.130890, 0.000000, -0.008726, 3.148840, -6.403577, -33.717991, -0.308964, 0.393074, -0.077418, 0.002208, 14.684570, 13.241577, 199.218735
-0.026178, 0.000000, 1056.000000, -0.001745, 2000.000000, 1000.000000, 15.147275, 15.050895, 15.371121, 14.430709, 0.211008, -0.099084, 0.259198, -0.130890, 0.000000, -0.008726, 2.615017, -5.054632, -34.099010, -0.466622, 0.157652, -0.185009, 0.001751, 14.665039, 13.879395, 208.374008
-0.026178, 0.000000, 1056.000000, -0.001745, 2000.000000, 1000.000000, 14.747189, 14.459827, 15.997932, 14.795052, 0.228880, 0.396492, 0.372561, -0.130890, 0.000000, -0.008726, 0.142645, -4.780995, -35.261082, -0.494319, -0.629574, -0.260642, 0.002389, 14.723633, 12.481689, 188.110336
-0.019197, -0.001745, 1056.000000, -0.001745, 2000.000000, 1000.000000, 14.961626, 14.425856, 15.807360, 14.805159, 0.116608, 0.306260, 0.384493, -0.095986, -0.008726, -0.008726, -1.618063, -5.480804, -36.157036, -0.281267, -0.495351, -0.269164, 0.002177, 14.719727, 12.240601, 184.509262
-0.013962, -0.001745, 1056.000000, -0.001745, 2000.000000, 1000.000000, 15.352044, 14.575896, 15.438170, 14.633889, 0.007034, 0.036030, 0.395108, -0.069808, -0.008726, -0.008726, -2.379743, -5.782540, -37.012360, -0.080999, -0.066052, -0.277686, 0.001751, 14.676758, 13.681030, 205.505356
-0.001745, -0.001745, 1056.000000, -0.001745, 2000.000000, 1000.000000, 14.980689, 15.104072, 15.464494, 14.450746, 0.284283, -0.042380, 0.222592, -0.008726, -0.008726, -0.008726, -2.837708, -5.144466, -37.955154, -0.460231, 0.058583, -0.159442, 0.002317, 14.625977, 15.560913, 233.032211
-0.001745, -0.001745, 1056.000000, -0.001745, 2000.000000, 1000.000000, 14.881687, 14.964365, 15.940489, 14.213459, 0.452427, 0.076973, 0.411088, -0.008726, -0.008726, -0.008726, -4.026823, -4.210508, -38.657829, -0.727610, -0.131033, -0.287273, 0.002173, 14.684570, 13.760376, 206.787094
-0.001745, -0.001745, 1056.000000, -0.001745, 2000.000000, 1000.000000, 15.039674, 14.489131, 16.126751, 14.344443, 0.307942, 0.235597, 0.583213, -0.008726, -0.008726, -0.008726, -5.703497, -3.831990, -39.783367, -0.498580, -0.383499, -0.405517, 0.001820, 14.598633, 16.479492, 246.520981
-0.001745, 0.000000, 1056.000000, -0.001745, 2000.000000, 1000.000000, 15.189488, 14.433612, 15.702989, 14.673911, 0.068300, 0.188450, 0.446238, -0.008726, 0.000000, -0.008726, -6.848184, -4.097016, -40.851509, -0.117218, -0.299344, -0.310709, 0.002271, 14.684570, 13.558960, 203.796371
-0.001745, 0.057592, 1056.000000, 0.000000, 2000.000000, 1000.000000, 14.814030, 14.293774, 16.060043, 14.832153, 0.176908, 0.446099, 0.437036, -0.008726, 0.287958, 0.000000, -8.275554, -4.687695, -42.169136, -0.289790, -0.420783, -0.295795, 0.002212, 14.708008, 12.561035, 189.208969
-0.001745, 0.073298, 1056.000000, 0.001745, 2000.000000, 1000.000000, 14.745470, 14.374599, 16.131420, 14.748510, 0.253009, 0.439965, 0.438446, -0.008726, 0.366492, 0.008726, -9.829499, -4.782564, -43.133915, -0.411229, -0.333432, -0.289404, 0.001795, 14.665039, 14.361572, 215.576157
-0.001745, 0.087260, 1056.000000, 0.036649, 2000.000000, 1000.000000, 15.800550, 14.221483, 15.593145, 14.384821, -0.092686, -0.011017, 0.696848, -0.008726, 0.436300, 0.183246, -9.912131, -4.216103, -44.334770, 0.138444, 0.453793, -0.286208, 0.002393, 14.672852, 13.400269, 201.293930
-0.001745, 0.101222, 1055.000000, 0.047120, 2000.000000, 1000.000000, 15.810482, 14.276552, 15.609234, 14.303732, -0.057107, -0.043517, 0.709857, -0.008726, 0.506108, 0.235602, -8.502819, -3.422771, -44.986752, 0.081985, 0.575233, -0.242533, 0.002274, 14.676758, 13.079834, 196.594223
-0.001745, 0.134380, 1059.000000, 0.043630, 2000.000000, 1000.000000, 15.398006, 14.432211, 15.823435, 14.346348, 0.127823, 0.084892, 0.610720, -0.008726, 0.671902, 0.218150, -7.414813, -2.301682, -45.541832, -0.212026, 0.536884, -0.194596, 0.001871, 14.680664, 13.320923, 200.195297
-0.001745, 0.164049, 1059.000000, 0.020942, 2000.000000, 1000.000000, 14.738700, 14.663541, 16.086800, 14.510961, 0.375169, 0.298879, 0.412749, -0.008726, 0.820244, 0.104712, -7.260086, 0.121652, -46.270069, -0.605106, 0.345137, -0.174356, 0.002039, 14.645508, 14.480591, 217.102036
-0.001745, 0.165794, 1059.000000, 0.019197, 2000.000000, 1000.000000, 14.945514, 14.771203, 15.720864, 14.562419, 0.246034, 0.141642, 0.333189, -0.008726, 0.828970, 0.095986, -7.498227, 2.039337, -46.672165, -0.399511, 0.603995, -0.128550, 0.002294, 14.704102, 11.999512, 180.725082
-0.001745, 0.169284, 1058.000000, 0.017452, 2000.000000, 1000.000000, 15.626285, 14.829932, 15.043887, 14.499896, -0.063090, -0.228108, 0.335086, -0.008726, 0.846422, 0.087260, -5.834171, 4.012805, -47.141853, 0.091573, 1.209061, -0.139203, 0.002011, 14.665039, 14.080811, 211.486801
-0.001745, 0.188482, 1059.000000, 0.013962, 2000.000000, 1000.000000, 15.741162, 14.847829, 14.799361, 14.611648, -0.176405, -0.294496, 0.270261, -0.008726, 0.942408, 0.069808, -2.535800, 6.039408, -47.755928, 0.271601, 1.410395, -0.112571, 0.002141, 14.676758, 13.320923, 200.317368
-0.001745, 0.195462, 1058.000000, 0.020942, 2000.000000, 1000.000000, 15.121814, 14.693830, 15.469600, 14.714757, 0.081715, 0.092178, 0.295707, -0.008726, 0.977312, 0.104712, 1.255415, 8.878435, -48.716404, -0.138523, 0.830895, -0.094462, 0.002280, 14.653320, 14.239502, 213.623032
-0.001745, 0.195462, 1058.000000, 0.038394, 2000.000000, 1000.000000, 14.823559, 14.657423, 15.840694, 14.678324, 0.249059, 0.259509, 0.332127, -0.008726, 0.977312, 0.191972, 2.069207, 10.611699, -48.958103, -0.404837, 0.564580, -0.031612, 0.001880, 14.704102, 12.161255, 183.105453
-0.001745, 0.195462, 1059.000000, 0.031414, 2000.000000, 1000.000000, 14.844797, 14.582655, 15.762718, 14.809830, 0.172686, 0.286274, 0.303758, -0.008726, 0.977312, 0.157068, 2.440772, 12.258541, -49.111282, -0.283398, 0.521970, -0.047590, 0.001850, 14.672852, 13.281250, 199.584946
-0.001745, 0.172775, 1058.000000, 0.013962, 2000.000000, 1000.000000, 15.393330, 14.677816, 15.028219, 14.900635, -0.146982, -0.035573, 0.210774, -0.008726, 0.863874, 0.069808, 4.659729, 14.269247, -49.882900, 0.224730, 0.920376, -0.072091, 0.002296, 14.641602, 14.239502, 213.623032
-0.001745, 0.153578, 1058.000000, 0.045375, 2000.000000, 1000.000000, 15.716605, 14.496566, 15.045133, 14.741696, -0.229151, -0.106585, 0.380869, -0.008726, 0.767888, 0.226876, 7.196253, 15.226644, -50.631294, 0.355757, 0.937420, -0.029481, 0.001851, 14.653320, 14.041138, 210.693344
-0.001745, 0.143106, 1060.000000, 0.045375, 2000.000000, 1000.000000, 16.469780, 15.447597, 16.159861, 15.922764, -0.196272, 0.041312, 0.314819, -0.008726, 0.715532, 0.226876, 9.486474, 15.869329, -51.254585, 0.303559, 0.649801, 0.015260, 0.001751, 14.657227, 13.839722, 207.702621
-0.001745, 0.097731, 1068.000000, 0.043630, 2000.000000, 1000.000000, 16.322460, 15.317004, 16.333961, 16.026577, -0.174518, 0.180269, 0.328210, -0.008726, 0.488656, 0.218150, 11.634877, 15.953530, -51.708294, 0.268406, 0.202393, -0.001784, 0.002365, 14.520508, 18.359375, 273.132324
-0.001745, 0.073298, 1067.000000, 0.043630, 2000.000000, 1000.000000, 16.229574, 15.500690, 16.464220, 15.805517, -0.017545, 0.134868, 0.346897, -0.008726, 0.366492, 0.218150, 12.246740, 15.972000, -51.929878, 0.019135, 0.152325, -0.014567, 0.002368, 14.579102, 16.201782, 241.699203
-0.003490, 0.048866, 1068.000000, 0.043630, 2000.000000, 1000.000000, 16.058029, 15.561194, 16.414238, 15.966537, -0.012283, 0.190389, 0.236134, -0.017452, 0.244328, 0.218150, 12.336928, 16.168360, -51.895210, 0.002091, -0.058596, 0.060001, 0.001752, 14.559570, 16.760254, 249.999985
-0.003490, 0.043630, 1068.000000, 0.064572, 2000.000000, 1000.000000, 16.214060, 15.059885, 16.749357, 15.976698, -0.095379, 0.363027, 0.481709, -0.017452, 0.218150, 0.322862, 11.717303, 15.239779, -51.516857, 0.134183, -0.358998, -0.000719, 0.002001, 14.579102, 16.119385, 240.478500
-0.006981, 0.038394, 1068.000000, 0.092496, 2000.000000, 1000.000000, 16.442457, 14.801777, 16.731615, 16.024149, -0.233304, 0.377883, 0.587036, -0.034904, 0.191972, 0.462478, 11.330992, 14.117945, -51.381363, 0.335517, -0.408000, 0.069588, 0.002417, 14.614258, 17.678833, 263.610840
-0.022688, 0.033159, 1068.000000, 0.125654, 2000.000000, 1000.000000, 16.761711, 14.627991, 16.780718, 15.829584, -0.295646, 0.305150, 0.771214, -0.113438, 0.165794, 0.628272, 11.064334, 12.785152, -51.028114, 0.356822, -0.319584, 0.111133, 0.001843, 14.594727, 14.801025, 221.313461
-0.095986, 0.003490, 1061.000000, 0.165794, 2000.000000, 1000.000000, 17.157206, 14.920072, 16.596384, 15.326338, -0.241772, -0.038638, 0.876795, -0.479930, 0.017452, 0.828970, 10.916879, 12.302668, -50.290237, -0.095913, 0.078823, 0.243225, 0.002293, 14.536133, 17.239380, 256.774902
-0.113438, -0.001745, 1050.000000, 0.165794, 2000.000000, 1000.000000, 15.674410, 14.210485, 15.814453, 14.300652, 0.012470, 0.057552, 0.744432, -0.567190, -0.008726, 0.828970, 10.314499, 12.989433, -49.321770, -0.586996, -0.100141, 0.332707, 0.002285, 14.696289, 11.999512, 180.480942
-0.113438, -0.001745, 1048.000000, 0.171030, 2000.000000, 1000.000000, 14.520523, 12.852554, 15.240114, 13.386808, 0.046334, 0.313462, 0.880318, -0.567190, -0.008726, 0.855148, 8.598347, 13.633706, -48.144165, -0.641325, -0.510265, 0.264530, 0.001750, 14.778320, 9.478760, 143.432617
-0.109948, 0.000000, 1050.000000, 0.178010, 2000.000000, 1000.000000, 15.471191, 13.614136, 16.098825, 14.815847, -0.143519, 0.457336, 0.785008, -0.549738, 0.000000, 0.890052, 6.281499, 13.365802, -46.763100, -0.321747, -0.726512, 0.366795, 0.002248, 14.727539, 10.760498, 162.292465
-0.101222, 0.003490, 1050.000000, 0.183246, 2000.000000, 1000.000000, 15.981197, 13.574339, 15.425026, 15.019438, -0.500318, 0.222232, 0.703112, -0.506108, 0.017452, 0.916230, 4.595163, 11.738036, -44.515400, 0.288645, -0.335563, 0.448820, 0.002263, 14.622070, 14.199829, 212.585434
-0.097731, 0.003490, 1050.000000, 0.190227, 2000.000000, 1000.000000, 16.117392, 13.896817, 15.325599, 14.660192, -0.388792, -0.007105, 0.721495, -0.488656, 0.017452, 0.951134, 4.701426, 11.146658, -43.338524, 0.129922, 0.028756, 0.471190, 0.001763, 14.618164, 14.559937, 217.895493
-0.090750, 0.003490, 1050.000000, 0.195462, 2000.000000, 1000.000000, 15.560705, 14.229837, 15.411331, 14.798126, -0.179416, 0.104729, 0.486018, -0.453752, 0.017452, 0.977312, 4.677632, 11.075761, -41.680443, -0.168350, -0.149142, 0.657610, 0.001822, 14.649414, 13.360596, 200.378403
-0.082024, 0.003490, 1050.000000, 0.207679, 2000.000000, 1000.000000, 15.140736, 13.426010, 16.172932, 15.260323, -0.200529, 0.716627, 0.656833, -0.410122, 0.017452, 1.038394, 2.453410, 9.395251, -38.685326, -0.091652, -1.120658, 0.603282, 0.002332, 14.590820, 15.600586, 233.093246
-0.075044, 0.001745, 1050.000000, 0.209424, 2000.000000, 1000.000000, 15.024116, 13.365317, 16.043976, 15.566589, -0.295353, 0.805283, 0.534046, -0.375218, 0.008726, 1.047120, 0.455113, 6.560489, -36.662552, 0.093703, -1.269794, 0.694894, 0.002428, 14.610352, 14.639282, 218.994125
-0.071553, 0.001745, 1050.000000, 0.207679, 2000.000000, 1000.000000, 15.309834, 13.693501, 15.430882, 15.565784, -0.437809, 0.498333, 0.370358, -0.357766, 0.008726, 1.038394, -0.600096, 3.891602, -34.490944, 0.338713, -0.784036, 0.798224, 0.001802, 14.657227, 12.881470, 193.420395
-0.069808, 0.001745, 1050.000000, 0.191972, 2000.000000, 1000.000000, 15.443728, 14.356128, 15.160110, 15.040034, -0.241881, 0.100072, 0.301919, -0.349040, 0.008726, 0.959860, -0.605514, 1.890020, -31.231560, 0.035114, -0.150208, 0.764136, 0.002323, 14.610352, 14.401245, 215.515121
-0.059337, 0.001745, 1050.000000, 0.176265, 2000.000000, 1000.000000, 15.216790, 14.521443, 15.331750, 14.930017, -0.073403, 0.130883, 0.274270, -0.296684, 0.008726, 0.881326, -0.833263, 1.580556, -29.281010, -0.180068, -0.199210, 0.703416, 0.002221, 14.641602, 13.558960, 203.308090
-0.052356, 0.005236, 1050.000000, 0.157068, 2000.000000, 1000.000000, 14.783562, 14.251509, 15.446247, 15.518682, -0.151122, 0.482465, 0.114905, -0.261780, 0.026178, 0.785340, -1.580971, 0.586361, -27.355299, -0.021345, -0.741426, 0.716199, 0.001767, 14.637695, 13.558960, 203.186020
-0.034904, 0.034904, 1047.000000, 0.048866, 2000.000000, 1000.000000, 13.150280, 13.258711, 14.102411, 15.488598, -0.319439, 0.795504, -0.373654, -0.174520, 0.174520, 0.244328, -2.857037, -3.305043, -24.842184, 0.336582, -1.098287, 0.499952, 0.002173, 14.602539, 14.999390, 224.182114
-0.033159, 0.050611, 1048.000000, 0.003490, 2000.000000, 1000.000000, 13.354137, 13.400099, 13.852089, 15.393675, -0.373906, 0.622881, -0.396887, -0.165794, 0.253054, 0.017452, -2.857265, -6.009657, -23.846958, 0.432455, -0.743556, 0.286901, 0.002290, 14.758789, 8.520508, 128.173828
-0.029668, 0.061082, 1047.000000, 0.000000, 2000.000000, 1000.000000, 13.770780, 13.517220, 14.063045, 14.648955, -0.209867, 0.356000, -0.083088, -0.148342, 0.305410, 0.000000, -2.510493, -7.581256, -23.368380, 0.187446, -0.264190, 0.056805, 0.001774, 14.719727, 11.041260, 159.729004
-0.029668, 0.064572, 1048.000000, 0.000000, 2000.000000, 1000.000000, 13.892263, 13.835978, 14.166395, 14.105364, 0.001187, 0.135880, 0.029329, -0.148342, 0.322862, 0.000000, -2.541813, -7.792802, -23.405169, -0.150241, 0.105454, -0.019894, 0.002273, 14.719727, 10.958862, 165.100082
-0.029668, 0.094241, 1048.000000, -0.001745, 2000.000000, 1000.000000, 14.143526, 13.985178, 13.845423, 14.025873, -0.084700, -0.064352, -0.005525, -0.148342, 0.471204, -0.008726, -2.270507, -6.155399, -23.473093, -0.012823, 0.574168, -0.004980, 0.002331, 14.676758, 12.161255, 182.678207
-0.008726, 0.151832, 1048.000000, -0.001745, 2000.000000, 1000.000000, 13.794427, 13.585511, 14.403943, 14.216119, -0.005273, 0.310031, 0.099185, -0.043630, 0.759162, -0.008726, -1.866161, -4.976284, -23.576693, -0.035193, 0.263112, -0.076352, 0.001845, 14.708008, 10.360718, 156.127930
-0.003490, 0.157068, 1048.000000, -0.001745, 2000.000000, 1000.000000, 13.581168, 13.415843, 14.630301, 14.372687, 0.023072, 0.501494, 0.105735, -0.017452, 0.785340, -0.008726, -1.950409, -4.707757, -23.825277, -0.054368, -0.017050, -0.080613, 0.002228, 14.704102, 11.199951, 168.701157
-0.003490, 0.158813, 1049.000000, 0.000000, 2000.000000, 1000.000000, 14.018286, 13.195518, 14.351286, 14.434910, -0.226598, 0.393098, 0.184786, -0.017452, 0.794066, 0.000000, -1.408219, -4.859058, -24.207724, 0.345104, 0.165109, -0.125354, 0.002229, 14.711914, 10.800171, 162.597641
-0.005236, 0.157068, 1049.000000, 0.000000, 2000.000000, 1000.000000, 14.364615, 13.191657, 14.006021, 14.437707, -0.401161, 0.221864, 0.185318, -0.026178, 0.785340, 0.000000, 0.121117, -4.639388, -24.447443, 0.615680, 0.430358, -0.126419, 0.001752, 14.684570, 12.161255, 182.678207
-0.013962, 0.144852, 1049.000000, 0.000000, 2000.000000, 1000.000000, 14.317053, 13.295599, 14.096546, 14.290802, -0.303928, 0.193674, 0.206799, -0.069808, 0.724258, 0.000000, 3.251222, -3.773709, -24.724655, 0.416476, 0.414379, -0.140268, 0.002345, 14.708008, 10.919189, 164.489731
-0.012216, 0.144852, 1048.000000, 0.000000, 2000.000000, 1000.000000, 13.869599, 13.348907, 14.609410, 14.172084, -0.020841, 0.390747, 0.239505, -0.061082, 0.724258, 0.000000, 3.989554, -3.397334, -25.124706, -0.027736, 0.099063, -0.162638, 0.002170, 14.684570, 11.920166, 179.321274
-0.020942, 0.143106, 1048.000000, 0.000000, 2000.000000, 1000.000000, 13.684465, 13.417116, 14.874151, 14.024267, 0.145634, 0.449209, 0.279308, -0.104712, 0.715532, 0.000000, 3.455248, -3.104091, -25.609640, -0.337726, -0.003202, -0.190335, 0.001787, 14.711914, 11.080933, 166.809067
-0.061082, 0.127400, 1049.000000, 0.000000, 2000.000000, 1000.000000, 14.060288, 13.388465, 14.641278, 13.909968, 0.014871, 0.275623, 0.350783, -0.305410, 0.636998, 0.000000, 2.671514, -2.467807, -26.251261, -0.329204, 0.196001, -0.238272, 0.002139, 14.731445, 10.000610, 150.695801
-0.125654, 0.083770, 1049.000000, 0.000000, 2000.000000, 1000.000000, 14.488022, 13.292009, 13.975964, 14.244005, -0.366014, 0.109985, 0.231992, -0.628272, 0.418848, 0.000000, 2.600005, -1.168174, -27.036957, -0.042650, 0.242872, -0.157312, 0.002334, 14.700195, 10.598755, 159.606934
-0.125654, 0.083770, 1049.000000, 0.000000, 2000.000000, 1000.000000, 14.390805, 13.150874, 14.298192, 14.160129, -0.275467, 0.229160, 0.344499, -0.628272, 0.418848, 0.000000, 2.607739, -0.720348, -27.567804, -0.187525, 0.052191, -0.235076, 0.001750, 14.676758, 11.880493, 178.527817
-0.127400, 0.087260, 1049.000000, 0.000000, 2000.000000, 1000.000000, 14.135157, 13.260872, 14.582085, 14.021887, -0.078522, 0.301986, 0.358621, -0.636998, 0.436300, 0.000000, 1.691042, -0.322873, -28.245264, -0.511363, -0.046878, -0.243598, 0.002143, 14.688477, 11.761475, 176.879868
-0.111693, 0.087260, 1049.000000, 0.000000, 2000.000000, 1000.000000, 13.743209, 13.502351, 14.776992, 13.977448, 0.139672, 0.377220, 0.260101, -0.558464, 0.436300, 0.000000, -1.025960, 0.710952, -29.103979, -0.781939, -0.167252, -0.176487, 0.002253, 14.735352, 10.079956, 152.099609
-0.109948, 0.085515, 1049.000000, 0.000000, 2000.000000, 1000.000000, 13.965699, 13.234843, 14.707868, 14.091590, -0.028645, 0.399729, 0.336784, -0.549738, 0.427574, 0.000000, -2.815040, 1.091445, -29.583885, -0.503906, -0.211993, -0.229749, 0.001750, 14.696289, 10.919189, 164.306625
-0.106457, 0.071553, 1049.000000, 0.000000, 2000.000000, 1000.000000, 14.597244, 13.139297, 14.208710, 14.054749, -0.325996, 0.131729, 0.402977, -0.532286, 0.357766, 0.000000, -3.666962, 1.574956, -30.784746, -0.010692, 0.146999, -0.273425, 0.002309, 14.668945, 12.600708, 189.208969
-0.109948, 0.069808, 1049.000000, 0.000000, 2000.000000, 1000.000000, 14.800787, 13.005251, 14.079927, 14.114035, -0.457411, 0.096981, 0.440357, -0.549738, 0.349040, 0.000000, -3.125341, 1.779011, -31.571417, 0.182120, 0.193871, -0.298991, 0.002183, 14.719727, 10.000610, 150.695801
-0.094241, 0.076789, 1049.000000, 0.000000, 2000.000000, 1000.000000, 14.649969, 13.208313, 14.105526, 14.036192, -0.343080, 0.070859, 0.377748, -0.471204, 0.383944, 0.000000, -2.468237, 2.020182, -32.343040, 0.077724, 0.270569, -0.256381, 0.002245, 14.684570, 11.840820, 177.978500
-0.071553, 0.087260, 1049.000000, 0.000000, 2000.000000, 1000.000000, 14.402638, 13.532676, 14.306455, 13.758231, -0.080435, 0.032343, 0.354547, -0.357766, 0.436300, 0.000000, -2.166602, 2.995416, -33.091911, -0.229070, 0.384552, -0.241467, 0.001922, 14.708008, 10.598755, 159.606934
-0.050611, 0.118674, 1049.000000, 0.000000, 2000.000000, 1000.000000, 14.026196, 13.486418, 14.374413, 14.112974, -0.069585, 0.243694, 0.200304, -0.253054, 0.593368, 0.000000, -2.145717, 4.673829, -33.861382, -0.141719, 0.203458, -0.136007, 0.002202, 14.661133, 13.601685, 204.101547
-0.052356, 0.120419, 1049.000000, 0.000000, 2000.000000, 1000.000000, 14.010643, 13.289995, 14.488024, 14.211338, -0.110991, 0.349681, 0.249333, -0.261780, 0.602094, 0.000000, -2.211249, 4.990949, -34.186428, -0.084195, 0.042604, -0.169030, 0.002302, 14.700195, 11.560059, 163.818344
-0.052356, 0.118674, 1049.000000, 0.000000, 2000.000000, 1000.000000, 14.148013, 13.312669, 14.478665, 14.060653, -0.104333, 0.269659, 0.313339, -0.261780, 0.593368, 0.000000, -2.250872, 5.259137, -34.732983, -0.094847, 0.161913, -0.213771, 0.001753, 14.676758, 12.078857, 181.518539
-0.054101, 0.111693, 1049.000000, 0.000000, 2000.000000, 1000.000000, 14.057731, 13.678273, 14.387111, 13.876885, 0.032692, 0.131998, 0.222420, -0.270506, 0.558464, 0.000000, -2.260382, 6.611331, -35.482616, -0.322812, 0.347268, -0.150920, 0.002343, 14.715820, 10.440063, 157.287598
-0.054101, 0.099476, 1049.000000, 0.000000, 2000.000000, 1000.000000, 13.925001, 13.843414, 14.208652, 14.022932, 0.026034, 0.115792, 0.066827, -0.270506, 0.497382, 0.000000, -2.420759, 7.892624, -35.708729, -0.312160, 0.312114, -0.045460, 0.002165, 14.743164, 9.600830, 144.897461
-0.054101, 0.087260, 1049.000000, 0.000000, 2000.000000, 1000.000000, 14.104247, 13.503501, 14.119800, 14.272452, -0.188349, 0.196126, 0.112023, -0.270506, 0.436300, 0.000000, -2.453917, 8.546630, -35.803455, 0.030853, 0.122498, -0.076352, 0.001752, 14.704102, 10.598755, 159.606934
-0.054101, 0.071553, 1049.000000, 0.000000, 2000.000000, 1000.000000, 14.620207, 13.140303, 13.827866, 14.411625, -0.515916, 0.119745, 0.224036, -0.270506, 0.357766, 0.000000, -1.020157, 8.046821, -36.503422, 0.554960, 0.166174, -0.151986, 0.002297, 14.719727, 10.400391, 156.677246
-0.052356, 0.062827, 1049.000000, 0.000000, 2000.000000, 1000.000000, 14.676385, 13.117356, 13.978898, 14.227361, -0.451873, 0.103129, 0.327641, -0.261780, 0.314136, 0.000000, 0.403768, 7.483621, -37.200790, 0.461217, 0.149130, -0.222293, 0.002317, 14.708008, 11.160278, 168.029770
-0.052356, 0.059337, 1048.000000, 0.000000, 2000.000000, 1000.000000, 14.662175, 13.058841, 14.114644, 14.164340, -0.413258, 0.139492, 0.388409, -0.261780, 0.296684, 0.000000, 1.452033, 6.999152, -38.005741, 0.399432, 0.073496, -0.264903, 0.001759, 14.676758, 11.401367, 171.386703
-0.050611, 0.061082, 1049.000000, 0.000000, 2000.000000, 1000.000000, 14.695089, 13.301306, 13.969639, 14.033966, -0.364528, 0.001802, 0.332364, -0.253054, 0.305410, 0.000000, 3.023770, 6.581549, -39.197739, 0.330190, 0.302527, -0.225488, 0.002327, 14.715820, 10.198975, 153.686523
-0.048866, 0.062827, 1049.000000, 0.000000, 2000.000000, 1000.000000, 14.793189, 13.380052, 13.912454, 13.914306, -0.353748, -0.086620, 0.352822, -0.244328, 0.314136, 0.000000, 4.384527, 6.853331, -39.974968, 0.321668, 0.452728, -0.239337, 0.002343, 14.727539, 9.799194, 147.827148
-0.048866, 0.064572, 1068.000000, 0.000000, 2000.000000, 1000.000000, 16.655590, 15.235829, 15.962996, 16.145584, -0.400587, 0.054291, 0.309293, -0.244328, 0.322862, 0.000000, 5.703308, 6.966399, -40.716534, 0.393041, 0.236481, -0.210575, 0.001751, 14.266602, 29.281616, 427.734344
-0.052356, 0.062827, 1119.000000, 0.000000, 2000.000000, 1000.000000, 21.121494, 19.849575, 21.170052, 21.858879, -0.490187, 0.514466, 0.145772, -0.261780, 0.314136, 0.000000, 6.625696, 5.205904, -41.595169, 0.516611, -0.502808, -0.098723, 0.002372, 13.469727, 56.680298, 781.738220
-0.052356, 0.061082, 1120.000000, 0.000000, 2000.000000, 1000.000000, 21.829378, 21.143770, 21.967508, 23.059343, -0.444361, 0.513425, -0.101556, -0.261780, 0.305410, 0.000000, 6.648996, 3.324754, -41.535812, 0.444173, -0.510265, 0.068523, 0.002224, 13.497070, 55.361938, 764.404236
-0.055846, 0.061082, 1118.000000, 0.000000, 2000.000000, 1000.000000, 21.210108, 19.713697, 20.980623, 22.095572, -0.652840, 0.538097, 0.095366, -0.279232, 0.305410, 0.000000, 6.883440, 1.204183, -41.654087, 0.759489, -0.550745, -0.064634, 0.001752, 13.852539, 40.081787, 573.608398
-0.062827, 0.054101, 1117.000000, 0.000000, 2000.000000, 1000.000000, 20.897133, 20.511402, 20.948219, 21.643246, -0.270188, 0.295732, -0.077325, -0.314136, 0.270506, 0.000000, 7.753051, -2.064523, -41.404774, 0.115008, -0.199210, 0.052544, 0.002299, 13.754883, 45.642090, 642.639099
-0.062827, 0.047120, 1117.000000, 0.000000, 2000.000000, 1000.000000, 20.842136, 20.770023, 21.695564, 20.692276, 0.232794, 0.193920, 0.268851, -0.314136, 0.235602, 0.000000, 6.767658, -1.593392, -41.615631, -0.683935, -0.072444, -0.181813, 0.002258, 13.868164, 38.562012, 555.725098
-0.064572, 0.034904, 1082.000000, 0.000000, 2000.000000, 1000.000000, 18.234972, 17.362200, 18.561415, 17.841413, -0.038194, 0.201414, 0.398194, -0.322862, 0.174520, 0.000000, 5.479547, -0.821272, -42.325130, -0.262093, -0.145947, -0.271294, 0.001751, 14.129883, 29.119873, 421.325653
-0.073298, 0.033159, 1066.000000, 0.001745, 2000.000000, 1000.000000, 16.450029, 14.227584, 16.224150, 17.098238, -0.774134, 0.661194, 0.337089, -0.366492, 0.165794, 0.008726, 5.227292, -3.759779, -43.273319, 0.862819, -0.884170, -0.219097, 0.002365, 14.649414, 10.879517, 163.207993
-0.090750, 0.031414, 1058.000000, 0.001745, 2000.000000, 1000.000000, 15.439032, 13.361784, 15.221216, 15.977968, -0.708500, 0.599592, 0.330124, -0.453752, 0.157068, 0.008726, 5.247638, -7.100931, -43.829140, 0.672138, -0.795754, -0.214836, 0.002140, 14.512695, 15.759277, 234.191879
-0.090750, 0.033159, 1049.000000, 0.003490, 2000.000000, 1000.000000, 14.309794, 13.031552, 14.184260, 14.474393, -0.392093, 0.329327, 0.247028, -0.453752, 0.165794, 0.017452, 5.029332, -8.976144, -44.411610, 0.173598, -0.361129, -0.150920, 0.001755, 14.766602, 7.040405, 103.393547
-0.090750, 0.036649, 1047.000000, 0.003490, 2000.000000, 1000.000000, 13.821563, 14.042583, 14.182563, 13.953292, 0.112572, 0.067928, 0.002063, -0.453752, 0.183246, 0.017452, 3.191189, -7.051535, -44.927166, -0.633868, 0.074562, 0.016325, 0.001825, 14.645508, 10.958862, 164.428696
-0.094241, 0.038394, 1047.000000, 0.001745, 2000.000000, 1000.000000, 14.077050, 13.460605, 14.167485, 14.294860, -0.185955, 0.231173, 0.122268, -0.471204, 0.191972, 0.008726, 2.290050, -6.303721, -45.129124, -0.173676, -0.177904, -0.074222, 0.002174, 14.614258, 12.960815, 193.908676
-0.102967, 0.038394, 1047.000000, 0.001745, 2000.000000, 1000.000000, 14.258736, 12.995295, 13.963072, 14.782898, -0.520817, 0.372985, 0.110903, -0.514834, 0.191972, 0.008726, 1.960907, -7.045373, -45.405140, 0.318473, -0.404804, -0.066765, 0.001884, 14.649414, 10.919189, 163.818344
-0.109948, 0.045375, 1048.000000, 0.001745, 2000.000000, 1000.000000, 13.935457, 12.916750, 14.196390, 14.951403, -0.443429, 0.573897, 0.065923, -0.549738, 0.226876, 0.008726, 1.293526, -9.717521, -45.670086, 0.159749, -0.691359, -0.035873, 0.002281, 14.610352, 12.719727, 190.307602
-0.109948, 0.054101, 1048.000000, 0.000000, 2000.000000, 1000.000000, 13.566529, 13.437533, 14.542460, 14.453477, -0.010003, 0.497969, 0.054495, -0.549738, 0.270506, 0.000000, -0.376525, -10.562529, -46.078506, -0.533734, -0.526244, -0.036938, 0.002395, 14.657227, 10.760498, 161.499008
-0.109948, 0.055846, 1048.000000, 0.000000, 2000.000000, 1000.000000, 13.807036, 13.782664, 14.488944, 13.921355, 0.135804, 0.205150, 0.147990, -0.549738, 0.279232, 0.000000, -2.222146, -9.719173, -46.603413, -0.767025, -0.049008, -0.100853, 0.001752, 14.665039, 11.041260, 165.832504
-0.111693, 0.057592, 1047.000000, 0.000000, 2000.000000, 1000.000000, 14.208479, 13.882969, 14.019539, 13.889013, -0.048746, -0.045724, 0.114008, -0.558464, 0.287958, 0.000000, -3.619368, -7.036415, -47.287796, -0.480471, 0.361116, -0.077418, 0.002329, 14.661133, 11.120605, 166.931137
-0.113438, 0.055846, 1047.000000, 0.000000, 2000.000000, 1000.000000, 14.261432, 13.687793, 13.825641, 14.225135, -0.243283, 0.025388, 0.043536, -0.567190, 0.279232, 0.000000, -3.522686, -5.837121, -47.360012, -0.177937, 0.238611, -0.029481, 0.002349, 14.649414, 11.401367, 170.532211
-0.116928, 0.055846, 1047.000000, 0.000000, 2000.000000, 1000.000000, 14.200924, 13.240971, 14.220022, 14.338083, -0.269503, 0.279052, 0.210473, -0.584642, 0.279232, 0.000000, -3.736437, -5.396213, -47.625568, -0.153437, -0.167252, -0.143464, 0.001816, 14.625977, 12.640381, 189.208969
-0.118674, 0.055846, 1047.000000, 0.000000, 2000.000000, 1000.000000, 14.016492, 12.890111, 14.289666, 14.803731, -0.410112, 0.546698, 0.153079, -0.593368, 0.279232, 0.000000, -5.223649, -6.224504, -48.372929, 0.062811, -0.595485, -0.104049, 0.002021, 14.665039, 10.641479, 159.790039
-0.118674, 0.055846, 1047.000000, 0.000000, 2000.000000, 1000.000000, 13.853959, 12.935466, 14.123137, 15.087438, -0.470698, 0.605288, -0.011452, -0.593368, 0.279232, 0.000000, -6.377186, -7.680600, -48.621754, 0.159749, -0.689228, 0.007803, 0.002359, 14.637695, 12.078857, 181.030258
-0.118674, 0.055846, 1047.000000, 0.000000, 2000.000000, 1000.000000, 14.161501, 13.120605, 13.968624, 14.749269, -0.455385, 0.358947, 0.065062, -0.593368, 0.279232, 0.000000, -7.137847, -8.855831, -48.769825, 0.135248, -0.295083, -0.044395, 0.001783, 14.649414, 11.599731, 173.889145
-0.116928, 0.055846, 1047.000000, 0.000000, 2000.000000, 1000.000000, 14.595126, 13.223603, 13.607556, 14.573714, -0.584420, 0.090635, 0.101341, -0.584642, 0.279232, 0.000000, -6.394995, -9.567505, -48.995392, 0.350430, 0.134216, -0.068896, 0.002176, 14.668945, 11.160278, 167.480453
-0.118674, 0.055846, 1047.000000, 0.000000, 2000.000000, 1000.000000, 14.542067, 13.082254, 13.554241, 14.821438, -0.681752, 0.187840, 0.048154, -0.593368, 0.279232, 0.000000, -5.446807, -10.329252, -48.980839, 0.497436, -0.021312, -0.032677, 0.002240, 14.668945, 10.440063, 156.799316
-0.118674, 0.055846, 1047.000000, 0.000000, 2000.000000, 1000.000000, 14.374183, 12.857324, 13.659329, 15.109164, -0.741673, 0.384247, 0.016756, -0.593368, 0.279232, 0.000000, -4.856907, -11.743219, -48.930107, 0.593309, -0.335563, -0.011372, 0.001948, 14.692383, 9.881592, 148.315430
-0.113438, 0.055846, 1047.000000, 0.000000, 2000.000000, 1000.000000, 14.119148, 13.190922, 14.005598, 14.684332, -0.401740, 0.344965, 0.062373, -0.567190, 0.279232, 0.000000, -4.986500, -13.956043, -49.022118, 0.075594, -0.272712, -0.042264, 0.002353, 14.649414, 11.120605, 166.931137
-0.113438, 0.054101, 1046.000000, 0.000000, 2000.000000, 1000.000000, 14.034150, 13.759536, 14.030866, 14.175448, -0.104799, 0.103157, 0.032508, -0.567190, 0.270506, 0.000000, -5.650723, -13.581013, -49.303352, -0.399511, 0.105454, -0.022024, 0.002382, 14.665039, 10.839844, 162.719711
-0.111693, 0.054101, 1046.000000, 0.000000, 2000.000000, 1000.000000, 14.664125, 13.945814, 13.497301, 13.892759, -0.278442, -0.304969, 0.080713, -0.558464, 0.270506, 0.000000, -5.235793, -12.228351, -49.349072, -0.112957, 0.758457, -0.055047, 0.001795, 14.665039, 10.958862, 164.489731
-0.111693, 0.062827, 1046.000000, -0.001745, 2000.000000, 1000.000000, 15.034574, 13.875026, 13.167287, 13.923114, -0.478844, -0.454800, 0.100930, -0.558464, 0.314136, -0.008726, -1.575230, -9.421379, -49.008308, 0.207686, 1.041816, -0.077418, 0.002338, 14.653320, 10.879517, 163.330063
-0.111693, 0.073298, 1046.000000, 0.000000, 2000.000000, 1000.000000, 14.453982, 13.133168, 13.714734, 14.698115, -0.576048, 0.206425, 0.084358, -0.558464, 0.366492, 0.000000, 0.136783, -9.082183, -48.896900, 0.363213, 0.036212, -0.057178, 0.002386, 14.668945, 10.641479, 159.729004
-0.113438, 0.090750, 1047.000000, -0.001745, 2000.000000, 1000.000000, 13.754714, 12.666093, 14.365312, 15.213881, -0.484297, 0.789596, 0.060013, -0.567190, 0.453752, -0.008726, -0.204347, -10.464913, -49.138226, 0.207686, -0.809602, -0.049721, 0.001948, 14.629883, 12.680054, 189.880356
-0.130890, 0.092496, 1046.000000, 0.000000, 2000.000000, 1000.000000, 13.680880, 13.015308, 14.603434, 14.700378, -0.190629, 0.651906, 0.142157, -0.654450, 0.462478, 0.000000, -3.069648, -12.577038, -49.991173, -0.349444, -0.580572, -0.096592, 0.002157, 14.692383, 9.521484, 143.188477
-0.134380, 0.090750, 1046.000000, -0.001745, 2000.000000, 1000.000000, 14.119217, 13.643814, 14.216764, 14.020205, -0.069711, 0.118484, 0.167991, -0.671902, 0.453752, -0.008726, -4.204072, -11.834709, -50.511749, -0.560365, 0.264178, -0.123224, 0.001865, 14.657227, 11.199951, 168.212875
-0.139616, 0.090750, 1046.000000, -0.001745, 2000.000000, 1000.000000, 14.473864, 14.150696, 13.718439, 13.657001, -0.065433, -0.312280, 0.096151, -0.698080, 0.453752, -0.008726, -3.795090, -9.405402, -50.763306, -0.593388, 0.953399, -0.074222, 0.002110, 14.641602, 12.200928, 182.922348
-0.153578, 0.090750, 1046.000000, -0.001745, 2000.000000, 1000.000000, 14.965011, 13.433181, 13.742829, 13.858979, -0.411995, -0.199096, 0.353920, -0.767888, 0.453752, -0.008726, -1.709014, -5.749940, -51.089230, -0.108696, 0.772305, -0.248924, 0.002291, 14.696289, 9.759521, 146.911621
-0.172775, 0.092496, 1046.000000, -0.001745, 2000.000000, 1000.000000, 14.952682, 13.153641, 13.738604, 14.155073, -0.553878, -0.053161, 0.345643, -0.863874, 0.462478, -0.008726, -0.296149, -4.679843, -51.684677, 0.022331, 0.547536, -0.244663, 0.001772, 14.614258, 13.079834, 195.922836
-0.195462, 0.090750, 1046.000000, -0.001745, 2000.000000, 1000.000000, 14.717873, 13.219595, 13.979591, 14.082941, -0.400407, 0.031266, 0.348732, -0.977312, 0.453752, -0.008726, 0.506151, -3.690454, -52.281338, -0.336661, 0.403726, -0.245728, 0.002181, 14.668945, 10.879517, 163.391098
-0.205934, 0.089005, 1046.000000, 0.000000, 2000.000000, 1000.000000, 14.682909, 14.129656, 13.727129, 13.460306, -0.071608, -0.406283, 0.205019, -1.029668, 0.445026, 0.000000, 1.058974, 0.123040, -53.191917, -0.915096, 1.095078, -0.139203, 0.002215, 14.696289, 9.439087, 142.089844
-0.211169, 0.089005, 1046.000000, -0.001745, 2000.000000, 1000.000000, 15.045394, 14.566115, 13.380452, 13.008039, -0.026717, -0.805755, 0.212923, -1.055846, 0.445026, -0.008726, 2.618511, 4.599092, -53.584167, -1.013100, 1.734233, -0.154116, 0.001753, 14.668945, 11.199951, 168.090805
-0.239092, 0.078534, 1046.000000, 0.000000, 2000.000000, 1000.000000, 15.213340, 14.217273, 13.163293, 13.406095, -0.309718, -0.715307, 0.188316, -1.195462, 0.392670, 0.000000, 6.351556, 11.761161, -54.750893, -0.699914, 1.537160, -0.127485, 0.002507, 14.641602, 11.920166, 178.710922
-0.246073, 0.069808, 1046.000000, -0.001745, 2000.000000, 1000.000000, 15.144594, 13.724039, 13.346581, 13.784786, -0.464690, -0.434316, 0.245587, -1.230366, 0.349040, -0.008726, 8.218633, 15.049818, -55.513939, -0.486862, 1.043946, -0.175421, 0.002203, 14.676758, 10.440063, 156.921387
-0.246073, 0.071553, 1046.000000, -0.001745, 2000.000000, 1000.000000, 14.909937, 13.485733, 13.703398, 13.900932, -0.405435, -0.197835, 0.306668, -1.230366, 0.357766, -0.008726, 9.247972, 17.438822, -56.279659, -0.581670, 0.674302, -0.216966, 0.002207, 14.696289, 9.759521, 146.911621
-0.246073, 0.069808, 1046.000000, -0.001745, 2000.000000, 1000.000000, 14.807780, 13.412377, 14.152257, 13.627585, -0.217683, -0.110079, 0.480018, -1.230366, 0.349040, -0.008726, 9.464021, 19.922029, -57.094006, -0.882073, 0.525166, -0.336275, 0.001770, 14.688477, 9.799194, 147.277832
-0.237347, 0.048866, 1046.000000, -0.001745, 2000.000000, 1000.000000, 15.293567, 13.908355, 13.658885, 13.139194, -0.216380, -0.600961, 0.476226, -1.186736, 0.244328, -0.008726, 10.379205, 24.613396, -58.939663, -0.840528, 1.205865, -0.332014, 0.002291, 14.653320, 11.041260, 165.832504
-0.221640, 0.034904, 1046.000000, -0.001745, 2000.000000, 1000.000000, 15.282391, 14.518114, 13.405619, 12.793877, -0.038134, -0.900253, 0.344005, -1.108202, 0.174520, -0.008726, 12.828350, 28.643927, -60.801422, -1.047188, 1.614924, -0.242533, 0.002179, 14.641602, 11.761475, 176.391586
-0.219895, 0.017452, 1046.000000, 0.000000, 2000.000000, 1000.000000, 14.487769, 14.387179, 13.902989, 13.222062, 0.145085, -0.437474, 0.195379, -1.099476, 0.087260, 0.000000, 14.712567, 33.251362, -62.274059, -1.331612, 0.787219, -0.132811, 0.002160, 14.672852, 11.001587, 165.222153
-0.223386, 0.001745, 1046.000000, -0.001745, 2000.000000, 1000.000000, 13.360812, 13.063676, 14.998284, 14.577228, 0.030980, 0.787756, 0.179548, -1.116928, 0.008726, -0.008726, 9.985744, 37.162178, -60.008289, -1.166497, -1.251684, -0.130680, 0.002240, 14.641602, 11.718750, 175.720200
-0.207679, -0.001745, 1046.000000, -0.001745, 2000.000000, 1000.000000, 13.229160, 12.681850, 14.956301, 15.132689, -0.180924, 1.044495, 0.092731, -1.038394, -0.008726, -0.008726, 3.760079, 37.085785, -56.561253, -0.748916, -1.679918, -0.072091, 0.001795, 14.649414, 11.560059, 173.400864
-0.188482, -0.027923, 1047.000000, -0.001745, 2000.000000, 1000.000000, 14.158483, 13.073276, 14.169541, 14.598701, -0.378592, 0.384120, 0.164012, -0.942408, -0.139616, -0.008726, -3.060646, 35.308174, -52.754620, -0.336661, -0.754209, -0.120028, 0.002316, 14.692383, 9.881592, 148.681641
-0.191972, -0.045375, 1057.000000, -0.001745, 2000.000000, 1000.000000, 15.533299, 14.502883, 14.893414, 15.070403, -0.301851, -0.018091, 0.213357, -0.959860, -0.226876, -0.008726, -4.942387, 35.517395, -52.028309, -0.480471, -0.198144, -0.153051, 0.002329, 14.489258, 18.679810, 277.099609
-0.190227, -0.040140, 1056.000000, -0.001745, 2000.000000, 1000.000000, 15.393217, 14.244370, 15.216127, 15.146286, -0.269751, 0.181206, 0.304673, -0.951134, -0.200698, -0.008726, -6.657599, 36.178341, -51.531055, -0.522016, -0.488960, -0.215901, 0.001809, 14.516602, 17.080688, 253.906235
-0.191972, -0.036649, 1058.000000, -0.001745, 2000.000000, 1000.000000, 14.907618, 13.481321, 15.605883, 16.005178, -0.456398, 0.805530, 0.256750, -0.959860, -0.183246, -0.008726, -12.272817, 34.682041, -49.037231, -0.234396, -1.463670, -0.182878, 0.002056, 14.618164, 12.280273, 183.898911
-0.188482, -0.036649, 1071.000000, 0.000000, 2000.000000, 1000.000000, 17.130219, 15.298598, 17.593590, 17.977592, -0.553905, 0.785591, 0.361905, -0.942408, -0.183246, 0.000000, -15.932498, 32.127316, -47.595062, -0.062890, -1.430647, -0.244663, 0.002391, 14.184570, 29.840088, 433.410614
-0.164049, -0.026178, 1086.000000, 0.000000, 2000.000000, 1000.000000, 18.216801, 16.488132, 18.537075, 18.757992, -0.487396, 0.647533, 0.376939, -0.820244, -0.130890, 0.000000, -18.921679, 29.919750, -46.740807, -0.044780, -1.161137, -0.256381, 0.001761, 14.161133, 29.400635, 412.536591
-0.132635, -0.010471, 1088.000000, 0.000000, 2000.000000, 1000.000000, 17.846821, 16.652237, 18.623314, 18.877628, -0.362224, 0.750472, 0.235068, -0.663176, -0.052356, 0.000000, -21.839144, 27.903503, -45.873821, -0.087391, -1.245293, -0.159442, 0.002048, 14.313477, 22.039795, 323.181122
-0.120419, -0.003490, 1088.000000, 0.000000, 2000.000000, 1000.000000, 18.169575, 16.286453, 18.706455, 18.837517, -0.503545, 0.771985, 0.438014, -0.602094, -0.017452, 0.000000, -25.877893, 24.078920, -44.931129, 0.198098, -1.244227, -0.296861, 0.002140, 14.282227, 23.800659, 348.083466
-0.120419, -0.003490, 1086.000000, 0.000000, 2000.000000, 1000.000000, 18.692064, 16.249266, 17.926741, 19.131929, -0.911997, 0.529335, 0.309402, -0.602094, -0.017452, 0.000000, -26.914030, 21.151703, -45.236538, 0.848971, -0.859669, -0.210575, 0.001751, 14.243164, 26.480103, 386.291473
-0.120419, -0.001745, 1082.000000, 0.000000, 2000.000000, 1000.000000, 19.320593, 16.074995, 17.354628, 19.249784, -1.285188, 0.302206, 0.337611, -0.602094, -0.008726, 0.000000, -25.255270, 15.348395, -46.572468, 1.440189, -0.488960, -0.228684, 0.002145, 14.282227, 23.760986, 347.534149
-0.120419, -0.001745, 1082.000000, 0.000000, 2000.000000, 1000.000000, 18.761520, 16.562637, 17.650314, 19.025528, -0.893524, 0.337922, 0.205917, -0.602094, -0.008726, 0.000000, -23.982437, 12.119267, -47.336056, 0.817013, -0.545418, -0.139203, 0.002319, 14.313477, 23.159790, 339.416473
-0.122164, 0.000000, 1081.000000, 0.000000, 2000.000000, 1000.000000, 18.064274, 16.850906, 18.448166, 18.636654, -0.350464, 0.542411, 0.256219, -0.610820, 0.000000, 0.000000, -24.858412, 10.178644, -47.624893, -0.053302, -0.862865, -0.174356, 0.001808, 14.309570, 23.919678, 350.280731
-0.113438, 0.003490, 1071.000000, 0.000000, 2000.000000, 1000.000000, 17.386202, 15.565340, 16.804586, 18.243872, -0.815037, 0.524229, 0.095394, -0.567190, 0.017452, 0.000000, -27.313124, 7.369107, -47.643589, 0.728597, -0.815994, -0.064634, 0.001995, 14.411133, 19.519043, 287.780762
-0.087260, 0.036649, 1066.000000, 0.006981, 2000.000000, 1000.000000, 17.098896, 14.121523, 15.360672, 17.418907, -1.258902, 0.389790, 0.229784, -0.436300, 0.183246, 0.034904, -26.364847, 3.888120, -47.932880, 1.562694, -0.435697, -0.120028, 0.002384, 14.555664, 14.001465, 208.618149
-0.085515, 0.069808, 1060.000000, 0.006981, 2000.000000, 1000.000000, 17.130964, 14.008458, 15.296861, 17.563715, -1.347340, 0.430288, 0.213914, -0.427574, 0.349040, 0.034904, -23.978146, -0.203305, -48.364719, 1.716091, -0.335563, -0.110441, 0.001761, 14.477539, 17.199707, 254.699692
-0.082024, 0.090750, 1059.000000, 0.006981, 2000.000000, 1000.000000, 15.618686, 13.265773, 14.855739, 16.259804, -0.939244, 0.557770, 0.237212, -0.410122, 0.453752, 0.034904, -22.085867, -3.834309, -48.553192, 1.082262, -0.432501, -0.125354, 0.002179, 14.625977, 11.279297, 168.884262
-0.083770, 0.118674, 1058.000000, 0.033159, 2000.000000, 1000.000000, 15.752368, 13.274056, 15.374043, 15.599531, -0.675950, 0.486787, 0.563206, -0.418848, 0.593368, 0.165794, -21.511759, -7.258416, -49.341003, 0.655094, -0.180035, -0.213771, 0.002205, 14.598633, 12.600708, 188.415512
-0.083770, 0.122164, 1059.000000, 0.045375, 2000.000000, 1000.000000, 16.517504, 13.386877, 14.499825, 15.595797, -1.056650, 0.047811, 0.508663, -0.418848, 0.610820, 0.226876, -19.305582, -8.910837, -49.547344, 1.262291, 0.534753, -0.116832, 0.001766, 14.563477, 13.519287, 201.599106
-0.082024, 0.132635, 1057.000000, 0.050611, 2000.000000, 1000.000000, 16.826912, 13.188439, 13.690061, 16.294586, -1.560750, -0.007676, 0.258487, -0.410122, 0.663176, 0.253054, -11.978494, -12.549508, -48.196857, 2.068691, 0.675367, 0.080241, 0.002318, 14.547852, 14.480591, 215.576157
-0.082024, 0.136126, 1056.000000, 0.031414, 2000.000000, 1000.000000, 16.456121, 13.125570, 13.967209, 16.451097, -1.453610, 0.209154, 0.211666, -0.410122, 0.680628, 0.157068, -7.194134, -15.611924, -46.904663, 1.899315, 0.348333, 0.015260, 0.002211, 14.567383, 13.040161, 194.580063
-0.083770, 0.151832, 1052.000000, 0.027923, 2000.000000, 1000.000000, 15.772860, 13.454787, 14.481067, 16.291288, -1.032073, 0.386177, 0.126963, -0.418848, 0.759162, 0.139616, -3.726020, -18.235056, -45.853790, 1.222876, 0.144869, 0.054674, 0.001826, 14.536133, 14.440918, 215.209946
-0.108202, 0.148342, 1048.000000, 0.027923, 2000.000000, 1000.000000, 14.708090, 12.797525, 13.363796, 15.130589, -0.919339, 0.247192, 0.035943, -0.541012, 0.741710, 0.139616, -0.164057, -20.632130, -44.239532, 0.929931, 0.346202, 0.116459, 0.002344, 14.676758, 9.600830, 144.226074
-0.127400, 0.143106, 1047.000000, 0.029668, 2000.000000, 1000.000000, 15.224174, 13.121097, 12.735154, 14.919576, -1.071874, -0.172635, -0.020336, -0.636998, 0.715532, 0.148342, 3.224593, -21.025785, -42.697254, 1.078001, 0.991749, 0.163331, 0.002224, 14.614258, 10.119629, 151.611328
-0.151832, 0.134380, 1046.000000, 0.052356, 2000.000000, 1000.000000, 15.683330, 12.889583, 12.582269, 14.844819, -1.264074, -0.286456, 0.132799, -0.759162, 0.671902, 0.261780, 8.026406, -20.860594, -40.519608, 1.263356, 1.130232, 0.173983, 0.002255, 14.657227, 10.479736, 157.287598
-0.174520, 0.136126, 1048.000000, 0.066318, 2000.000000, 1000.000000, 15.353002, 12.500607, 12.917331, 15.229060, -1.291031, 0.073196, 0.135166, -0.872600, 0.680628, 0.331588, 12.561796, -21.269445, -38.336689, 1.193049, 0.563515, 0.243225, 0.001850, 14.618164, 11.840820, 177.185043
-0.205934, 0.137871, 1047.000000, 0.075044, 2000.000000, 1000.000000, 14.431208, 12.667145, 13.826111, 15.075537, -0.753373, 0.450824, 0.128659, -1.029668, 0.689354, 0.375218, 15.728275, -22.446690, -36.117474, 0.175728, -0.031964, 0.291162, 0.002289, 14.645508, 10.281372, 154.174805
-0.214660, 0.136126, 1045.000000, 0.099476, 2000.000000, 1000.000000, 14.443957, 12.861043, 14.218162, 14.476838, -0.460398, 0.347499, 0.331060, -1.073298, 0.680628, 0.497382, 15.599335, -22.275637, -35.431221, -0.336661, 0.124629, 0.277313, 0.002242, 14.622070, 12.280273, 183.776840
-0.230366, 0.132635, 1044.000000, 0.115183, 2000.000000, 1000.000000, 14.566050, 13.313370, 14.079123, 14.041458, -0.303754, 0.060291, 0.322586, -1.151832, 0.663176, 0.575916, 14.795158, -20.594501, -34.852276, -0.665825, 0.566711, 0.362534, 0.001781, 14.610352, 11.920166, 176.025375
-0.272251, 0.122164, 1043.000000, 0.130890, 2000.000000, 1000.000000, 15.325644, 13.175817, 13.435581, 14.062958, -0.694301, -0.250730, 0.380612, -1.361256, 0.610820, 0.654450, 15.136801, -16.581497, -33.235481, -0.250375, 1.011988, 0.401948, 0.002273, 14.637695, 10.720825, 160.705551
-0.273996, 0.123909, 1043.000000, 0.130890, 2000.000000, 1000.000000, 14.924749, 13.057144, 13.636557, 14.381550, -0.653149, 0.009054, 0.280653, -1.369982, 0.619546, 0.654450, 15.786035, -14.289777, -31.877966, -0.324943, 0.605060, 0.470125, 0.002051, 14.649414, 10.281372, 154.174805
-0.272251, 0.127400, 1044.000000, 0.130890, 2000.000000, 1000.000000, 14.302774, 12.843712, 14.393526, 14.459988, -0.381381, 0.426757, 0.348150, -1.361256, 0.636998, 0.654450, 14.920454, -12.954798, -30.874701, -0.751046, -0.045812, 0.424319, 0.001875, 14.641602, 10.879517, 163.085922
-0.273996, 0.127400, 1044.000000, 0.130890, 2000.000000, 1000.000000, 13.976484, 13.248566, 14.599609, 14.175341, -0.075913, 0.387475, 0.288047, -1.369982, 0.636998, 0.654450, 10.910913, -11.284985, -29.856459, -1.248521, 0.017038, 0.464799, 0.002420, 14.645508, 10.839844, 162.414536
-0.273996, 0.120419, 1047.000000, 0.127400, 2000.000000, 1000.000000, 14.485970, 13.377922, 14.267853, 13.868256, -0.177112, 0.068054, 0.376911, -1.369982, 0.602094, 0.636998, 8.392204, -9.093795, -29.215679, -1.086602, 0.493208, 0.387035, 0.002205, 14.653320, 10.400391, 156.005859
-0.279232, 0.104712, 1047.000000, 0.113438, 2000.000000, 1000.000000, 14.752702, 13.584861, 13.587441, 14.074996, -0.413849, -0.168782, 0.170071, -1.396160, 0.523560, 0.567190, 7.005637, -6.194283, -28.252356, -0.734002, 0.793611, 0.457342, 0.001807, 14.641602, 10.919189, 163.696274
-0.280977, 0.101222, 1054.000000, 0.095986, 2000.000000, 1000.000000, 15.789544, 14.329680, 14.683442, 15.197333, -0.493439, -0.059612, 0.236493, -1.404886, 0.506108, 0.479930, 6.329432, -2.509523, -26.684229, -0.621085, 0.600799, 0.324185, 0.002273, 14.547852, 14.239502, 212.097153
-0.272251, 0.106457, 1069.000000, 0.076789, 2000.000000, 1000.000000, 16.298820, 15.331567, 16.026464, 16.343147, -0.320984, 0.184806, 0.162643, -1.361256, 0.532286, 0.383944, 5.183963, -0.737148, -25.927286, -0.851180, 0.238611, 0.277313, 0.002144, 14.426758, 17.840576, 263.732910
-0.230366, 0.116928, 1070.000000, 0.045375, 2000.000000, 1000.000000, 16.553328, 16.676950, 17.293280, 17.476442, -0.014886, 0.384860, -0.076697, -1.151832, 0.584642, 0.226876, 2.959192, 0.562126, -25.210005, -1.128147, -0.027703, 0.281574, 0.001751, 14.305664, 22.561646, 330.505341
-0.139616, 0.113438, 1064.000000, 0.001745, 2000.000000, 1000.000000, 16.121962, 15.823780, 15.553446, 16.500814, -0.311387, 0.027129, -0.162297, -0.698080, 0.567190, 0.008726, 0.710223, 2.375112, -24.307344, -0.203504, 0.524100, 0.118590, 0.002302, 14.594727, 11.920166, 178.100571
-0.068063, 0.092496, 1063.000000, 0.001745, 2000.000000, 1000.000000, 16.685507, 15.969216, 15.179738, 16.165537, -0.425523, -0.327362, -0.067377, -0.340314, 0.462478, 0.008726, 1.868834, 4.222420, -24.198351, 0.336582, 0.983226, 0.054674, 0.001819, 14.458008, 17.919922, 265.197754
-0.080279, 0.082024, 1065.000000, 0.000000, 2000.000000, 1000.000000, 16.637136, 15.571979, 15.393462, 16.397425, -0.517280, -0.104557, 0.015299, -0.401396, 0.410122, 0.000000, 4.815050, 6.871950, -24.436831, 0.420737, 0.576298, -0.010306, 0.002096, 14.489258, 16.201782, 240.600571
-0.094241, 0.068063, 1065.000000, 0.000000, 2000.000000, 1000.000000, 16.451345, 15.350908, 15.510250, 16.687498, -0.569421, 0.098874, -0.019203, -0.471204, 0.340314, 0.000000, 6.207391, 7.261079, -24.587500, 0.433520, 0.183218, 0.013129, 0.002193, 14.481445, 16.281128, 241.394028
-0.104712, 0.048866, 1059.000000, 0.000000, 2000.000000, 1000.000000, 15.059296, 14.450005, 14.757826, 15.732874, -0.396085, 0.245350, -0.091439, -0.523560, 0.244328, 0.000000, 6.737304, 7.008910, -24.541758, 0.106486, -0.145947, 0.062131, 0.001830, 14.598633, 9.960938, 148.986816
-0.158813, 0.006981, 1044.000000, 0.000000, 2000.000000, 1000.000000, 13.776006, 13.413371, 14.065473, 14.745151, -0.260578, 0.405312, -0.079261, -0.794066, 0.034904, 0.000000, 5.394497, 5.656787, -24.101555, -0.377141, -0.613595, 0.053609, 0.002374, 14.672852, 9.600830, 144.226074
-0.211169, 0.001745, 1043.000000, 0.001745, 2000.000000, 1000.000000, 14.101871, 13.305317, 13.662544, 14.930267, -0.516069, 0.296406, -0.117792, -1.055846, 0.008726, 0.008726, 4.060557, 4.599527, -23.788919, -0.230135, -0.465524, 0.088763, 0.002181, 14.649414, 10.519409, 157.775879
-0.228621, 0.003490, 1045.000000, 0.012216, 2000.000000, 1000.000000, 14.126364, 13.353806, 13.538271, 14.981560, -0.553962, 0.259915, -0.167682, -1.143106, 0.017452, 0.061082, 3.073026, 3.842776, -23.341778, -0.256767, -0.398413, 0.176114, 0.001769, 14.641602, 10.800171, 161.926254
-0.240838, 0.001745, 1050.000000, 0.036649, 2000.000000, 1000.000000, 14.947743, 14.363482, 14.865785, 15.822989, -0.385367, 0.344388, -0.093236, -1.204188, 0.008726, 0.183246, 1.512624, 3.152576, -22.648460, -0.591257, -0.539027, 0.248551, 0.001864, 14.641602, 10.241699, 153.503418
-0.240838, 0.001745, 1054.000000, 0.041885, 2000.000000, 1000.000000, 14.562035, 14.514648, 15.321157, 15.602160, -0.082097, 0.461658, -0.058404, -1.204188, 0.008726, 0.209424, -3.066876, 1.964084, -21.411152, -1.073819, -0.724382, 0.250682, 0.002364, 14.520508, 14.880371, 221.496567
-0.195462, 0.001745, 1055.000000, 0.038394, 2000.000000, 1000.000000, 14.731394, 14.824999, 15.039179, 15.404428, -0.067911, 0.221804, -0.114714, -0.977312, 0.008726, 0.191972, -6.061081, 1.518449, -20.612902, -0.869290, -0.344085, 0.271987, 0.001838, 14.555664, 13.159180, 196.228012
-0.184991, 0.001745, 1055.000000, 0.036649, 2000.000000, 1000.000000, 15.345328, 14.813800, 14.572394, 15.268477, -0.306903, -0.079564, -0.041139, -0.924956, 0.008726, 0.183246, -7.712470, 1.886846, -19.872911, -0.436795, 0.135281, 0.213398, 0.001846, 14.536133, 14.480591, 215.576157
-0.162304, 0.033159, 1055.000000, 0.017452, 2000.000000, 1000.000000, 14.752649, 14.807718, 15.153681, 15.285952, -0.019300, 0.219816, -0.046835, -0.811518, 0.165794, 0.087260, -9.798331, 2.781803, -19.011770, -0.780873, -0.183231, 0.119655, 0.002401, 14.594727, 14.080811, 209.899887
-0.127400, 0.068063, 1056.000000, 0.015707, 2000.000000, 1000.000000, 14.598027, 14.606118, 15.849910, 14.945945, 0.228014, 0.397928, 0.223968, -0.636998, 0.340314, 0.078534, -12.484941, 2.857635, -18.826204, -0.999251, -0.291887, -0.072091, 0.002216, 14.559570, 13.241577, 195.190414
-0.116928, 0.076789, 1055.000000, 0.017452, 2000.000000, 1000.000000, 15.261313, 14.353690, 15.887692, 14.497304, 0.120691, 0.192498, 0.574503, -0.584642, 0.383944, 0.087260, -14.999915, 3.239614, -19.243032, -0.776612, 0.077757, -0.302187, 0.001848, 14.547852, 14.721680, 219.116196
-0.109948, 0.078534, 1056.000000, 0.024433, 2000.000000, 1000.000000, 16.644182, 13.951825, 15.073079, 14.330913, -0.487548, -0.298004, 0.858631, -0.549738, 0.392670, 0.122164, -14.878990, 5.706596, -20.892244, 0.224730, 0.866048, -0.457715, 0.002263, 14.520508, 15.521240, 230.590805
-0.108202, 0.064572, 1056.000000, 0.027923, 2000.000000, 1000.000000, 16.603779, 13.733831, 15.045469, 14.616920, -0.610349, -0.168805, 0.824624, -0.541012, 0.322862, 0.139616, -13.177940, 7.204458, -22.267151, 0.429259, 0.591212, -0.418300, 0.002025, 14.559570, 13.400269, 199.829086
-0.076789, 0.034904, 1056.000000, 0.059337, 2000.000000, 1000.000000, 16.303972, 13.811449, 15.549076, 14.335503, -0.319737, -0.057710, 0.926524, -0.383944, 0.174520, 0.296684, -11.925673, 7.850043, -23.440830, 0.124596, 0.266308, -0.329884, 0.001868, 14.563477, 13.159180, 196.289047
-0.003490, 0.026178, 1056.000000, 0.061082, 2000.000000, 1000.000000, 15.623128, 14.319327, 16.073431, 13.984115, 0.196378, 0.028772, 0.848279, -0.017452, 0.130890, 0.305410, -12.272424, 8.445326, -24.505833, -0.329204, 0.085214, -0.264903, 0.002459, 14.516602, 14.999390, 223.022446
-0.001745, -0.001745, 1056.000000, 0.041885, 2000.000000, 1000.000000, 16.184540, 14.311457, 15.279678, 14.224325, -0.204432, -0.247998, 0.732109, -0.008726, -0.008726, 0.209424, -12.256641, 9.058472, -25.220533, 0.316342, 0.385617, -0.285143, 0.001945, 14.524414, 15.560913, 231.323227
-0.001745, -0.010471, 1056.000000, 0.041885, 2000.000000, 1000.000000, 16.771057, 13.945517, 14.685785, 14.597641, -0.684349, -0.358287, 0.728421, -0.008726, -0.052356, 0.209424, -9.791327, 9.323690, -26.416641, 1.080132, 0.517709, -0.284078, 0.001751, 14.590820, 12.399292, 185.180649
-0.001745, -0.029668, 1055.000000, 0.076789, 2000.000000, 1000.000000, 16.457199, 13.716220, 14.971335, 14.855245, -0.656222, -0.086710, 0.714267, -0.008726, -0.148342, 0.383944, -4.922041, 8.054146, -27.953899, 1.033260, -0.010659, -0.095527, 0.002390, 14.583008, 12.399292, 185.180649
-0.001745, -0.027923, 1055.000000, 0.101222, 2000.000000, 1000.000000, 15.660419, 13.829688, 15.401122, 15.108771, -0.384595, 0.254947, 0.530770, -0.008726, -0.139616, 0.506108, -3.368272, 6.310073, -28.079439, 0.601831, -0.544353, 0.151613, 0.002454, 14.579102, 12.481689, 186.401352
-0.003490, -0.027923, 1055.000000, 0.116928, 2000.000000, 1000.000000, 15.593202, 13.650292, 15.320828, 15.435678, -0.514440, 0.378253, 0.457015, -0.017452, -0.139616, 0.584642, -2.648230, 3.796624, -27.486204, 0.801034, -0.741426, 0.280509, 0.001763, 14.551758, 13.601685, 202.697739
-0.001745, -0.024433, 1055.000000, 0.123909, 2000.000000, 1000.000000, 16.107042, 14.002481, 14.600014, 15.290462, -0.698752, -0.054762, 0.353528, -0.008726, -0.122164, 0.619546, -0.129035, 0.471399, -26.164967, 1.101437, -0.035160, 0.385970, 0.002207, 14.532227, 14.678955, 223.693832
-0.001745, -0.024433, 1054.000000, 0.130890, 2000.000000, 1000.000000, 16.300211, 14.296050, 14.369552, 15.034186, -0.667199, -0.298131, 0.334882, -0.008726, -0.122164, 0.654450, 2.724478, -0.206536, -25.048418, 1.051370, 0.351529, 0.433906, 0.002188, 14.528320, 14.801025, 220.092758
-0.008726, -0.008726, 1055.000000, 0.129145, 2000.000000, 1000.000000, 15.743173, 14.421500, 14.954476, 14.880851, -0.312012, -0.082336, 0.348824, -0.043630, -0.043630, 0.645724, 4.763003, -0.394499, -23.891407, 0.452695, 0.087345, 0.415797, 0.001822, 14.594727, 11.761475, 175.781235
-0.019197, 0.000000, 1055.000000, 0.075044, 2000.000000, 1000.000000, 14.922449, 14.248549, 15.171867, 15.657135, -0.289792, 0.414501, 0.047159, -0.095986, 0.000000, 0.375218, 5.528037, -2.230232, -22.346872, 0.364279, -0.658336, 0.346555, 0.002310, 14.516602, 14.999390, 223.083481
-0.031414, 0.022688, 1054.000000, 0.026178, 2000.000000, 1000.000000, 15.068361, 13.891550, 14.832426, 16.207663, -0.638012, 0.520044, -0.049607, -0.157068, 0.113438, 0.130890, 6.271769, -4.588237, -21.560362, 0.856428, -0.712664, 0.165461, 0.002258, 14.559570, 13.241577, 197.387680
-0.075044, 0.026178, 1050.000000, 0.001745, 2000.000000, 1000.000000, 15.702440, 13.744644, 14.554344, 15.998570, -0.850506, 0.276457, 0.128392, -0.375218, 0.130890, 0.008726, 8.100788, -6.754212, -21.336798, 0.977867, -0.308931, -0.078483, 0.001784, 14.547852, 14.279175, 212.585434
-0.122164, 0.020942, 1045.000000, 0.000000, 2000.000000, 1000.000000, 14.782351, 13.385022, 13.445373, 14.387254, -0.584803, -0.083687, 0.113862, -0.610820, 0.104712, 0.000000, 9.863293, -7.438480, -21.415710, 0.324864, 0.238611, -0.077418, 0.002178, 14.668945, 9.478760, 142.272949
-0.122164, 0.020942, 1044.000000, 0.000000, 2000.000000, 1000.000000, 14.559322, 13.741209, 13.873482, 13.825987, -0.192655, -0.150266, 0.216402, -0.610820, 0.104712, 0.000000, 10.245595, -5.981978, -21.822147, -0.302573, 0.345137, -0.146659, 0.002400, 14.661133, 9.240723, 138.793945
-0.106457, 0.020942, 1045.000000, 0.000000, 2000.000000, 1000.000000, 14.252516, 13.508728, 14.205462, 14.033295, -0.142905, 0.119378, 0.228989, -0.532286, 0.104712, 0.000000, 9.586309, -5.323581, -22.303268, -0.303638, -0.086292, -0.156247, 0.001760, 14.614258, 11.599731, 173.400864
-0.101222, 0.024433, 1044.000000, -0.001745, 2000.000000, 1000.000000, 13.966666, 13.041730, 14.397590, 14.594014, -0.280340, 0.495802, 0.182128, -0.506108, 0.122164, -0.008726, 8.674243, -6.228280, -22.766153, -0.057563, -0.671119, -0.132811, 0.001911, 14.633789, 10.681152, 159.973145
-0.102967, 0.031414, 1044.000000, -0.001745, 2000.000000, 1000.000000, 14.133958, 12.904046, 14.212777, 14.749219, -0.441588, 0.480998, 0.173368, -0.514834, 0.157068, -0.008726, 7.805803, -9.139935, -23.517361, 0.191707, -0.612530, -0.126419, 0.002258, 14.614258, 11.199951, 167.602524
-0.104712, 0.027923, 1044.000000, 0.000000, 2000.000000, 1000.000000, 14.106820, 13.435027, 13.923888, 14.534265, -0.320542, 0.229076, 0.015355, -0.523560, 0.139616, 0.000000, 7.621589, -10.245689, -23.702555, -0.010692, -0.226906, -0.010306, 0.002179, 14.629883, 10.440063, 156.433105
-0.102967, 0.026178, 1044.000000, 0.000000, 2000.000000, 1000.000000, 14.024317, 13.637627, 14.055767, 14.282290, -0.153303, 0.169028, 0.040042, -0.514834, 0.130890, 0.000000, 7.103481, -10.384233, -23.855867, -0.269550, -0.139555, -0.027350, 0.001766, 14.633789, 10.760498, 161.010727
-0.101222, 0.027923, 1045.000000, 0.000000, 2000.000000, 1000.000000, 13.605712, 13.752378, 14.424632, 14.217278, 0.088505, 0.320955, 0.015172, -0.506108, 0.139616, 0.000000, 4.578327, -10.489401, -24.429193, -0.647716, -0.373912, -0.010306, 0.002260, 14.625977, 10.598755, 158.874512
-0.099476, 0.029668, 1045.000000, 0.000000, 2000.000000, 1000.000000, 13.774699, 13.734935, 14.327815, 14.162551, 0.031375, 0.245183, 0.051257, -0.497382, 0.148342, 0.000000, 2.698876, -10.617598, -24.834198, -0.547582, -0.243950, -0.034807, 0.002190, 14.625977, 11.160278, 167.175278
-0.101222, 0.029668, 1045.000000, 0.000000, 2000.000000, 1000.000000, 14.197907, 13.761798, 13.985114, 14.055181, -0.126544, 0.020147, 0.091511, -0.506108, 0.148342, 0.000000, 1.525353, -10.234968, -25.235302, -0.303638, 0.116107, -0.062504, 0.001756, 14.583008, 12.799072, 191.101059
-0.102967, 0.031414, 1045.000000, 0.000000, 2000.000000, 1000.000000, 14.366438, 14.076374, 13.591721, 13.965467, -0.165953, -0.221406, -0.020921, -0.514834, 0.157068, 0.000000, 1.408792, -8.333848, -25.332098, -0.249310, 0.511317, 0.014195, 0.002294, 14.610352, 11.560059, 172.790512
-0.101222, 0.031414, 1045.000000, 0.000000, 2000.000000, 1000.000000, 14.084530, 13.873590, 13.958542, 14.083338, -0.083933, 0.020940, 0.021536, -0.506108, 0.157068, 0.000000, 0.991753, -7.043800, -25.398676, -0.371814, 0.123564, -0.014567, 0.002267, 14.622070, 11.441040, 171.203598
-0.082024, 0.043630, 1045.000000, 0.000000, 2000.000000, 1000.000000, 13.374401, 13.519339, 14.652487, 14.453773, 0.085912, 0.553130, 0.013443, -0.410122, 0.218150, 0.000000, -0.483987, -7.259901, -25.655270, -0.547582, -0.666858, -0.009241, 0.001861, 14.622070, 11.199951, 167.602524
-0.052356, 0.061082, 1046.000000, -0.001745, 2000.000000, 1000.000000, 13.015114, 13.939993, 14.983177, 14.061716, 0.461585, 0.522447, -0.000855, -0.261780, 0.305410, -0.008726, -4.623509, -8.541377, -26.294390, -1.000317, -0.530505, -0.008176, 0.002356, 14.625977, 11.239624, 168.273911
-0.054101, 0.061082, 1045.000000, -0.001745, 2000.000000, 1000.000000, 13.344699, 14.312146, 14.886405, 13.456750, 0.599276, 0.171577, 0.115552, -0.270506, 0.305410, -0.008726, -7.665638, -7.653566, -26.883142, -1.229347, 0.030886, -0.087005, 0.002400, 14.622070, 11.401367, 170.715317
-0.068063, 0.059337, 1047.000000, -0.001745, 2000.000000, 1000.000000, 13.971473, 14.154340, 14.520196, 13.353992, 0.337268, -0.062907, 0.245834, -0.340314, 0.296684, -0.008726, -9.982159, -5.697149, -27.529703, -0.879942, 0.397335, -0.176487, 0.001751, 14.625977, 11.041260, 165.405258
-0.069808, 0.061082, 1046.000000, -0.001745, 2000.000000, 1000.000000, 14.820950, 13.501682, 13.663927, 14.013441, -0.417195, -0.161316, 0.242438, -0.349040, 0.305410, -0.008726, -9.757854, -3.334667, -28.407469, 0.318473, 0.563515, -0.173291, 0.002306, 14.653320, 9.838867, 147.583008
-0.068063, 0.064572, 1047.000000, 0.000000, 2000.000000, 1000.000000, 14.884398, 13.304567, 13.642920, 14.168116, -0.526257, -0.094482, 0.263658, -0.340314, 0.322862, 0.000000, -7.918580, -2.648319, -28.781641, 0.501697, 0.474033, -0.178617, 0.002444, 14.629883, 11.041260, 165.405258
-0.048866, 0.069808, 1047.000000, 0.000000, 2000.000000, 1000.000000, 14.612720, 13.611432, 14.085870, 13.689979, -0.151349, -0.112076, 0.349294, -0.244328, 0.349040, 0.000000, -6.558712, -1.816284, -29.341860, -0.002170, 0.528361, -0.238272, 0.001774, 14.629883, 11.920166, 178.527817
-0.003490, 0.057592, 1047.000000, 0.000000, 2000.000000, 1000.000000, 13.839890, 14.497897, 14.448390, 13.213822, 0.473144, -0.168894, 0.144140, -0.017452, 0.287958, 0.000000, -7.029703, 1.146128, -30.003744, -0.774482, 0.558189, -0.097657, 0.002402, 14.629883, 10.598755, 158.874512
-0.003490, 0.059337, 1047.000000, 0.000000, 2000.000000, 1000.000000, 14.012424, 14.205267, 14.519979, 13.262329, 0.362623, -0.108846, 0.266202, -0.017452, 0.296684, 0.000000, -7.998478, 3.287515, -30.334446, -0.597649, 0.470838, -0.180748, 0.002185, 14.641602, 10.360718, 155.273438
-0.001745, 0.061082, 1047.000000, 0.000000, 2000.000000, 1000.000000, 14.429440, 13.729408, 14.367590, 13.473562, 0.048500, -0.079424, 0.398515, -0.008726, 0.305410, 0.000000, -8.133332, 4.796626, -30.978840, -0.086325, 0.432488, -0.271294, 0.001924, 14.637695, 10.879517, 163.085922
-0.001745, 0.083770, 1047.000000, 0.000000, 2000.000000, 1000.000000, 14.449423, 13.640863, 14.265720, 13.643993, -0.046708, -0.045143, 0.357571, -0.008726, 0.418848, 0.000000, -6.990350, 6.266302, -32.111031, 0.066007, 0.491077, -0.242533, 0.002306, 14.637695, 10.681152, 159.973145
-0.001745, 0.082024, 1048.000000, 0.000000, 2000.000000, 1000.000000, 14.477901, 13.683214, 14.256659, 13.582226, -0.030063, -0.080558, 0.367280, -0.008726, 0.410122, 0.000000, -6.055439, 7.321785, -32.872601, 0.039375, 0.539014, -0.248924, 0.002420, 14.637695, 10.519409, 157.592773
-0.001745, 0.066318, 1056.000000, -0.001745, 2000.000000, 1000.000000, 15.379744, 14.856903, 15.181725, 14.581629, 0.019314, -0.118324, 0.280734, -0.008726, 0.331588, -0.008726, -5.240985, 8.528472, -33.582287, -0.039454, 0.519839, -0.199922, 0.001770, 14.508789, 15.200806, 225.891098
-0.001745, 0.024433, 1059.000000, -0.001745, 2000.000000, 1000.000000, 15.081899, 15.235072, 14.953845, 14.729184, 0.094459, -0.158485, 0.017872, -0.008726, 0.122164, -0.008726, -4.683751, 10.193299, -34.063976, -0.158763, 0.373899, -0.020959, 0.002286, 14.551758, 13.839722, 206.176743
-0.001745, -0.001745, 1065.000000, -0.001745, 2000.000000, 1000.000000, 16.203144, 15.968830, 16.063160, 15.764865, 0.015996, -0.085988, 0.133152, -0.008726, -0.008726, -0.008726, -4.463921, 10.979948, -34.255341, -0.034128, 0.127825, -0.098723, 0.002356, 14.379883, 19.961548, 293.884277
-0.001745, -0.001745, 1068.000000, -0.001745, 2000.000000, 1000.000000, 15.598041, 15.831781, 16.289865, 16.280315, 0.060823, 0.285090, -0.056047, -0.008726, -0.008726, -0.008726, -4.946589, 10.595924, -34.304337, -0.105500, -0.462328, 0.029108, 0.001751, 14.446289, 17.080688, 252.685532
-0.001745, -0.001745, 1070.000000, 0.000000, 2000.000000, 1000.000000, 16.958773, 17.271940, 16.682295, 17.086992, -0.022882, -0.115356, -0.179466, -0.008726, -0.008726, 0.000000, -6.055345, 9.778051, -33.777603, 0.027657, 0.174696, 0.121786, 0.001955, 14.329102, 21.121216, 309.814453
-0.001745, -0.001745, 1070.000000, 0.000000, 2000.000000, 1000.000000, 17.482151, 17.470253, 16.151360, 16.896236, -0.189193, -0.476201, -0.183245, -0.008726, -0.008726, 0.000000, -4.816890, 10.716817, -33.706661, 0.291841, 0.747805, 0.123916, 0.002227, 14.352539, 20.321655, 298.828125
-0.001745, -0.001745, 1070.000000, 0.000000, 2000.000000, 1000.000000, 17.017275, 16.666685, 16.752794, 17.563246, -0.290260, 0.158021, -0.114966, -0.008726, -0.008726, 0.000000, -2.494772, 10.984801, -33.604633, 0.452695, -0.259929, 0.078110, 0.002028, 14.375977, 18.798828, 276.916504
-0.001745, -0.001745, 1060.000000, 0.000000, 2000.000000, 1000.000000, 15.411775, 15.281852, 16.744770, 16.561604, 0.013311, 0.653186, 0.078273, -0.008726, -0.008726, 0.000000, -3.043206, 9.132565, -33.467396, -0.029867, -1.046090, -0.052917, 0.002330, 14.493164, 15.078735, 223.815903
-0.001745, -0.001745, 1056.000000, 0.000000, 2000.000000, 1000.000000, 14.485516, 14.091322, 16.189672, 15.233490, 0.140497, 0.711581, 0.337594, -0.008726, -0.008726, 0.000000, -5.143394, 6.739782, -33.580563, -0.232266, -1.140897, -0.229749, 0.001755, 14.567383, 13.119507, 195.678696
-0.001745, -0.001745, 1048.000000, 0.000000, 2000.000000, 1000.000000, 14.880492, 13.053176, 14.447278, 13.619054, -0.249773, 0.033166, 0.663885, -0.008726, -0.008726, 0.000000, -6.606080, 4.756050, -34.868484, 0.390910, -0.061791, -0.451323, 0.002038, 14.696289, 7.040405, 105.895988
-0.001745, -0.001745, 1048.000000, 0.000000, 2000.000000, 1000.000000, 15.502672, 12.863756, 14.069448, 13.564123, -0.533397, -0.183215, 0.786060, -0.008726, -0.008726, 0.000000, -4.888794, 4.092819, -36.354370, 0.844710, 0.284417, -0.533348, 0.002292, 14.641602, 9.719849, 145.812988
-0.001745, -0.001745, 1048.000000, 0.000000, 2000.000000, 1000.000000, 15.298350, 13.004163, 14.091495, 13.605992, -0.452172, -0.151257, 0.694923, -0.008726, -0.008726, 0.000000, -2.622483, 3.296247, -37.837761, 0.714749, 0.233285, -0.473693, 0.001826, 14.622070, 11.160278, 166.992172
-0.001745, -0.001745, 1049.000000, 0.000000, 2000.000000, 1000.000000, 14.761559, 13.236024, 14.501451, 13.500966, -0.131263, 0.001208, 0.631505, -0.008726, -0.008726, 0.000000, -1.401160, 2.735362, -39.153229, 0.201294, -0.010659, -0.428953, 0.002137, 14.618164, 10.919189, 163.513168
-0.001745, -0.001745, 1049.000000, 0.000000, 2000.000000, 1000.000000, 14.192757, 13.184315, 15.194977, 13.427952, 0.189646, 0.311464, 0.693867, -0.008726, -0.008726, 0.000000, -2.689947, 2.339869, -40.958698, -0.312160, -0.507069, -0.470498, 0.002371, 14.594727, 11.920166, 178.100571
-0.001745, -0.001745, 1048.000000, 0.000000, 2000.000000, 1000.000000, 14.278521, 13.127846, 14.865292, 13.728342, -0.003432, 0.296817, 0.571906, -0.008726, -0.008726, 0.000000, -3.978653, 1.681018, -42.085201, -0.003235, -0.483633, -0.389538, 0.001895, 14.629883, 10.321045, 154.602051
-0.001745, -0.001745, 1048.000000, 0.000000, 2000.000000, 1000.000000, 14.967756, 12.610382, 14.133739, 14.288122, -0.627939, 0.210931, 0.550748, -0.008726, -0.008726, 0.000000, -3.441560, -0.908962, -43.688709, 0.995977, -0.346215, -0.373559, 0.002327, 14.602539, 11.999512, 179.321274
-0.001745, -0.001745, 1049.000000, 0.000000, 2000.000000, 1000.000000, 15.161727, 12.620143, 13.857665, 14.360465, -0.761096, 0.109065, 0.509696, -0.008726, -0.008726, 0.000000, -1.721959, -3.586785, -44.640938, 1.209028, -0.183231, -0.345863, 0.002309, 14.622070, 11.199951, 164.123520
-0.001745, -0.001745, 1049.000000, 0.000000, 2000.000000, 1000.000000, 14.759310, 12.991934, 13.961245, 14.287512, -0.523411, 0.124379, 0.360277, -0.008726, -0.008726, 0.000000, -0.080769, -5.871512, -45.277534, 0.828731, -0.207732, -0.245728, 0.001750, 14.649414, 9.881592, 148.315430
-0.001745, -0.001745, 1049.000000, 0.000000, 2000.000000, 1000.000000, 14.084032, 13.511417, 14.473730, 13.930820, -0.007426, 0.202275, 0.278881, -0.008726, -0.008726, 0.000000, -0.125483, -7.710740, -46.264175, 0.003156, -0.332367, -0.189270, 0.002318, 14.614258, 10.479736, 156.921387
-0.001745, -0.001745, 1049.000000, 0.000000, 2000.000000, 1000.000000, 14.067039, 13.626946, 14.135829, 14.170186, -0.118613, 0.153007, 0.101434, -0.008726, -0.008726, 0.000000, -0.547686, -8.360611, -46.661716, 0.181054, -0.253538, -0.068896, 0.002232, 14.598633, 11.560059, 172.912582
-0.001745, -0.001745, 1049.000000, 0.000000, 2000.000000, 1000.000000, 14.140369, 13.756016, 13.808355, 14.295259, -0.217815, 0.051808, -0.025638, -0.008726, -0.008726, 0.000000, -0.415401, -9.170032, -46.713650, 0.339778, -0.091619, 0.017390, 0.001974, 14.625977, 10.559082, 158.081055
-0.001745, -0.001745, 1049.000000, 0.000000, 2000.000000, 1000.000000, 14.168943, 14.053677, 13.717087, 14.060293, -0.114618, -0.111310, -0.056985, -0.008726, -0.008726, 0.000000, 0.251663, -9.576766, -46.534107, 0.174663, 0.169370, 0.038696, 0.002104, 14.583008, 12.719727, 189.880356
-0.001745, -0.001745, 1049.000000, 0.000000, 2000.000000, 1000.000000, 13.833444, 13.845895, 14.187188, 14.133473, 0.016542, 0.160331, 0.010316, -0.008726, -0.008726, 0.000000, 0.463289, -9.588526, -46.613499, -0.035193, -0.265256, -0.007111, 0.002318, 14.614258, 11.120605, 165.283188
-0.001745, -0.001745, 1049.000000, 0.000000, 2000.000000, 1000.000000, 13.533413, 13.710501, 14.237362, 14.518724, -0.026068, 0.378043, -0.114613, -0.008726, -0.008726, 0.000000, -0.587830, -10.414059, -46.680294, 0.032984, -0.613595, 0.078110, 0.001786, 14.625977, 10.839844, 162.231430
-0.001745, -0.001745, 1049.000000, 0.000000, 2000.000000, 1000.000000, 13.843303, 13.612330, 13.870814, 14.673553, -0.258428, 0.272183, -0.142942, -0.008726, -0.008726, 0.000000, -1.287431, -11.893563, -46.586636, 0.404759, -0.444219, 0.097285, 0.001891, 14.657227, 9.759521, 146.484375
-0.001745, -0.001745, 1049.000000, 0.000000, 2000.000000, 1000.000000, 14.412405, 13.768936, 13.269463, 14.549196, -0.480800, -0.090670, -0.159066, -0.008726, -0.008726, 0.000000, 0.275603, -14.194653, -45.877270, 0.760555, 0.136347, 0.107937, 0.002224, 14.625977, 10.400391, 155.700684
-0.001745, -0.001745, 1049.000000, 0.000000, 2000.000000, 1000.000000, 14.242241, 14.110872, 13.307026, 14.339861, -0.291051, -0.176557, -0.225367, -0.008726, -0.008726, 0.000000, 1.929651, -15.035410, -45.111805, 0.456956, 0.273765, 0.153743, 0.001782, 14.575195, 13.040161, 194.580063
-0.001745, -0.001745, 1049.000000, 0.000000, 2000.000000, 1000.000000, 13.795925, 14.020565, 14.262854, 13.920656, 0.141710, 0.091755, 0.029389, -0.008726, -0.008726, 0.000000, 2.453721, -14.675262, -44.697247, -0.235461, -0.155534, -0.019894, 0.002363, 14.610352, 11.920166, 178.222641
-0.001745, -0.001745, 1049.000000, 0.000000, 2000.000000, 1000.000000, 13.704306, 13.666107, 14.482822, 14.146765, 0.074465, 0.314793, 0.093564, -0.008726, -0.008726, 0.000000, 1.181162, -14.830113, -45.221237, -0.127870, -0.512395, -0.063569, 0.002256, 14.618164, 11.001587, 164.611801
-0.001745, -0.001745, 1049.000000, 0.000000, 2000.000000, 1000.000000, 13.927106, 13.399365, 14.275525, 14.398004, -0.162555, 0.336764, 0.101316, -0.008726, -0.008726, 0.000000, 0.146068, -15.994284, -45.703110, 0.251361, -0.547549, -0.068896, 0.002212, 14.625977, 10.760498, 161.193832
-0.001745, -0.001745, 1049.000000, 0.000000, 2000.000000, 1000.000000, 12.513287, 15.881105, 13.161310, 14.444298, 0.521208, -0.197196, -1.162701, -0.008726, -0.008726, 0.000000, -0.052743, -16.714972, -45.584549, -0.842658, 0.306788, 0.787572, 0.002180, 14.532227, 13.958740, 207.580551
-0.001745, -0.001745, 1049.000000, 0.000000, 2000.000000, 1000.000000, 11.743779, 15.263116, 11.808572, 17.184532, -0.464156, 0.496553, -2.223824, -0.008726, -0.008726, 0.000000, -8.062667, -14.191081, -33.501503, 0.733923, -0.803211, 1.508751, 0.002335, 14.571289, 12.799072, 190.917953
-0.001745, -0.001745, 1049.000000, 0.000000, 2000.000000, 1000.000000, 13.802001, 14.057099, 11.086473, 17.054426, -1.428214, 0.070450, -1.555763, -0.008726, -0.008726, 0.000000, -4.542792, -17.664202, -29.366423, 2.276416, -0.121446, 1.061343, 0.001754, 14.543945, 13.241577, 197.326645
-0.001745, -0.001745, 1049.000000, 0.000000, 2000.000000, 1000.000000, 14.141516, 14.573786, 11.074453, 16.210245, -1.175881, -0.357651, -1.392016, -0.008726, -0.008726, 0.000000, 1.591854, -19.725296, -24.577305, 1.872684, 0.563515, 0.949491, 0.001780, 14.602539, 11.718750, 175.231918
-0.001745, -0.001745, 1049.000000, 0.000000, 2000.000000, 1000.000000, 12.790704, 15.377322, 13.341521, 14.490453, 0.359422, -0.084013, -0.933888, -0.008726, -0.008726, 0.000000, 4.502050, -18.693808, -20.358383, -0.583801, 0.125694, 0.634175, 0.002225, 14.618164, 11.041260, 165.222153
-0.001745, -0.001745, 1049.000000, 0.000000, 2000.000000, 1000.000000, 12.110720, 14.965416, 14.561691, 14.362173, 0.763554, 0.461932, -0.663794, -0.008726, -0.008726, 0.000000, 1.418522, -18.591597, -19.922054, -1.230412, -0.747817, 0.453081, 0.001758, 14.583008, 11.080933, 165.588364
-0.001745, -0.001745, 1049.000000, 0.000000, 2000.000000, 1000.000000, 13.008755, 14.117981, 14.245333, 14.627932, 0.181657, 0.436632, -0.372956, -0.008726, -0.008726, 0.000000, -3.528487, -20.868868, -20.121891, -0.299377, -0.707337, 0.253878, 0.001938, 14.618164, 10.958862, 164.001450
-0.001745, -0.001745, 1049.000000, 0.000000, 2000.000000, 1000.000000, 14.332632, 13.679600, 13.412062, 14.575706, -0.454169, -0.006116, -0.127653, -0.008726, -0.008726, 0.000000, -3.038570, -21.978691, -19.557425, 0.717944, 0.001059, 0.086632, 0.002432, 14.610352, 11.840820, 177.001938
-0.001745, -0.001745, 1049.000000, 0.000000, 2000.000000, 1000.000000, 14.867784, 13.747649, 12.965846, 14.418721, -0.643252, -0.307717, -0.083185, -0.008726, -0.008726, 0.000000, -0.213682, -22.103109, -18.326597, 1.020477, 0.483621, 0.056805, 0.001828, 14.614258, 10.958862, 164.001450
-0.001745, -0.001745, 1049.000000, 0.000000, 2000.000000, 1000.000000, 14.838215, 13.992933, 13.226561, 13.942291, -0.390253, -0.415574, 0.032387, -0.008726, -0.008726, 0.000000, 2.746133, -21.244547, -17.171675, 0.615680, 0.656192, -0.022024, 0.002135, 14.614258, 11.718750, 175.415024
-0.001745, -0.001745, 1049.000000, 0.000000, 2000.000000, 1000.000000, 13.999738, 14.289460, 14.341500, 13.369302, 0.315480, -0.144599, 0.170619, -0.008726, -0.008726, 0.000000, 3.208693, -19.199970, -17.330736, -0.513494, 0.222632, -0.115767, 0.002239, 14.594727, 11.279297, 168.579086
-0.001745, -0.001745, 1049.000000, 0.000000, 2000.000000, 1000.000000, 13.735882, 14.027346, 14.675518, 13.561255, 0.351432, 0.118386, 0.205700, -0.008726, -0.008726, 0.000000, 1.461281, -18.646978, -18.281116, -0.571018, -0.198144, -0.140268, 0.001756, 14.625977, 10.519409, 157.531738
-0.001745, -0.001745, 1049.000000, 0.000000, 2000.000000, 1000.000000, 14.037498, 13.390174, 14.548368, 14.023961, -0.030729, 0.286165, 0.292933, -0.008726, -0.008726, 0.000000, 0.363209, -19.324373, -19.153694, 0.040440, -0.466589, -0.198857, 0.002229, 14.653320, 9.521484, 142.822266
-0.001745, -0.001745, 1053.000000, 0.000000, 2000.000000, 1000.000000, 15.573605, 14.141005, 15.139997, 15.145393, -0.359499, 0.142695, 0.356801, -0.008726, -0.008726, 0.000000, 1.477931, -21.347052, -19.689383, 0.562417, -0.235428, -0.241467, 0.002219, 14.434570, 17.361450, 256.591797
-0.001745, -0.001745, 1132.000000, 0.000000, 2000.000000, 1000.000000, 23.449371, 22.395542, 23.024429, 23.130657, -0.290014, 0.077542, 0.236901, -0.008726, -0.008726, 0.000000, 2.636748, -21.836372, -19.910210, 0.452695, -0.132098, -0.161573, 0.001762, 12.626465, 97.161865, 1252.624512
-0.001745, -0.001745, 1137.000000, 0.000000, 2000.000000, 1000.000000, 12.776982, 22.617405, 18.007694, 38.597919, -2.687449, 5.302806, -7.607661, -0.008726, -0.008726, 0.000000, 9.160431, -45.911491, -4.195551, 4.259926, -8.431521, 5.145541, 0.002289, 14.180664, 21.640015, 314.575195
-0.001745, -0.001745, 1137.000000, 0.000000, 2000.000000, 1000.000000, 15.464256, 16.521372, 15.384666, 44.629707, -7.046981, 7.007186, -7.575539, -0.008726, -0.008726, 0.000000, 57.187019, -63.012878, 50.528996, 11.185166, -11.139406, 5.125301, 0.002269, 14.450195, 15.039062, 222.534164
-0.001745, -0.001745, 1061.000000, 0.000000, 2000.000000, 1000.000000, 11.550246, 2.427457, 4.673156, 45.349140, -12.449694, 9.011148, -7.888299, -0.008726, -0.008726, 0.000000, 112.486679, -22.808044, 106.963196, 19.797775, -14.344767, 5.366049, 0.001783, 21.090820, 0.000000, 1.708984
-0.001745, -0.001745, 1000.000000, 0.000000, 2000.000000, 1000.000000, 5.516773, -4.848289, -3.618267, 42.949783, -14.233278, 9.665758, -9.050747, -0.008726, -0.008726, 0.000000, 119.726158, 15.913636, 115.690224, 22.764519, -15.473940, 6.142622, 0.002245, 10.571777, 99.996948, 1085.998535
-0.001745, -0.001745, 1000.000000, 0.000000, 2000.000000, 1000.000000, 10.009706, 10.001193, 9.989280, 9.999822, -0.004763, -0.005450, -0.000508, -0.008726, -0.008726, 0.000000, 7.363260, 9.523371, -13.318185, -0.001105, -0.000006, 0.000346, 0.001763, 14.930664, 0.479126, 7.324218
-0.001745, -0.001745, 1000.000000, 0.000000, 2000.000000, 1000.000000, 10.025609, 9.993279, 9.998525, 9.982587, -0.004098, -0.009444, 0.012067, -0.008726, -0.008726, 0.000000, 7.290924, 9.471378, -13.243969, -0.002170, 0.006385, -0.008176, 0.002331, 14.860352, 2.880859, 43.823238
-0.001745, -0.001745, 1000.000000, 0.000000, 2000.000000, 1000.000000, 10.023533, 9.966061, 10.019087, 9.991320, -0.007426, 0.005203, 0.021310, -0.008726, -0.008726, 0.000000, 7.243218, 9.373968, -13.186348, 0.003156, -0.017050, -0.014567, 0.001791, 14.747070, 6.439209, 97.290031
-0.001745, -0.001745, 1000.000000, 0.000000, 2000.000000, 1000.000000, 9.999416, 10.019472, 9.959017, 10.022095, -0.010755, -0.009444, -0.020783, -0.008726, -0.008726, 0.000000, 7.219806, 9.310509, -13.108380, 0.008483, 0.006385, 0.014195, 0.001801, 14.844727, 4.760742, 72.326660
-0.001745, -0.001745, 1000.000000, 0.000000, 2000.000000, 1000.000000, 10.036169, 9.970736, 10.013081, 9.980015, -0.008092, -0.003452, 0.024625, -0.008726, -0.008726, 0.000000, 7.140513, 9.234715, -12.987803, 0.004222, -0.003202, -0.016698, 0.001767, 14.840820, 3.878784, 58.898922
-0.001745, -0.001745, 1000.000000, 0.000000, 2000.000000, 1000.000000, 10.026786, 9.977456, 10.013017, 9.982741, -0.004763, -0.002121, 0.019901, -0.008726, -0.008726, 0.000000, 6.966692, 9.052116, -12.781717, -0.001105, -0.005333, -0.013502, 0.002394, 14.840820, 4.080200, 62.011715
-0.001745, -0.001745, 1000.000000, 0.000000, 2000.000000, 1000.000000, 10.001446, 10.004128, 9.978357, 10.016069, -0.008758, -0.002787, -0.010098, -0.008726, -0.008726, 0.000000, 6.865441, 8.968719, -12.667139, 0.005287, -0.004267, 0.006738, 0.002503, 14.844727, 3.961182, 60.180660
-0.001745, -0.001745, 1000.000000, 0.000000, 2000.000000, 1000.000000, 9.989221, 10.030999, 9.975453, 10.004327, 0.003226, -0.010110, -0.017663, -0.008726, -0.008726, 0.000000, 6.797948, 8.921060, -12.556319, -0.013888, 0.007450, 0.012064, 0.002187, 14.844727, 4.000854, 60.791012
-0.001745, -0.001745, 1000.000000, -0.001745, 2000.000000, 1000.000000, 10.027073, 9.986490, 10.014635, 9.971802, 0.000563, -0.006781, 0.020854, -0.008726, -0.008726, -0.008726, 6.687882, 8.838647, -12.446755, -0.009627, 0.002124, -0.023089, 0.001765, 14.840820, 3.921509, 59.631344
-0.001745, -0.001745, 1032.000000, -0.001745, 2000.000000, 1000.000000, 12.975770, 13.020482, 12.965997, 13.037751, -0.006761, 0.001874, -0.029117, -0.008726, -0.008726, -0.008726, 6.598565, 8.736799, -12.323605, 0.002091, -0.011724, 0.010999, 0.001755, 14.852539, 3.561401, 54.199215
-0.001745, -0.001745, 1040.000000, -0.001745, 2000.000000, 1000.000000, 14.031428, 13.759761, 14.125518, 14.083293, -0.057360, 0.104405, 0.078473, -0.008726, -0.008726, -0.008726, 6.598391, 8.504251, -12.334955, 0.083051, -0.175774, -0.062504, 0.001765, 14.645508, 11.679077, 175.109848
-0.001745, -0.001745, 1068.000000, 0.000000, 2000.000000, 1000.000000, 15.678136, 16.252350, 16.298836, 15.770679, 0.275593, 0.034757, -0.011515, -0.008726, -0.008726, 0.000000, 5.221286, 7.690822, -11.786361, -0.446382, -0.063922, 0.007803, 0.002351, 14.450195, 18.200684, 269.409180
-0.001745, -0.001745, 1068.000000, 0.000000, 2000.000000, 1000.000000, 15.736453, 15.373899, 16.655378, 16.234270, 0.014639, 0.444824, 0.195916, -0.008726, -0.008726, 0.000000, 3.079707, 6.858064, -11.778948, -0.031997, -0.715860, -0.132811, 0.002026, 14.489258, 16.641235, 246.826157
-0.001745, -0.001745, 1068.000000, 0.000000, 2000.000000, 1000.000000, 16.216532, 15.278891, 16.479872, 16.024706, -0.120619, 0.252289, 0.348202, -0.008726, -0.008726, 0.000000, 3.461850, 2.762301, -12.883121, 0.183185, -0.410131, -0.237206, 0.001758, 14.434570, 18.759155, 277.099609
-0.001745, -0.001745, 1068.000000, 0.000000, 2000.000000, 1000.000000, 15.690516, 16.380703, 16.875130, 15.053649, 0.627917, -0.035609, 0.282824, -0.008726, -0.008726, 0.000000, 1.605463, 2.926934, -13.789611, -1.007773, 0.047930, -0.192465, 0.001758, 14.497070, 16.400146, 243.225082
-0.001745, -0.001745, 1068.000000, 0.000000, 2000.000000, 1000.000000, 16.675179, 15.441785, 16.108597, 15.774442, -0.224810, -0.058481, 0.391887, -0.008726, -0.008726, 0.000000, -2.095561, 2.587698, -15.334798, 0.348300, 0.084149, -0.264903, 0.002337, 14.481445, 16.680908, 247.314438
-0.001745, -0.001745, 1068.000000, 0.000000, 2000.000000, 1000.000000, 16.611641, 15.282652, 16.439510, 15.666195, -0.138918, 0.052853, 0.525576, -0.008726, -0.008726, 0.000000, 0.367126, 2.883425, -16.875378, 0.211947, -0.092684, -0.355450, 0.002261, 14.461914, 16.601562, 246.032700
-0.001745, -0.001745, 1068.000000, 0.000000, 2000.000000, 1000.000000, 16.069056, 15.379486, 17.000610, 15.550846, 0.190048, 0.275729, 0.534833, -0.008726, -0.008726, 0.000000, -0.107424, 2.193833, -17.808121, -0.311095, -0.447415, -0.363972, 0.001765, 14.485352, 16.439819, 243.896469
-0.001745, -0.001745, 1068.000000, 0.000000, 2000.000000, 1000.000000, 15.869169, 15.507263, 16.952677, 15.670891, 0.229970, 0.311783, 0.410923, -0.008726, -0.008726, 0.000000, -2.974854, 0.482619, -19.052851, -0.373945, -0.503873, -0.277686, 0.002339, 14.473633, 16.558838, 245.300278
-0.001745, -0.001745, 1068.000000, 0.000000, 2000.000000, 1000.000000, 16.535631, 15.557143, 16.297823, 15.609399, -0.072516, -0.046388, 0.416728, -0.008726, -0.008726, 0.000000, -3.677570, 0.138790, -19.759155, 0.106486, 0.064974, -0.281947, 0.002206, 14.469727, 17.199707, 254.882797
-0.001745, -0.001745, 1068.000000, 0.000000, 2000.000000, 1000.000000, 16.581045, 15.657556, 15.931142, 15.830255, -0.205651, -0.119302, 0.256095, -0.008726, -0.008726, 0.000000, -2.938109, 0.318519, -20.372738, 0.318473, 0.181087, -0.174356, 0.001760, 14.516602, 14.999390, 222.900375
-0.001745, -0.001745, 1068.000000, 0.000000, 2000.000000, 1000.000000, 16.240171, 15.121028, 16.417900, 16.220898, -0.230536, 0.319400, 0.329036, -0.008726, -0.008726, 0.000000, -1.627491, -0.758492, -21.121689, 0.357887, -0.516656, -0.223358, 0.001913, 14.434570, 18.200684, 268.981934
-0.001745, -0.001745, 1068.000000, 0.000000, 2000.000000, 1000.000000, 15.821611, 15.014043, 16.867680, 16.296669, -0.059138, 0.582174, 0.344645, -0.008726, -0.008726, 0.000000, -1.949301, -2.804238, -21.739531, 0.085181, -0.933172, -0.232945, 0.002377, 14.469727, 16.558838, 245.422348
-0.001745, -0.001745, 1044.000000, 0.000000, 2000.000000, 1000.000000, 14.087349, 12.825003, 14.929783, 14.157866, -0.122607, 0.543824, 0.508566, -0.008726, -0.008726, 0.000000, -2.684481, -5.172769, -22.575230, 0.187446, -0.878844, -0.346928, 0.001771, 14.555664, 13.400269, 199.584946
-0.001745, -0.001745, 1024.000000, 0.000000, 2000.000000, 1000.000000, 12.684378, 11.216002, 12.268475, 11.831146, -0.257762, 0.049810, 0.476426, -0.008726, -0.008726, 0.000000, -2.393643, -6.817154, -23.511181, 0.403693, -0.088423, -0.323492, 0.002170, 14.864258, 0.759888, 12.023925
-0.001745, -0.001745, 1026.000000, 0.000000, 2000.000000, 1000.000000, 13.519711, 11.773492, 11.210313, 11.496484, -0.508098, -0.646602, 0.365012, -0.008726, -0.008726, 0.000000, 0.814183, -5.516929, -24.311625, 0.804230, 1.025837, -0.247859, 0.002171, 14.766602, 6.161499, 93.078606
-0.001745, -0.001745, 1026.000000, 0.000000, 2000.000000, 1000.000000, 13.315150, 11.681113, 11.161546, 11.842191, -0.578671, -0.498131, 0.238348, -0.008726, -0.008726, 0.000000, 3.971221, -4.178367, -24.573399, 0.917147, 0.788284, -0.162638, 0.001751, 14.743164, 7.199097, 108.703606
-0.001745, -0.001745, 1027.000000, 0.000000, 2000.000000, 1000.000000, 12.900055, 11.361179, 11.442863, 12.295902, -0.597979, -0.130618, 0.171460, -0.008726, -0.008726, 0.000000, 6.849585, -4.028259, -24.731207, 0.948040, 0.200262, -0.116832, 0.001825, 14.719727, 7.919312, 119.323723
-0.001745, -0.001745, 1027.000000, 0.000000, 2000.000000, 1000.000000, 12.848118, 10.987015, 12.011436, 12.153431, -0.500774, 0.082434, 0.429777, -0.008726, -0.008726, 0.000000, 9.974983, -5.691082, -25.242630, 0.792512, -0.140620, -0.291534, 0.002261, 14.743164, 6.799316, 102.600090
-0.001745, -0.001745, 1027.000000, 0.000000, 2000.000000, 1000.000000, 12.823406, 11.210131, 11.981400, 11.985064, -0.404235, -0.016768, 0.402403, -0.008726, -0.008726, 0.000000, 11.629262, -6.707982, -25.862751, 0.638050, 0.018103, -0.274490, 0.001775, 14.719727, 7.641602, 115.173332
-0.001745, -0.001745, 1028.000000, 0.000000, 2000.000000, 1000.000000, 12.874707, 11.399844, 11.737092, 11.988357, -0.431532, -0.137275, 0.305900, -0.008726, -0.008726, 0.000000, 14.232797, -7.096015, -26.494522, 0.681726, 0.210915, -0.207379, 0.002364, 14.766602, 6.201172, 93.688957
-0.001745, -0.001745, 1027.000000, 0.000000, 2000.000000, 1000.000000, 12.934742, 11.050858, 11.675953, 12.338448, -0.636594, 0.007200, 0.305347, -0.008726, -0.008726, 0.000000, 16.344820, -7.866785, -26.741400, 1.009825, -0.020246, -0.207379, 0.002158, 14.743164, 7.360840, 111.083977
-0.001745, -0.001745, 1028.000000, 0.000000, 2000.000000, 1000.000000, 12.903568, 10.737154, 11.741985, 12.617292, -0.760430, 0.179639, 0.322776, -0.008726, -0.008726, 0.000000, 18.853544, -9.673459, -26.954752, 1.207963, -0.296148, -0.220162, 0.001752, 14.770508, 6.240845, 94.421379
-0.001745, -0.001745, 1028.000000, 0.000000, 2000.000000, 1000.000000, 12.726999, 11.018917, 11.717215, 12.536869, -0.631934, 0.127042, 0.222107, -0.008726, -0.008726, 0.000000, 21.263920, -11.668853, -27.000486, 1.002368, -0.211993, -0.150920, 0.002134, 14.735352, 7.760620, 117.126457
-0.001745, -0.001745, 1028.000000, 0.000000, 2000.000000, 1000.000000, 13.156674, 11.139182, 11.463794, 12.240350, -0.698512, -0.147928, 0.310234, -0.008726, -0.008726, 0.000000, 24.834618, -13.562067, -26.891661, 1.108894, 0.227959, -0.210575, 0.002205, 14.750977, 6.799316, 102.111809
-0.001745, -0.001745, 1028.000000, 0.000000, 2000.000000, 1000.000000, 13.671688, 11.231365, 10.954828, 12.142118, -0.906903, -0.451526, 0.313258, -0.008726, -0.008726, 0.000000, 28.556934, -13.944439, -26.586380, 1.442319, 0.713716, -0.213771, 0.001751, 14.727539, 7.199097, 108.581535
-0.001745, -0.001745, 1028.000000, 0.000000, 2000.000000, 1000.000000, 13.995897, 11.168144, 10.681162, 12.154797, -1.075347, -0.582021, 0.338530, -0.008726, -0.008726, 0.000000, 33.668678, -13.782793, -25.933313, 1.711830, 0.922507, -0.229749, 0.002199, 14.762695, 6.719971, 101.623528
-0.001745, 0.059337, 1028.000000, 0.000000, 2000.000000, 1000.000000, 13.318657, 10.839115, 11.339088, 12.503139, -0.910898, -0.078886, 0.328873, -0.008726, 0.296684, 0.000000, 41.331871, -14.013486, -25.088322, 1.448711, 0.422901, -0.223358, 0.002195, 14.774414, 6.521606, 98.571770
-0.001745, 0.118674, 1028.000000, 0.000000, 2000.000000, 1000.000000, 12.229863, 10.981814, 12.021964, 12.766358, -0.498111, 0.394161, 0.125913, -0.008726, 0.593368, 0.000000, 44.341518, -15.005383, -24.741226, 0.788251, -0.037290, -0.085940, 0.001753, 14.793945, 5.441284, 82.397453
-0.012216, 0.130890, 1028.000000, 0.000000, 2000.000000, 1000.000000, 11.753043, 11.661912, 12.396274, 12.188771, 0.029093, 0.292523, 0.074659, -0.061082, 0.654450, 0.000000, 45.192795, -15.374189, -24.658327, -0.107630, 0.186414, -0.050786, 0.001857, 14.758789, 6.561279, 99.182121
-0.029668, 0.129145, 1028.000000, 0.000000, 2000.000000, 1000.000000, 12.177691, 12.921956, 12.294810, 10.605542, 0.608384, -0.549824, 0.236251, -0.148342, 0.645724, 0.000000, 44.267128, -11.045577, -25.305859, -1.121756, 1.525443, -0.160508, 0.002213, 14.774414, 5.960083, 90.209953
-0.069808, 0.129145, 1028.000000, 0.000000, 2000.000000, 1000.000000, 12.352771, 13.244885, 12.069880, 10.332463, 0.657383, -0.798828, 0.211325, -0.349040, 0.645724, 0.000000, 43.136272, -5.154865, -25.844028, -1.400853, 1.923849, -0.143464, 0.002183, 14.735352, 7.800293, 117.614738
-0.106457, 0.101222, 1028.000000, 0.000000, 2000.000000, 1000.000000, 12.481044, 12.703910, 12.199374, 10.615672, 0.451642, -0.592476, 0.340209, -0.532286, 0.506108, 0.000000, 41.910671, 0.747494, -26.369343, -1.254913, 1.454070, -0.231880, 0.001765, 14.770508, 6.161499, 93.200676
-0.122164, 0.092496, 1029.000000, 0.000000, 2000.000000, 1000.000000, 11.341662, 11.719377, 13.475890, 11.463071, 0.597633, 0.469481, 0.408777, -0.610820, 0.462478, 0.000000, 38.285873, 5.224305, -27.192087, -1.567034, -0.288691, -0.277686, 0.002178, 14.770508, 6.838989, 103.515617
-0.127400, 0.069808, 1029.000000, 0.000000, 2000.000000, 1000.000000, 10.439304, 12.057798, 14.215277, 11.287621, 1.136538, 0.751449, 0.327291, -0.636998, 0.349040, 0.000000, 32.651966, 6.123049, -27.329689, -2.455458, -0.853278, -0.222293, 0.002211, 14.731445, 8.401489, 126.708977
-0.127400, 0.013962, 1029.000000, 0.000000, 2000.000000, 1000.000000, 10.315767, 13.353287, 14.032984, 10.297962, 1.693135, 0.165473, 0.174375, -0.636998, 0.069808, 0.000000, 24.768082, 8.268704, -26.809841, -3.346014, -0.194949, -0.118963, 0.001825, 14.735352, 9.399414, 141.601562
-0.080279, -0.001745, 1030.000000, 0.000000, 2000.000000, 1000.000000, 12.969594, 15.352916, 13.405076, 10.272414, 1.378996, -1.161254, 0.187335, -0.401396, -0.008726, 0.000000, 14.396925, 17.744612, -24.988516, -2.607790, 1.849281, -0.127485, 0.001908, 14.735352, 7.598877, 113.403313
-0.047120, -0.001745, 1030.000000, 0.000000, 2000.000000, 1000.000000, 13.678279, 14.014396, 12.848287, 11.459039, 0.431341, -0.846338, 0.263283, -0.235602, -0.008726, 0.000000, 11.885635, 23.996584, -24.645224, -0.925748, 1.345414, -0.178617, 0.002398, 14.649414, 10.800171, 161.987289
-0.005236, -0.001745, 1030.000000, 0.000000, 2000.000000, 1000.000000, 13.333631, 12.754500, 13.053039, 12.858830, -0.096231, -0.044065, 0.193335, -0.026178, -0.008726, 0.000000, 12.005111, 25.851812, -25.032963, 0.127791, 0.061779, -0.131746, 0.001808, 14.684570, 9.439087, 141.906738
-0.001745, -0.001745, 1012.000000, 0.000000, 2000.000000, 1000.000000, 10.851241, 10.324763, 11.505921, 11.318074, -0.084658, 0.411998, 0.178581, -0.008726, -0.008726, 0.000000, 11.970685, 25.274868, -25.190596, 0.126726, -0.667923, -0.121093, 0.002313, 15.590820, 0.000000, 1.281738
