


<<< NEW FLIGHT DATA >>>


0.000000, 0.003490, 1000.000000, 0.000000, 2000.000000, 1000.000000, 9.989510, 9.990339, 10.010080, 10.010071, 0.000209, 0.010076, -0.000205, 0.000000, 0.017452, 0.000000, -1.403669, 5.002300, 0.157227, -0.000370, 0.000179, 0.000140, 0.001779, 15.661133, 0.601196, 9.582520
0.000000, 0.003490, 1000.000000, 0.000000, 2000.000000, 1000.000000, 10.026819, 9.942251, 10.056852, 9.974077, -0.000448, 0.015465, 0.041836, 0.000000, 0.017452, 0.000000, -1.388759, 4.963538, 0.184935, 0.000696, -0.009408, -0.028622, 0.001768, 15.485352, 6.439209, 102.111809
0.000000, 0.003490, 1000.000000, 0.000000, 2000.000000, 1000.000000, 9.978618, 10.009664, 9.989482, 10.022237, -0.000428, 0.005860, -0.015950, 0.000000, 0.017452, 0.000000, -1.378283, 4.958962, 0.180183, 0.000696, 0.007636, 0.010792, 0.002180, 15.469727, 7.321167, 116.027824
0.000000, 0.003490, 1000.000000, 0.000000, 2000.000000, 1000.000000, 9.972380, 10.001438, 9.983370, 10.042812, -0.007596, 0.013091, -0.022126, 0.000000, 0.017452, 0.000000, -1.379764, 4.912686, 0.173713, 0.013479, -0.005147, 0.015053, 0.001778, 15.442383, 7.559204, 119.628899
0.000000, 0.003490, 1000.000000, 0.000000, 2000.000000, 1000.000000, 10.043046, 9.982123, 10.025367, 9.949464, 0.003745, -0.012585, 0.034206, 0.000000, 0.017452, 0.000000, -1.345196, 4.969584, 0.118835, -0.006761, 0.039594, -0.023296, 0.002327, 15.536133, 4.598999, 73.181152
0.000000, 0.003490, 1000.000000, 0.000000, 2000.000000, 1000.000000, 10.006161, 10.022411, 9.996595, 9.974833, 0.009503, -0.014286, 0.001378, 0.000000, 0.017452, 0.000000, -1.370633, 5.005383, 0.150092, -0.016349, 0.042789, -0.000926, 0.002266, 15.547852, 4.479980, 71.289062
0.000000, 0.003490, 1000.000000, 0.000000, 2000.000000, 1000.000000, 9.988561, 9.991307, 10.007903, 10.012229, -0.000395, 0.010066, -0.001768, 0.000000, 0.017452, 0.000000, -1.416826, 4.735391, 0.335339, 0.000696, 0.000179, 0.001205, 0.001828, 15.653320, 0.479126, 7.690429
0.000000, 0.003490, 1000.000000, 0.000000, 2000.000000, 1000.000000, 9.968129, 10.009316, 9.993512, 10.029042, 0.001415, 0.011277, -0.019179, 0.000000, 0.017452, 0.000000, -1.397967, 4.725581, 0.343085, -0.002500, -0.001952, 0.012923, 0.001755, 15.493164, 5.801392, 92.102043
0.000000, 0.003490, 1000.000000, 0.000000, 2000.000000, 1000.000000, 9.994109, 9.948806, 10.058961, 9.998124, 0.003884, 0.028542, 0.026535, 0.000000, 0.017452, 0.000000, -1.404504, 4.685558, 0.376687, -0.006761, -0.031779, -0.017970, 0.002343, 15.391602, 9.600830, 150.817871
0.000000, 0.003490, 1000.000000, 0.000000, 2000.000000, 1000.000000, 10.030389, 9.977563, 9.991181, 10.000867, -0.015628, -0.003976, 0.010785, 0.000000, 0.017452, 0.000000, -1.318420, 4.632453, 0.376378, 0.027327, 0.024680, -0.007317, 0.002300, 15.485352, 5.599976, 88.806145
0.000000, 0.003490, 1000.000000, 0.000000, 2000.000000, 1000.000000, 10.034700, 9.968075, 10.030903, 9.966322, -0.000511, -0.001387, 0.032802, 0.000000, 0.017452, 0.000000, -1.326953, 4.651020, 0.414082, 0.000696, 0.020419, -0.022231, 0.002275, 15.532227, 4.638672, 73.791504
0.000000, 0.003490, 1000.000000, 0.000000, 2000.000000, 1000.000000, 10.015434, 9.977865, 10.015245, 9.991455, -0.003445, 0.003350, 0.015340, 0.000000, 0.017452, 0.000000, -1.284072, 4.676863, 0.416559, 0.006022, 0.011897, -0.010513, 0.001767, 15.520508, 5.120850, 81.420891
0.000000, 0.003490, 1000.000000, 0.000000, 2000.000000, 1000.000000, 10.006064, 9.986886, 9.996617, 10.010432, -0.008248, 0.003525, 0.001341, 0.000000, 0.017452, 0.000000, -1.310635, 4.689257, 0.422867, 0.014544, 0.011897, -0.000926, 0.001824, 15.563477, 3.839111, 61.218258
0.000000, 0.003490, 1000.000000, 0.000000, 2000.000000, 1000.000000, 9.982117, 9.994942, 10.011307, 10.011635, 0.003124, 0.011471, -0.003288, 0.000000, 0.017452, 0.000000, -1.254184, 4.670187, 0.468326, -0.005696, -0.001952, 0.002270, 0.002251, 15.520508, 5.358887, 85.205070
0.000000, 0.003490, 1000.000000, 0.000000, 2000.000000, 1000.000000, 9.991078, 10.022643, 9.973973, 10.012305, -0.001691, -0.006860, -0.017474, 0.000000, 0.017452, 0.000000, -1.207257, 4.640608, 0.529031, 0.002826, 0.030006, 0.011857, 0.002280, 15.520508, 4.800415, 76.293945
0.000000, 0.003490, 1000.000000, 0.000000, 2000.000000, 1000.000000, 9.974403, 9.980822, 10.025419, 10.019356, 0.003121, 0.022388, -0.000088, 0.000000, 0.017452, 0.000000, -1.244995, 4.592968, 0.557411, -0.005696, -0.021126, 0.000140, 0.002444, 15.551758, 4.159546, 66.223145
0.000000, 0.003490, 1000.000000, 0.000000, 2000.000000, 1000.000000, 10.016321, 10.035534, 9.967539, 9.980606, 0.001536, -0.025928, -0.008070, 0.000000, 0.017452, 0.000000, -1.215759, 4.609636, 0.592787, -0.002500, 0.063029, 0.005466, 0.002049, 15.543945, 4.000854, 63.720699
0.000000, 0.003490, 1000.000000, 0.000000, 2000.000000, 1000.000000, 9.967039, 9.978626, 10.032648, 10.021687, 0.005637, 0.027167, -0.000156, 0.000000, 0.017452, 0.000000, -1.200081, 4.581410, 0.625832, -0.009957, -0.029648, 0.000140, 0.001960, 15.540039, 4.000854, 63.720699
0.000000, 0.003490, 1000.000000, 0.000000, 2000.000000, 1000.000000, 9.990339, 10.018255, 9.990612, 10.000793, 0.004433, -0.004298, -0.009524, 0.000000, 0.017452, 0.000000, -1.190173, 4.581882, 0.666052, -0.007826, 0.025745, 0.006531, 0.001788, 15.571289, 2.920532, 46.630856
0.000000, 0.003490, 1000.000000, 0.000000, 2000.000000, 1000.000000, 9.979737, 9.967557, 10.023219, 10.029487, -0.004612, 0.026353, 0.001479, 0.000000, 0.017452, 0.000000, -1.176590, 4.477831, 0.702462, 0.008152, -0.028583, -0.000926, 0.001866, 15.543945, 4.080200, 64.880371
0.000000, 0.003490, 1000.000000, 0.000000, 2000.000000, 1000.000000, 10.001353, 10.007339, 10.013957, 9.977351, 0.010647, -0.004346, 0.007655, 0.000000, 0.017452, 0.000000, -1.127101, 4.511587, 0.714122, -0.018479, 0.025745, -0.005187, 0.002229, 15.536133, 4.400635, 70.007324
0.000000, 0.003490, 1000.000000, 0.000000, 2000.000000, 1000.000000, 10.025579, 10.003878, 9.992878, 9.977665, -0.001622, -0.014729, 0.009228, 0.000000, 0.017452, 0.000000, -1.072355, 4.411702, 0.754594, 0.002826, 0.043855, -0.006252, 0.001865, 15.567383, 3.158569, 50.292965
0.000000, 0.003490, 1000.000000, 0.000000, 2000.000000, 1000.000000, 9.976966, 9.965882, 10.025846, 10.031306, -0.004136, 0.028576, 0.001406, 0.000000, 0.017452, 0.000000, -1.085635, 4.422049, 0.790414, 0.007087, -0.031779, -0.000926, 0.002292, 15.551758, 3.280640, 52.185055
0.000000, 0.003490, 1000.000000, 0.000000, 2000.000000, 1000.000000, 10.016275, 10.008785, 9.970745, 10.004194, -0.010235, -0.012530, -0.006489, 0.000000, 0.017452, 0.000000, -1.004226, 4.371010, 0.843225, 0.017740, 0.039594, 0.004401, 0.002370, 15.520508, 4.278564, 71.899414
0.000000, 0.003490, 1000.000000, 0.000000, 2000.000000, 1000.000000, 9.955308, 9.972718, 10.050784, 10.021190, 0.011751, 0.035987, 0.003046, 0.000000, 0.017452, 0.000000, -1.013731, 4.384886, 0.809020, -0.020610, -0.045627, -0.001991, 0.001753, 15.528320, 4.559326, 72.509766
0.000000, 0.003490, 1000.000000, 0.000000, 2000.000000, 1000.000000, 10.024164, 10.007877, 9.991085, 9.976873, -0.000518, -0.016021, 0.007625, 0.000000, 0.017452, 0.000000, -1.001459, 4.302886, 0.850148, 0.000696, 0.045985, -0.005187, 0.001801, 15.520508, 4.598999, 73.120117
0.000000, 0.003490, 1000.000000, 0.000000, 2000.000000, 1000.000000, 9.971818, 9.979714, 10.027854, 10.020614, 0.003784, 0.024234, -0.000164, 0.000000, 0.017452, 0.000000, -1.053730, 4.330153, 0.871092, -0.006761, -0.024322, 0.000140, 0.002311, 15.543945, 3.878784, 61.706539
0.000000, 0.003490, 1000.000000, 0.000000, 2000.000000, 1000.000000, 9.977365, 10.032951, 10.012663, 9.977020, 0.022807, -0.005158, -0.004986, 0.000000, 0.017452, 0.000000, -0.981701, 4.244146, 0.951004, -0.039784, 0.026810, 0.003335, 0.002304, 15.536133, 3.961182, 62.988277
0.000000, 0.003490, 1000.000000, 0.000000, 2000.000000, 1000.000000, 9.990204, 9.973625, 9.999929, 10.036242, -0.013222, 0.018086, -0.004933, 0.000000, 0.017452, 0.000000, -1.026267, 4.230100, 0.940838, 0.023066, -0.013669, 0.003335, 0.002398, 15.528320, 4.278564, 67.993164
0.000000, 0.003490, 1000.000000, 0.000000, 2000.000000, 1000.000000, 9.986561, 10.018663, 10.009733, 9.985043, 0.014198, -0.002612, -0.001853, 0.000000, 0.017452, 0.000000, -0.987683, 4.236239, 0.968171, -0.024871, 0.022549, 0.001205, 0.001929, 15.528320, 4.400635, 70.007324
0.000000, 0.003490, 1000.000000, 0.000000, 2000.000000, 1000.000000, 9.956255, 9.976131, 9.993000, 10.074614, -0.015435, 0.033807, -0.025373, 0.000000, 0.017452, 0.000000, -1.014655, 4.165170, 0.969594, 0.027327, -0.041366, 0.017184, 0.002004, 15.524414, 4.681396, 74.401855
0.000000, 0.003490, 1000.000000, 0.000000, 2000.000000, 1000.000000, 9.986312, 10.023602, 10.006923, 9.983163, 0.015263, -0.004957, -0.003383, 0.000000, 0.017452, 0.000000, -0.893557, 4.122928, 1.011450, -0.027001, 0.026810, 0.002270, 0.001795, 15.528320, 4.479980, 71.228027
0.000000, 0.003490, 1000.000000, -0.001745, 2000.000000, 1000.000000, 9.947198, 10.018455, 9.973262, 10.061086, -0.004142, 0.017173, -0.039770, 0.000000, 0.017452, -0.008726, -0.895651, 4.114623, 1.019712, 0.007087, -0.012604, 0.018249, 0.001822, 15.528320, 3.878784, 70.007324
0.000000, 0.003490, 1000.000000, 0.000000, 2000.000000, 1000.000000, 9.994735, 9.994571, 10.001880, 10.008815, -0.001775, 0.005347, -0.001693, 0.000000, 0.017452, 0.000000, -0.899511, 4.110098, 1.042550, 0.002826, 0.008701, 0.001205, 0.002308, 15.528320, 4.080200, 64.880371
0.000000, 0.003490, 1000.000000, 0.000000, 2000.000000, 1000.000000, 9.964227, 10.022857, 9.972762, 10.040154, -0.002191, 0.006458, -0.031506, 0.000000, 0.017452, 0.000000, -0.888438, 4.119044, 1.030137, 0.003891, 0.006571, 0.021445, 0.002284, 15.536133, 3.878784, 61.706539
0.000000, 0.003490, 1000.000000, 0.000000, 2000.000000, 1000.000000, 9.977628, 10.008286, 10.009564, 10.004521, 0.008925, 0.007043, -0.006404, 0.000000, 0.017452, 0.000000, -0.850587, 4.083142, 1.043832, -0.015283, 0.005505, 0.004401, 0.002313, 15.536133, 3.601074, 57.312008
0.000000, 0.003490, 1000.000000, 0.000000, 2000.000000, 1000.000000, 9.955791, 10.009034, 10.000060, 10.035115, 0.004547, 0.017588, -0.022075, 0.000000, 0.017452, 0.000000, -0.880131, 4.052387, 1.067053, -0.007826, -0.012604, 0.015053, 0.002296, 15.532227, 3.839111, 61.096188
0.000000, 0.003490, 1001.000000, 0.000000, 2000.000000, 1000.000000, 9.990756, 9.991225, 10.015346, 10.002673, 0.003286, 0.009009, 0.003051, 0.000000, 0.017452, 0.000000, -0.849023, 3.977759, 1.092325, -0.005696, 0.002309, -0.001991, 0.002107, 15.512695, 5.120850, 81.298820
0.000000, 0.003490, 1005.000000, 0.000000, 2000.000000, 1000.000000, 9.995239, 10.006298, 9.998377, 10.000086, 0.002338, -0.000769, -0.003192, 0.000000, 0.017452, 0.000000, -0.823824, 4.047245, 1.104991, -0.003565, 0.019354, 0.002270, 0.002141, 15.559570, 2.999878, 47.790524
0.000000, 0.003490, 1010.000000, 0.000000, 2000.000000, 1000.000000, 10.979737, 10.985936, 11.016831, 11.017495, 0.001384, 0.017163, -0.001716, 0.000000, 0.017452, 0.000000, -0.821153, 3.966210, 1.106001, -0.002500, -0.012604, 0.001205, 0.001838, 15.481445, 6.359863, 100.830070
0.000000, 0.003490, 1033.000000, 0.000000, 2000.000000, 1000.000000, 13.027227, 12.968306, 13.016357, 12.988110, -0.007669, 0.002234, 0.021792, 0.000000, 0.017452, 0.000000, -0.869581, 4.031225, 1.099130, 0.013479, 0.014027, -0.014774, 0.002315, 15.368164, 9.680176, 152.282715
0.000000, 0.003490, 1052.000000, 0.000000, 2000.000000, 1000.000000, 15.142014, 14.760059, 15.203533, 14.894394, -0.018204, 0.048964, 0.172774, 0.000000, 0.017452, 0.000000, -0.546830, 3.870410, 0.944813, 0.032653, -0.067998, -0.117039, 0.002087, 15.083008, 19.439697, 300.292969
0.000000, 0.003490, 1053.000000, 0.000000, 2000.000000, 1000.000000, 14.930000, 14.519329, 15.287088, 15.263582, -0.096791, 0.275335, 0.108545, 0.000000, 0.017452, 0.000000, -0.321152, 3.180379, 0.676580, 0.165811, -0.457882, -0.073363, 0.002351, 15.188477, 15.521240, 241.394028
0.000000, 0.003490, 1052.000000, 0.000000, 2000.000000, 1000.000000, 15.008516, 14.228559, 15.448151, 15.314774, -0.161645, 0.381462, 0.228333, 0.000000, 0.017452, 0.000000, 0.183880, 1.611136, 0.366927, 0.278728, -0.642171, -0.154323, 0.002341, 15.235352, 14.678955, 229.125961
0.000000, 0.003490, 1053.000000, 0.000000, 2000.000000, 1000.000000, 15.417329, 14.108327, 15.262002, 15.212342, -0.314836, 0.237172, 0.339666, 0.000000, 0.017452, 0.000000, 1.373965, 0.212301, -0.199440, 0.553564, -0.399293, -0.231021, 0.001763, 15.211914, 15.399170, 239.929184
0.000000, 0.003490, 1054.000000, 0.000000, 2000.000000, 1000.000000, 15.458083, 14.309054, 15.096503, 15.136359, -0.297221, 0.116431, 0.277294, 0.000000, 0.017452, 0.000000, 2.778149, -0.561398, -0.744867, 0.518411, -0.187306, -0.188411, 0.001813, 15.204102, 15.200806, 236.633286
0.000000, 0.003490, 1054.000000, 0.000000, 2000.000000, 1000.000000, 15.266600, 14.695501, 15.077003, 14.960896, -0.113747, 0.018949, 0.171801, 0.000000, 0.017452, 0.000000, 3.693036, -0.799212, -1.144749, 0.199899, -0.015800, -0.117039, 0.001761, 15.219727, 13.079834, 204.223618
0.000000, 0.003490, 1054.000000, 0.000000, 2000.000000, 1000.000000, 14.837072, 14.839231, 15.134270, 15.189426, -0.013250, 0.161848, -0.014329, 0.000000, 0.017452, 0.000000, 3.815507, -1.306705, -1.276012, 0.020935, -0.261874, 0.009727, 0.002321, 15.219727, 14.239502, 221.923813
0.000000, 0.003490, 1054.000000, 0.000000, 2000.000000, 1000.000000, 15.065080, 14.825902, 15.186669, 14.922349, 0.006286, 0.054509, 0.125875, 0.000000, 0.017452, 0.000000, 3.638282, -1.803543, -1.368408, -0.013153, -0.076520, -0.085081, 0.002260, 15.250977, 12.881470, 201.293930
0.000000, 0.003490, 1054.000000, 0.000000, 2000.000000, 1000.000000, 15.422263, 14.905787, 14.725121, 14.946828, -0.184545, -0.164025, 0.073692, 0.000000, 0.017452, 0.000000, 3.926305, -1.438520, -1.598548, 0.318142, 0.301647, -0.049928, 0.002221, 15.243164, 13.198853, 205.993637
0.000000, 0.003490, 1054.000000, 0.000000, 2000.000000, 1000.000000, 15.305612, 14.852935, 14.646798, 15.194655, -0.250133, -0.079274, -0.023795, 0.000000, 0.017452, 0.000000, 5.132363, -0.735094, -1.588612, 0.441712, 0.157837, 0.016118, 0.001830, 15.204102, 15.481567, 240.905746
0.000000, 0.003490, 1054.000000, 0.000000, 2000.000000, 1000.000000, 15.173130, 14.653412, 15.015350, 15.158108, -0.165619, 0.086729, 0.094241, 0.000000, 0.017452, 0.000000, 6.347662, -0.764457, -1.648994, 0.289380, -0.131913, -0.063776, 0.002110, 15.208008, 13.839722, 215.576157
0.000000, 0.003490, 1054.000000, 0.000000, 2000.000000, 1000.000000, 14.698219, 15.010649, 15.342335, 14.948797, 0.176492, 0.145566, 0.020278, 0.000000, 0.017452, 0.000000, 6.326752, -1.556369, -1.850008, -0.306099, -0.233112, -0.013709, 0.002272, 15.215820, 14.279175, 222.534164
0.000000, 0.003490, 1053.000000, 0.000000, 2000.000000, 1000.000000, 14.718509, 15.142890, 15.488719, 14.649882, 0.315805, 0.069301, 0.103613, 0.000000, 0.017452, 0.000000, 5.032121, -1.899172, -1.991721, -0.546847, -0.102086, -0.070167, 0.002281, 15.200195, 14.080811, 219.177231
0.000000, 0.003490, 1054.000000, 0.000000, 2000.000000, 1000.000000, 15.086744, 14.647636, 15.372850, 14.892769, 0.010244, 0.132810, 0.229798, 0.000000, 0.017452, 0.000000, 4.188203, -2.243226, -2.365060, -0.018479, -0.211807, -0.155388, 0.002313, 15.180664, 15.161133, 235.595688
0.000000, 0.003490, 1053.000000, 0.000000, 2000.000000, 1000.000000, 15.125021, 14.379234, 15.068607, 15.427137, -0.276079, 0.247873, 0.096814, 0.000000, 0.017452, 0.000000, 4.946799, -3.112240, -2.597450, 0.486453, -0.417402, -0.065906, 0.001751, 15.165039, 15.841675, 245.910629
0.000000, 0.003490, 1053.000000, 0.000000, 2000.000000, 1000.000000, 15.124832, 14.387711, 15.062864, 15.424593, -0.274713, 0.243729, 0.093848, 0.000000, 0.017452, 0.000000, 6.155883, -4.306519, -2.669601, 0.481127, -0.411011, -0.063776, 0.001751, 15.161133, 15.719604, 244.018539
0.000000, 0.003490, 1053.000000, 0.000000, 2000.000000, 1000.000000, 15.008110, 14.685011, 15.183195, 15.123684, -0.065897, 0.153440, 0.095652, 0.000000, 0.017452, 0.000000, 6.832987, -5.260060, -2.781934, 0.115743, -0.250157, -0.064841, 0.002116, 15.165039, 15.200806, 236.083969
0.000000, 0.003490, 1053.000000, 0.000000, 2000.000000, 1000.000000, 15.149333, 14.857936, 15.218785, 14.773946, 0.038361, -0.003634, 0.184059, 0.000000, 0.017452, 0.000000, 6.592071, -5.757588, -3.188813, -0.069611, 0.023615, -0.124496, 0.002261, 15.196289, 14.001465, 217.895493
0.000000, 0.003490, 1053.000000, 0.000000, 2000.000000, 1000.000000, 14.984034, 14.994608, 15.160294, 14.861065, 0.077451, 0.010680, 0.072164, 0.000000, 0.017452, 0.000000, 6.243787, -5.655408, -3.457534, -0.132462, -0.000886, -0.048862, 0.002386, 15.196289, 13.558960, 210.998520
0.000000, 0.003490, 1053.000000, 0.000000, 2000.000000, 1000.000000, 14.932155, 14.756072, 15.123500, 15.188273, -0.060214, 0.155886, 0.027827, 0.000000, 0.017452, 0.000000, 6.277027, -6.021494, -3.521489, 0.107221, -0.255483, -0.019035, 0.001800, 15.165039, 14.761353, 229.431137
0.000000, 0.003490, 1053.000000, 0.001745, 2000.000000, 1000.000000, 15.327419, 14.361790, 15.192942, 15.117849, -0.222635, 0.155396, 0.260181, 0.000000, 0.017452, 0.008726, 6.873662, -6.873689, -3.719417, 0.390580, -0.256548, -0.168171, 0.001761, 15.141602, 15.200806, 235.717758
0.000000, 0.003490, 1052.000000, 0.001745, 2000.000000, 1000.000000, 15.394398, 14.432051, 15.238836, 14.934715, -0.164556, 0.086776, 0.316617, 0.000000, 0.017452, 0.008726, 7.866187, -7.456922, -4.124592, 0.289380, -0.134043, -0.206520, 0.001825, 15.172852, 14.480591, 224.914536
0.000000, 0.003490, 1052.000000, 0.001745, 2000.000000, 1000.000000, 15.257629, 14.552286, 15.344158, 14.845926, -0.051778, 0.095043, 0.300894, 0.000000, 0.017452, 0.008726, 8.329990, -7.771557, -4.666297, 0.088047, -0.145761, -0.194803, 0.002259, 15.192383, 14.120483, 219.604477
0.000000, 0.003490, 1052.000000, 0.001745, 2000.000000, 1000.000000, 14.822020, 14.458870, 15.503229, 15.215881, -0.018950, 0.359555, 0.162624, 0.000000, 0.017452, 0.008726, 8.223248, -9.093262, -5.287781, 0.030523, -0.601692, -0.101060, 0.002411, 15.176758, 14.599609, 226.806625
0.000000, 0.003490, 1052.000000, 0.001745, 2000.000000, 1000.000000, 15.007917, 14.289221, 15.707861, 14.995001, -0.001460, 0.351431, 0.357890, 0.000000, 0.017452, 0.008726, 8.017089, -10.764379, -5.762875, 0.001761, -0.591039, -0.233152, 0.002310, 15.215820, 12.838745, 200.012192
0.000000, 0.003490, 1052.000000, 0.001745, 2000.000000, 1000.000000, 15.176029, 14.475401, 15.542437, 14.806133, 0.008919, 0.174285, 0.359233, 0.000000, 0.017452, 0.008726, 7.912336, -11.898591, -6.499174, -0.014218, -0.288506, -0.235282, 0.001862, 15.172852, 14.199829, 220.703110
0.000000, 0.003490, 1051.000000, 0.001745, 2000.000000, 1000.000000, 15.032486, 14.545305, 15.343512, 15.078697, -0.055592, 0.211104, 0.187999, 0.000000, 0.017452, 0.008726, 8.005201, -12.687847, -6.972038, 0.097634, -0.351356, -0.119169, 0.001783, 15.118164, 17.001343, 263.183594
0.000000, 0.003490, 1051.000000, 0.001745, 2000.000000, 1000.000000, 15.219581, 14.436269, 15.238120, 15.106030, -0.162806, 0.172075, 0.228851, 0.000000, 0.017452, 0.008726, 8.352593, -13.572927, -7.257436, 0.282989, -0.284245, -0.146866, 0.001765, 15.145508, 15.399170, 238.830551
0.000000, 0.003490, 1024.000000, 0.001745, 2000.000000, 1000.000000, 12.274069, 11.713526, 12.027555, 11.984850, -0.129460, 0.006202, 0.150812, 0.000000, 0.017452, 0.008726, 9.227079, -14.110409, -7.716632, 0.226530, 0.007636, -0.093603, 0.002347, 15.383789, 6.280518, 103.271477
0.000000, 0.003490, 1022.000000, 0.001745, 2000.000000, 1000.000000, 12.407149, 11.644015, 11.882207, 12.066628, -0.236888, -0.025582, 0.144678, 0.000000, 0.017452, 0.008726, 10.231965, -14.074578, -7.650001, 0.412950, 0.063029, -0.089342, 0.002227, 15.418945, 4.800415, 75.805664
0.000000, 0.003490, 1025.000000, 0.001745, 2000.000000, 1000.000000, 12.358501, 11.639984, 12.116459, 11.885056, -0.121778, 0.000757, 0.237480, 0.000000, 0.017452, 0.008726, 11.118781, -14.058387, -7.810503, 0.215878, 0.016158, -0.153258, 0.001750, 15.368164, 6.878662, 108.215324
0.000000, 0.003490, 1025.000000, 0.001745, 2000.000000, 1000.000000, 12.049460, 11.791726, 12.138295, 12.020518, -0.034989, 0.079407, 0.093878, 0.000000, 0.017452, 0.008726, 11.466277, -14.281492, -7.998059, 0.062481, -0.122326, -0.055254, 0.001756, 15.344727, 8.560181, 134.399414
0.000000, 0.003490, 1026.000000, 0.000000, 2000.000000, 1000.000000, 11.927423, 11.894004, 12.153451, 12.025123, 0.023727, 0.089287, 0.040437, 0.000000, 0.017452, 0.000000, 11.473659, -14.683532, -8.076088, -0.041915, -0.139370, -0.027557, 0.001769, 15.375977, 6.359863, 100.097649
-0.038394, 0.005236, 1026.000000, 0.000000, 2000.000000, 1000.000000, 12.436336, 12.036685, 11.723390, 11.803590, -0.119963, -0.236511, 0.079862, -0.191972, 0.026178, 0.000000, 11.294041, -14.092398, -8.377503, 0.011348, 0.439065, -0.054189, 0.002289, 15.356445, 6.921387, 108.825676
-0.083770, 0.005236, 1027.000000, 0.000000, 2000.000000, 1000.000000, 12.776936, 11.734480, 11.570963, 11.917622, -0.347278, -0.255708, 0.173949, -0.418848, 0.026178, 0.000000, 11.805337, -12.736283, -8.490400, 0.177528, 0.474219, -0.118104, 0.002180, 15.375977, 6.399536, 100.830070
-0.127400, 0.026178, 1034.000000, 0.000000, 2000.000000, 1000.000000, 13.537868, 12.432692, 12.812815, 13.216625, -0.377247, 0.014720, 0.175342, -0.636998, 0.130890, 0.000000, 12.233799, -11.978267, -8.700827, 0.008152, 0.108835, -0.119169, 0.002030, 15.192383, 14.318848, 222.778305
-0.178010, 0.027923, 1042.000000, 0.000000, 2000.000000, 1000.000000, 14.168838, 13.381236, 14.348914, 14.101012, -0.134925, 0.224963, 0.258876, -0.890052, 0.139616, 0.000000, 11.387897, -12.108838, -9.276784, -0.676808, -0.253352, -0.176693, 0.001751, 15.086914, 16.839600, 260.131836
-0.183246, 0.020942, 1042.000000, -0.001745, 2000.000000, 1000.000000, 13.588884, 13.912821, 14.836605, 13.661690, 0.374713, 0.249147, 0.212745, -0.916230, 0.104712, -0.008726, 8.021949, -12.421839, -10.459163, -1.592930, -0.327920, -0.153258, 0.002181, 15.243164, 10.879517, 169.799789
-0.198953, 0.013962, 1041.000000, -0.001745, 2000.000000, 1000.000000, 13.685432, 14.203587, 15.057514, 13.053467, 0.630551, 0.055491, 0.371473, -0.994764, 0.069808, -0.008726, -0.448695, -11.423713, -13.104599, -2.118102, -0.025387, -0.260849, 0.002260, 15.196289, 13.159180, 204.711899
-0.198953, 0.013962, 1041.000000, -0.003490, 2000.000000, 1000.000000, 14.473698, 13.969294, 14.491646, 13.065363, 0.230470, -0.221496, 0.482671, -0.994764, 0.069808, -0.017452, -5.066532, -9.662209, -14.808931, -1.419293, 0.456109, -0.345004, 0.002305, 15.215820, 12.121582, 188.903793
-0.204188, 0.012216, 1041.000000, -0.003490, 2000.000000, 1000.000000, 14.938990, 13.854851, 13.968811, 13.237349, -0.088169, -0.396920, 0.453900, -1.020942, 0.061082, -0.017452, -7.349790, -7.239726, -16.116703, -0.890925, 0.754381, -0.325829, 0.002225, 15.235352, 11.041260, 172.424301
-0.155323, 0.010471, 1044.000000, 0.000000, 2000.000000, 1000.000000, 14.659197, 14.145525, 14.228479, 12.966799, 0.187002, -0.402361, 0.443838, -0.776614, 0.052356, 0.000000, -9.242069, -4.458138, -17.196791, -1.128478, 0.762903, -0.302394, 0.001827, 15.184570, 13.159180, 204.711899
-0.057592, 0.019197, 1043.000000, 0.001745, 2000.000000, 1000.000000, 13.994170, 14.561959, 15.003753, 12.440118, 0.782856, -0.278065, 0.498961, -0.287958, 0.095986, 0.008726, -12.339642, -1.467972, -18.247435, -1.669629, 0.589266, -0.331156, 0.001880, 15.223633, 11.599731, 180.603012
-0.005236, 0.029668, 1043.000000, 0.001745, 2000.000000, 1000.000000, 13.814005, 14.361475, 15.320259, 12.504261, 0.840867, -0.087740, 0.567132, -0.026178, 0.148342, 0.008726, -16.182611, 1.081425, -19.225569, -1.513036, 0.308038, -0.378027, 0.001753, 15.227539, 11.318970, 176.391586
0.000000, 0.038394, 1043.000000, 0.001745, 2000.000000, 1000.000000, 14.641491, 13.432159, 14.731121, 13.195229, 0.081641, -0.036826, 0.686306, 0.000000, 0.191972, 0.008726, -19.163702, 3.240495, -20.848711, -0.143114, 0.260102, -0.456856, 0.002288, 15.208008, 11.920166, 185.729965
0.000000, 0.040140, 1042.000000, 0.001745, 2000.000000, 1000.000000, 14.919003, 13.055757, 14.503339, 13.521901, -0.220453, 0.012620, 0.711171, 0.000000, 0.200698, 0.008726, -18.321342, 3.554834, -22.153156, 0.385254, 0.183403, -0.473900, 0.002250, 15.219727, 11.239624, 175.231918
0.000000, 0.003490, 1042.000000, 0.001745, 2000.000000, 1000.000000, 15.015286, 13.142249, 14.460397, 13.382068, -0.198677, -0.078768, 0.737842, 0.000000, 0.017452, 0.008726, -17.055664, 3.493203, -23.574936, 0.346904, 0.154641, -0.492009, 0.002253, 15.172852, 13.760376, 213.806137
0.000000, 0.003490, 1042.000000, 0.001745, 2000.000000, 1000.000000, 14.585608, 13.466965, 14.672073, 13.275354, 0.069519, -0.026286, 0.628840, 0.000000, 0.017452, 0.008726, -16.579100, 3.599125, -24.835428, -0.122874, 0.063029, -0.419572, 0.001867, 15.227539, 11.199951, 174.621567
0.000000, 0.003490, 1042.000000, 0.001745, 2000.000000, 1000.000000, 14.173513, 13.820309, 15.049711, 12.956467, 0.435010, 0.003089, 0.611612, 0.000000, 0.017452, 0.008726, -17.785185, 4.211199, -25.883141, -0.762029, 0.011897, -0.406789, 0.002102, 15.192383, 12.399292, 192.993149
0.000000, 0.003490, 1042.000000, 0.001745, 2000.000000, 1000.000000, 14.089210, 14.155868, 14.686839, 13.068084, 0.421354, -0.122538, 0.388024, 0.000000, 0.017452, 0.008726, -21.014416, 6.240777, -26.818504, -0.735398, 0.231340, -0.254457, 0.002272, 15.172852, 13.919067, 216.186508
0.000000, 0.003490, 1042.000000, 0.001745, 2000.000000, 1000.000000, 14.703247, 13.452599, 14.395779, 13.448376, -0.075812, -0.077923, 0.549513, 0.000000, 0.017452, 0.008726, -21.400145, 7.067997, -27.638288, 0.130657, 0.154641, -0.364179, 0.002256, 15.227539, 10.760498, 167.724594
0.000000, 0.003490, 1042.000000, 0.001745, 2000.000000, 1000.000000, 14.912338, 13.187725, 14.221516, 13.678421, -0.295380, -0.050031, 0.566927, 0.000000, 0.017452, 0.008726, -20.340841, 6.888080, -28.780039, 0.514150, 0.104574, -0.375896, 0.002280, 15.227539, 11.080933, 174.011215
0.000000, 0.003490, 1042.000000, 0.001745, 2000.000000, 1000.000000, 14.974095, 13.130637, 14.157645, 13.737622, -0.355859, -0.052366, 0.565870, 0.000000, 0.017452, 0.008726, -18.761337, 6.297557, -29.986553, 0.628132, 0.109901, -0.376962, 0.001802, 15.219727, 11.041260, 172.119125
0.000000, 0.003490, 1042.000000, 0.001745, 2000.000000, 1000.000000, 14.982961, 13.117108, 14.123340, 13.776591, -0.379776, -0.050034, 0.553150, 0.000000, 0.017452, 0.008726, -17.085409, 5.613976, -31.159510, 0.669677, 0.105639, -0.368440, 0.001776, 15.227539, 11.001587, 167.724594
0.000000, 0.003490, 1042.000000, 0.001745, 2000.000000, 1000.000000, 15.007710, 13.102117, 14.122396, 13.767777, -0.387744, -0.054913, 0.565053, 0.000000, 0.017452, 0.008726, -15.274935, 4.816353, -32.357220, 0.678199, 0.113096, -0.374831, 0.002222, 15.211914, 11.361694, 176.879868
0.000000, 0.003490, 1042.000000, 0.001745, 2000.000000, 1000.000000, 14.764636, 13.120820, 14.009641, 14.104903, -0.434770, 0.057272, 0.387138, 0.000000, 0.017452, 0.008726, -12.428913, 3.278726, -33.891376, 0.761290, -0.081846, -0.254457, 0.001996, 15.219727, 10.958862, 170.715317
0.000000, 0.003490, 1044.000000, 0.001745, 2000.000000, 1000.000000, 14.731508, 13.022326, 14.299074, 13.947092, -0.339300, 0.123083, 0.515291, 0.000000, 0.017452, 0.008726, -11.151510, 1.891724, -34.770435, 0.590848, -0.196894, -0.340743, 0.002291, 15.223633, 10.958862, 170.776352
0.000000, 0.003490, 1049.000000, 0.001745, 2000.000000, 1000.000000, 14.762474, 13.127831, 14.247976, 13.861719, -0.312097, 0.054847, 0.505225, 0.000000, 0.017452, 0.008726, -10.171840, 0.712048, -35.698444, 0.550369, -0.078650, -0.335417, 0.001829, 15.215820, 10.839844, 168.884262
0.000000, 0.003490, 1053.000000, 0.003490, 2000.000000, 1000.000000, 15.994001, 14.122370, 14.995010, 14.888618, -0.441310, -0.058186, 0.494506, 0.000000, 0.017452, 0.017452, -8.653717, -0.245678, -36.600792, 0.771942, 0.120553, -0.318372, 0.001855, 15.235352, 10.119629, 157.897949
0.000000, 0.003490, 1055.000000, 0.001745, 2000.000000, 1000.000000, 16.086599, 13.908466, 14.922182, 15.082752, -0.584676, 0.002467, 0.504391, 0.000000, 0.017452, 0.008726, -6.446715, -1.471513, -37.474613, 1.016951, 0.015093, -0.333286, 0.002018, 15.098633, 14.678955, 227.111801
0.000000, 0.003490, 1053.000000, 0.001745, 2000.000000, 1000.000000, 15.072238, 14.184289, 15.707244, 15.036229, -0.054233, 0.371737, 0.389741, 0.000000, 0.017452, 0.008726, -5.470841, -4.404365, -38.665077, 0.097634, -0.629388, -0.255522, 0.002090, 15.090820, 16.201782, 250.488266
0.000000, 0.006981, 1053.000000, 0.001745, 2000.000000, 1000.000000, 14.811374, 14.777961, 15.957442, 14.453223, 0.367702, 0.205333, 0.384408, 0.000000, 0.034904, 0.008726, -6.924795, -4.888363, -39.483456, -0.635263, -0.320464, -0.251261, 0.002283, 15.165039, 12.600708, 195.678696
0.000000, 0.013962, 1054.000000, 0.001745, 2000.000000, 1000.000000, 15.030310, 14.936047, 15.811235, 14.222408, 0.373641, 0.016822, 0.420773, 0.000000, 0.069808, 0.008726, -8.561836, -3.971768, -40.323601, -0.645916, 0.042789, -0.275762, 0.002344, 15.161133, 12.960815, 201.232895
-0.003490, 0.057592, 1053.000000, 0.001745, 2000.000000, 1000.000000, 15.542068, 14.740926, 15.306531, 14.410476, 0.023728, -0.141497, 0.424299, -0.017452, 0.287958, 0.008726, -8.624249, -2.810739, -41.148731, -0.057894, 0.544526, -0.280023, 0.001754, 15.122070, 14.041138, 217.407211
-0.003490, 0.092496, 1053.000000, 0.001745, 2000.000000, 1000.000000, 15.743933, 14.494303, 14.848719, 14.913046, -0.328489, -0.119118, 0.296326, -0.017452, 0.462478, 0.008726, -6.908131, -2.036096, -41.716545, 0.557825, 0.684074, -0.192672, 0.001853, 15.165039, 12.399292, 192.504868
-0.005236, 0.099476, 1053.000000, 0.001745, 2000.000000, 1000.000000, 15.926052, 14.077852, 14.776270, 15.219826, -0.572939, -0.001952, 0.351161, -0.026178, 0.497382, 0.008726, -4.145812, -2.284925, -42.138515, 0.967950, 0.513633, -0.228891, 0.002172, 15.114258, 14.160156, 219.177231
-0.005236, 0.094241, 1054.000000, 0.001745, 2000.000000, 1000.000000, 15.616080, 14.248868, 14.944758, 15.190293, -0.403187, 0.067526, 0.280420, -0.026178, 0.471204, 0.008726, -0.015161, -3.662333, -42.957680, 0.673938, 0.365562, -0.180954, 0.002300, 15.118164, 14.120483, 218.627914
-0.001745, 0.090750, 1054.000000, 0.001745, 2000.000000, 1000.000000, 15.084186, 14.711452, 15.436259, 14.768104, 0.073855, 0.102182, 0.260223, -0.008726, 0.453752, 0.008726, 0.980751, -3.516960, -43.325752, -0.135657, 0.285668, -0.167106, 0.002362, 15.083008, 14.001465, 216.491684
0.000000, 0.094241, 1054.000000, 0.001745, 2000.000000, 1000.000000, 14.840110, 15.065400, 15.507266, 14.587224, 0.286333, 0.047245, 0.173688, 0.000000, 0.471204, 0.008726, 0.868406, -2.261351, -43.695980, -0.498910, 0.401781, -0.109582, 0.001761, 15.106445, 14.160156, 218.994125
0.000000, 0.101222, 1054.000000, 0.001745, 2000.000000, 1000.000000, 15.618536, 14.517399, 15.118065, 14.746000, -0.182268, -0.067968, 0.368300, 0.000000, 0.506108, 0.008726, 1.590502, -0.989820, -44.160175, 0.319208, 0.640399, -0.241674, 0.001807, 15.114258, 13.800049, 213.500961
0.000000, 0.101222, 1054.000000, 0.001745, 2000.000000, 1000.000000, 16.199318, 14.067192, 14.425840, 15.307650, -0.753484, -0.133255, 0.312579, 0.000000, 0.506108, 0.008726, 4.712070, -1.344941, -44.713745, 1.317354, 0.751186, -0.203325, 0.002017, 15.036133, 17.480469, 269.104004
0.000000, 0.095986, 1054.000000, 0.001745, 2000.000000, 1000.000000, 15.771899, 14.106435, 14.562684, 15.558982, -0.665440, 0.060833, 0.167292, 0.000000, 0.479930, 0.008726, 10.683892, -3.986151, -45.129604, 1.151174, 0.385802, -0.104256, 0.002375, 15.118164, 14.279175, 221.008286
0.000000, 0.090750, 1054.000000, 0.001745, 2000.000000, 1000.000000, 15.161829, 14.496056, 15.269791, 15.072325, -0.117077, 0.171058, 0.215810, 0.000000, 0.453752, 0.008726, 12.420722, -4.786803, -45.277046, 0.205225, 0.167424, -0.137279, 0.002233, 15.071289, 15.521240, 239.624008
0.000000, 0.082024, 1053.000000, 0.001745, 2000.000000, 1000.000000, 14.974947, 14.798380, 15.450724, 14.775949, 0.124552, 0.113337, 0.212835, 0.000000, 0.410122, 0.008726, 12.602574, -4.397276, -45.635521, -0.216617, 0.222818, -0.135148, 0.002286, 15.114258, 13.558960, 209.899887
0.000000, 0.089005, 1053.000000, 0.001745, 2000.000000, 1000.000000, 15.035425, 14.899828, 15.266441, 14.798306, 0.083134, 0.032374, 0.150933, 0.000000, 0.445026, 0.008726, 12.790709, -3.350371, -45.901737, -0.148440, 0.400716, -0.093603, 0.001848, 15.141602, 12.561035, 194.702133
-0.003490, 0.101222, 1054.000000, 0.001745, 2000.000000, 1000.000000, 15.334796, 14.734916, 14.887998, 15.042291, -0.188543, -0.034856, 0.111396, -0.017452, 0.506108, 0.008726, 13.923137, -2.475822, -46.068634, 0.311751, 0.583940, -0.066972, 0.001770, 15.141602, 12.640381, 195.922836
-0.050611, 0.092496, 1053.000000, 0.001745, 2000.000000, 1000.000000, 15.817864, 14.286416, 14.840985, 15.054734, -0.436299, -0.052140, 0.329425, -0.253054, 0.462478, 0.008726, 17.193689, -2.218409, -46.395832, 0.497106, 0.563700, -0.213977, 0.002247, 15.106445, 13.760376, 212.829575
-0.064572, 0.092496, 1053.000000, 0.001745, 2000.000000, 1000.000000, 15.649183, 14.417822, 15.249077, 14.683918, -0.166551, -0.033503, 0.449130, -0.322862, 0.462478, 0.008726, 18.754911, -1.718017, -47.075527, -0.034458, 0.534938, -0.297067, 0.001755, 15.079102, 14.920044, 230.407700
-0.075044, 0.094241, 1054.000000, 0.001745, 2000.000000, 1000.000000, 15.406578, 14.644775, 15.091541, 14.857105, -0.131841, -0.025676, 0.249060, -0.375218, 0.471204, 0.008726, 19.920145, 0.100609, -47.999317, -0.154832, 0.526416, -0.159649, 0.002332, 15.098633, 14.401245, 222.534164
-0.094241, 0.076789, 1053.000000, 0.001745, 2000.000000, 1000.000000, 15.688638, 14.599071, 14.725827, 14.986465, -0.337551, -0.143855, 0.207232, -0.471204, 0.383944, 0.008726, 21.012794, 1.228901, -48.372353, 0.106156, 0.645725, -0.131952, 0.001828, 15.133789, 12.881470, 199.584946
-0.109948, 0.062827, 1054.000000, 0.001745, 2000.000000, 1000.000000, 15.785069, 14.394304, 14.831755, 14.988873, -0.386971, -0.089687, 0.308412, -0.549738, 0.314136, 0.008726, 22.455696, 1.984526, -48.840736, 0.116809, 0.482741, -0.201194, 0.001752, 15.075195, 15.078735, 232.910141
-0.127400, 0.041885, 1054.000000, 0.001745, 2000.000000, 1000.000000, 15.519337, 14.178131, 15.482725, 14.819807, -0.169572, 0.151266, 0.501031, -0.636998, 0.209424, 0.008726, 22.936102, 2.848999, -50.108742, -0.356166, -0.046692, -0.330090, 0.002328, 15.083008, 14.401245, 222.412094
-0.137871, 0.033159, 1054.000000, 0.001745, 2000.000000, 1000.000000, 15.336231, 14.158953, 15.545837, 14.958979, -0.147604, 0.252408, 0.441035, -0.689354, 0.165794, 0.008726, 21.927397, 3.378309, -50.881039, -0.448843, -0.267201, -0.289611, 0.002260, 15.083008, 14.080811, 217.529282
-0.141361, 0.015707, 1054.000000, 0.001745, 2000.000000, 1000.000000, 15.559639, 13.936497, 15.547977, 14.955887, -0.257763, 0.251932, 0.553808, -0.706806, 0.078534, 0.008726, 20.620596, 3.585634, -51.648098, -0.277337, -0.360943, -0.367374, 0.001871, 15.114258, 12.161255, 188.293442
-0.157068, 0.001745, 1054.000000, 0.001745, 2000.000000, 1000.000000, 15.548383, 14.093308, 15.642697, 14.715611, -0.131997, 0.179154, 0.595540, -0.785340, 0.008726, 0.008726, 18.314787, 4.392629, -53.071400, -0.574544, -0.302354, -0.394006, 0.002281, 15.079102, 14.401245, 222.412094
-0.160558, 0.001745, 1054.000000, 0.001745, 2000.000000, 1000.000000, 15.407123, 13.971917, 15.850543, 14.770417, -0.088770, 0.310481, 0.628833, -0.802792, 0.008726, 0.008726, 16.357637, 5.127184, -54.004276, -0.666156, -0.528189, -0.416376, 0.002341, 15.106445, 12.838745, 198.608383
-0.158813, 0.001745, 1054.000000, 0.001745, 2000.000000, 1000.000000, 15.079245, 13.999575, 16.010206, 14.910975, 0.004890, 0.460591, 0.544725, -0.794066, 0.008726, 0.008726, 13.750609, 5.576546, -54.830898, -0.822749, -0.800895, -0.362048, 0.001756, 15.110352, 13.198853, 203.918442
-0.193717, 0.005236, 1054.000000, 0.001745, 2000.000000, 1000.000000, 15.252340, 13.916964, 15.854122, 14.976574, -0.114457, 0.415348, 0.553231, -0.968586, 0.026178, 0.008726, 8.841352, 6.547459, -55.599815, -0.792921, -0.697565, -0.366309, 0.002038, 15.047852, 15.560913, 239.685043
-0.244328, 0.003490, 1052.000000, 0.001745, 2000.000000, 1000.000000, 15.632401, 13.783227, 15.591882, 14.992490, -0.312445, 0.292186, 0.612141, -1.221640, 0.017452, 0.008726, 6.539696, 7.250083, -56.448669, -0.707701, -0.485579, -0.404658, 0.002488, 15.114258, 13.000488, 201.110825
-0.247818, 0.003490, 1051.000000, 0.001745, 2000.000000, 1000.000000, 15.461149, 14.077784, 15.619734, 14.841333, -0.151242, 0.230533, 0.540442, -1.239092, 0.017452, 0.008726, 4.373754, 8.479734, -57.137802, -1.010234, -0.386510, -0.358852, 0.001767, 15.098633, 13.000488, 201.110825
-0.240838, 0.003490, 1050.000000, 0.003490, 2000.000000, 1000.000000, 15.317263, 14.338249, 15.772720, 14.571768, 0.055484, 0.172244, 0.544991, -1.204188, 0.017452, 0.017452, 1.860673, 10.845485, -57.664955, -1.329811, -0.281049, -0.351395, 0.002190, 15.075195, 14.199829, 219.116196
-0.188482, 0.003490, 1050.000000, 0.026178, 2000.000000, 1000.000000, 15.106983, 14.051762, 16.240158, 14.601097, 0.145960, 0.420628, 0.673571, -0.942408, 0.017452, 0.130890, -2.817667, 14.589004, -58.072788, -1.220090, -0.710348, -0.323699, 0.002256, 15.043945, 14.801025, 227.905258
-0.178010, 0.003490, 1050.000000, 0.057592, 2000.000000, 1000.000000, 15.399317, 13.649965, 16.041586, 14.909132, -0.154224, 0.475359, 0.720452, -0.890052, 0.017452, 0.287958, -6.094986, 15.726257, -57.896568, -0.648046, -0.819004, -0.199064, 0.001754, 15.071289, 14.480591, 223.327621
-0.172775, 0.003490, 1050.000000, 0.057592, 2000.000000, 1000.000000, 15.512597, 13.755322, 15.459592, 15.272489, -0.392542, 0.366041, 0.486095, -0.863874, 0.017452, 0.287958, -8.486956, 15.536395, -57.522118, -0.198508, -0.624062, -0.039275, 0.001871, 15.075195, 13.879395, 214.294418
-0.141361, 0.001745, 1050.000000, 0.054101, 2000.000000, 1000.000000, 15.657299, 14.238468, 15.505680, 14.598553, -0.127926, 0.052116, 0.581490, -0.706806, 0.008726, 0.270506, -10.276774, 15.470579, -57.369415, -0.502106, -0.081846, -0.120235, 0.002357, 15.063477, 14.440918, 222.717270
-0.111693, 0.001745, 1050.000000, 0.071553, 2000.000000, 1000.000000, 15.514158, 14.500963, 15.982416, 14.002462, 0.241690, -0.007561, 0.748287, -0.558464, 0.008726, 0.357766, -11.425842, 17.202797, -57.425240, -0.996386, 0.021484, -0.146866, 0.001781, 15.071289, 14.239502, 219.787582
-0.062827, 0.001745, 1050.000000, 0.080279, 2000.000000, 1000.000000, 15.184519, 14.435728, 16.105692, 14.274061, 0.270710, 0.189876, 0.645106, -0.314136, 0.008726, 0.401396, -13.195922, 19.171434, -57.172211, -0.800378, -0.322594, -0.032883, 0.001765, 15.016602, 15.240479, 234.497055
-0.020942, 0.003490, 1050.000000, 0.094241, 2000.000000, 1000.000000, 15.344337, 13.924574, 15.714203, 15.016886, -0.180611, 0.365545, 0.529270, -0.104712, 0.017452, 0.471204, -15.490113, 19.160040, -56.106369, 0.207356, -0.615540, 0.117318, 0.002216, 15.063477, 13.839722, 213.500961
-0.006981, 0.003490, 1050.000000, 0.094241, 2000.000000, 1000.000000, 15.479793, 13.405383, 15.657447, 15.457377, -0.468585, 0.557412, 0.568619, -0.034904, 0.017452, 0.471204, -16.465960, 16.755913, -55.511738, 0.775138, -0.948966, 0.090686, 0.002202, 15.059570, 14.401245, 219.482407
-0.005236, 0.003490, 1050.000000, 0.094241, 2000.000000, 1000.000000, 15.445983, 13.581065, 15.706685, 15.266267, -0.356124, 0.486476, 0.576334, -0.026178, 0.017452, 0.471204, -17.468206, 13.582064, -55.024364, 0.603631, -0.838179, 0.084295, 0.001756, 15.067383, 13.760376, 212.097153
-0.005236, 0.003490, 1051.000000, 0.102967, 2000.000000, 1000.000000, 15.684719, 14.321777, 15.490892, 14.502611, -0.093665, -0.003248, 0.587805, -0.026178, 0.017452, 0.514834, -18.021120, 11.337882, -54.512814, 0.135983, 0.022549, 0.121579, 0.002234, 15.059570, 14.080811, 217.102036
-0.003490, 0.003490, 1051.000000, 0.102967, 2000.000000, 1000.000000, 15.919028, 14.377639, 15.203280, 14.500052, -0.209540, -0.148333, 0.561154, -0.017452, 0.017452, 0.514834, -17.258120, 11.125796, -54.328384, 0.346904, 0.273950, 0.139688, 0.002198, 15.071289, 13.320923, 205.505356
0.000000, 0.003490, 1052.000000, 0.101222, 2000.000000, 1000.000000, 16.078480, 13.959778, 14.825457, 15.136286, -0.607383, -0.019129, 0.451968, 0.000000, 0.017452, 0.506108, -15.659620, 9.828184, -54.170452, 1.056366, 0.052377, 0.204669, 0.002018, 15.051758, 13.800049, 212.707504
0.000000, 0.005236, 1045.000000, 0.059337, 2000.000000, 1000.000000, 14.143472, 12.795730, 14.012845, 15.047954, -0.595713, 0.530399, 0.078159, 0.000000, 0.026178, 0.296684, -14.211486, 4.856511, -53.359966, 1.040387, -0.895703, 0.246214, 0.002302, 15.196289, 9.118652, 132.629395
0.000000, 0.033159, 1038.000000, 0.059337, 2000.000000, 1000.000000, 12.801025, 11.866472, 13.468969, 13.863533, -0.332279, 0.666251, 0.134998, 0.000000, 0.165794, 0.296684, -14.970209, 1.491319, -52.749683, 0.581261, -0.996902, 0.207865, 0.002037, 15.293945, 5.239868, 77.026367
0.000000, 0.069808, 1029.000000, 0.099476, 2000.000000, 1000.000000, 12.288061, 10.870926, 12.721754, 12.119259, -0.203660, 0.420506, 0.504907, 0.000000, 0.349040, 0.497382, -15.829068, -0.555839, -52.250565, 0.358622, -0.382249, 0.158863, 0.001855, 15.333008, 3.561401, 55.908199
0.001745, 0.092496, 1029.000000, 0.137871, 2000.000000, 1000.000000, 12.955140, 11.184340, 12.158837, 11.701682, -0.328411, -0.069740, 0.556989, 0.008726, 0.462478, 0.689354, -14.068309, -1.492426, -51.291782, 0.580196, 0.594593, 0.317586, 0.002308, 15.258789, 6.719971, 104.431145
0.001745, 0.129145, 1029.000000, 0.134380, 2000.000000, 1000.000000, 13.107427, 10.923200, 11.772548, 12.196826, -0.652126, -0.015313, 0.439987, 0.008726, 0.645724, 0.671902, -11.215543, -2.062771, -50.236355, 1.144782, 0.687270, 0.379371, 0.002294, 15.215820, 7.998657, 124.572746
0.000000, 0.139616, 1029.000000, 0.120419, 2000.000000, 1000.000000, 13.039602, 10.578972, 11.586893, 12.794533, -0.917067, 0.190712, 0.313247, 0.000000, 0.698080, 0.602094, -7.556984, -4.081093, -49.030785, 1.619887, 0.382607, 0.395350, 0.001768, 15.239258, 7.159424, 111.694328
0.000000, 0.150087, 1030.000000, 0.120419, 2000.000000, 1000.000000, 13.791684, 11.358500, 13.018659, 13.831157, -0.811420, 0.424908, 0.405171, 0.000000, 0.750436, 0.602094, -2.750183, -8.524626, -46.887123, 1.411097, 0.027876, 0.332500, 0.002419, 15.118164, 12.200928, 188.903793
0.000000, 0.144852, 1031.000000, 0.146597, 2000.000000, 1000.000000, 14.083435, 11.516548, 13.081961, 13.318056, -0.700746, 0.200008, 0.582698, 0.000000, 0.724258, 0.732984, -0.014927, -10.603435, -45.599251, 1.223611, 0.392194, 0.344218, 0.002169, 15.129883, 11.679077, 181.030258
0.000000, 0.139616, 1037.000000, 0.146597, 2000.000000, 1000.000000, 14.233659, 11.956977, 12.523469, 13.285895, -0.759777, -0.095318, 0.378564, 0.000000, 0.698080, 0.732984, 3.740110, -11.675973, -43.749538, 1.328007, 0.881147, 0.482701, 0.002139, 15.188477, 8.959961, 139.282227
-0.001745, 0.155323, 1037.000000, 0.139616, 2000.000000, 1000.000000, 14.009647, 11.877991, 12.838257, 13.274105, -0.641876, 0.056181, 0.423952, -0.008726, 0.776614, 0.698080, 10.105993, -12.343396, -40.434502, 1.108564, 0.696858, 0.416655, 0.002323, 15.176758, 9.719849, 151.000977
-0.005236, 0.165794, 1037.000000, 0.127400, 2000.000000, 1000.000000, 13.489946, 11.672146, 13.229717, 13.608191, -0.549068, 0.418954, 0.359832, -0.026178, 0.828970, 0.636998, 12.970794, -13.258994, -38.757572, 0.933861, 0.117357, 0.398546, 0.002141, 15.196289, 9.240723, 143.798828
-0.041885, 0.164049, 1037.000000, 0.118674, 2000.000000, 1000.000000, 13.311943, 11.539165, 13.202990, 13.945902, -0.628922, 0.574445, 0.257467, -0.209424, 0.820244, 0.593368, 14.806016, -14.887795, -37.220852, 0.885925, -0.164936, 0.424112, 0.002134, 15.192383, 8.959961, 139.404297
-0.095986, 0.136126, 1038.000000, 0.120419, 2000.000000, 1000.000000, 13.492267, 11.487430, 13.177217, 13.843087, -0.667676, 0.510152, 0.334742, -0.479930, 0.680628, 0.602094, 17.042469, -17.735312, -34.859211, 0.673938, -0.193698, 0.380437, 0.002225, 15.200195, 8.599854, 133.911133
-0.123909, 0.130890, 1041.000000, 0.120419, 2000.000000, 1000.000000, 14.477732, 12.888538, 13.977757, 14.655973, -0.566853, 0.316865, 0.227744, -0.619546, 0.654450, 0.602094, 18.145582, -18.574064, -33.429565, 0.354361, 0.116292, 0.452874, 0.002311, 15.094727, 12.438965, 192.321762
-0.129145, 0.129145, 1041.000000, 0.120419, 2000.000000, 1000.000000, 14.208410, 13.400496, 14.009056, 14.382038, -0.295224, 0.195547, 0.108733, -0.645724, 0.645724, 0.602094, 18.734287, -18.164467, -31.857889, -0.143114, 0.319756, 0.534899, 0.001751, 15.110352, 12.240601, 189.331039
-0.129145, 0.123909, 1042.000000, 0.115183, 2000.000000, 1000.000000, 13.659991, 13.710309, 14.340777, 14.288922, 0.025543, 0.314849, 0.000384, -0.645724, 0.619546, 0.575916, 17.318838, -16.426840, -30.028723, -0.704505, 0.084334, 0.580705, 0.002338, 15.129883, 11.480713, 177.917465
-0.130890, 0.134380, 1046.000000, 0.113438, 2000.000000, 1000.000000, 13.623105, 13.730346, 14.407851, 14.238698, 0.069099, 0.323274, 0.015478, -0.654450, 0.671902, 0.567190, 15.591085, -15.265635, -28.958332, -0.788660, 0.123749, 0.561530, 0.002345, 15.137695, 10.681152, 165.527328
-0.130890, 0.139616, 1052.000000, 0.109948, 2000.000000, 1000.000000, 14.631676, 14.978331, 15.326948, 15.063046, 0.152639, 0.194997, -0.020688, -0.654450, 0.698080, 0.549738, 13.770623, -13.627300, -27.915180, -0.940992, 0.374084, 0.570052, 0.001813, 14.950195, 17.800903, 272.583008
-0.137871, 0.136126, 1065.000000, 0.099476, 2000.000000, 1000.000000, 15.611922, 16.525307, 15.991984, 15.870786, 0.258646, -0.068615, -0.198046, -0.689354, 0.680628, 0.497382, 10.662636, -9.092384, -26.028770, -1.155109, 0.817232, 0.636098, 0.002163, 14.922852, 18.359375, 280.578613
-0.143106, 0.136126, 1065.000000, 0.099476, 2000.000000, 1000.000000, 15.713106, 16.185843, 15.872427, 16.228624, 0.029135, 0.050525, -0.207233, -0.715532, 0.680628, 0.497382, 9.128800, -6.139093, -24.495201, -0.787595, 0.609506, 0.642490, 0.002174, 14.934570, 18.161011, 277.587891
-0.143106, 0.136126, 1065.000000, 0.099476, 2000.000000, 1000.000000, 15.637866, 15.795022, 16.130610, 16.436502, -0.037184, 0.283556, -0.115762, -0.715532, 0.680628, 0.497382, 7.608077, -4.406800, -23.026474, -0.676808, 0.202578, 0.581770, 0.001819, 14.950195, 17.279053, 264.404297
-0.146597, 0.137871, 1065.000000, 0.085515, 2000.000000, 1000.000000, 15.562905, 16.425028, 15.801054, 16.211012, 0.113041, 0.006033, -0.318020, -0.732984, 0.689354, 0.427574, 5.896082, -2.611558, -21.410906, -0.946319, 0.693662, 0.646751, 0.002222, 14.954102, 17.440796, 266.906738
-0.148342, 0.141361, 1063.000000, 0.043630, 2000.000000, 1000.000000, 16.184057, 17.084562, 15.600200, 15.131182, 0.342380, -0.634310, -0.107872, -0.741710, 0.706806, 0.218150, 3.187114, 4.199563, -19.447910, -1.352182, 1.820704, 0.293085, 0.002346, 14.911133, 18.759155, 286.621094
-0.146597, 0.143106, 1049.000000, 0.022688, 2000.000000, 1000.000000, 14.395261, 14.926049, 13.616097, 13.062593, 0.271073, -0.660655, 0.005679, -0.732984, 0.715532, 0.113438, 1.366620, 10.312605, -18.719229, -1.238199, 1.903794, 0.110926, 0.001765, 15.223633, 7.360840, 114.685051
-0.144852, 0.141361, 1050.000000, 0.022688, 2000.000000, 1000.000000, 15.430411, 15.419507, 15.006789, 14.143292, 0.213148, -0.424959, 0.218601, -0.724258, 0.706806, 0.113438, -0.227550, 15.656649, -18.251778, -1.119956, 1.475561, -0.033949, 0.001761, 15.161133, 9.118652, 141.479492
-0.144852, 0.116928, 1050.000000, 0.027923, 2000.000000, 1000.000000, 15.581149, 15.334573, 15.452378, 13.631900, 0.393475, -0.457861, 0.516764, -0.724258, 0.584642, 0.139616, -3.688158, 22.416058, -17.642172, -1.424619, 1.390340, -0.208651, 0.002274, 15.020508, 14.761353, 227.111801
-0.143106, 0.047120, 1049.000000, 0.024433, 2000.000000, 1000.000000, 14.903950, 14.475012, 14.146673, 12.474365, 0.310842, -0.689481, 0.525312, -0.715532, 0.235602, 0.122164, -6.488852, 27.330053, -17.011883, -1.276548, 1.442538, -0.233152, 0.002284, 15.149414, 9.561157, 148.376465
-0.108202, 0.001745, 1052.000000, 0.012216, 2000.000000, 1000.000000, 15.949615, 15.120127, 15.061056, 13.869202, 0.090591, -0.534871, 0.505336, -0.541012, 0.008726, 0.061082, -8.551652, 31.393883, -16.701218, -0.717288, 0.950389, -0.282154, 0.001761, 14.977539, 16.241455, 249.023422
-0.057592, -0.062827, 1080.000000, 0.010471, 2000.000000, 1000.000000, 18.865480, 16.831316, 18.115362, 18.187841, -0.526660, 0.151602, 0.490421, -0.287958, -0.314136, 0.052356, -8.498438, 32.222164, -17.899788, 0.616414, -0.581452, -0.278958, 0.002306, 14.512695, 35.760498, 531.433105
-0.045375, -0.094241, 1085.000000, 0.005236, 2000.000000, 1000.000000, 18.546305, 16.677053, 18.220537, 18.556105, -0.551205, 0.388321, 0.383422, -0.226876, -0.471204, 0.026178, -7.221379, 29.221216, -19.265013, 0.725071, -1.155626, -0.233152, 0.002241, 14.680664, 27.160645, 408.081024
-0.012216, -0.144852, 1108.000000, 0.003490, 2000.000000, 1000.000000, 20.035938, 19.296715, 20.416969, 20.250378, -0.143158, 0.333673, 0.226453, -0.061082, -0.724258, 0.017452, -7.192679, 25.479458, -19.759600, 0.190311, -1.329263, -0.136213, 0.001881, 14.040039, 58.761597, 844.299255
-0.001745, -0.148342, 1113.000000, 0.003490, 2000.000000, 1000.000000, 20.887564, 20.072870, 21.734652, 21.304914, -0.096240, 0.519784, 0.311108, -0.008726, -0.741710, 0.017452, -9.381568, 19.700418, -19.438965, 0.157288, -1.658427, -0.192672, 0.002327, 14.102539, 47.320557, 684.631287
-0.001745, -0.120419, 1112.000000, 0.003490, 2000.000000, 1000.000000, 21.232164, 18.792810, 21.659803, 22.315222, -0.773692, 0.987513, 0.445983, -0.008726, -0.602094, 0.017452, -9.224751, 13.934919, -20.175091, 1.342920, -2.347649, -0.285350, 0.001888, 14.208008, 44.561768, 648.315369
-0.003490, -0.089005, 1084.000000, 0.003490, 2000.000000, 1000.000000, 17.676952, 16.441914, 18.675388, 19.205746, -0.441349, 0.940567, 0.176171, -0.017452, -0.445026, 0.017452, -8.365910, 6.838722, -20.823589, 0.759159, -2.114357, -0.102125, 0.001760, 15.012695, 10.958862, 168.518051
-0.041885, -0.062827, 1050.000000, 0.001745, 2000.000000, 1000.000000, 14.600531, 15.103703, 15.910139, 14.385628, 0.506921, 0.147883, 0.255335, -0.209424, -0.314136, 0.008726, -11.790984, 2.745920, -21.042660, -1.096520, -0.578256, -0.163910, 0.002228, 15.407227, 0.079346, 1.281738
-0.075044, -0.057592, 1044.000000, 0.001745, 2000.000000, 1000.000000, 14.158423, 13.688724, 14.717969, 13.434884, 0.203347, 0.076426, 0.438196, -0.375218, -0.287958, 0.008726, -14.833453, 2.700993, -21.509581, -0.740724, -0.428055, -0.288545, 0.002246, 15.165039, 5.441284, 84.472649
-0.080279, -0.024433, 1034.000000, 0.001745, 2000.000000, 1000.000000, 13.343285, 11.849566, 13.392134, 13.415016, -0.379150, 0.403575, 0.367709, -0.401396, -0.122164, 0.008726, -16.036482, 1.310222, -22.284822, 0.253162, -0.834983, -0.241674, 0.001887, 15.223633, 5.960083, 92.895500
-0.082024, 0.000000, 1035.000000, 0.001745, 2000.000000, 1000.000000, 13.220564, 11.625805, 13.046871, 14.106760, -0.663662, 0.576816, 0.133718, -0.410122, 0.000000, 0.008726, -15.402476, -3.396157, -22.803129, 0.736789, -1.005424, -0.081885, 0.002295, 15.110352, 10.400391, 160.888657
-0.083770, 0.001745, 1036.000000, 0.003490, 2000.000000, 1000.000000, 13.339524, 11.935311, 13.004020, 13.721145, -0.530335, 0.362583, 0.171772, -0.418848, 0.008726, 0.017452, -14.714225, -6.084032, -22.994606, 0.497106, -0.625127, -0.098929, 0.002179, 15.149414, 7.879639, 122.314445
-0.078534, 0.001745, 1041.000000, 0.006981, 2000.000000, 1000.000000, 14.343978, 13.377055, 13.952851, 14.326116, -0.335046, 0.139484, 0.148414, -0.392670, 0.008726, 0.034904, -14.363244, -7.398629, -23.144779, 0.187116, -0.237373, -0.065906, 0.001774, 15.016602, 13.720703, 211.120590
-0.057592, 0.005236, 1048.000000, 0.005236, 2000.000000, 1000.000000, 14.096233, 13.177784, 14.342199, 14.383783, -0.240008, 0.362991, 0.219216, -0.287958, 0.026178, 0.026178, -14.518791, -8.679972, -23.621935, 0.123200, -0.604887, -0.122365, 0.002294, 15.024414, 13.079834, 201.293930
-0.012216, 0.055846, 1047.000000, 0.003490, 2000.000000, 1000.000000, 13.709412, 12.782709, 14.650791, 14.857088, -0.283250, 0.753940, 0.180101, -0.061082, 0.279232, 0.017452, -14.771768, -11.026343, -23.956425, 0.438516, -1.044839, -0.105321, 0.001757, 15.098633, 10.119629, 156.494141
0.000000, 0.134380, 1048.000000, 0.001745, 2000.000000, 1000.000000, 13.835155, 12.163448, 14.675167, 15.326229, -0.580692, 1.000699, 0.255161, 0.000000, 0.671902, 0.008726, -14.108326, -14.663173, -24.172148, 1.020147, -1.071470, -0.164975, 0.001861, 15.063477, 11.199951, 172.729477
0.000000, 0.148342, 1048.000000, 0.010471, 2000.000000, 1000.000000, 14.513857, 12.507868, 14.187948, 14.790327, -0.652092, 0.489137, 0.350902, 0.000000, 0.741710, 0.052356, -10.696820, -18.703815, -24.076475, 1.136260, -0.093564, -0.185215, 0.002378, 15.083008, 11.041260, 170.410141
0.000000, 0.148342, 1048.000000, 0.036649, 2000.000000, 1000.000000, 14.842148, 12.812195, 13.887024, 14.458633, -0.650391, 0.172828, 0.364586, 0.000000, 0.741710, 0.183246, -7.425176, -19.359764, -23.386839, 1.135195, 0.457175, -0.062711, 0.002276, 15.106445, 10.360718, 160.217285
0.000000, 0.171030, 1048.000000, 0.040140, 2000.000000, 1000.000000, 14.916724, 12.908914, 13.769483, 14.404880, -0.660802, 0.087181, 0.343103, 0.000000, 0.855148, 0.200698, -3.608923, -18.932295, -22.284216, 1.159696, 0.725619, -0.030753, 0.001947, 15.098633, 10.119629, 156.433105
0.000000, 0.197208, 1048.000000, 0.026178, 2000.000000, 1000.000000, 14.660820, 13.024929, 13.998642, 14.315609, -0.488215, 0.157126, 0.329731, 0.000000, 0.986038, 0.130890, 1.399834, -17.483505, -20.904825, 0.848641, 0.734142, -0.091473, 0.002352, 15.071289, 11.080933, 171.020493
0.000000, 0.195462, 1048.000000, 0.022688, 2000.000000, 1000.000000, 14.618397, 12.793379, 14.223907, 14.364317, -0.491357, 0.294112, 0.421152, 0.000000, 0.977312, 0.113438, 4.105422, -16.713245, -20.526043, 0.856098, 0.487002, -0.171367, 0.002276, 15.047852, 11.999512, 184.875473
0.000000, 0.197208, 1048.000000, 0.026178, 2000.000000, 1000.000000, 14.667368, 12.778252, 13.895329, 14.659052, -0.663210, 0.277191, 0.281348, 0.000000, 0.986038, 0.130890, 7.224324, -16.446383, -19.958504, 1.171414, 0.525351, -0.059515, 0.001753, 15.067383, 11.480713, 177.124008
-0.003490, 0.172775, 1048.000000, 0.034904, 2000.000000, 1000.000000, 15.256068, 12.853953, 13.196599, 14.693379, -0.974724, -0.055011, 0.226333, -0.017452, 0.863874, 0.174520, 14.298841, -15.327889, -18.158352, 1.676346, 0.977020, 0.022510, 0.002443, 15.059570, 11.679077, 180.175766
-0.019197, 0.150087, 1047.000000, 0.040140, 2000.000000, 1000.000000, 15.079136, 13.023611, 13.188059, 14.709194, -0.894165, -0.051374, 0.133598, -0.095986, 0.750436, 0.200698, 19.185234, -14.239596, -16.712391, 1.461164, 0.857711, 0.111992, 0.002189, 15.059570, 11.999512, 184.997543
-0.020942, 0.132635, 1049.000000, 0.057592, 2000.000000, 1000.000000, 14.884852, 12.940473, 13.856677, 14.317998, -0.601425, 0.087337, 0.370765, -0.104712, 0.663176, 0.287958, 22.691229, -13.267084, -15.610243, 0.953036, 0.529612, 0.038489, 0.001757, 14.883789, 19.039917, 290.283203
-0.017452, 0.134380, 1051.000000, 0.062827, 2000.000000, 1000.000000, 15.743381, 14.043923, 15.044816, 15.167880, -0.455631, 0.106348, 0.394098, -0.087260, 0.671902, 0.314136, 26.161592, -12.336157, -14.863897, 0.701635, 0.502981, 0.050207, 0.002300, 14.926758, 17.559814, 268.493652
-0.020942, 0.132635, 1049.000000, 0.061082, 2000.000000, 1000.000000, 15.044711, 13.356339, 13.753222, 13.845727, -0.445219, -0.200526, 0.398966, -0.104712, 0.663176, 0.305410, 28.563471, -10.743762, -14.206279, 0.668612, 1.027087, 0.037424, 0.002338, 14.977539, 14.160156, 217.224106
-0.073298, 0.120419, 1050.000000, 0.043630, 2000.000000, 1000.000000, 15.993193, 14.544376, 14.561478, 14.900953, -0.447073, -0.268784, 0.277335, -0.366492, 0.602094, 0.218150, 30.795582, -8.109412, -13.813628, 0.406559, 1.092068, 0.032097, 0.001806, 14.969727, 15.280151, 234.191879
-0.092496, 0.106457, 1049.000000, 0.040140, 2000.000000, 1000.000000, 13.989849, 13.370937, 14.481022, 14.158192, -0.074020, 0.319607, 0.235435, -0.462478, 0.532286, 0.200698, 31.390085, -6.026873, -13.422749, -0.344448, -0.011539, 0.042750, 0.002281, 15.047852, 12.121582, 186.828598
-0.118674, 0.083770, 1049.000000, 0.036649, 2000.000000, 1000.000000, 13.832875, 13.481509, 14.699517, 13.986098, 0.090513, 0.342807, 0.266196, -0.593368, 0.418848, 0.183246, 29.708855, -6.041783, -13.504107, -0.762029, -0.168132, 0.004401, 0.002449, 15.079102, 10.879517, 168.029770
-0.160558, 0.057592, 1049.000000, 0.031414, 2000.000000, 1000.000000, 14.268298, 13.632903, 14.268739, 13.830060, -0.049179, 0.049400, 0.268519, -0.802792, 0.287958, 0.157068, 27.612282, -5.491352, -13.802694, -0.741789, 0.208969, -0.024361, 0.001791, 15.067383, 11.599731, 178.894028
-0.190227, 0.013962, 1049.000000, 0.027923, 2000.000000, 1000.000000, 14.495565, 14.041374, 13.579823, 13.883238, -0.189401, -0.268470, 0.037694, -0.951134, 0.069808, 0.139616, 25.414013, -3.061199, -13.729064, -0.641655, 0.538134, 0.115187, 0.002408, 15.090820, 10.559082, 162.780746
-0.184991, 0.006981, 1049.000000, 0.027923, 2000.000000, 1000.000000, 14.385783, 13.874333, 13.894300, 13.845584, -0.115684, -0.130058, 0.140042, -0.924956, 0.034904, 0.139616, 23.812952, -1.475288, -13.563474, -0.746050, 0.263298, 0.045946, 0.002178, 15.086914, 11.120605, 171.813950
-0.176265, 0.008726, 1049.000000, 0.027923, 2000.000000, 1000.000000, 13.775858, 13.818247, 14.284481, 14.121414, 0.051364, 0.202948, 0.030170, -0.881326, 0.043630, 0.139616, 21.427866, -1.019751, -13.430935, -0.996386, -0.313007, 0.120514, 0.001838, 15.059570, 11.840820, 182.617172
-0.176265, 0.015707, 1049.000000, 0.019197, 2000.000000, 1000.000000, 13.431097, 13.799360, 14.537306, 14.232237, 0.168333, 0.384771, -0.015799, -0.881326, 0.078534, 0.095986, 18.101645, -1.705688, -13.125365, -1.198785, -0.594235, 0.107731, 0.002024, 15.063477, 11.401367, 174.621567
-0.247818, 0.026178, 1048.000000, 0.010471, 2000.000000, 1000.000000, 13.892715, 13.906153, 14.435232, 13.765900, 0.170693, 0.100566, 0.163974, -1.239092, 0.130890, 0.052356, 12.260307, -1.897661, -13.266138, -1.566298, -0.042431, -0.058450, 0.002215, 15.090820, 9.881592, 152.709961
-0.260035, 0.010471, 1048.000000, 0.008726, 2000.000000, 1000.000000, 14.051067, 14.343588, 14.193491, 13.411854, 0.268540, -0.197328, 0.122279, -1.300174, 0.052356, 0.043630, 7.992169, -0.313112, -13.531120, -1.811308, 0.401781, -0.039275, 0.001810, 15.012695, 13.040161, 200.500473
-0.247818, 0.005236, 1048.000000, 0.010471, 2000.000000, 1000.000000, 13.965735, 14.390145, 14.299710, 13.344409, 0.344928, -0.177940, 0.132723, -1.239092, 0.026178, 0.052356, 3.228576, 2.010276, -13.515362, -1.870962, 0.337866, -0.037144, 0.002236, 15.071289, 11.080933, 170.898422
-0.200698, 0.005236, 1048.000000, 0.012216, 2000.000000, 1000.000000, 14.049226, 13.771522, 14.725869, 13.453383, 0.248696, 0.089626, 0.387548, -1.003490, 0.026178, 0.061082, -3.401886, 3.983892, -13.592334, -1.459773, -0.129782, -0.201194, 0.002332, 15.059570, 11.959839, 184.387192
-0.167539, 0.005236, 1048.000000, 0.012216, 2000.000000, 1000.000000, 13.535967, 13.686352, 15.016455, 13.761227, 0.351403, 0.388840, 0.276211, -0.837696, 0.026178, 0.061082, -7.350415, 3.767299, -13.716350, -1.480013, -0.658150, -0.126626, 0.001810, 15.083008, 10.559082, 163.024887
-0.094241, 0.005236, 1048.000000, 0.012216, 2000.000000, 1000.000000, 12.901115, 14.054224, 15.341722, 13.702938, 0.697974, 0.522330, 0.121418, -0.471204, 0.026178, 0.061082, -12.153637, 2.594697, -13.677093, -1.715435, -0.895703, -0.021166, 0.001785, 15.083008, 9.921265, 153.320312
-0.059337, 0.001745, 1048.000000, 0.005236, 2000.000000, 1000.000000, 13.493911, 14.267398, 14.793904, 13.444787, 0.530651, 0.119346, 0.143907, -0.296684, 0.008726, 0.026178, -18.995747, 1.672036, -13.520853, -1.230742, -0.200089, -0.071233, 0.002279, 15.016602, 13.159180, 202.392563
-0.057592, 0.003490, 1048.000000, 0.006981, 2000.000000, 1000.000000, 14.216849, 14.123662, 14.156177, 13.503312, 0.139920, -0.170256, 0.186513, -0.287958, 0.017452, 0.034904, -21.163429, 2.443029, -13.661783, -0.538325, 0.314430, -0.091473, 0.002204, 15.020508, 12.799072, 196.777328
-0.059337, 0.003490, 1048.000000, 0.008726, 2000.000000, 1000.000000, 14.544641, 13.912546, 13.690538, 13.852274, -0.198458, -0.228594, 0.117590, -0.296684, 0.017452, 0.043630, -21.348799, 3.659786, -13.857613, 0.044371, 0.420956, -0.036079, 0.001857, 15.102539, 9.719849, 150.329590
-0.038394, 0.003490, 1048.000000, 0.017452, 2000.000000, 1000.000000, 14.064669, 14.038342, 13.893595, 14.003395, -0.034031, -0.051505, -0.020868, -0.191972, 0.017452, 0.087260, -20.779392, 4.712116, -13.775861, -0.135657, 0.107770, 0.102404, 0.002070, 15.040039, 11.999512, 184.814438
-0.012216, 0.003490, 1048.000000, 0.031414, 2000.000000, 1000.000000, 13.574502, 14.180532, 14.584460, 13.660506, 0.382496, 0.122483, 0.079481, -0.061082, 0.017452, 0.157068, -21.887993, 4.843816, -13.402962, -0.729006, -0.195828, 0.104535, 0.002290, 15.043945, 11.880493, 182.983383
-0.001745, 0.005236, 1048.000000, 0.029668, 2000.000000, 1000.000000, 13.136736, 14.199919, 14.699732, 13.963614, 0.449825, 0.331673, -0.081766, -0.008726, 0.026178, 0.148342, -24.403139, 4.317853, -12.775479, -0.803574, -0.559081, 0.205734, 0.001767, 15.055664, 11.520386, 177.612289
0.000000, 0.003490, 1048.000000, 0.010471, 2000.000000, 1000.000000, 13.298077, 13.482489, 13.933302, 15.286133, -0.292104, 0.609718, -0.384311, 0.000000, 0.017452, 0.052356, -25.757998, 0.994455, -11.628016, 0.506693, -1.042708, 0.313325, 0.002394, 15.012695, 13.360596, 205.383286
0.000000, 0.001745, 1048.000000, 0.005236, 2000.000000, 1000.000000, 13.827483, 13.343892, 13.383960, 15.444665, -0.636074, 0.414312, -0.394279, 0.000000, 0.008726, 0.026178, -23.869358, -1.930720, -10.756685, 1.110694, -0.715674, 0.294151, 0.002229, 15.067383, 11.279297, 173.889145
0.000000, 0.003490, 1048.000000, 0.003490, 2000.000000, 1000.000000, 14.255009, 13.609621, 12.920374, 15.214996, -0.735003, 0.067685, -0.412308, 0.000000, 0.017452, 0.017452, -20.647884, -3.588142, -9.855474, 1.294984, -0.102086, 0.298412, 0.001900, 15.032227, 12.161255, 187.194809
0.000000, 0.005236, 1052.000000, 0.003490, 2000.000000, 1000.000000, 15.147281, 15.260024, 13.683364, 15.909331, -0.528306, -0.203653, -0.584678, 0.000000, 0.026178, 0.017452, -17.304867, -3.641500, -8.652634, 0.920013, 0.379411, 0.413460, 0.002176, 14.883789, 19.839478, 302.429199
0.001745, 0.029668, 1067.000000, 0.003490, 2000.000000, 1000.000000, 15.048665, 16.456118, 15.623274, 16.871941, 0.039697, 0.247608, -0.664030, 0.008726, 0.148342, 0.017452, -15.894154, -2.993045, -6.817883, -0.061089, -0.275723, 0.466722, 0.002285, 14.813477, 19.561768, 296.813965
0.001745, 0.076789, 1069.000000, 0.001745, 2000.000000, 1000.000000, 14.359401, 15.689089, 16.182270, 17.769241, -0.064321, 0.975756, -0.729165, 0.008726, 0.383944, 0.008726, -16.098738, -5.149883, -5.481558, 0.125331, -1.319675, 0.505072, 0.001752, 14.774414, 22.000122, 332.885712
0.001745, 0.130890, 1069.000000, 0.001745, 2000.000000, 1000.000000, 15.184456, 14.950437, 15.734689, 18.130417, -0.657437, 0.932554, -0.540427, 0.008726, 0.654450, 0.008726, -13.741427, -11.198877, -3.307844, 1.146913, -0.944705, 0.374045, 0.002366, 14.739258, 22.760010, 343.505829
0.001745, 0.129145, 1069.000000, 0.001745, 2000.000000, 1000.000000, 16.234159, 15.734377, 14.737013, 17.294451, -0.764305, 0.015732, -0.514414, 0.008726, 0.645724, 0.008726, -10.035048, -11.676366, -1.599766, 1.339725, 0.632942, 0.357001, 0.002168, 14.907227, 15.841675, 241.882309
0.001745, 0.127400, 1068.000000, 0.001745, 2000.000000, 1000.000000, 16.373674, 16.406008, 14.724784, 16.495535, -0.434604, -0.389840, -0.450772, 0.008726, 0.636998, 0.008726, -6.948839, -8.718839, -0.142212, 0.773007, 1.340273, 0.315456, 0.001816, 14.883789, 17.639160, 268.798828
0.001745, 0.129145, 1069.000000, 0.001745, 2000.000000, 1000.000000, 15.431137, 15.680516, 16.320503, 16.567842, 0.000510, 0.444173, -0.124180, 0.008726, 0.645724, 0.008726, -5.588320, -5.485549, 0.842138, 0.011348, -0.106347, 0.092817, 0.002293, 14.930664, 15.921021, 243.286118
0.001745, 0.137871, 1069.000000, 0.000000, 2000.000000, 1000.000000, 15.426459, 14.781577, 16.746901, 17.045065, -0.235761, 0.895982, 0.086680, 0.008726, 0.689354, 0.000000, -5.206983, -7.011109, 0.935420, 0.412950, -0.847766, -0.058450, 0.002254, 14.891602, 16.760254, 265.625000
0.001745, 0.137871, 1069.000000, 0.000000, 2000.000000, 1000.000000, 16.440268, 14.089768, 16.434835, 17.035128, -0.737698, 0.734981, 0.437552, 0.008726, 0.689354, 0.000000, -2.970374, -9.081167, 0.792590, 1.298179, -0.579321, -0.297067, 0.001894, 14.817383, 18.798828, 285.278320
0.000000, 0.136126, 1069.000000, 0.000000, 2000.000000, 1000.000000, 17.616402, 14.360437, 15.507833, 16.515327, -1.065865, 0.011580, 0.562117, 0.000000, 0.680628, 0.000000, 1.591961, -8.861961, 0.516971, 1.854244, 0.676618, -0.381223, 0.002028, 14.903320, 16.000366, 244.079575
0.000000, 0.136126, 1069.000000, 0.000000, 2000.000000, 1000.000000, 17.976093, 15.499763, 15.107066, 15.417080, -0.696586, -0.737927, 0.541580, 0.000000, 0.680628, 0.000000, 8.109305, -2.919010, -0.215782, 1.208698, 1.973036, -0.366309, 0.002303, 14.801758, 20.040894, 303.894043
0.000000, 0.129145, 1069.000000, 0.000000, 2000.000000, 1000.000000, 17.720909, 15.676487, 15.254088, 15.348515, -0.534712, -0.698698, 0.487499, 0.000000, 0.645724, 0.000000, 10.870394, 2.415098, -1.127583, 0.926404, 1.876098, -0.330090, 0.002185, 14.887695, 16.479492, 251.098618
0.000000, 0.122164, 1069.000000, 0.000000, 2000.000000, 1000.000000, 17.050545, 15.188308, 15.824052, 15.937095, -0.493820, -0.119426, 0.437299, 0.000000, 0.610820, 0.000000, 14.436400, 7.955117, -2.768905, 0.863554, 0.838537, -0.297067, 0.001894, 14.887695, 16.558838, 252.380356
0.000000, 0.123909, 1069.000000, 0.000000, 2000.000000, 1000.000000, 16.831490, 14.649973, 16.217093, 16.301445, -0.566467, 0.259269, 0.524291, 0.000000, 0.619546, 0.000000, 17.112429, 9.026086, -4.001902, 0.982863, 0.184469, -0.354591, 0.002302, 14.911133, 15.759277, 240.478500
-0.001745, 0.127400, 1067.000000, 0.000000, 2000.000000, 1000.000000, 16.735605, 14.667999, 16.140471, 16.455927, -0.595766, 0.298198, 0.438038, -0.008726, 0.636998, 0.000000, 19.787222, 9.045089, -5.340903, 1.036126, 0.132271, -0.298133, 0.001781, 14.860352, 17.800903, 270.996094
-0.024433, 0.115183, 1053.000000, 0.000000, 2000.000000, 1000.000000, 16.217070, 14.410434, 14.357882, 15.014613, -0.615842, -0.313753, 0.287476, -0.122164, 0.575916, 0.000000, 24.161663, 11.326235, -6.921408, 0.945579, 1.135744, -0.194803, 0.002036, 14.938477, 14.520264, 222.228989
-0.041885, 0.090750, 1051.000000, 0.001745, 2000.000000, 1000.000000, 16.026245, 14.664397, 14.440354, 14.869004, -0.447624, -0.345320, 0.233300, -0.209424, 0.453752, 0.008726, 26.607273, 14.168443, -7.963084, 0.561021, 1.062241, -0.148997, 0.002336, 14.973633, 13.360596, 204.833969
-0.040140, 0.083770, 1051.000000, 0.001745, 2000.000000, 1000.000000, 15.138506, 14.710913, 15.062397, 15.088184, -0.113346, 0.075291, 0.100452, -0.200698, 0.418848, 0.008726, 27.576927, 15.881939, -8.453238, -0.005696, 0.298451, -0.059515, 0.001767, 14.903320, 17.160034, 261.718750
-0.052356, 0.062827, 1051.000000, 0.001745, 2000.000000, 1000.000000, 14.646564, 14.516937, 15.536158, 15.300341, 0.026547, 0.418249, 0.091361, -0.261780, 0.314136, 0.008726, 27.044477, 15.585700, -8.442777, -0.312490, -0.403554, -0.053123, 0.002150, 14.954102, 13.519287, 207.092270
-0.075044, 0.036649, 1052.000000, 0.001745, 2000.000000, 1000.000000, 15.096321, 14.411734, 15.127684, 15.364262, -0.230292, 0.245972, 0.112003, -0.375218, 0.183246, 0.008726, 25.995495, 14.206167, -8.417322, 0.014544, -0.238439, -0.066972, 0.002311, 14.903320, 16.320801, 249.084457
-0.087260, 0.024433, 1052.000000, 0.001745, 2000.000000, 1000.000000, 15.207041, 14.581873, 14.680660, 15.530426, -0.368733, 0.105543, -0.056149, -0.436300, 0.122164, 0.008726, 26.413521, 13.813605, -8.536433, 0.200964, -0.060541, 0.047011, 0.001786, 14.965820, 13.360596, 205.993637
-0.092496, 0.005236, 1052.000000, 0.001745, 2000.000000, 1000.000000, 14.929919, 14.507668, 14.832812, 15.729600, -0.329759, 0.281206, -0.118635, -0.462478, 0.026178, 0.008726, 26.814966, 13.097608, -8.391674, 0.099765, -0.465339, 0.089621, 0.001811, 14.997070, 12.399292, 190.307602
-0.095986, 0.003490, 1052.000000, 0.001745, 2000.000000, 1000.000000, 14.251917, 14.508625, 15.420874, 15.818584, -0.035251, 0.619730, -0.163604, -0.479930, 0.017452, 0.008726, 25.076077, 9.778684, -7.604194, -0.428603, -1.055491, 0.119448, 0.002318, 14.954102, 14.041138, 214.904770
-0.095986, 0.001745, 1052.000000, 0.001745, 2000.000000, 1000.000000, 14.301575, 14.509520, 15.213751, 15.975155, -0.138365, 0.594453, -0.242337, -0.479930, 0.008726, 0.008726, 23.886826, 7.053859, -7.015762, -0.248575, -1.021403, 0.172711, 0.002255, 14.950195, 13.241577, 202.880844
-0.095986, 0.003490, 1048.000000, 0.001745, 2000.000000, 1000.000000, 14.078492, 13.295272, 13.815623, 14.810613, -0.444553, 0.313118, -0.052942, -0.479930, 0.017452, 0.008726, 23.942961, 3.583148, -6.352567, 0.280858, -0.528189, 0.044880, 0.002332, 14.997070, 12.838745, 197.021469
-0.101222, 0.005236, 1050.000000, 0.001745, 2000.000000, 1000.000000, 15.055614, 14.710637, 14.972917, 15.260833, -0.158223, 0.116874, 0.014265, -0.506108, 0.026178, 0.008726, 23.821096, 2.781871, -6.337707, -0.243248, -0.175589, -0.000926, 0.002242, 14.950195, 15.438843, 236.328110
-0.104712, 0.019197, 1050.000000, 0.001745, 2000.000000, 1000.000000, 14.409081, 15.022328, 15.553987, 15.014604, 0.288157, 0.284295, -0.018466, -0.523560, 0.095986, 0.008726, 21.800821, 2.341478, -6.192505, -1.036865, -0.393966, 0.021445, 0.002293, 15.008789, 12.759399, 195.922836
-0.102967, 0.041885, 1050.000000, 0.001745, 2000.000000, 1000.000000, 13.944152, 14.987498, 16.163023, 14.905326, 0.575261, 0.534175, 0.053588, -0.514834, 0.209424, 0.008726, 17.710518, 1.144834, -6.063726, -1.541798, -0.724196, -0.027557, 0.001754, 14.918945, 14.920044, 227.905258
-0.094241, 0.055846, 1050.000000, 0.001745, 2000.000000, 1000.000000, 14.430941, 14.529016, 15.509453, 15.530590, 0.019235, 0.520022, -0.029803, -0.471204, 0.279232, 0.008726, 12.819520, -1.753593, -6.052878, -0.513824, -0.612344, 0.028902, 0.002510, 14.950195, 13.558960, 207.702621
-0.109948, 0.054101, 1050.000000, 0.001745, 2000.000000, 1000.000000, 15.077402, 14.532509, 14.841295, 15.548794, -0.313098, 0.195045, -0.040651, -0.549738, 0.270506, 0.008726, 12.225618, -2.491755, -5.986273, -0.019544, -0.061606, 0.036358, 0.002316, 14.985352, 12.438965, 190.917953
-0.115183, 0.052356, 1050.000000, 0.001745, 2000.000000, 1000.000000, 15.121280, 14.793326, 14.844411, 15.240983, -0.181132, 0.042697, -0.017155, -0.575916, 0.261780, 0.008726, 12.227889, -2.184082, -5.941878, -0.268815, 0.195121, 0.020379, 0.001753, 14.942383, 14.041138, 214.782700
-0.113438, 0.045375, 1051.000000, 0.001745, 2000.000000, 1000.000000, 13.981606, 15.376225, 15.968090, 14.674080, 0.672157, 0.321085, -0.025152, -0.567190, 0.226876, 0.008726, 8.412704, -1.798997, -5.978719, -1.743131, -0.323659, 0.025706, 0.002271, 14.930664, 14.480591, 221.618637
-0.118674, 0.045375, 1051.000000, 0.001745, 2000.000000, 1000.000000, 13.651900, 15.158286, 16.474501, 14.715312, 0.816394, 0.594907, 0.063201, -0.593368, 0.226876, 0.008726, 2.951195, -2.817000, -6.211321, -2.026490, -0.800895, -0.033949, 0.002177, 14.934570, 14.361572, 225.097641
-0.116928, 0.047120, 1050.000000, 0.001745, 2000.000000, 1000.000000, 14.170866, 14.757887, 15.926929, 15.144318, 0.342408, 0.535623, 0.048898, -0.584642, 0.235602, 0.008726, -1.838540, -4.484680, -6.573841, -1.205176, -0.696500, -0.024361, 0.001863, 14.922852, 14.480591, 221.130356
-0.122164, 0.047120, 1050.000000, 0.001745, 2000.000000, 1000.000000, 15.355260, 14.910096, 14.881215, 14.853429, -0.104345, -0.132678, 0.118237, -0.610820, 0.235602, 0.008726, -4.258128, -4.553083, -7.032711, -0.440321, 0.469958, -0.071233, 0.002353, 14.989258, 12.399292, 190.307602
-0.123909, 0.047120, 1050.000000, 0.001745, 2000.000000, 1000.000000, 15.087446, 15.309027, 15.092827, 14.510700, 0.200926, -0.198236, 0.090137, -0.619546, 0.235602, 0.008726, -5.830530, -2.700639, -7.275658, -0.981472, 0.583940, -0.052058, 0.002360, 14.930664, 19.400024, 284.484863
-0.127400, 0.045375, 1050.000000, 0.001745, 2000.000000, 1000.000000, 14.415132, 15.155826, 15.920743, 14.508300, 0.538284, 0.214522, 0.167937, -0.636998, 0.226876, 0.008726, -9.520648, -1.570256, -7.587202, -1.605713, -0.143631, -0.105321, 0.001754, 15.063477, 8.801270, 135.925293
-0.102967, 0.047120, 1050.000000, 0.001745, 2000.000000, 1000.000000, 14.004918, 14.320153, 16.391512, 15.283416, 0.355833, 0.837464, 0.198215, -0.514834, 0.235602, 0.008726, -16.315401, -3.957427, -8.531301, -1.149783, -1.216345, -0.125561, 0.002075, 15.075195, 7.879639, 121.582024
-0.085515, 0.048866, 1050.000000, 0.001745, 2000.000000, 1000.000000, 14.428061, 14.220931, 16.029163, 15.321843, 0.125047, 0.675503, 0.228612, -0.427574, 0.244328, 0.008726, -19.007627, -6.616256, -9.181529, -0.651242, -0.920204, -0.145801, 0.002349, 14.899414, 15.841675, 241.577133
-0.071553, 0.050611, 1050.000000, 0.001745, 2000.000000, 1000.000000, 14.970479, 14.481467, 15.474635, 15.073419, -0.021949, 0.274027, 0.222557, -0.357766, 0.253054, 0.008726, -20.398827, -7.912016, -9.735783, -0.328469, -0.222460, -0.142605, 0.001778, 14.958008, 13.720703, 210.082993
-0.057592, 0.052356, 1050.000000, 0.001745, 2000.000000, 1000.000000, 15.110741, 14.788124, 15.219709, 14.881426, 0.003917, 0.050568, 0.165225, -0.287958, 0.261780, 0.008726, -20.999153, -7.672113, -10.259388, -0.298642, 0.180208, -0.103190, 0.002179, 14.942383, 14.001465, 214.294418
-0.024433, 0.055846, 1050.000000, 0.001745, 2000.000000, 1000.000000, 14.537736, 14.803527, 15.434329, 15.224408, 0.118928, 0.329369, -0.013968, -0.122164, 0.279232, 0.008726, -22.099171, -7.375760, -10.449451, -0.331665, -0.283180, 0.018249, 0.002310, 14.907227, 15.481567, 236.389145
-0.001745, 0.087260, 1050.000000, 0.001745, 2000.000000, 1000.000000, 14.656199, 14.519549, 15.723924, 15.100327, 0.121736, 0.412125, 0.190061, -0.008726, 0.436300, 0.008726, -23.046349, -8.055278, -10.741370, -0.224074, -0.274658, -0.120235, 0.001877, 14.938477, 13.479614, 206.176743
0.000000, 0.094241, 1050.000000, 0.001745, 2000.000000, 1000.000000, 15.095874, 14.395970, 15.559524, 14.948632, -0.022254, 0.254078, 0.327698, 0.000000, 0.471204, 0.008726, -23.492908, -8.311612, -11.297501, 0.035849, 0.041724, -0.212912, 0.002239, 14.934570, 13.958740, 213.500961
0.000000, 0.095986, 1048.000000, 0.001745, 2000.000000, 1000.000000, 14.309003, 13.473104, 13.939256, 14.278638, -0.293820, 0.108947, 0.124129, 0.000000, 0.479930, 0.008726, -22.143118, -7.376276, -11.793766, 0.513085, 0.301647, -0.075494, 0.002308, 15.067383, 8.679199, 144.897461
0.000000, 0.097731, 1045.000000, 0.001745, 2000.000000, 1000.000000, 14.256443, 13.193501, 14.088589, 14.461468, -0.358955, 0.275029, 0.172515, 0.000000, 0.488656, 0.008726, -20.398272, -7.231320, -11.833325, 0.629198, 0.018288, -0.108517, 0.001908, 14.989258, 13.079834, 200.683578
0.000000, 0.099476, 1042.000000, 0.001745, 2000.000000, 1000.000000, 13.813983, 13.189551, 14.367537, 14.628928, -0.221456, 0.498233, 0.090760, 0.000000, 0.497382, 0.008726, -19.113770, -8.056242, -11.931746, 0.391645, -0.367335, -0.053123, 0.001824, 15.016602, 10.879517, 167.419418
-0.003490, 0.095986, 1044.000000, 0.001745, 2000.000000, 1000.000000, 13.932040, 12.965137, 14.253749, 14.849074, -0.390557, 0.551412, 0.092894, -0.017452, 0.479930, 0.008726, -17.630939, -10.318704, -11.900745, 0.660090, -0.468534, -0.054189, 0.002399, 15.008789, 11.041260, 169.677719
-0.005236, 0.095986, 1044.000000, 0.001745, 2000.000000, 1000.000000, 14.085391, 12.970698, 13.883151, 15.060760, -0.573075, 0.471955, -0.015729, -0.026178, 0.479930, 0.008726, -15.548513, -11.773218, -11.647099, 0.972211, -0.331116, 0.019314, 0.002307, 15.000977, 11.520386, 176.879868
-0.003490, 0.099476, 1044.000000, 0.001745, 2000.000000, 1000.000000, 14.103767, 13.186487, 13.846811, 14.862934, -0.483350, 0.354872, -0.024711, -0.017452, 0.497382, 0.008726, -13.019089, -12.838521, -10.996387, 0.832662, -0.113804, 0.025706, 0.001856, 15.000977, 11.441040, 175.781235
-0.001745, 0.127400, 1044.000000, 0.001745, 2000.000000, 1000.000000, 13.644678, 13.501612, 14.456095, 14.397615, -0.021147, 0.426855, 0.050387, -0.008726, 0.636998, 0.008726, -11.727084, -13.334814, -10.797068, 0.027327, -0.091433, -0.025427, 0.002274, 15.012695, 10.879517, 167.297348
0.000000, 0.136126, 1044.000000, 0.001745, 2000.000000, 1000.000000, 13.897667, 13.533440, 14.281555, 14.287338, -0.092503, 0.284447, 0.089611, 0.000000, 0.680628, 0.008726, -11.559256, -13.267219, -10.866464, 0.161550, 0.199382, -0.052058, 0.002204, 15.004883, 11.480713, 176.391586
0.000000, 0.139616, 1044.000000, 0.001745, 2000.000000, 1000.000000, 14.495544, 13.560675, 13.673281, 14.270500, -0.383022, -0.028109, 0.084412, 0.000000, 0.698080, 0.008726, -10.137496, -12.098795, -10.778223, 0.675004, 0.768230, -0.048862, 0.001767, 15.004883, 11.120605, 170.898422
0.000000, 0.143106, 1044.000000, 0.001745, 2000.000000, 1000.000000, 14.891502, 13.654186, 13.272341, 14.181971, -0.536736, -0.272844, 0.081922, 0.000000, 0.715532, 0.008726, -5.704402, -8.451615, -10.142194, 0.935992, 1.207116, -0.046732, 0.002272, 15.008789, 11.318970, 173.889145
0.000000, 0.148342, 1044.000000, 0.001745, 2000.000000, 1000.000000, 14.779039, 13.708971, 13.475378, 14.036612, -0.407826, -0.244005, 0.127209, 0.000000, 0.741710, 0.008726, -2.906216, -5.649165, -9.985801, 0.712288, 1.185811, -0.077624, 0.002206, 15.016602, 11.199951, 172.180161
0.000000, 0.148342, 1044.000000, 0.001745, 2000.000000, 1000.000000, 14.466491, 13.836667, 13.712037, 13.984805, -0.225648, -0.151579, 0.089264, 0.000000, 0.741710, 0.008726, -0.933280, -2.843006, -10.088926, 0.398037, 1.030283, -0.052058, 0.001854, 15.040039, 10.241699, 157.714844
0.000000, 0.139616, 1044.000000, 0.001745, 2000.000000, 1000.000000, 13.907808, 13.737902, 14.177372, 14.176918, -0.042363, 0.177145, 0.042590, 0.000000, 0.698080, 0.008726, 0.392613, -0.030495, -10.133077, 0.073133, 0.406042, -0.020100, 0.002261, 14.961914, 13.439941, 205.932602
0.000000, 0.136126, 1044.000000, 0.001745, 2000.000000, 1000.000000, 13.840127, 13.822816, 14.191560, 14.145497, 0.007188, 0.168528, 0.015843, 0.000000, 0.680628, 0.008726, 0.467177, 0.957822, -10.149683, -0.012088, 0.402846, -0.001991, 0.002327, 15.004883, 11.599731, 178.283676
-0.003490, 0.129145, 1045.000000, 0.001745, 2000.000000, 1000.000000, 14.461496, 13.783318, 13.711163, 14.044024, -0.252760, -0.122407, 0.086330, -0.017452, 0.645724, 0.008726, 1.254050, 2.511878, -10.223928, 0.427864, 0.880082, -0.049928, 0.001780, 15.000977, 11.441040, 175.781235
-0.003490, 0.125654, 1045.000000, 0.001745, 2000.000000, 1000.000000, 14.882248, 13.719662, 13.349312, 14.048779, -0.465513, -0.300955, 0.115780, -0.017452, 0.628272, 0.008726, 3.567201, 5.065309, -10.513711, 0.804965, 1.179419, -0.070167, 0.001759, 15.012695, 10.958862, 168.518051
-0.008726, 0.104712, 1045.000000, 0.001745, 2000.000000, 1000.000000, 14.903075, 13.517842, 13.521438, 14.057645, -0.480360, -0.210458, 0.212257, -0.043630, 0.523560, 0.008726, 7.685647, 8.722316, -11.335269, 0.792182, 0.902452, -0.135148, 0.002283, 14.997070, 11.560059, 174.621567
-0.005236, 0.087260, 1045.000000, 0.001745, 2000.000000, 1000.000000, 14.646464, 13.393765, 13.873763, 14.086007, -0.366236, -0.020115, 0.260114, -0.026178, 0.436300, 0.008726, 9.873341, 10.084006, -12.040554, 0.616414, 0.483806, -0.168171, 0.002003, 15.008789, 11.441040, 175.720200
-0.005236, 0.092496, 1045.000000, 0.001745, 2000.000000, 1000.000000, 14.344378, 13.144053, 14.293560, 14.218010, -0.281194, 0.255785, 0.318969, -0.026178, 0.462478, 0.008726, 11.405514, 10.371535, -12.795895, 0.469409, 0.024680, -0.208651, 0.001756, 14.965820, 12.600708, 193.115219
-0.003490, 0.089005, 1044.000000, 0.001745, 2000.000000, 1000.000000, 14.131060, 12.960979, 14.331348, 14.576612, -0.353836, 0.453981, 0.231204, -0.017452, 0.445026, 0.008726, 13.152429, 9.033696, -13.743643, 0.597240, -0.334312, -0.147931, 0.002408, 15.008789, 11.361694, 165.893539
-0.003490, 0.076789, 1044.000000, 0.001745, 2000.000000, 1000.000000, 14.148568, 13.128133, 14.134311, 14.588988, -0.368779, 0.361649, 0.141439, -0.017452, 0.383944, 0.008726, 14.603545, 7.806988, -14.242131, 0.624937, -0.238439, -0.087212, 0.002279, 14.973633, 12.759399, 195.617661
-0.003490, 0.066318, 1044.000000, 0.001745, 2000.000000, 1000.000000, 14.240816, 13.171473, 14.175741, 14.411970, -0.326393, 0.293855, 0.208279, -0.017452, 0.331588, 0.008726, 15.983040, 6.916347, -14.683963, 0.556760, -0.175589, -0.133018, 0.001908, 14.989258, 11.840820, 181.701645
-0.005236, 0.061082, 1044.000000, 0.001745, 2000.000000, 1000.000000, 14.371298, 12.882553, 14.332108, 14.414042, -0.392669, 0.373075, 0.351703, -0.026178, 0.305410, 0.008726, 18.127321, 5.272756, -15.702123, 0.657960, -0.337508, -0.229956, 0.002280, 15.004883, 11.239624, 172.729477
-0.005236, 0.068063, 1044.000000, 0.001745, 2000.000000, 1000.000000, 14.239177, 12.994193, 14.275805, 14.490825, -0.365001, 0.383315, 0.257491, -0.026178, 0.340314, 0.008726, 19.505363, 3.849021, -16.329964, 0.611088, -0.321529, -0.166041, 0.002174, 15.004883, 11.401367, 175.231918
-0.005236, 0.073298, 1044.000000, 0.001745, 2000.000000, 1000.000000, 14.100087, 13.334044, 14.187663, 14.378205, -0.239146, 0.282935, 0.143876, -0.026178, 0.366492, 0.008726, 20.536720, 2.890484, -16.670713, 0.395906, -0.122326, -0.089342, 0.001792, 14.973633, 12.481689, 191.406235
-0.048866, 0.080279, 1044.000000, 0.001745, 2000.000000, 1000.000000, 14.246409, 13.450700, 13.898160, 14.404731, -0.325570, 0.151445, 0.072285, -0.244328, 0.401396, 0.008726, 21.919762, 2.534320, -16.995117, 0.322403, 0.145054, -0.040340, 0.001943, 15.020508, 10.479736, 161.193832
-0.069808, 0.080279, 1044.000000, 0.001745, 2000.000000, 1000.000000, 14.263378, 13.426167, 13.827999, 14.482456, -0.372918, 0.155228, 0.045689, -0.349040, 0.401396, 0.008726, 22.826298, 2.694563, -17.105766, 0.291511, 0.140793, -0.022231, 0.002352, 15.004883, 11.361694, 174.621567
-0.071553, 0.078534, 1044.000000, 0.001745, 2000.000000, 1000.000000, 13.886630, 13.674077, 14.035085, 14.404208, -0.145419, 0.219647, -0.039143, -0.357766, 0.392670, 0.008726, 23.117563, 2.847461, -17.098742, -0.111156, 0.019354, 0.035293, 0.002261, 15.004883, 11.480713, 176.391586
-0.076789, 0.071553, 1044.000000, 0.001745, 2000.000000, 1000.000000, 13.533691, 14.056164, 14.163847, 14.246298, 0.110006, 0.205072, -0.151231, -0.383944, 0.357766, 0.008726, 22.070347, 3.092175, -16.828588, -0.589457, 0.005505, 0.111992, 0.001752, 14.954102, 13.241577, 202.819809
-0.078534, 0.068063, 1044.000000, 0.001745, 2000.000000, 1000.000000, 13.987912, 14.008412, 14.028316, 13.975360, 0.018364, 0.001837, 0.008114, -0.392670, 0.340314, 0.008726, 19.755035, 4.451673, -16.338696, -0.432864, 0.344257, 0.003335, 0.002356, 15.020508, 9.881592, 151.916504
-0.080279, 0.066318, 1044.000000, 0.001745, 2000.000000, 1000.000000, 14.430287, 13.840035, 13.595077, 14.134601, -0.282444, -0.135162, 0.012682, -0.401396, 0.331588, 0.008726, 19.731009, 5.740888, -16.385468, 0.081655, 0.574353, 0.000140, 0.002253, 15.016602, 10.919189, 167.785629
-0.078534, 0.064572, 1044.000000, 0.001745, 2000.000000, 1000.000000, 14.272730, 13.895439, 13.612318, 14.219513, -0.246122, -0.084085, -0.057476, -0.392670, 0.322862, 0.008726, 20.434719, 7.054236, -16.363585, 0.029458, 0.481675, 0.048076, 0.001755, 15.004883, 11.679077, 179.321274
-0.080279, 0.057592, 1045.000000, 0.001745, 2000.000000, 1000.000000, 13.690835, 14.076245, 14.206122, 14.026797, 0.141184, 0.116459, -0.051522, -0.401396, 0.287958, 0.008726, 19.880602, 8.089748, -16.155001, -0.657634, 0.092856, 0.043815, 0.002071, 14.942383, 13.558960, 207.580551
-0.075044, 0.048866, 1045.000000, 0.001745, 2000.000000, 1000.000000, 13.277159, 13.825109, 14.779819, 14.117912, 0.302464, 0.448866, 0.028489, -0.375218, 0.244328, 0.008726, 15.871385, 8.232312, -15.524688, -0.912230, -0.533515, -0.010513, 0.002241, 14.997070, 11.520386, 176.879868
-0.076789, 0.040140, 1045.000000, 0.001745, 2000.000000, 1000.000000, 13.516269, 13.418277, 14.696567, 14.368888, 0.057422, 0.532727, 0.106418, -0.383944, 0.200698, 0.008726, 13.565723, 6.955254, -15.302882, -0.497845, -0.733784, -0.063776, 0.001751, 15.000977, 11.199951, 172.119125
-0.076789, 0.041885, 1044.000000, 0.001745, 2000.000000, 1000.000000, 13.939269, 13.371154, 14.488057, 14.201520, -0.070394, 0.344788, 0.213663, -0.383944, 0.209424, 0.008726, 12.156732, 5.678473, -15.394140, -0.269880, -0.387575, -0.136213, 0.002243, 15.012695, 10.800171, 166.015610
-0.076789, 0.043630, 1044.000000, 0.001745, 2000.000000, 1000.000000, 14.233686, 13.833136, 14.121351, 13.811827, -0.022757, -0.033411, 0.177519, -0.383944, 0.218150, 0.008726, 11.114645, 5.975780, -15.893887, -0.354035, 0.282472, -0.111712, 0.002280, 14.997070, 11.560059, 177.612289
-0.076789, 0.041885, 1044.000000, 0.001745, 2000.000000, 1000.000000, 13.958650, 14.113297, 14.194901, 13.733151, 0.154099, -0.035973, 0.076776, -0.383944, 0.209424, 0.008726, 9.947276, 7.230600, -15.895309, -0.667221, 0.280342, -0.043536, 0.001777, 15.004883, 10.879517, 167.175278
-0.076789, 0.041885, 1044.000000, 0.001745, 2000.000000, 1000.000000, 13.862906, 13.338884, 14.614828, 14.183382, -0.023144, 0.399105, 0.238867, -0.383944, 0.209424, 0.008726, 7.378007, 7.451286, -15.979717, -0.352970, -0.480252, -0.153258, 0.002294, 14.993164, 11.959839, 183.593735
-0.076789, 0.041885, 1044.000000, 0.001745, 2000.000000, 1000.000000, 13.958085, 13.001693, 14.723065, 14.317157, -0.137621, 0.520111, 0.340575, -0.383944, 0.209424, 0.008726, 6.354539, 5.988637, -16.361364, -0.152702, -0.694369, -0.222499, 0.002153, 15.000977, 11.199951, 171.997055
-0.076789, 0.043630, 1044.000000, 0.001745, 2000.000000, 1000.000000, 13.992422, 13.084263, 14.758179, 14.165136, -0.078779, 0.461658, 0.375301, -0.383944, 0.218150, 0.008726, 5.383249, 4.399273, -16.905003, -0.254966, -0.581452, -0.245935, 0.002278, 14.954102, 12.960815, 198.486313
-0.078534, 0.043630, 1044.000000, 0.001745, 2000.000000, 1000.000000, 13.757134, 13.640323, 14.787276, 13.815267, 0.213800, 0.301272, 0.272205, -0.392670, 0.218150, 0.008726, 3.679054, 3.658824, -17.351845, -0.780138, -0.307680, -0.176693, 0.001834, 15.036133, 10.079956, 155.212402
-0.080279, 0.041885, 1053.000000, 0.001745, 2000.000000, 1000.000000, 14.508621, 15.087240, 16.109018, 14.295120, 0.598130, 0.202069, 0.308820, -0.401396, 0.209424, 0.008726, -1.210305, 4.278294, -17.735434, -1.448055, -0.136174, -0.200129, 0.002253, 14.754883, 20.721436, 313.476562
-0.087260, 0.034904, 1055.000000, 0.001745, 2000.000000, 1000.000000, 14.885312, 14.745492, 15.931916, 14.437280, 0.338704, 0.184598, 0.408614, -0.436300, 0.174520, 0.008726, -4.802229, 4.998184, -18.059753, -1.034735, -0.141500, -0.267240, 0.002367, 14.973633, 11.840820, 181.518539
-0.087260, 0.036649, 1068.000000, 0.001745, 2000.000000, 1000.000000, 16.329264, 15.081031, 16.594728, 15.994978, -0.162120, 0.294853, 0.461996, -0.436300, 0.183246, 0.008726, -6.528833, 4.885211, -18.670015, -0.166550, -0.330051, -0.305589, 0.001752, 14.778320, 19.320679, 292.419434
-0.087260, 0.040140, 1068.000000, 0.001745, 2000.000000, 1000.000000, 16.037460, 14.768373, 16.681303, 16.512861, -0.275162, 0.597083, 0.359382, -0.436300, 0.200698, 0.008726, -6.766788, 2.341772, -19.721876, 0.032653, -0.827526, -0.234217, 0.002332, 14.833008, 17.321777, 263.122559
-0.089005, 0.038394, 1067.000000, 0.001745, 2000.000000, 1000.000000, 15.866828, 15.045738, 16.926102, 16.161329, -0.014079, 0.543716, 0.396466, -0.445026, 0.191972, 0.008726, -8.040565, 0.505634, -20.324179, -0.436060, -0.758285, -0.260849, 0.001779, 14.879883, 15.399170, 239.318832
-0.089005, 0.036649, 1071.000000, 0.001745, 2000.000000, 1000.000000, 17.464190, 16.457613, 17.635195, 16.443003, 0.046404, 0.039099, 0.549692, -0.445026, 0.183246, 0.008726, -9.827712, 0.203070, -21.213474, -0.539390, 0.119488, -0.365244, 0.001765, 14.665039, 23.239136, 348.998993
-0.076789, 0.029668, 1071.000000, 0.001745, 2000.000000, 1000.000000, 17.985319, 17.075216, 13.154978, 19.784487, -1.884903, -0.530268, -1.429852, -0.383944, 0.148342, 0.008726, -4.999044, 1.459234, -21.203669, 2.872630, 1.071828, 0.975916, 0.002212, 14.680664, 23.519897, 353.576630
-0.069808, 0.024433, 1064.000000, 0.001745, 2000.000000, 1000.000000, 16.077847, 16.192896, 13.503164, 18.226093, -1.151970, -0.135371, -1.209494, -0.349040, 0.122164, 0.008726, 2.122074, 1.463367, -18.411758, 1.643323, 0.362367, 0.827845, 0.002233, 14.750977, 19.360352, 292.480469
-0.066318, 0.024433, 1053.000000, 0.001745, 2000.000000, 1000.000000, 12.954330, 14.904724, 16.705130, 15.435816, 0.804927, 1.070473, -0.170270, -0.331588, 0.122164, 0.008726, -2.015020, -3.223341, -17.024290, -1.759110, -1.757496, 0.124775, 0.001761, 14.958008, 12.039185, 184.387192
-0.066318, 0.022688, 1052.000000, 0.001745, 2000.000000, 1000.000000, 13.850915, 14.950105, 15.820554, 15.378427, 0.385330, 0.599490, -0.164265, -0.331588, 0.113438, 0.008726, -9.158359, -6.816982, -17.196093, -1.016626, -0.938313, 0.120514, 0.001762, 14.942383, 12.521362, 191.711411
-0.066318, 0.022688, 1052.000000, 0.001745, 2000.000000, 1000.000000, 14.942908, 14.803964, 14.822682, 15.430446, -0.186677, 0.126564, -0.117204, -0.331588, 0.113438, 0.008726, -10.567245, -7.709340, -17.129625, -0.012088, -0.107412, 0.088556, 0.001767, 14.895508, 14.041138, 214.416489
-0.066318, 0.027923, 1048.000000, 0.001745, 2000.000000, 1000.000000, 14.316991, 13.525641, 13.636559, 14.520808, -0.418899, 0.078684, -0.023225, -0.331588, 0.139616, 0.008726, -9.255355, -7.655327, -16.707779, 0.391645, 0.006571, 0.024640, 0.002228, 15.016602, 9.921265, 152.526855
-0.064572, 0.052356, 1048.000000, 0.001745, 2000.000000, 1000.000000, 13.929741, 13.182119, 14.214777, 14.673363, -0.301552, 0.444070, 0.072259, -0.322862, 0.261780, 0.008726, -8.566594, -8.499761, -16.652279, 0.196703, -0.505818, -0.040340, 0.002216, 15.012695, 10.119629, 155.578613
-0.062827, 0.061082, 1047.000000, 0.001745, 2000.000000, 1000.000000, 13.657282, 12.954321, 14.737293, 14.651104, -0.154193, 0.694198, 0.197288, -0.314136, 0.305410, 0.008726, -9.092127, -10.529638, -16.992786, -0.052567, -0.909551, -0.125561, 0.001851, 14.899414, 14.120483, 215.515121
-0.061082, 0.061082, 1050.000000, 0.001745, 2000.000000, 1000.000000, 15.138472, 14.186777, 15.227514, 15.447237, -0.292854, 0.337376, 0.182993, -0.305410, 0.305410, 0.008726, -9.914345, -13.242929, -17.683256, 0.192442, -0.272527, -0.114908, 0.002327, 14.825195, 17.800903, 270.080566
-0.061082, 0.059337, 1050.000000, 0.001745, 2000.000000, 1000.000000, 15.505745, 14.538765, 14.799004, 15.156487, -0.331116, -0.022255, 0.152374, -0.305410, 0.296684, 0.008726, -9.196786, -13.147214, -17.907644, 0.264879, 0.343192, -0.094668, 0.001991, 14.911133, 13.641357, 208.374008
-0.057592, 0.061082, 1047.000000, 0.001745, 2000.000000, 1000.000000, 14.504395, 13.691514, 13.880589, 13.923501, -0.213948, -0.097955, 0.192493, -0.287958, 0.305410, 0.008726, -8.273002, -12.045742, -18.077271, 0.079525, 0.487002, -0.122365, 0.001835, 15.063477, 8.279419, 127.685539
-0.057592, 0.061082, 1048.000000, 0.001745, 2000.000000, 1000.000000, 13.851068, 13.727798, 14.253025, 14.168108, -0.009588, 0.210566, 0.052047, -0.287958, 0.305410, 0.008726, -8.710837, -10.909232, -18.512819, -0.278402, -0.054149, -0.026492, 0.002333, 14.989258, 11.520386, 176.696762
-0.054101, 0.066318, 1045.000000, 0.001745, 2000.000000, 1000.000000, 14.065048, 13.589111, 14.246355, 14.099485, -0.082267, 0.172920, 0.155701, -0.270506, 0.331588, 0.008726, -9.344821, -10.876319, -18.795273, -0.133527, 0.037463, -0.096799, 0.002310, 14.993164, 10.919189, 167.602524
-0.052356, 0.064572, 1044.000000, 0.001745, 2000.000000, 1000.000000, 14.526411, 13.673222, 13.902269, 13.898098, -0.212255, -0.099817, 0.214340, -0.261780, 0.322862, 0.008726, -9.137948, -10.123748, -19.126099, 0.104026, 0.508307, -0.137279, 0.001773, 14.985352, 10.919189, 167.724594
-0.036649, 0.078534, 1045.000000, 0.001745, 2000.000000, 1000.000000, 14.442362, 13.763002, 13.806170, 13.988466, -0.215414, -0.102682, 0.124266, -0.183246, 0.392670, 0.008726, -7.629045, -7.909950, -19.281168, 0.188181, 0.580744, -0.075494, 0.002213, 15.012695, 10.321045, 158.691406
-0.020942, 0.087260, 1044.000000, 0.001745, 2000.000000, 1000.000000, 14.066391, 13.562180, 14.229359, 14.142071, -0.104231, 0.185715, 0.147875, -0.104712, 0.436300, 0.008726, -6.989086, -7.135411, -19.413731, 0.074198, 0.122684, -0.091473, 0.002294, 14.926758, 14.401245, 220.092758
-0.022688, 0.090750, 1043.000000, 0.001745, 2000.000000, 1000.000000, 13.849454, 13.443769, 14.551276, 14.155501, -0.002478, 0.353389, 0.200365, -0.113438, 0.453752, 0.008726, -7.196351, -7.280233, -19.781116, -0.113287, -0.156414, -0.127691, 0.001837, 14.989258, 11.080933, 170.227036
-0.012216, 0.099476, 1045.000000, 0.001745, 2000.000000, 1000.000000, 14.316879, 13.589510, 14.198517, 13.895094, -0.105987, 0.046805, 0.257698, -0.061082, 0.497382, 0.008726, -7.232905, -6.933731, -20.486830, 0.121070, 0.426282, -0.166041, 0.002347, 14.981445, 11.560059, 177.307114
-0.012216, 0.094241, 1045.000000, 0.001745, 2000.000000, 1000.000000, 14.451237, 13.865187, 13.687067, 13.996510, -0.223873, -0.158212, 0.069152, -0.061082, 0.471204, 0.008726, -6.090722, -5.543439, -20.627979, 0.327730, 0.758642, -0.038210, 0.002168, 15.020508, 10.241699, 161.132797
-0.013962, 0.090750, 1045.000000, 0.001745, 2000.000000, 1000.000000, 14.375574, 13.865870, 13.637154, 14.121403, -0.248488, -0.120722, 0.006364, -0.069808, 0.453752, 0.008726, -4.422812, -3.958965, -20.531496, 0.368210, 0.680879, 0.004401, 0.001778, 14.985352, 11.599731, 177.917465
-0.012216, 0.089005, 1046.000000, 0.001745, 2000.000000, 1000.000000, 14.071434, 13.912254, 14.089050, 13.927261, 0.000653, 0.008156, 0.080242, -0.061082, 0.445026, 0.008726, -2.842349, -2.126138, -20.596863, -0.062155, 0.441196, -0.045667, 0.002300, 14.973633, 11.920166, 182.800278
-0.012216, 0.087260, 1046.000000, 0.001745, 2000.000000, 1000.000000, 13.794400, 14.199018, 14.036481, 13.970101, 0.117749, 0.003291, -0.084559, -0.061082, 0.436300, 0.008726, -2.972130, -0.885319, -20.577110, -0.266684, 0.440130, 0.066186, 0.002217, 14.969727, 11.840820, 183.410629
-0.017452, 0.078534, 1047.000000, 0.001745, 2000.000000, 1000.000000, 14.362223, 13.737103, 13.701015, 14.199659, -0.280941, -0.049663, 0.031619, -0.087260, 0.392670, 0.008726, -2.470821, 0.337816, -20.473625, 0.404428, 0.492328, -0.012644, 0.001756, 14.989258, 11.199951, 171.813950
-0.022688, 0.062827, 1047.000000, 0.001745, 2000.000000, 1000.000000, 14.759215, 13.237603, 13.586646, 14.416535, -0.587876, 0.001591, 0.172930, -0.113438, 0.314136, 0.008726, 1.139543, 0.778973, -20.831675, 0.909360, 0.318691, -0.108517, 0.002265, 14.989258, 11.361694, 174.316391
-0.029668, 0.048866, 1047.000000, 0.001745, 2000.000000, 1000.000000, 14.621837, 13.310258, 13.749343, 14.318563, -0.470200, 0.033953, 0.185590, -0.148342, 0.244328, 0.008726, 3.349327, 0.622572, -21.127529, 0.666482, 0.190860, -0.117039, 0.002372, 14.993164, 10.919189, 167.724594
-0.034904, 0.043630, 1047.000000, 0.001745, 2000.000000, 1000.000000, 14.372664, 13.485890, 14.024947, 14.116498, -0.244581, 0.070722, 0.198806, -0.174520, 0.218150, 0.008726, 4.596054, 0.511497, -21.459921, 0.253162, 0.099248, -0.126626, 0.001831, 14.993164, 10.958862, 168.212875
-0.045375, 0.038394, 1048.000000, 0.001745, 2000.000000, 1000.000000, 13.899307, 13.942404, 14.154356, 14.003933, 0.048380, 0.079144, 0.026832, -0.226876, 0.191972, 0.008726, 4.328680, 0.752103, -21.811226, -0.314621, 0.057703, -0.009448, 0.002230, 14.989258, 10.879517, 166.992172
-0.045375, 0.043630, 1047.000000, 0.001745, 2000.000000, 1000.000000, 14.165074, 13.993281, 13.872947, 13.968698, -0.066886, -0.079178, 0.019011, -0.226876, 0.218150, 0.008726, 3.898952, 1.457435, -21.815222, -0.115417, 0.361301, -0.004121, 0.002202, 14.969727, 11.639404, 178.527817
-0.045375, 0.048866, 1046.000000, 0.001745, 2000.000000, 1000.000000, 14.441944, 13.972935, 13.643379, 13.941742, -0.191843, -0.207440, 0.042661, -0.226876, 0.244328, 0.008726, 4.501582, 2.724267, -21.871748, 0.101895, 0.612702, -0.020100, 0.002207, 15.012695, 10.519409, 161.621078
-0.045375, 0.054101, 1047.000000, 0.001745, 2000.000000, 1000.000000, 14.212626, 13.935214, 13.762885, 14.089274, -0.150951, -0.073920, -0.012244, -0.226876, 0.270506, 0.008726, 5.214622, 4.042468, -21.903467, 0.032653, 0.409238, 0.017184, 0.001812, 14.969727, 12.121582, 185.791000
-0.057592, 0.052356, 1048.000000, 0.001745, 2000.000000, 1000.000000, 13.743488, 13.748503, 14.376293, 14.131716, 0.062398, 0.254005, 0.059891, -0.287958, 0.261780, 0.008726, 4.585778, 4.664815, -21.845314, -0.404102, -0.173458, -0.031818, 0.002415, 14.973633, 11.560059, 177.307114
-0.071553, 0.043630, 1049.000000, 0.001745, 2000.000000, 1000.000000, 13.883644, 13.769482, 14.345505, 14.001369, 0.057493, 0.173437, 0.114574, -0.357766, 0.218150, 0.008726, 3.158564, 4.720740, -21.835997, -0.468018, -0.080781, -0.069102, 0.002048, 14.977539, 11.120605, 170.593246
-0.075044, 0.036649, 1065.000000, 0.001745, 2000.000000, 1000.000000, 16.353331, 15.863894, 15.838488, 15.944288, -0.148809, -0.108612, 0.095910, -0.375218, 0.183246, 0.008726, 2.476935, 5.460678, -21.991556, -0.127135, 0.378345, -0.056319, 0.001880, 14.665039, 24.240112, 364.196747
-0.078534, 0.033159, 1072.000000, 0.001745, 2000.000000, 1000.000000, 17.304838, 16.629133, 16.978941, 17.087088, -0.195964, 0.033014, 0.141889, -0.392670, 0.165794, 0.008726, 3.054119, 6.728267, -22.177078, -0.058959, 0.113096, -0.087212, 0.002311, 14.688477, 21.520996, 323.608368
-0.076789, 0.034904, 1077.000000, 0.001745, 2000.000000, 1000.000000, 16.981657, 16.504580, 17.522867, 16.990896, 0.013724, 0.256882, 0.252262, -0.383944, 0.174520, 0.008726, 2.458771, 6.627667, -22.491987, -0.415820, -0.272527, -0.162845, 0.001801, 14.672852, 21.801758, 327.575653
-0.078534, 0.034904, 1075.000000, 0.001745, 2000.000000, 1000.000000, 17.422846, 16.438608, 17.431616, 16.706930, -0.064887, 0.069272, 0.427231, -0.392670, 0.174520, 0.008726, 0.323344, 6.433501, -23.108107, -0.293316, 0.056638, -0.281088, 0.001943, 14.723633, 20.520020, 309.387207
-0.076789, 0.036649, 1077.000000, 0.001745, 2000.000000, 1000.000000, 17.798258, 16.402014, 16.869673, 16.930056, -0.364157, -0.100135, 0.333964, -0.383944, 0.183246, 0.008726, 0.504953, 7.098471, -23.795515, 0.241444, 0.364497, -0.218238, 0.001815, 14.715820, 21.041870, 317.016602
-0.076789, 0.033159, 1075.000000, 0.001745, 2000.000000, 1000.000000, 18.053778, 15.918581, 16.802679, 17.224962, -0.639370, 0.013821, 0.428228, -0.383944, 0.165794, 0.008726, 2.301960, 7.252397, -24.651834, 0.727201, 0.148250, -0.282154, 0.001888, 14.641602, 23.239136, 348.327606
-0.069808, 0.029668, 1076.000000, 0.001745, 2000.000000, 1000.000000, 17.246607, 15.966294, 17.543905, 17.243193, -0.244900, 0.393548, 0.395257, -0.349040, 0.148342, 0.008726, 3.953882, 5.530209, -26.118353, 0.067807, -0.530319, -0.258718, 0.002239, 14.727539, 19.400024, 292.602539
-0.069808, 0.031414, 1076.000000, 0.001745, 2000.000000, 1000.000000, 17.072750, 16.399948, 17.762009, 16.765293, 0.080979, 0.263651, 0.417380, -0.349040, 0.157068, 0.008726, 2.675850, 4.819567, -26.664345, -0.501041, -0.297028, -0.273632, 0.002191, 14.762695, 17.840576, 270.080566
-0.064572, 0.031414, 1075.000000, 0.001745, 2000.000000, 1000.000000, 17.410847, 16.497192, 17.591618, 16.500343, 0.044405, 0.045981, 0.501231, -0.322862, 0.157068, 0.008726, 1.115853, 5.385792, -27.389242, -0.413690, 0.079008, -0.332221, 0.001777, 14.731445, 19.158936, 289.184570
-0.057592, 0.033159, 1070.000000, 0.001745, 2000.000000, 1000.000000, 17.772783, 15.939650, 17.158171, 17.129396, -0.451090, 0.143783, 0.465477, -0.287958, 0.165794, 0.008726, 1.238056, 5.543726, -28.697931, 0.489649, -0.079715, -0.306655, 0.002062, 14.719727, 20.040894, 301.818848
-0.055846, 0.034904, 1068.000000, 0.001745, 2000.000000, 1000.000000, 17.054937, 14.536935, 15.880120, 16.528006, -0.791472, 0.204063, 0.467529, -0.279232, 0.174520, 0.008726, 2.958980, 4.085351, -29.646654, 1.085128, -0.175589, -0.307720, 0.002176, 14.930664, 11.639404, 177.917465
-0.054101, 0.034904, 1065.000000, 0.001745, 2000.000000, 1000.000000, 16.916143, 14.879117, 15.997689, 16.207048, -0.561597, 0.102369, 0.456917, -0.270506, 0.174520, 0.008726, 5.207324, 2.585566, -30.651236, 0.706961, 0.000179, -0.301328, 0.001989, 14.840820, 15.600586, 237.487778
-0.050611, 0.034904, 1049.000000, 0.001745, 2000.000000, 1000.000000, 14.109693, 13.566817, 14.816592, 13.506898, 0.191705, 0.161745, 0.463142, -0.253054, 0.174520, 0.008726, 5.179506, 2.328625, -31.890732, -0.589457, -0.103151, -0.305589, 0.002286, 15.024414, 9.161377, 140.991211
-0.052356, 0.034904, 1048.000000, 0.001745, 2000.000000, 1000.000000, 13.971720, 13.543259, 14.908012, 13.577009, 0.225635, 0.242511, 0.439866, -0.261780, 0.174520, 0.008726, 3.438689, 2.857782, -32.581867, -0.664025, -0.246961, -0.290676, 0.001920, 15.008789, 9.680176, 148.681641
-0.048866, 0.036649, 1047.000000, 0.001745, 2000.000000, 1000.000000, 14.140405, 13.228221, 14.770034, 13.861341, -0.000873, 0.315687, 0.455219, -0.244328, 0.183246, 0.008726, 1.922494, 2.810023, -33.347710, -0.249640, -0.367335, -0.301328, 0.001876, 14.961914, 11.318970, 173.522934
-0.048866, 0.038394, 1048.000000, 0.001745, 2000.000000, 1000.000000, 14.251678, 12.838775, 14.483567, 14.425981, -0.338829, 0.454774, 0.367622, -0.244328, 0.191972, 0.008726, 1.185725, 0.791420, -34.417000, 0.341578, -0.596365, -0.240609, 0.002314, 14.958008, 11.279297, 172.729477
-0.048866, 0.038394, 1047.000000, 0.001745, 2000.000000, 1000.000000, 14.266998, 13.133410, 14.248419, 14.351173, -0.309086, 0.299797, 0.257708, -0.244328, 0.191972, 0.008726, 1.211115, -0.817972, -34.977726, 0.288315, -0.326855, -0.166041, 0.002309, 14.942383, 12.799072, 195.678696
-0.050611, 0.038394, 1048.000000, 0.001745, 2000.000000, 1000.000000, 14.327970, 13.481313, 14.106376, 14.084342, -0.206156, 0.095359, 0.217173, -0.253054, 0.191972, 0.008726, 1.391834, -1.373598, -35.358833, 0.104026, 0.030006, -0.139409, 0.001753, 14.934570, 12.521362, 191.528305
-0.050611, 0.038394, 1047.000000, 0.001745, 2000.000000, 1000.000000, 14.604314, 13.735745, 13.709991, 13.949950, -0.277132, -0.170029, 0.157153, -0.253054, 0.191972, 0.008726, 2.546425, -0.514053, -35.893917, 0.224400, 0.493393, -0.097864, 0.002268, 14.997070, 10.079956, 154.785156
-0.048866, 0.036649, 1047.000000, 0.001745, 2000.000000, 1000.000000, 14.601221, 13.590866, 13.694626, 14.113287, -0.357254, -0.096043, 0.147923, -0.244328, 0.183246, 0.008726, 3.946088, -0.004827, -36.123569, 0.372471, 0.354910, -0.091473, 0.002354, 14.950195, 11.639404, 178.100571
-0.048866, 0.036649, 1047.000000, 0.001745, 2000.000000, 1000.000000, 14.506156, 13.325448, 14.044379, 14.124017, -0.315087, 0.084198, 0.275268, -0.244328, 0.183246, 0.008726, 4.944550, -0.131667, -36.483528, 0.304294, 0.040659, -0.178824, 0.001762, 14.965820, 11.041260, 169.189438
-0.048866, 0.034904, 1047.000000, 0.001745, 2000.000000, 1000.000000, 14.179556, 13.295418, 14.515015, 14.010012, -0.094784, 0.262513, 0.347285, -0.244328, 0.174520, 0.008726, 4.727677, -0.856684, -37.377911, -0.084525, -0.278919, -0.226760, 0.002290, 14.938477, 12.280273, 187.927231
-0.047120, 0.034904, 1047.000000, 0.001745, 2000.000000, 1000.000000, 14.186989, 13.325499, 14.528656, 13.958857, -0.072923, 0.243757, 0.357823, -0.235602, 0.174520, 0.008726, 4.052520, -1.240015, -38.025055, -0.113287, -0.248026, -0.234217, 0.002157, 14.973633, 10.839844, 174.682602
-0.048866, 0.034904, 1047.000000, 0.001745, 2000.000000, 1000.000000, 14.276661, 13.150661, 14.455891, 14.116787, -0.196724, 0.286339, 0.366276, -0.244328, 0.174520, 0.008726, 3.515907, -1.814367, -38.643028, 0.093373, -0.324725, -0.240609, 0.001857, 14.942383, 11.761475, 179.992661
-0.048866, 0.034904, 1048.000000, 0.001745, 2000.000000, 1000.000000, 14.430854, 12.929547, 14.604789, 14.034810, -0.232832, 0.319799, 0.517822, -0.244328, 0.174520, 0.008726, 3.136816, -2.814445, -39.482693, 0.157288, -0.380118, -0.342873, 0.002182, 14.938477, 12.078857, 184.814438
-0.047120, 0.034904, 1048.000000, 0.001745, 2000.000000, 1000.000000, 14.291880, 13.106998, 14.735767, 13.865355, -0.078617, 0.300561, 0.513823, -0.235602, 0.174520, 0.008726, 2.359770, -4.123753, -41.092793, -0.102634, -0.344965, -0.339678, 0.002376, 14.946289, 12.280273, 187.927231
-0.047120, 0.034904, 1048.000000, 0.001745, 2000.000000, 1000.000000, 14.185793, 13.073547, 14.867802, 13.872858, -0.029326, 0.370330, 0.526798, -0.235602, 0.174520, 0.008726, 1.312720, -4.604962, -42.085712, -0.191051, -0.473861, -0.350330, 0.001792, 14.958008, 11.801147, 180.603012
-0.047120, 0.034904, 1048.000000, 0.001745, 2000.000000, 1000.000000, 14.046778, 12.822615, 15.012362, 14.118246, -0.082512, 0.565304, 0.529569, -0.235602, 0.174520, 0.008726, -0.191076, -5.682419, -43.221783, -0.095178, -0.819004, -0.352461, 0.001769, 14.903320, 13.519287, 206.176743
-0.047120, 0.034904, 1048.000000, 0.001745, 2000.000000, 1000.000000, 14.140575, 12.869024, 14.745993, 14.244408, -0.192492, 0.495200, 0.443284, -0.235602, 0.174520, 0.008726, -2.454700, -8.264700, -44.776051, 0.094438, -0.683716, -0.291741, 0.002348, 14.961914, 11.041260, 169.189438
-0.047120, 0.034904, 1048.000000, 0.001745, 2000.000000, 1000.000000, 14.203770, 13.207520, 14.680386, 13.908325, -0.056048, 0.294356, 0.442078, -0.235602, 0.174520, 0.008726, -3.405149, -9.159171, -45.697716, -0.143114, -0.340703, -0.292806, 0.001757, 14.922852, 12.719727, 194.519028
-0.047120, 0.036649, 1048.000000, 0.001745, 2000.000000, 1000.000000, 14.155735, 13.321993, 14.817226, 13.705046, 0.069610, 0.261136, 0.486480, -0.235602, 0.183246, 0.008726, -4.984142, -8.852654, -47.318077, -0.361492, -0.268266, -0.321568, 0.002193, 14.961914, 11.480713, 175.781235
-0.045375, 0.041885, 1048.000000, 0.001745, 2000.000000, 1000.000000, 14.020352, 12.961268, 14.846360, 14.172019, -0.096185, 0.509190, 0.433356, -0.226876, 0.209424, 0.008726, -6.285144, -9.254619, -48.358730, -0.065350, -0.673064, -0.285350, 0.002245, 14.911133, 13.439941, 205.078110
-0.040140, 0.043630, 1048.000000, 0.001745, 2000.000000, 1000.000000, 13.944351, 12.629284, 14.971699, 14.454666, -0.199509, 0.713182, 0.458025, -0.200698, 0.218150, 0.008726, -8.009066, -10.951196, -49.471462, 0.146636, -1.034186, -0.303459, 0.001814, 14.985352, 10.119629, 155.273438
-0.036649, 0.045375, 1049.000000, 0.001745, 2000.000000, 1000.000000, 14.136796, 12.733134, 14.725499, 14.404571, -0.270684, 0.565034, 0.431148, -0.183246, 0.226876, 0.008726, -9.738639, -13.125904, -50.696095, 0.285119, -0.757219, -0.284284, 0.002085, 14.950195, 12.359619, 189.086899
-0.034904, 0.048866, 1048.000000, 0.001745, 2000.000000, 1000.000000, 14.456807, 13.419177, 14.206021, 13.917994, -0.187401, 0.062008, 0.331414, -0.174520, 0.244328, 0.008726, -9.877427, -14.602115, -51.724243, 0.148766, 0.140793, -0.216108, 0.002272, 14.961914, 11.080933, 169.677719
-0.031414, 0.054101, 1048.000000, 0.001745, 2000.000000, 1000.000000, 14.371526, 13.659484, 14.154267, 13.814723, -0.093124, -0.015505, 0.262896, -0.157068, 0.270506, 0.008726, -9.209743, -14.334463, -52.104443, 0.003891, 0.304843, -0.170302, 0.001896, 14.965820, 10.800171, 165.527328
-0.026178, 0.059337, 1048.000000, 0.001745, 2000.000000, 1000.000000, 14.259060, 13.607300, 14.035633, 14.098007, -0.178533, 0.066820, 0.147347, -0.130890, 0.296684, 0.008726, -8.441092, -14.011463, -52.333241, 0.178594, 0.187664, -0.091473, 0.001970, 14.961914, 13.198853, 201.721176
-0.019197, 0.062827, 1048.000000, 0.001745, 2000.000000, 1000.000000, 14.215933, 13.535782, 14.023506, 14.224779, -0.220356, 0.124142, 0.119719, -0.095986, 0.314136, 0.008726, -7.425708, -14.567746, -52.379204, 0.285119, 0.104574, -0.072298, 0.002356, 14.938477, 12.240601, 187.194809
-0.017452, 0.066318, 1048.000000, 0.001745, 2000.000000, 1000.000000, 14.217196, 13.690810, 14.018830, 14.073163, -0.145180, 0.045997, 0.118013, -0.087260, 0.331588, 0.008726, -6.665249, -14.719877, -52.385059, 0.163680, 0.259037, -0.071233, 0.002240, 14.938477, 12.561035, 192.016586
-0.005236, 0.080279, 1048.000000, 0.001745, 2000.000000, 1000.000000, 14.125461, 13.996884, 14.068385, 13.809270, 0.032635, -0.061172, 0.096923, -0.026178, 0.401396, 0.008726, -5.750555, -14.138258, -52.334755, -0.084525, 0.521090, -0.057384, 0.001752, 14.973633, 11.120605, 170.410141
-0.005236, 0.078534, 1048.000000, 0.001745, 2000.000000, 1000.000000, 14.119704, 14.185023, 14.066247, 13.629025, 0.125636, -0.152364, 0.092975, -0.026178, 0.392670, 0.008726, -4.112676, -11.749887, -52.087452, -0.244314, 0.665965, -0.054189, 0.002401, 14.950195, 11.801147, 180.603012
-0.005236, 0.080279, 1048.000000, 0.001745, 2000.000000, 1000.000000, 14.195783, 13.605941, 14.178584, 14.019692, -0.107738, 0.099138, 0.187183, -0.026178, 0.401396, 0.008726, -3.199682, -10.784559, -52.208054, 0.158354, 0.238797, -0.118104, 0.002400, 14.973633, 10.879517, 166.809067
-0.005236, 0.080279, 1048.000000, 0.001745, 2000.000000, 1000.000000, 14.234386, 13.327473, 14.131689, 14.306452, -0.270419, 0.219071, 0.183038, -0.026178, 0.401396, 0.008726, -2.462216, -11.310537, -52.360249, 0.451300, 0.025745, -0.115974, 0.001752, 14.942383, 11.801147, 180.603012
-0.008726, 0.080279, 1048.000000, 0.001745, 2000.000000, 1000.000000, 14.478490, 13.601792, 14.121478, 13.798240, -0.138364, -0.040141, 0.299984, -0.043630, 0.401396, 0.008726, -0.753208, -12.065767, -52.685535, 0.197768, 0.480610, -0.194803, 0.002257, 14.985352, 10.519409, 161.376938
-0.010471, 0.087260, 1048.000000, 0.001745, 2000.000000, 1000.000000, 14.448808, 14.116895, 14.072938, 13.361360, 0.094916, -0.282852, 0.260873, -0.052356, 0.436300, 0.008726, 0.814762, -10.735400, -52.894897, -0.218747, 0.937606, -0.168171, 0.002336, 14.969727, 12.680054, 193.908676
-0.012216, 0.085515, 1048.000000, 0.001745, 2000.000000, 1000.000000, 14.465730, 14.238635, 14.260217, 13.035419, 0.249426, -0.352182, 0.362974, -0.061082, 0.427574, 0.008726, 2.407639, -8.157552, -53.173241, -0.501041, 1.060110, -0.238478, 0.001848, 14.938477, 12.200928, 182.373032
-0.013962, 0.089005, 1048.000000, 0.001745, 2000.000000, 1000.000000, 14.365307, 13.700199, 14.568129, 13.366365, 0.134164, -0.032753, 0.466717, -0.069808, 0.445026, 0.008726, 4.111782, -4.478920, -54.167839, -0.303968, 0.512568, -0.307720, 0.002383, 14.961914, 10.440063, 159.973145
-0.013962, 0.087260, 1048.000000, 0.001745, 2000.000000, 1000.000000, 14.290119, 13.288557, 14.670303, 13.751020, -0.020570, 0.210662, 0.480212, -0.069808, 0.436300, 0.008726, 4.455553, -3.784474, -54.992260, -0.036588, 0.079008, -0.317307, 0.002162, 14.973633, 11.160278, 164.306625
-0.019197, 0.087260, 1048.000000, 0.001745, 2000.000000, 1000.000000, 14.057800, 13.356964, 14.739540, 13.845695, 0.048252, 0.292618, 0.398670, -0.095986, 0.436300, 0.008726, 4.249075, -3.598701, -55.774189, -0.181463, -0.064802, -0.261914, 0.002218, 14.969727, 10.839844, 166.198715
-0.019197, 0.087260, 1048.000000, 0.001745, 2000.000000, 1000.000000, 13.904464, 13.556592, 14.755694, 13.783250, 0.156144, 0.269472, 0.330079, -0.095986, 0.436300, 0.008726, 3.636905, -3.031817, -56.440033, -0.374275, -0.026452, -0.216108, 0.001849, 14.993164, 9.838867, 151.000977
-0.017452, 0.082024, 1048.000000, 0.001745, 2000.000000, 1000.000000, 14.091552, 13.885301, 14.667611, 13.355536, 0.276456, 0.011574, 0.379581, -0.087260, 0.410122, 0.008726, 2.917154, -0.869188, -57.390568, -0.573478, 0.399651, -0.249131, 0.002098, 14.954102, 11.679077, 178.710922
-0.020942, 0.082024, 1048.000000, 0.001745, 2000.000000, 1000.000000, 14.144881, 14.149945, 14.464646, 13.240527, 0.307296, -0.147413, 0.304764, -0.104712, 0.410122, 0.008726, 3.297779, 1.351374, -57.956306, -0.643785, 0.676618, -0.197998, 0.002251, 14.926758, 12.240601, 188.293442
-0.020942, 0.078534, 1049.000000, 0.001745, 2000.000000, 1000.000000, 14.146819, 14.063550, 14.569186, 13.220445, 0.316368, -0.105184, 0.358002, -0.104712, 0.392670, 0.008726, 3.833077, 3.831515, -58.532589, -0.665091, 0.590332, -0.235282, 0.001803, 14.946289, 12.359619, 189.086899
-0.019197, 0.078534, 1049.000000, 0.001745, 2000.000000, 1000.000000, 14.076159, 13.789264, 14.756673, 13.377904, 0.272969, 0.067288, 0.416416, -0.095986, 0.392670, 0.008726, 3.909265, 5.911064, -59.186493, -0.574544, 0.284603, -0.273632, 0.002320, 14.981445, 10.440063, 160.217285
-0.017452, 0.078534, 1049.000000, 0.001745, 2000.000000, 1000.000000, 13.737701, 13.785751, 15.098646, 13.377901, 0.442199, 0.238274, 0.418173, -0.087260, 0.392670, 0.008726, 2.710368, 8.538797, -60.034271, -0.857902, -0.012604, -0.274697, 0.002387, 14.942383, 12.438965, 190.307602
-0.017452, 0.078534, 1048.000000, 0.001745, 2000.000000, 1000.000000, 13.888526, 13.919612, 14.898805, 13.293057, 0.409208, 0.095931, 0.393666, -0.087260, 0.392670, 0.008726, 1.744083, 10.610698, -60.599182, -0.812096, 0.234536, -0.259783, 0.001756, 14.993164, 9.881592, 151.611328
-0.020942, 0.069808, 1048.000000, 0.001745, 2000.000000, 1000.000000, 14.495974, 13.892567, 14.449116, 13.162344, 0.170842, -0.194270, 0.472545, -0.104712, 0.349040, 0.008726, 2.140609, 12.607243, -61.473988, -0.404102, 0.695792, -0.311981, 0.002244, 14.950195, 11.480713, 175.720200
-0.024433, 0.066318, 1051.000000, 0.001745, 2000.000000, 1000.000000, 15.570285, 14.926967, 15.167254, 14.335494, 0.047111, -0.248626, 0.368770, -0.122164, 0.331588, 0.008726, 4.637262, 14.929790, -63.190380, -0.207030, 0.770360, -0.240609, 0.002312, 14.805664, 17.080688, 259.094238
-0.027923, 0.062827, 1053.000000, 0.001745, 2000.000000, 1000.000000, 15.287275, 14.899323, 15.248680, 14.564722, 0.074002, -0.093299, 0.267977, -0.139616, 0.314136, 0.008726, 5.913729, 16.347404, -64.054832, -0.276271, 0.489132, -0.173497, 0.001777, 14.864258, 15.200806, 231.506332
-0.026178, 0.059337, 1058.000000, 0.001745, 2000.000000, 1000.000000, 14.900658, 14.818275, 15.434887, 14.846180, 0.126581, 0.140534, 0.167772, -0.130890, 0.296684, 0.008726, 6.146168, 17.600531, -64.485458, -0.359361, 0.057703, -0.105321, 0.001777, 14.887695, 13.558960, 206.909164
-0.026178, 0.059337, 1055.000000, 0.001745, 2000.000000, 1000.000000, 14.725055, 14.328238, 15.851399, 15.095307, 0.089819, 0.473354, 0.288227, -0.130890, 0.296684, 0.008726, 4.221256, 18.556026, -64.360474, -0.291185, -0.517536, -0.186281, 0.002216, 14.883789, 14.199829, 216.308578
-0.027923, 0.059337, 1056.000000, 0.001745, 2000.000000, 1000.000000, 15.180557, 14.036045, 15.796989, 14.986408, -0.083483, 0.391699, 0.488773, -0.139616, 0.296684, 0.008726, 2.805240, 18.423994, -64.618561, -0.000370, -0.374792, -0.321568, 0.002335, 14.860352, 15.438843, 234.924301
-0.027923, 0.059337, 1057.000000, 0.001745, 2000.000000, 1000.000000, 15.395850, 14.031589, 15.410697, 15.161864, -0.278857, 0.286280, 0.403274, -0.139616, 0.296684, 0.008726, 2.283468, 17.792118, -65.267258, 0.341578, -0.197959, -0.265110, 0.001861, 14.860352, 15.359497, 233.581528
-0.029668, 0.054101, 1058.000000, 0.001745, 2000.000000, 1000.000000, 15.432631, 13.946391, 15.390401, 15.230577, -0.331604, 0.310488, 0.411516, -0.148342, 0.270506, 0.008726, 1.936668, 16.040850, -66.197098, 0.419342, -0.260809, -0.269371, 0.002338, 14.872070, 14.440918, 219.787582
-0.027923, 0.057592, 1056.000000, 0.001745, 2000.000000, 1000.000000, 15.433482, 13.932126, 15.571279, 15.063113, -0.248297, 0.317195, 0.502380, -0.139616, 0.287958, 0.008726, 1.604682, 15.084399, -66.888245, 0.285119, -0.255483, -0.331156, 0.002202, 14.895508, 12.759399, 194.580063
-0.026178, 0.059337, 1056.000000, 0.001745, 2000.000000, 1000.000000, 15.390122, 13.934175, 15.681840, 14.993863, -0.191993, 0.337852, 0.535981, -0.130890, 0.296684, 0.008726, 1.074332, 14.302028, -67.706985, 0.198834, -0.285310, -0.354591, 0.002051, 14.887695, 13.400269, 204.284653
-0.022688, 0.061082, 1057.000000, 0.001745, 2000.000000, 1000.000000, 15.180055, 13.905005, 15.973458, 14.941482, -0.060768, 0.457470, 0.576757, -0.113438, 0.305410, 0.008726, -0.217529, 13.835526, -68.867767, -0.013153, -0.478122, -0.381223, 0.002322, 14.875977, 14.239502, 216.796860
-0.027923, 0.062827, 1057.000000, 0.001745, 2000.000000, 1000.000000, 15.077559, 13.605024, 16.016100, 15.301317, -0.189438, 0.658709, 0.546829, -0.139616, 0.314136, 0.008726, -1.882036, 13.091130, -69.498367, 0.187116, -0.834983, -0.363113, 0.001788, 14.821289, 16.201782, 246.032700
-0.026178, 0.066318, 1057.000000, 0.001745, 2000.000000, 1000.000000, 15.146227, 13.646025, 15.850996, 15.356752, -0.251489, 0.603874, 0.498611, -0.130890, 0.331588, 0.008726, -3.902309, 11.504366, -69.977364, 0.308555, -0.717805, -0.330090, 0.001847, 14.883789, 14.001465, 213.500961
-0.026178, 0.066318, 1057.000000, 0.001745, 2000.000000, 1000.000000, 15.968961, 13.952327, 15.316451, 14.762261, -0.365611, 0.039356, 0.642706, -0.130890, 0.331588, 0.008726, -4.184705, 9.424986, -71.520218, 0.498171, 0.269689, -0.425964, 0.002280, 14.918945, 12.359619, 188.781723
-0.026178, 0.066318, 1056.000000, 0.001745, 2000.000000, 1000.000000, 15.999677, 14.331424, 15.131709, 14.537190, -0.268433, -0.165551, 0.565693, -0.130890, 0.331588, 0.008726, -2.568134, 8.764705, -72.853790, 0.333056, 0.624420, -0.373766, 0.002334, 14.836914, 15.759277, 239.379868
-0.026178, 0.066318, 1057.000000, 0.001745, 2000.000000, 1000.000000, 16.000128, 13.872897, 15.318120, 14.808856, -0.404492, 0.063488, 0.659124, -0.130890, 0.331588, 0.008726, -1.025937, 7.978045, -74.151367, 0.575935, 0.231340, -0.439812, 0.001757, 14.926758, 11.718750, 179.077133
-0.026178, 0.068063, 1056.000000, 0.001745, 2000.000000, 1000.000000, 16.140745, 13.338240, 15.334223, 15.186792, -0.663768, 0.260508, 0.737484, -0.130890, 0.340314, 0.008726, -0.195196, 4.384031, -76.219719, 1.022278, -0.106347, -0.490944, 0.002108, 14.836914, 15.759277, 239.379868
-0.027923, 0.068063, 1056.000000, 0.001745, 2000.000000, 1000.000000, 15.923862, 13.670425, 15.518808, 14.886904, -0.405383, 0.202856, 0.721335, -0.139616, 0.340314, 0.008726, 0.085107, 2.103367, -77.543587, 0.561021, -0.004082, -0.479226, 0.002266, 14.930664, 12.280273, 187.622055
-0.026178, 0.068063, 1056.000000, 0.001745, 2000.000000, 1000.000000, 15.706710, 14.214286, 15.669145, 14.409860, -0.058285, 0.039502, 0.687927, -0.130890, 0.340314, 0.008726, 0.620101, 1.554610, -78.831436, -0.030197, 0.281407, -0.458987, 0.001822, 14.864258, 15.200806, 231.384262
-0.026178, 0.068063, 1056.000000, 0.001745, 2000.000000, 1000.000000, 16.043129, 14.196081, 15.593496, 14.167294, -0.105211, -0.119605, 0.818313, -0.130890, 0.340314, 0.008726, 2.641484, 2.142269, -81.021355, 0.047567, 0.561570, -0.547403, 0.001846, 14.825195, 16.119385, 244.811996
-0.026178, 0.069808, 1056.000000, 0.001745, 2000.000000, 1000.000000, 15.782524, 14.203388, 15.585457, 14.428631, -0.105577, 0.007043, 0.683990, -0.130890, 0.349040, 0.008726, 3.934383, 2.091302, -82.395157, 0.050763, 0.344257, -0.453660, 0.002350, 14.883789, 13.720703, 209.106430
-0.026178, 0.068063, 1056.000000, 0.001745, 2000.000000, 1000.000000, 15.565924, 13.856171, 15.809837, 14.768068, -0.166996, 0.288953, 0.687881, -0.130890, 0.340314, 0.008726, 4.158848, 1.866376, -83.599670, 0.157288, -0.156414, -0.458987, 0.001789, 14.875977, 13.681030, 208.374008
-0.024433, 0.068063, 1056.000000, 0.001745, 2000.000000, 1000.000000, 15.486410, 13.647833, 15.681423, 15.184334, -0.335372, 0.432878, 0.583916, -0.122164, 0.340314, 0.008726, 3.379477, 0.891847, -84.773041, 0.457691, -0.403554, -0.386549, 0.002210, 14.848633, 14.999390, 228.088364
-0.026178, 0.068063, 1057.000000, 0.001745, 2000.000000, 1000.000000, 15.652949, 13.960279, 15.332938, 15.053834, -0.353392, 0.193386, 0.492944, -0.130890, 0.340314, 0.008726, 2.402640, -1.235651, -86.209259, 0.476866, 0.011897, -0.324764, 0.002256, 14.872070, 14.160156, 215.576157
-0.026178, 0.068063, 1056.000000, 0.001745, 2000.000000, 1000.000000, 15.719356, 14.522914, 15.096532, 14.661199, -0.190277, -0.121134, 0.407944, -0.130890, 0.340314, 0.008726, 3.253295, -1.922818, -86.935173, 0.197768, 0.560504, -0.268305, 0.001868, 14.875977, 13.879395, 211.425766
-0.024433, 0.068063, 1057.000000, 0.001745, 2000.000000, 1000.000000, 15.766199, 14.600565, 14.932232, 14.701004, -0.233601, -0.183382, 0.349215, -0.122164, 0.340314, 0.008726, 5.108033, -2.535995, -87.524986, 0.288315, 0.673422, -0.228891, 0.001770, 14.895508, 12.799072, 195.373520
-0.024433, 0.068063, 1057.000000, 0.001745, 2000.000000, 1000.000000, 15.668455, 13.819084, 15.219839, 15.292622, -0.480538, 0.256231, 0.444147, -0.122164, 0.340314, 0.008726, 6.645882, -4.885205, -88.490257, 0.710157, -0.094629, -0.291741, 0.002289, 14.825195, 15.719604, 238.708481
-0.024433, 0.069808, 1057.000000, 0.001745, 2000.000000, 1000.000000, 15.439795, 13.647180, 15.373097, 15.539927, -0.489862, 0.456513, 0.406447, -0.122164, 0.349040, 0.008726, 5.732583, -7.027776, -89.386719, 0.732528, -0.439772, -0.267240, 0.001935, 14.864258, 14.041138, 213.684067
-0.026178, 0.069808, 1057.000000, 0.001745, 2000.000000, 1000.000000, 15.279140, 14.029644, 15.178984, 15.512232, -0.395686, 0.345608, 0.229062, -0.130890, 0.349040, 0.008726, 4.742982, -8.934304, -90.083443, 0.558891, -0.246961, -0.146866, 0.001857, 14.883789, 13.479614, 205.200180
-0.024433, 0.068063, 1057.000000, 0.001745, 2000.000000, 1000.000000, 15.313726, 14.530285, 14.926313, 15.229675, -0.271701, 0.077995, 0.120020, -0.122164, 0.340314, 0.008726, 4.835958, -10.863574, -90.377579, 0.346904, 0.213231, -0.072298, 0.002370, 14.879883, 14.001465, 213.317856
-0.024433, 0.068063, 1057.000000, 0.001745, 2000.000000, 1000.000000, 15.288566, 14.409041, 15.102624, 15.199769, -0.244167, 0.151196, 0.195594, -0.122164, 0.340314, 0.008726, 5.372910, -11.810841, -90.532028, 0.297902, 0.087530, -0.123430, 0.002318, 14.833008, 15.881348, 241.088852
-0.024433, 0.069808, 1057.000000, 0.001745, 2000.000000, 1000.000000, 15.018666, 14.437512, 15.182384, 15.361438, -0.190052, 0.271910, 0.100525, -0.122164, 0.349040, 0.008726, 5.290574, -12.411025, -90.799980, 0.208421, -0.118065, -0.059515, 0.001823, 14.848633, 15.521240, 236.022934
-0.024433, 0.069808, 1057.000000, 0.001745, 2000.000000, 1000.000000, 15.095523, 14.325097, 15.071805, 15.507575, -0.301549, 0.289690, 0.083664, -0.122164, 0.349040, 0.008726, 4.444637, -13.484275, -91.078659, 0.398037, -0.144696, -0.047797, 0.002291, 14.836914, 15.240479, 231.506332
-0.027923, 0.069808, 1057.000000, 0.001745, 2000.000000, 1000.000000, 15.334869, 14.236057, 14.788700, 15.640373, -0.487621, 0.214537, 0.061785, -0.139616, 0.349040, 0.008726, 4.236726, -14.960013, -91.211098, 0.698439, -0.014735, -0.032883, 0.002390, 14.875977, 13.558960, 206.481918
-0.048866, 0.069808, 1057.000000, 0.001745, 2000.000000, 1000.000000, 15.185119, 14.148915, 15.103431, 15.562535, -0.373827, 0.332983, 0.144275, -0.244328, 0.349040, 0.008726, 3.883649, -16.557907, -91.442993, 0.407624, -0.223525, -0.089342, 0.001897, 14.875977, 13.439941, 204.589828
-0.052356, 0.069808, 1057.000000, 0.001745, 2000.000000, 1000.000000, 14.718882, 14.136818, 15.548717, 15.595583, -0.157232, 0.572150, 0.133800, -0.261780, 0.349040, 0.008726, 1.685721, -17.280987, -92.466072, 0.006022, -0.637910, -0.081885, 0.002131, 14.875977, 13.519287, 205.932602
-0.055846, 0.069808, 1057.000000, 0.001745, 2000.000000, 1000.000000, 14.954548, 14.043125, 15.536676, 15.465651, -0.210099, 0.501163, 0.245613, -0.279232, 0.349040, 0.008726, 0.004364, -17.248398, -93.308815, 0.079525, -0.512210, -0.157519, 0.002213, 14.903320, 12.521362, 191.101059
-0.055846, 0.064572, 1057.000000, 0.001745, 2000.000000, 1000.000000, 15.323598, 14.186036, 15.152295, 15.338071, -0.330835, 0.245183, 0.237947, -0.279232, 0.322862, 0.008726, -0.846624, -17.651939, -94.023804, 0.285119, -0.095694, -0.152192, 0.002233, 14.833008, 14.880371, 226.074203
-0.055846, 0.066318, 1057.000000, 0.001745, 2000.000000, 1000.000000, 15.260209, 14.461806, 15.081862, 15.196122, -0.228166, 0.138992, 0.171035, -0.279232, 0.331588, 0.008726, -0.754473, -18.023777, -94.343071, 0.111482, 0.098183, -0.107451, 0.001858, 14.844727, 14.761353, 224.304184
-0.069808, 0.083770, 1057.000000, 0.001745, 2000.000000, 1000.000000, 14.967271, 14.707208, 15.364036, 14.961486, 0.035621, 0.162761, 0.165654, -0.349040, 0.418848, 0.008726, -0.053248, -17.457514, -94.547485, -0.417951, 0.147185, -0.103190, 0.002320, 14.844727, 15.161133, 230.407700
-0.087260, 0.076789, 1057.000000, 0.001745, 2000.000000, 1000.000000, 14.947510, 14.775095, 15.483295, 14.794100, 0.129195, 0.138697, 0.215403, -0.436300, 0.383944, 0.008726, 0.473244, -16.012686, -94.701683, -0.674678, 0.151446, -0.137279, 0.001945, 14.907227, 12.240601, 185.607895
-0.097731, 0.062827, 1057.000000, 0.001745, 2000.000000, 1000.000000, 14.953003, 14.671579, 15.490244, 14.885174, 0.080912, 0.187709, 0.221623, -0.488656, 0.314136, 0.008726, 1.120798, -13.199091, -95.147034, -0.640590, -0.004082, -0.141540, 0.002026, 14.907227, 12.759399, 194.580063
-0.097731, 0.066318, 1057.000000, 0.001745, 2000.000000, 1000.000000, 14.985126, 14.373031, 15.491054, 15.150790, -0.067958, 0.320922, 0.238089, -0.488656, 0.331588, 0.008726, 0.993492, -11.783135, -95.556519, -0.383862, -0.216068, -0.152192, 0.002280, 14.848633, 13.839722, 210.510239
-0.111693, 0.066318, 1057.000000, 0.001745, 2000.000000, 1000.000000, 15.088181, 14.197372, 15.662945, 15.051502, -0.069841, 0.357224, 0.375562, -0.558464, 0.331588, 0.008726, 0.358803, -10.641592, -96.235527, -0.452039, -0.283180, -0.245935, 0.001988, 14.829102, 15.121460, 229.492172
-0.108202, 0.068063, 1057.000000, 0.001745, 2000.000000, 1000.000000, 14.677292, 14.532557, 16.034328, 14.755823, 0.283443, 0.395076, 0.355810, -0.541012, 0.340314, 0.008726, -0.602684, -7.482233, -97.396339, -1.046453, -0.337508, -0.232087, 0.002173, 14.903320, 12.521362, 191.101059
-0.101222, 0.062827, 1057.000000, 0.001745, 2000.000000, 1000.000000, 14.759108, 14.667582, 15.839867, 14.733444, 0.253724, 0.286656, 0.299487, -0.506108, 0.314136, 0.008726, -0.949151, -4.647917, -98.025742, -0.956971, -0.175589, -0.193737, 0.002316, 14.860352, 14.318848, 217.773422
-0.095986, 0.064572, 1057.000000, 0.001745, 2000.000000, 1000.000000, 15.179450, 14.553636, 15.385839, 14.881076, -0.030263, 0.133457, 0.282645, -0.479930, 0.322862, 0.008726, -0.736053, -2.746021, -98.476509, -0.440321, 0.099248, -0.183085, 0.001954, 14.833008, 15.319824, 232.727036
-0.102967, 0.069808, 1057.000000, 0.001745, 2000.000000, 1000.000000, 15.349699, 14.291250, 15.112974, 15.246077, -0.297888, 0.179525, 0.231336, -0.514834, 0.349040, 0.008726, -0.306260, -2.316839, -98.916435, -0.012088, 0.045985, -0.147931, 0.002054, 14.817383, 15.719604, 238.525375
-0.109948, 0.071553, 1057.000000, 0.001745, 2000.000000, 1000.000000, 14.991766, 14.330305, 15.641432, 15.036497, -0.014132, 0.338964, 0.316599, -0.549738, 0.357766, 0.008726, -0.622435, -1.477140, -99.650276, -0.536194, -0.220329, -0.205455, 0.002289, 14.848633, 14.279175, 217.102036
-0.108202, 0.069808, 1057.000000, 0.001745, 2000.000000, 1000.000000, 14.895060, 14.527927, 16.007835, 14.569178, 0.267882, 0.288507, 0.451447, -0.541012, 0.349040, 0.008726, -0.819888, 0.760719, -100.328323, -1.028343, -0.147892, -0.298133, 0.001808, 14.899414, 12.161255, 185.485825
-0.111693, 0.069808, 1057.000000, 0.001745, 2000.000000, 1000.000000, 14.894878, 14.765228, 15.972822, 14.367071, 0.369025, 0.169947, 0.433851, -0.558464, 0.349040, 0.008726, -0.364058, 4.033164, -101.196045, -1.224351, 0.059833, -0.286415, 0.001768, 14.852539, 14.678955, 223.083481
-0.120419, 0.069808, 1057.000000, 0.001745, 2000.000000, 1000.000000, 15.258495, 14.828804, 15.418779, 14.493921, 0.123791, -0.043649, 0.338637, -0.602094, 0.349040, 0.008726, 1.730984, 7.484309, -102.465424, -0.827010, 0.432674, -0.220369, 0.002304, 14.860352, 13.958740, 212.524399
-0.123909, 0.069808, 1057.000000, 0.001745, 2000.000000, 1000.000000, 15.035150, 14.723145, 15.547828, 14.693877, 0.135487, 0.120852, 0.291488, -0.619546, 0.349040, 0.008726, 2.985392, 9.339165, -103.202568, -0.866424, 0.147185, -0.188411, 0.002269, 14.860352, 13.439941, 204.589828
-0.122164, 0.071553, 1057.000000, 0.001745, 2000.000000, 1000.000000, 14.573916, 14.464255, 15.883571, 15.078258, 0.173913, 0.480914, 0.228743, -0.610820, 0.357766, 0.008726, 3.047512, 11.874277, -103.648933, -0.935666, -0.475991, -0.146866, 0.001771, 14.887695, 12.640381, 192.687973
-0.125654, 0.068063, 1057.000000, 0.001745, 2000.000000, 1000.000000, 14.720448, 13.997059, 16.121044, 15.161449, 0.059052, 0.641247, 0.420746, -0.628272, 0.340314, 0.008726, 0.970996, 15.954993, -104.036140, -0.746050, -0.762546, -0.275762, 0.002307, 14.809570, 15.481567, 234.924301
-0.106457, 0.069808, 1057.000000, 0.001745, 2000.000000, 1000.000000, 15.164733, 14.148437, 15.642549, 15.044282, -0.104507, 0.343415, 0.403641, -0.532286, 0.349040, 0.008726, -0.030771, 17.854033, -104.460785, -0.363623, -0.237373, -0.264044, 0.002386, 14.833008, 15.280151, 232.116684
-0.085515, 0.073298, 1057.000000, 0.001745, 2000.000000, 1000.000000, 15.534230, 14.341443, 15.152928, 14.971398, -0.252814, 0.062163, 0.343580, -0.427574, 0.366492, 0.008726, 0.340162, 18.325989, -105.280678, -0.001435, 0.267559, -0.224630, 0.001863, 14.875977, 13.681030, 200.988754
-0.129145, 0.068063, 1057.000000, 0.001745, 2000.000000, 1000.000000, 15.284682, 14.244382, 14.964074, 15.506862, -0.395772, 0.235467, 0.124378, -0.645724, 0.340314, 0.008726, 1.067722, 18.237434, -106.012009, 0.026262, -0.061606, -0.075494, 0.001972, 14.872070, 13.281250, 202.331528
-0.101222, 0.080279, 1057.000000, 0.001745, 2000.000000, 1000.000000, 14.901974, 14.175184, 15.407322, 15.515520, -0.208747, 0.461421, 0.154648, -0.506108, 0.401396, 0.008726, 0.536773, 18.722872, -106.077339, -0.158028, -0.387575, -0.095734, 0.002347, 14.872070, 13.320923, 202.880844
-0.066318, 0.050611, 1057.000000, 0.001745, 2000.000000, 1000.000000, 14.980461, 14.257879, 15.559677, 15.201982, -0.091222, 0.380830, 0.270069, -0.331588, 0.253054, 0.008726, -0.402876, 19.748030, -106.112465, -0.185725, -0.407815, -0.174563, 0.001866, 14.860352, 14.041138, 213.684067
-0.064572, 0.041885, 1057.000000, 0.001745, 2000.000000, 1000.000000, 15.257122, 14.246950, 15.391954, 15.103973, -0.180547, 0.247964, 0.324538, -0.322862, 0.209424, 0.008726, -1.191706, 20.308100, -106.422256, -0.017414, -0.216068, -0.210781, 0.002278, 14.825195, 14.599609, 221.679672
-0.069808, 0.057592, 1057.000000, 0.001745, 2000.000000, 1000.000000, 15.269950, 14.039863, 15.306958, 15.383229, -0.326589, 0.345094, 0.288454, -0.349040, 0.287958, 0.008726, -2.278268, 20.115301, -106.838646, 0.208421, -0.303419, -0.186281, 0.002297, 14.825195, 15.078735, 218.200668
-0.069808, 0.057592, 1057.000000, 0.001745, 2000.000000, 1000.000000, 15.243079, 13.955972, 15.197051, 15.603898, -0.423489, 0.400474, 0.220065, -0.349040, 0.287958, 0.008726, -4.250913, 19.348015, -106.898376, 0.378862, -0.402488, -0.140474, 0.002018, 14.864258, 14.520264, 220.825180
-0.069808, 0.078534, 1039.000000, 0.003490, 2000.000000, 1000.000000, 13.264845, 12.067583, 13.088436, 13.579136, -0.421991, 0.333786, 0.176641, -0.349040, 0.392670, 0.017452, -5.242352, 18.727406, -106.855598, 0.374601, -0.178784, -0.102125, 0.002335, 14.997070, 4.119873, 63.415524
-0.071553, 0.073298, 1014.000000, 0.019197, 2000.000000, 1000.000000, 11.714297, 10.113589, 10.926169, 11.245944, -0.480121, 0.086057, 0.320233, -0.357766, 0.366492, 0.095986, -5.489254, 17.786732, -107.075455, 0.476866, 0.224948, -0.121300, 0.001761, 15.086914, 4.638672, 71.594238
-0.069808, 0.066318, 1000.000000, 0.029668, 2000.000000, 1000.000000, 11.037137, 9.146358, 10.037900, 9.778605, -0.407872, -0.091747, 0.537518, -0.349040, 0.331588, 0.148342, -4.165102, 15.484011, -108.250053, 0.353296, 0.498720, -0.215042, 0.002360, 15.383789, 0.079346, 1.220703
-0.069808, 0.066318, 1000.000000, 0.029668, 2000.000000, 1000.000000, 10.434167, 9.342525, 10.044127, 10.179181, -0.306674, 0.111654, 0.239148, -0.349040, 0.331588, 0.148342, -3.537666, 14.611306, -108.676521, 0.177528, 0.145054, -0.012644, 0.002276, 15.149414, 3.439331, 53.283688
-0.062827, 0.075044, 1000.000000, 0.010471, 2000.000000, 1000.000000, 10.212455, 9.346768, 9.914422, 10.526355, -0.369405, 0.220388, 0.063439, -0.314136, 0.375218, 0.052356, -3.657680, 13.963478, -108.627617, 0.328795, -0.003017, 0.009727, 0.001765, 15.157227, 2.679443, 41.625973
-0.059337, 0.080279, 1000.000000, 0.003490, 2000.000000, 1000.000000, 10.471033, 9.012329, 10.007477, 10.509161, -0.490097, 0.258319, 0.239255, -0.296684, 0.401396, 0.017452, -4.324050, 12.120976, -108.759560, 0.551434, -0.039236, -0.144735, 0.002247, 15.137695, 3.799438, 58.898922
-0.057592, 0.092496, 1000.000000, 0.026178, 2000.000000, 1000.000000, 10.539161, 8.798657, 10.188704, 10.473477, -0.506319, 0.331091, 0.363933, -0.287958, 0.462478, 0.130890, -5.052444, 10.735889, -109.032188, 0.587653, -0.104216, -0.114908, 0.002298, 15.133789, 3.601074, 55.786129
-0.057592, 0.085515, 1000.000000, 0.036649, 2000.000000, 1000.000000, 10.476250, 9.105112, 9.869833, 10.548805, -0.512527, 0.209319, 0.173042, -0.287958, 0.427574, 0.183246, -5.677433, 9.273202, -108.961449, 0.606827, 0.070486, 0.067251, 0.001840, 15.145508, 3.518677, 54.626461
-0.057592, 0.094241, 1004.000000, 0.052356, 2000.000000, 1000.000000, 10.891054, 9.022738, 9.782732, 10.303476, -0.597265, 0.043104, 0.336893, -0.287958, 0.471204, 0.261780, -5.455991, 6.244163, -108.679176, 0.752768, 0.408173, 0.035293, 0.001965, 15.137695, 4.440308, 68.786621
-0.055846, 0.095986, 1004.000000, 0.068063, 2000.000000, 1000.000000, 11.149448, 8.789911, 9.755051, 10.305590, -0.727519, 0.030320, 0.452250, -0.279232, 0.479930, 0.340314, -5.113693, 3.682648, -108.644615, 0.982863, 0.438000, 0.036358, 0.002240, 15.133789, 4.278564, 66.284180
-0.057592, 0.099476, 1005.000000, 0.111693, 2000.000000, 1000.000000, 11.300382, 8.649798, 9.795232, 10.254588, -0.777485, 0.024910, 0.547807, -0.287958, 0.497382, 0.558464, -4.854346, 0.642964, -108.337212, 1.062757, 0.465697, 0.191886, 0.002191, 15.133789, 4.119873, 63.781734
-0.057592, 0.104712, 1005.000000, 0.130890, 2000.000000, 1000.000000, 11.183842, 8.643724, 9.879181, 10.293253, -0.738547, 0.086217, 0.531511, -0.287958, 0.523560, 0.654450, -4.573442, -2.391992, -107.633972, 1.008429, 0.386868, 0.299477, 0.001756, 15.137695, 4.040527, 62.622066
-0.061082, 0.108202, 1005.000000, 0.120419, 2000.000000, 1000.000000, 10.828055, 8.813462, 9.737220, 10.621263, -0.724659, 0.179242, 0.282637, -0.305410, 0.541012, 0.602094, -4.714293, -6.680788, -106.161865, 0.950905, 0.240927, 0.415590, 0.002272, 15.165039, 3.280640, 51.025387
-0.061082, 0.109948, 1008.000000, 0.090750, 2000.000000, 1000.000000, 10.522127, 9.412218, 9.479771, 10.585884, -0.554006, 0.032827, 0.000949, -0.305410, 0.549738, 0.453752, -4.296766, -9.064620, -104.901649, 0.653699, 0.505111, 0.457135, 0.002283, 15.141602, 4.159546, 64.514160
-0.061082, 0.106457, 1007.000000, 0.066318, 2000.000000, 1000.000000, 10.284626, 9.681496, 9.457933, 10.575945, -0.430285, 0.016939, -0.128720, -0.305410, 0.532286, 0.331588, -3.264997, -10.779166, -103.526611, 0.444908, 0.517894, 0.423047, 0.001819, 15.141602, 4.000854, 62.011715
-0.061082, 0.111693, 1021.000000, 0.036649, 2000.000000, 1000.000000, 11.965633, 11.854929, 11.496738, 12.682699, -0.324167, 0.089719, -0.268814, -0.305410, 0.558464, 0.183246, -2.198811, -12.069613, -102.224045, 0.254227, 0.415629, 0.367653, 0.002124, 15.083008, 6.600952, 101.928703
-0.073298, 0.115183, 1061.000000, 0.008726, 2000.000000, 1000.000000, 15.837424, 15.756012, 16.009127, 16.397438, -0.117431, 0.203282, -0.076725, -0.366492, 0.575916, 0.043630, -1.225945, -12.374537, -101.009895, -0.170811, 0.236666, 0.096013, 0.002285, 14.696289, 20.761108, 321.594208
-0.075044, 0.116928, 1079.000000, 0.005236, 2000.000000, 1000.000000, 16.850315, 16.881882, 17.409054, 16.858749, 0.145468, 0.133901, 0.129684, -0.375218, 0.584642, 0.026178, -0.174002, -11.426517, -100.823761, -0.638459, 0.366628, -0.061645, 0.001859, 14.532227, 25.799561, 384.094208
-0.075044, 0.118674, 1085.000000, 0.005236, 2000.000000, 1000.000000, 17.843891, 18.141769, 18.515465, 17.498875, 0.328617, 0.007169, 0.179678, -0.375218, 0.593368, 0.026178, 1.683675, -9.601387, -100.738174, -0.964428, 0.598854, -0.095734, 0.001768, 14.481445, 29.479980, 437.011688
-0.076789, 0.118674, 1086.000000, 0.003490, 2000.000000, 1000.000000, 18.168383, 17.262152, 19.307459, 17.262007, 0.284806, 0.284733, 0.737921, -0.383944, 0.593368, 0.017452, 4.381961, -5.573480, -101.447235, -0.888795, 0.114162, -0.481357, 0.002294, 14.481445, 27.761841, 412.109344
-0.073298, 0.118674, 1086.000000, 0.003490, 2000.000000, 1000.000000, 17.814375, 16.557177, 19.423216, 18.205233, -0.009803, 0.814225, 0.618795, -0.366492, 0.593368, 0.017452, 3.863530, -3.630737, -102.724335, -0.358296, -0.820069, -0.403593, 0.001752, 14.645508, 21.920776, 328.796356
-0.073298, 0.125654, 1082.000000, 0.003490, 2000.000000, 1000.000000, 18.239513, 15.586598, 18.883701, 19.290188, -0.764851, 1.086944, 0.561607, -0.366492, 0.628272, 0.017452, -1.563553, -4.054867, -104.528748, 0.949840, -1.240846, -0.362048, 0.002344, 14.575195, 23.681641, 353.332489
-0.075044, 0.132635, 1076.000000, 0.003490, 2000.000000, 1000.000000, 17.478985, 14.928088, 17.693310, 17.899616, -0.689301, 0.796464, 0.586148, -0.375218, 0.663176, 0.017452, -4.686440, -5.789161, -105.781761, 0.810291, -0.702891, -0.379092, 0.002240, 14.805664, 14.920044, 226.196274
-0.083770, 0.137871, 1079.000000, 0.001745, 2000.000000, 1000.000000, 17.125179, 15.836074, 17.756275, 17.282471, -0.203826, 0.519373, 0.440728, -0.418848, 0.689354, 0.008726, -6.053075, -6.319961, -106.821754, -0.070677, -0.203285, -0.290676, 0.001853, 14.708008, 20.401001, 306.884766
-0.087260, 0.132635, 1077.000000, 0.001745, 2000.000000, 1000.000000, 17.072048, 16.509811, 17.702480, 16.715660, 0.106146, 0.209070, 0.387265, -0.436300, 0.663176, 0.008726, -5.638893, -5.448932, -107.507500, -0.626741, 0.314430, -0.253392, 0.002210, 14.657227, 20.840454, 312.805176
-0.089005, 0.125654, 1078.000000, 0.001745, 2000.000000, 1000.000000, 17.321714, 16.025064, 17.573923, 17.079298, -0.200506, 0.326610, 0.447818, -0.445026, 0.628272, 0.008726, -3.921261, -4.097931, -108.481049, -0.112222, 0.077943, -0.293872, 0.002337, 14.665039, 21.041870, 315.734863
-0.078534, 0.115183, 1071.000000, 0.003490, 2000.000000, 1000.000000, 17.312534, 15.586205, 17.750278, 17.350983, -0.331758, 0.550630, 0.531407, -0.392670, 0.575916, 0.017452, -4.440419, -4.105908, -109.375603, 0.181789, -0.373726, -0.343939, 0.001796, 14.657227, 21.041870, 315.490723
-0.064572, 0.122164, 1070.000000, 0.003490, 2000.000000, 1000.000000, 17.220409, 15.895436, 17.679615, 17.204540, -0.212475, 0.442077, 0.450011, -0.322862, 0.610820, 0.017452, -5.362339, -4.300414, -110.335037, 0.039045, -0.148957, -0.288545, 0.001760, 14.625977, 22.601318, 338.378876
-0.047120, 0.125654, 1047.000000, 0.001745, 2000.000000, 1000.000000, 13.958491, 13.913678, 14.569716, 13.558114, 0.241698, 0.063916, 0.264104, -0.235602, 0.628272, 0.008726, -3.881073, -3.156871, -111.135910, -0.665091, 0.530677, -0.170302, 0.002347, 15.079102, 5.160522, 79.589844
-0.048866, 0.127400, 1050.000000, 0.001745, 2000.000000, 1000.000000, 14.963202, 15.031030, 15.613418, 14.392350, 0.322224, 0.002884, 0.288310, -0.244328, 0.636998, 0.008726, -1.606409, -1.665550, -111.446838, -0.809966, 0.646790, -0.186281, 0.002204, 14.961914, 10.159302, 155.578613
-0.052356, 0.127400, 1049.000000, 0.001745, 2000.000000, 1000.000000, 14.476561, 13.768890, 14.357866, 13.396683, 0.063379, -0.122726, 0.417213, -0.261780, 0.636998, 0.008726, 0.910268, -0.916388, -112.067146, -0.381732, 0.871560, -0.275762, 0.001759, 14.938477, 10.919189, 166.992172
-0.052356, 0.127400, 1049.000000, 0.001745, 2000.000000, 1000.000000, 14.763877, 13.559325, 13.773149, 13.903649, -0.333763, -0.161601, 0.268512, -0.261780, 0.636998, 0.008726, 4.368968, -2.293884, -112.928360, 0.312816, 0.934410, -0.173497, 0.002279, 14.793945, 16.360474, 247.924789
-0.054101, 0.129145, 1041.000000, 0.000000, 2000.000000, 1000.000000, 14.404901, 13.295619, 14.074561, 14.224919, -0.314910, 0.149740, 0.239731, -0.270506, 0.645724, 0.000000, 5.815794, -3.930333, -113.281151, 0.273402, 0.400716, -0.162845, 0.002175, 14.903320, 12.438965, 189.819321
-0.057592, 0.127400, 1012.000000, 0.001745, 2000.000000, 1000.000000, 10.888449, 10.042261, 11.718311, 11.350979, -0.119713, 0.534645, 0.303380, -0.287958, 0.636998, 0.008726, 5.683371, -4.174408, -113.792351, -0.084525, -0.286375, -0.197998, 0.001820, 16.836914, 0.000000, 1.403808
-0.076789, 0.127400, 1000.000000, 0.001745, 2000.000000, 1000.000000, 9.487359, 9.124469, 10.797694, 10.590478, -0.038919, 0.694086, 0.142527, -0.383944, 0.636998, 0.008726, 4.750626, -2.483694, -114.748543, -0.325273, -0.556951, -0.088277, 0.002264, 15.208008, 0.759888, 11.779784
-0.076789, 0.134380, 1000.000000, 0.000000, 2000.000000, 1000.000000, 8.756367, 9.509050, 9.549248, 12.185335, -0.470851, 0.867291, -0.847193, -0.383944, 0.671902, 0.000000, 2.200890, -1.474303, -113.659805, 0.428929, -0.827526, 0.575379, 0.002225, 15.141602, 3.518677, 54.504391
-0.080279, 0.137871, 1000.000000, -0.003490, 2000.000000, 1000.000000, 9.215606, 9.838208, 9.817502, 11.128684, -0.172145, 0.473093, -0.483446, -0.401396, 0.689354, -0.017452, 0.969714, -1.572034, -112.629166, -0.109026, -0.122326, 0.311195, 0.002039, 15.129883, 3.720093, 57.617184
-0.076789, 0.129145, 1000.000000, 0.003490, 2000.000000, 1000.000000, 9.200476, 9.885458, 10.355051, 10.559015, 0.120255, 0.457033, -0.222236, -0.383944, 0.645724, 0.017452, 2.156257, 0.809815, -111.649254, -0.603306, -0.135109, 0.168450, 0.002324, 15.114258, 4.598999, 71.228027
-0.076789, 0.129145, 1000.000000, 0.003490, 2000.000000, 1000.000000, 9.771214, 9.414949, 10.211241, 10.602596, -0.186905, 0.406918, -0.008773, -0.383944, 0.645724, 0.017452, 2.048581, 1.650629, -111.455666, -0.067481, -0.048823, 0.023575, 0.002319, 15.133789, 3.839111, 59.509274
