


<<< NEW FLIGHT DATA >>>


-0.026178, 0.003490, 1000.000000, 0.017452, 2000.000000, 1000.000000, 10.196962, 9.783207, 10.063639, 9.956192, -0.076577, 0.009915, 0.130301, -0.130890, 0.017452, 0.087260, -3.265304, 1.202177, -0.005175, 0.000456, 0.000428, -0.000605, 0.001773, 14.360352, 0.399780, 5.920410
-0.026178, 0.003490, 1000.000000, 0.017452, 2000.000000, 1000.000000, 10.191215, 9.772187, 10.060107, 9.976491, -0.083852, 0.018299, 0.125661, -0.130890, 0.017452, 0.087260, -3.245667, 1.177057, 0.006036, 0.013239, -0.014485, 0.002591, 0.001762, 14.270508, 3.921509, 57.312008
-0.026178, 0.003490, 1000.000000, 0.015707, 2000.000000, 1000.000000, 10.167612, 9.804922, 10.052040, 9.975426, -0.071518, 0.013733, 0.109826, -0.130890, 0.017452, 0.078534, -3.222099, 1.153112, 0.019341, -0.009131, -0.005963, 0.004721, 0.002178, 14.067383, 13.400269, 193.115219
-0.026178, 0.003490, 1000.000000, 0.017452, 2000.000000, 1000.000000, 10.244175, 9.694397, 10.120890, 9.940538, -0.092356, 0.030714, 0.182532, -0.130890, 0.017452, 0.087260, -3.120567, 1.033520, 0.006339, 0.027087, -0.035791, -0.035759, 0.002403, 14.231445, 5.200195, 77.575684
-0.026178, 0.003490, 1000.000000, 0.015707, 2000.000000, 1000.000000, 10.171658, 9.826681, 10.057190, 9.944471, -0.058064, 0.000831, 0.114423, -0.130890, 0.017452, 0.078534, -3.133856, 1.015018, 0.006857, -0.032567, 0.016407, 0.001525, 0.002260, 14.262695, 4.638672, 65.429688
-0.026178, 0.003490, 1000.000000, 0.017452, 2000.000000, 1000.000000, 10.195392, 9.787122, 10.062099, 9.955388, -0.075390, 0.008744, 0.128745, -0.130890, 0.017452, 0.087260, -3.164438, 1.033555, 0.012300, -0.001675, 0.002559, 0.000460, 0.001759, 14.274414, 4.278564, 62.499996
-0.026178, 0.003490, 1000.000000, 0.015707, 2000.000000, 1000.000000, 10.178887, 9.803700, 10.043235, 9.974177, -0.076532, 0.008706, 0.111061, -0.130890, 0.017452, 0.078534, -3.098953, 1.005732, 0.046472, 0.000456, 0.002559, 0.003656, 0.001752, 14.274414, 4.040527, 59.082027
-0.026178, 0.003490, 1000.000000, 0.017452, 2000.000000, 1000.000000, 10.198902, 9.788393, 10.055502, 9.957203, -0.078052, 0.006352, 0.127202, -0.130890, 0.017452, 0.087260, -3.034014, 1.013975, 0.066851, 0.002586, 0.006820, 0.001525, 0.001850, 14.278320, 3.921509, 57.312008
-0.026178, 0.003490, 1000.000000, 0.017452, 2000.000000, 1000.000000, 10.200531, 9.783358, 10.060814, 9.955297, -0.077914, 0.008056, 0.130672, -0.130890, 0.017452, 0.087260, -2.988686, 1.000811, 0.073923, 0.001521, 0.003624, -0.000605, 0.002330, 14.278320, 3.839111, 56.091305
-0.026178, 0.003490, 1000.000000, 0.017452, 2000.000000, 1000.000000, 10.180912, 9.787968, 10.077307, 9.953814, -0.067363, 0.015560, 0.129110, -0.130890, 0.017452, 0.087260, -2.866950, 0.999094, 0.076994, -0.016588, -0.009159, 0.000460, 0.002406, 14.278320, 3.921509, 57.312008
-0.026178, 0.003490, 1000.000000, 0.017452, 2000.000000, 1000.000000, 10.198038, 9.779438, 10.063429, 9.959095, -0.078567, 0.011262, 0.130734, -0.130890, 0.017452, 0.087260, -2.852253, 0.983547, 0.090728, 0.002586, -0.001702, -0.000605, 0.002435, 14.274414, 3.878784, 56.701656
-0.026178, 0.003490, 1000.000000, 0.017452, 2000.000000, 1000.000000, 10.202502, 9.790061, 10.055335, 9.952102, -0.077302, 0.003719, 0.128919, -0.130890, 0.017452, 0.087260, -2.800333, 0.981284, 0.090591, 0.001521, 0.011081, 0.000460, 0.002022, 14.278320, 4.040527, 59.082027
-0.026178, 0.003490, 1000.000000, 0.015707, 2000.000000, 1000.000000, 10.188348, 9.789374, 10.046332, 9.975945, -0.082147, 0.011139, 0.117340, -0.130890, 0.017452, 0.078534, -2.654742, 0.968163, 0.099634, 0.010043, -0.001702, -0.000605, 0.001771, 14.278320, 3.399658, 49.682613
-0.024433, 0.003490, 1000.000000, 0.015707, 2000.000000, 1000.000000, 10.178753, 9.812553, 10.052999, 9.955694, -0.067224, 0.004347, 0.115876, -0.122164, 0.017452, 0.078534, -2.611498, 0.963426, 0.103905, -0.007001, 0.010016, 0.000460, 0.001834, 14.282227, 3.601074, 52.612301
-0.026178, 0.003490, 1000.000000, 0.015707, 2000.000000, 1000.000000, 10.173770, 9.787978, 10.057500, 9.980752, -0.077261, 0.019126, 0.115635, -0.130890, 0.017452, 0.078534, -2.547704, 0.940366, 0.128315, 0.001521, -0.015551, 0.000460, 0.001777, 14.278320, 3.839111, 56.091305
-0.026178, 0.003490, 1000.000000, 0.015707, 2000.000000, 1000.000000, 10.173171, 9.791060, 10.062276, 9.973493, -0.073332, 0.017884, 0.117724, -0.130890, 0.017452, 0.078534, -2.483871, 0.900564, 0.158359, -0.005936, -0.013420, -0.000605, 0.002429, 14.270508, 3.759766, 54.870602
-0.026178, 0.003490, 1000.000000, 0.015707, 2000.000000, 1000.000000, 10.180303, 9.801982, 10.054946, 9.962770, -0.071536, 0.008857, 0.117625, -0.130890, 0.017452, 0.078534, -2.463495, 0.866907, 0.188755, -0.009131, 0.002559, -0.000605, 0.002266, 14.266602, 3.961182, 57.922359
-0.026178, 0.003490, 1000.000000, 0.015707, 2000.000000, 1000.000000, 10.188281, 9.781926, 10.050221, 9.979571, -0.083926, 0.014897, 0.119252, -0.130890, 0.017452, 0.078534, -2.440223, 0.864096, 0.182277, 0.012174, -0.008094, -0.001670, 0.002268, 14.274414, 3.518677, 51.391598
-0.026178, 0.003490, 1000.000000, 0.015707, 2000.000000, 1000.000000, 10.181028, 9.801193, 10.047379, 9.970400, -0.075714, 0.008889, 0.114204, -0.130890, 0.017452, 0.078534, -2.349277, 0.831392, 0.215426, -0.000609, 0.002559, 0.001525, 0.001754, 14.270508, 3.799438, 55.480953
-0.026178, 0.003490, 1000.000000, 0.015707, 2000.000000, 1000.000000, 10.180753, 9.794360, 10.050899, 9.973989, -0.077370, 0.012443, 0.115826, -0.130890, 0.017452, 0.078534, -2.341186, 0.843804, 0.203885, 0.001521, -0.003833, 0.000460, 0.001812, 14.274414, 3.799438, 55.480953
-0.026178, 0.003490, 1000.000000, 0.015707, 2000.000000, 1000.000000, 10.181286, 9.791512, 10.054075, 9.973127, -0.077206, 0.013602, 0.117680, -0.130890, 0.017452, 0.078534, -2.298635, 0.828497, 0.209054, 0.000456, -0.005963, -0.000605, 0.002326, 14.270508, 3.759766, 54.870602
-0.024433, 0.003490, 1000.000000, 0.017452, 2000.000000, 1000.000000, 10.184483, 9.788198, 10.070372, 9.956947, -0.070715, 0.013659, 0.127427, -0.122164, 0.017452, 0.087260, -2.152752, 0.799641, 0.220311, -0.001675, -0.005963, 0.001525, 0.002177, 14.270508, 3.720093, 54.382320
-0.026178, 0.003490, 1000.000000, 0.015707, 2000.000000, 1000.000000, 10.181913, 9.805450, 10.059879, 9.952757, -0.067335, 0.006318, 0.120896, -0.130890, 0.017452, 0.078534, -2.158769, 0.797935, 0.228084, -0.016588, 0.006820, -0.002736, 0.002404, 14.274414, 4.000854, 58.471676
-0.026178, 0.003490, 1000.000000, 0.015707, 2000.000000, 1000.000000, 10.178509, 9.785572, 10.056858, 9.979061, -0.078785, 0.017960, 0.117683, -0.130890, 0.017452, 0.078534, -2.135106, 0.782956, 0.253745, 0.003652, -0.013420, -0.000605, 0.002302, 14.274414, 3.439331, 50.292965
-0.024433, 0.003490, 1000.000000, 0.015707, 2000.000000, 1000.000000, 10.182621, 9.813334, 10.052065, 9.951981, -0.067300, 0.002022, 0.117343, -0.122164, 0.017452, 0.078534, -2.104851, 0.781589, 0.263601, -0.007001, 0.014277, -0.000605, 0.001752, 14.274414, 3.399658, 49.682613
-0.024433, 0.003490, 1001.000000, 0.015707, 2000.000000, 1000.000000, 10.180574, 9.800842, 10.057695, 9.960888, -0.070731, 0.009292, 0.119135, -0.122164, 0.017452, 0.078534, -2.167086, 0.758311, 0.293115, -0.001675, 0.001494, -0.001670, 0.002097, 14.274414, 3.479004, 50.903316
-0.024433, 0.003490, 1000.000000, 0.015707, 2000.000000, 1000.000000, 10.175940, 9.800409, 10.049906, 9.973745, -0.074843, 0.011825, 0.112923, -0.122164, 0.017452, 0.078534, -2.074910, 0.754426, 0.290957, 0.005782, -0.002768, 0.002591, 0.002250, 14.266602, 3.921509, 57.312008
-0.024433, 0.003490, 1000.000000, 0.015707, 2000.000000, 1000.000000, 10.178100, 9.800485, 10.047750, 9.973666, -0.075883, 0.010708, 0.112924, -0.122164, 0.017452, 0.078534, -2.018502, 0.786339, 0.275364, 0.006847, -0.000637, 0.002591, 0.002318, 14.270508, 3.799438, 55.480953
-0.026178, 0.003490, 1000.000000, 0.015707, 2000.000000, 1000.000000, 10.180438, 9.793590, 10.058251, 9.967721, -0.074079, 0.012986, 0.119345, -0.130890, 0.017452, 0.078534, -1.949105, 0.754152, 0.288503, -0.004870, -0.004898, -0.001670, 0.002455, 14.270508, 3.759766, 54.992672
-0.026178, 0.003490, 1011.000000, 0.015707, 2000.000000, 1000.000000, 11.178085, 10.797091, 11.053759, 10.971066, -0.074575, 0.012412, 0.115922, -0.130890, 0.017452, 0.078534, -1.906932, 0.789303, 0.269359, -0.003805, -0.003833, 0.000460, 0.002013, 14.270508, 3.720093, 54.321285
-0.026178, 0.003490, 1012.000000, 0.015707, 2000.000000, 1000.000000, 11.195034, 10.783632, 11.033491, 10.987843, -0.091438, 0.010667, 0.114262, -0.130890, 0.017452, 0.078534, -1.908037, 0.765843, 0.282421, 0.026022, -0.000637, 0.001525, 0.001811, 14.219727, 5.999756, 87.280266
-0.026178, 0.003490, 1006.000000, 0.015707, 2000.000000, 1000.000000, 10.175201, 9.797634, 10.056395, 9.970770, -0.072986, 0.013582, 0.115798, -0.130890, 0.017452, 0.078534, -1.880864, 0.735443, 0.295332, -0.005936, -0.005963, 0.000460, 0.001749, 14.305664, 1.681519, 24.597166
-0.024433, 0.003490, 1009.000000, 0.015707, 2000.000000, 1000.000000, 10.186362, 9.788699, 10.045241, 9.979697, -0.083029, 0.012469, 0.115802, -0.122164, 0.017452, 0.078534, -1.877428, 0.771503, 0.283171, 0.020696, -0.003833, 0.000460, 0.001755, 14.278320, 3.479004, 50.781246
-0.024433, 0.003490, 1012.000000, 0.015707, 2000.000000, 1000.000000, 11.166853, 10.799925, 11.071062, 10.962160, -0.064506, 0.016611, 0.118957, -0.122164, 0.017452, 0.078534, -1.829331, 0.755581, 0.270080, -0.012327, -0.011290, -0.001670, 0.001844, 14.286133, 2.719116, 39.672852
-0.026178, 0.003490, 1016.000000, 0.015707, 2000.000000, 1000.000000, 11.192286, 10.802614, 11.052773, 10.952328, -0.072307, 0.002550, 0.122529, -0.130890, 0.017452, 0.078534, -1.812919, 0.756584, 0.280377, -0.008066, 0.013211, -0.003801, 0.002458, 14.227539, 5.718994, 82.702629
-0.026178, 0.003490, 1033.000000, 0.015707, 2000.000000, 1000.000000, 13.185615, 12.780738, 13.059089, 12.974559, -0.080086, 0.016824, 0.122352, -0.130890, 0.017452, 0.078534, -1.807689, 0.758520, 0.277904, 0.005782, -0.011290, -0.003801, 0.002246, 14.145508, 10.360718, 150.024414
-0.024433, 0.003490, 1045.000000, 0.015707, 2000.000000, 1000.000000, 14.132744, 13.777824, 14.058256, 14.031176, -0.081960, 0.044716, 0.095500, -0.122164, 0.017452, 0.078534, -1.770966, 0.708387, 0.291407, 0.018565, -0.060291, 0.014309, 0.001748, 13.981445, 14.880371, 213.073715
-0.026178, 0.003490, 1043.000000, 0.015707, 2000.000000, 1000.000000, 14.006757, 13.839185, 14.231263, 13.922795, 0.035224, 0.077030, 0.119010, -0.130890, 0.017452, 0.078534, -1.947009, 0.495556, 0.344191, -0.195552, -0.116750, -0.001670, 0.001845, 14.094727, 10.681152, 154.174805
-0.026178, 0.003490, 1043.000000, 0.015707, 2000.000000, 1000.000000, 13.734682, 14.027849, 14.571814, 13.665655, 0.299831, 0.118734, 0.153248, -0.130890, 0.017452, 0.078534, -2.946233, 0.084446, 0.314995, -0.664265, -0.192383, -0.025106, 0.001746, 14.129883, 9.359741, 135.375977
-0.026178, 0.003490, 1044.000000, 0.015707, 2000.000000, 1000.000000, 13.754726, 13.875040, 14.935881, 13.434353, 0.405461, 0.185117, 0.345303, -0.130890, 0.017452, 0.078534, -6.553151, -0.934987, -0.049989, -0.841098, -0.304235, -0.155067, 0.002362, 14.137695, 8.880615, 128.479004
-0.026178, 0.003490, 1044.000000, 0.015707, 2000.000000, 1000.000000, 14.138563, 13.510506, 14.448570, 13.902361, -0.020462, 0.175465, 0.293566, -0.130890, 0.017452, 0.078534, -7.774534, -1.663552, -0.483448, -0.096483, -0.287191, -0.119914, 0.002373, 14.098633, 10.720825, 154.785156
-0.026178, 0.003490, 1045.000000, 0.015707, 2000.000000, 1000.000000, 14.293883, 13.144036, 13.957204, 14.604877, -0.449380, 0.281040, 0.125543, -0.130890, 0.017452, 0.078534, -6.780520, -2.706151, -0.566235, 0.654524, -0.474677, -0.005931, 0.002044, 14.110352, 10.000610, 144.531250
-0.026178, 0.003490, 1045.000000, 0.015707, 2000.000000, 1000.000000, 14.390777, 12.676682, 14.025634, 14.906907, -0.648842, 0.466271, 0.208205, -0.130890, 0.017452, 0.078534, -4.327707, -4.428662, -0.532930, 1.010320, -0.803841, -0.062390, 0.001837, 14.133789, 9.078979, 131.408691
-0.026178, 0.003490, 1045.000000, 0.017452, 2000.000000, 1000.000000, 14.160460, 12.731056, 14.106800, 15.001684, -0.581072, 0.554242, 0.133630, -0.130890, 0.017452, 0.087260, -1.522458, -6.928775, -0.393599, 0.892077, -0.960434, -0.002736, 0.001778, 14.079102, 11.480713, 165.588364
-0.024433, 0.003490, 1046.000000, 0.015707, 2000.000000, 1000.000000, 14.118724, 13.534335, 13.799039, 14.547902, -0.333313, 0.173470, -0.041118, -0.122164, 0.017452, 0.078534, 1.084808, -9.518411, 0.059663, 0.452125, -0.283996, 0.106986, 0.002482, 14.106445, 10.241699, 148.010254
-0.026178, 0.003490, 1046.000000, 0.015707, 2000.000000, 1000.000000, 14.148417, 13.825802, 13.898838, 14.126944, -0.137680, 0.012891, 0.023627, -0.130890, 0.017452, 0.078534, 1.622938, -9.749235, 0.330684, 0.105916, -0.004898, 0.063310, 0.001943, 14.110352, 10.040283, 145.019531
-0.026178, 0.003490, 1046.000000, 0.015707, 2000.000000, 1000.000000, 14.138232, 13.873559, 13.990390, 13.997819, -0.068025, -0.005896, 0.064311, -0.130890, 0.017452, 0.078534, 1.571708, -9.622877, 0.418460, -0.016588, 0.029190, 0.035614, 0.001767, 14.094727, 11.599731, 167.419418
-0.026178, 0.003490, 1046.000000, 0.015707, 2000.000000, 1000.000000, 13.807962, 13.979847, 14.067482, 14.144709, 0.023664, 0.106096, -0.062278, -0.130890, 0.017452, 0.078534, 1.218691, -9.751234, 0.563474, -0.175312, -0.168948, 0.121900, 0.001778, 14.129883, 8.999634, 130.187988
-0.026178, 0.003490, 1046.000000, 0.015707, 2000.000000, 1000.000000, 13.684087, 13.957843, 14.337979, 14.020091, 0.147911, 0.179035, 0.011033, -0.130890, 0.017452, 0.078534, 0.397348, -10.329253, 0.623541, -0.390494, -0.293583, 0.071832, 0.002252, 14.098633, 9.838867, 142.089844
-0.026178, 0.003490, 1047.000000, 0.015707, 2000.000000, 1000.000000, 13.553401, 13.567306, 14.468186, 14.411107, 0.017746, 0.439647, 0.010794, -0.130890, 0.017452, 0.078534, -0.795582, -12.294071, 0.636489, -0.165724, -0.747383, 0.071832, 0.002333, 14.106445, 9.719849, 140.380859
-0.026178, 0.003490, 1047.000000, 0.017452, 2000.000000, 1000.000000, 13.021571, 14.537681, 13.673034, 14.767715, 0.105357, 0.220374, -0.652698, -0.130890, 0.017452, 0.087260, -1.318708, -13.950135, 1.036521, -0.314860, -0.366020, 0.529893, 0.002431, 14.055664, 12.399292, 178.527817
-0.026178, 0.003490, 1047.000000, 0.015707, 2000.000000, 1000.000000, 11.676441, 15.809595, 12.389711, 16.124252, 0.099653, 0.256982, -1.966924, -0.130890, 0.017452, 0.078534, -2.153625, -14.769813, 3.768805, -0.310599, -0.436327, 1.421514, 0.001749, 14.055664, 12.399292, 178.527817
-0.026178, 0.003490, 1055.000000, 0.015707, 2000.000000, 1000.000000, 13.324264, 15.239486, 14.748960, 16.687290, -0.005778, 0.718125, -0.963388, -0.130890, 0.017452, 0.078534, -2.285859, -17.133913, 6.703637, -0.124179, -1.246989, 0.735488, 0.001749, 13.899414, 21.279907, 302.734375
-0.026178, 0.003490, 1069.000000, 0.015707, 2000.000000, 1000.000000, 14.771499, 15.787447, 16.224459, 17.216599, 0.005952, 0.720528, -0.502022, -0.130890, 0.017452, 0.078534, -2.343185, -20.801588, 8.151386, -0.148680, -1.244858, 0.420172, 0.001965, 13.864258, 20.361328, 289.123535
-0.026178, 0.003490, 1068.000000, 0.017452, 2000.000000, 1000.000000, 15.955588, 16.680826, 15.256765, 16.106821, -0.031205, -0.318207, -0.393823, -0.130890, 0.017452, 0.087260, -3.012597, -22.430916, 9.364482, -0.081569, 0.568211, 0.354126, 0.002359, 13.961914, 15.921021, 227.478012
-0.026178, 0.003490, 1037.000000, 0.017452, 2000.000000, 1000.000000, 13.358867, 13.696153, 11.888841, 13.056140, -0.207503, -0.527509, -0.376146, -0.130890, 0.017452, 0.087260, -3.243816, -20.075954, 10.167934, 0.227356, 0.939986, 0.343473, 0.002201, 15.090820, 0.000000, 0.610352
-0.026178, 0.003490, 1045.000000, 0.017452, 2000.000000, 1000.000000, 14.175220, 14.181069, 13.339364, 14.304347, -0.239783, -0.178144, -0.242708, -0.130890, 0.017452, 0.087260, -2.782529, -18.147274, 11.158301, 0.291271, 0.333854, 0.253992, 0.001747, 14.098633, 10.241699, 147.888184
-0.026178, 0.003490, 1052.000000, 0.017452, 2000.000000, 1000.000000, 14.750828, 14.654383, 15.046562, 15.548227, -0.149527, 0.297395, -0.101305, -0.130890, 0.017452, 0.087260, -2.017768, -18.353304, 11.913389, 0.128287, -0.503439, 0.157053, 0.001867, 13.985352, 19.400024, 277.282715
-0.026178, 0.003490, 1059.000000, 0.017452, 2000.000000, 1000.000000, 14.590339, 14.815976, 15.164279, 15.429406, -0.009872, 0.296843, -0.122691, -0.130890, 0.017452, 0.087260, -1.324632, -20.893194, 12.790606, -0.113527, -0.497047, 0.170901, 0.002397, 14.024414, 13.241577, 190.185532
-0.026178, 0.003490, 1055.000000, 0.017452, 2000.000000, 1000.000000, 15.187148, 15.109977, 14.662202, 15.040673, -0.113910, -0.148562, -0.075325, -0.130890, 0.017452, 0.087260, -1.363810, -21.176279, 13.164942, 0.062241, 0.275265, 0.138944, 0.002234, 13.981445, 15.399170, 220.275864
-0.026178, 0.003490, 1056.000000, 0.017452, 2000.000000, 1000.000000, 15.839637, 15.118583, 14.327880, 14.713901, -0.276769, -0.479110, 0.083758, -0.130890, 0.017452, 0.087260, -1.289838, -19.310074, 13.354262, 0.349860, 0.861156, 0.031353, 0.001795, 14.024414, 12.521362, 179.809555
-0.026178, 0.003490, 1073.000000, 0.015707, 2000.000000, 1000.000000, 17.846256, 16.755047, 16.231850, 17.166847, -0.506552, -0.300652, 0.039052, -0.130890, 0.017452, 0.078534, -0.127841, -16.861717, 13.670679, 0.758919, 0.546905, 0.052658, 0.001782, 13.731445, 27.160645, 381.835907
-0.026178, 0.003490, 1108.000000, 0.015707, 2000.000000, 1000.000000, 20.485353, 19.235476, 19.590300, 20.688871, -0.587112, 0.139585, 0.037826, -0.130890, 0.017452, 0.078534, 2.135779, -15.958339, 14.462996, 0.895272, -0.224341, 0.053723, 0.001786, 13.489258, 36.599731, 506.103485
-0.019197, 0.020942, 1107.000000, 0.017452, 2000.000000, 1000.000000, 19.579525, 19.755783, 20.436783, 20.227909, 0.096282, 0.332345, 0.008154, -0.095986, 0.104712, 0.087260, 4.101505, -17.043957, 15.181578, -0.264793, -0.469350, 0.082485, 0.002372, 13.532227, 32.879639, 455.688446
-0.022688, 0.019197, 1107.000000, 0.017452, 2000.000000, 1000.000000, 19.867859, 20.635124, 20.240253, 19.256763, 0.437688, -0.251492, 0.054055, -0.113438, 0.095986, 0.087260, 2.197152, -17.633175, 14.847634, -0.879447, 0.536253, 0.051593, 0.002148, 13.559570, 31.881714, 442.626923
-0.024433, 0.003490, 1103.000000, 0.017452, 2000.000000, 1000.000000, 21.271795, 20.471220, 19.165010, 19.091974, -0.181885, -0.871507, 0.218402, -0.122164, 0.017452, 0.087260, 0.090125, -14.756424, 14.210379, 0.193268, 1.556770, -0.060259, 0.001752, 13.540039, 33.319092, 462.219208
-0.024433, 0.003490, 1076.000000, 0.017452, 2000.000000, 1000.000000, 18.332140, 16.173738, 16.121000, 17.373121, -0.852631, -0.252939, 0.226571, -0.122164, 0.017452, 0.087260, 1.784659, -11.042941, 14.434877, 1.371443, 0.461685, -0.065586, 0.001876, 13.977539, 11.999512, 171.691879
-0.024433, 0.003490, 1074.000000, 0.017452, 2000.000000, 1000.000000, 16.797621, 15.323044, 17.622190, 18.257143, -0.527382, 0.939668, 0.209906, -0.122164, 0.017452, 0.087260, 7.870971, -13.100107, 15.416348, 0.793008, -1.609176, -0.053868, 0.002411, 13.879883, 18.280029, 259.704590
-0.024433, 0.006981, 1056.000000, 0.017452, 2000.000000, 1000.000000, 14.534674, 14.088428, 15.818525, 15.558372, -0.046523, 0.688449, 0.176600, -0.122164, 0.034904, 0.087260, 9.874888, -16.528425, 15.796319, -0.044285, -1.158572, -0.031498, 0.002253, 14.168945, 1.361084, 19.775391
-0.020942, 0.031414, 1053.000000, 0.017452, 2000.000000, 1000.000000, 14.925973, 15.175607, 15.300672, 14.597749, 0.238140, -0.050790, 0.113323, -0.104712, 0.157068, 0.087260, 9.051773, -17.771061, 15.490891, -0.527912, 0.250764, 0.011113, 0.001756, 14.083008, 8.679199, 126.892082
-0.019197, 0.036649, 1054.000000, 0.017452, 2000.000000, 1000.000000, 15.474485, 15.702015, 14.689562, 14.133938, 0.195788, -0.588250, 0.082024, -0.095986, 0.183246, 0.087260, 6.863935, -15.947385, 14.907106, -0.444822, 1.223344, 0.032418, 0.001822, 14.016602, 11.840820, 169.921860
-0.022688, 0.054101, 1054.000000, 0.017452, 2000.000000, 1000.000000, 15.807521, 15.356498, 14.624000, 14.211982, -0.009752, -0.582009, 0.215760, -0.113438, 0.270506, 0.087260, 5.246161, -12.588646, 14.443339, -0.096483, 1.294716, -0.058129, 0.002057, 14.004883, 12.481689, 179.016098
-0.024433, 0.179756, 1053.000000, 0.017452, 2000.000000, 1000.000000, 15.436831, 14.254500, 15.086370, 15.222299, -0.329565, 0.154334, 0.261600, -0.122164, 0.898778, 0.087260, 5.409862, -8.397662, 14.024856, 0.452125, 0.651301, -0.089021, 0.002261, 13.954102, 14.639282, 209.106430
-0.024433, 0.178010, 1047.000000, 0.017452, 2000.000000, 1000.000000, 14.287780, 13.162520, 14.114913, 14.434787, -0.361283, 0.274850, 0.201346, -0.122164, 0.890052, 0.087260, 6.500510, -6.788254, 13.991955, 0.506453, 0.431858, -0.048542, 0.002252, 14.067383, 8.358765, 120.422356
-0.024433, 0.176265, 1047.000000, 0.017452, 2000.000000, 1000.000000, 14.346223, 13.420280, 13.929986, 14.303512, -0.324867, 0.116749, 0.138104, -0.122164, 0.881326, 0.087260, 7.425007, -5.069344, 14.027754, 0.446799, 0.700303, -0.005931, 0.001805, 14.086914, 7.998657, 115.295403
-0.026178, 0.174520, 1048.000000, 0.017452, 2000.000000, 1000.000000, 14.444089, 13.785323, 13.897801, 13.872787, -0.158438, -0.114706, 0.170945, -0.130890, 0.872600, 0.087260, 7.589590, -2.499265, 14.007168, 0.146396, 1.100839, -0.028302, 0.001747, 14.086914, 8.880615, 117.675774
-0.026178, 0.179756, 1046.000000, 0.017452, 2000.000000, 1000.000000, 14.215820, 14.116474, 13.982342, 13.685364, 0.049408, -0.166147, 0.099081, -0.130890, 0.898778, 0.087260, 6.692802, 0.571168, 13.990663, -0.218987, 1.216953, 0.020700, 0.001855, 14.043945, 11.318970, 162.719711
-0.026178, 0.190227, 1041.000000, 0.017452, 2000.000000, 1000.000000, 14.104867, 13.935740, 14.068286, 13.891107, 0.002014, -0.020304, 0.086577, -0.130890, 0.951134, 0.087260, 4.692902, 4.718098, 14.131481, -0.135897, 1.008162, 0.029222, 0.002267, 14.047852, 10.119629, 145.629883
-0.026178, 0.193717, 1042.000000, 0.017452, 2000.000000, 1000.000000, 14.153668, 13.809243, 13.787354, 14.249734, -0.201701, 0.018544, -0.029488, -0.130890, 0.968586, 0.087260, 4.225611, 7.185385, 14.362501, 0.218834, 0.958095, 0.108051, 0.002219, 14.040039, 10.919189, 156.921387
-0.022688, 0.193717, 1042.000000, 0.017452, 2000.000000, 1000.000000, 14.361808, 13.827027, 13.739631, 14.071534, -0.216671, -0.094418, 0.050719, -0.113438, 0.968586, 0.087260, 4.202840, 10.038774, 14.592716, 0.263575, 1.162624, 0.053723, 0.001851, 14.036133, 10.241699, 147.216797
-0.024433, 0.195462, 1032.000000, 0.017452, 2000.000000, 1000.000000, 13.477693, 13.108138, 12.839147, 12.575023, -0.026358, -0.292916, 0.158420, -0.122164, 0.977312, 0.087260, 3.436856, 13.621419, 14.800462, -0.080504, 1.524812, -0.019780, 0.001748, 14.145508, 5.279541, 76.416016
-0.024433, 0.193717, 1025.000000, 0.017452, 2000.000000, 1000.000000, 12.487870, 12.179227, 11.961539, 11.371364, 0.070383, -0.333549, 0.224705, -0.122164, 0.968586, 0.087260, 1.681471, 17.677000, 15.139755, -0.248814, 1.573814, -0.064521, 0.002231, 14.208008, 2.319336, 33.691406
-0.024433, 0.188482, 1025.000000, 0.017452, 2000.000000, 1000.000000, 12.301632, 11.918943, 12.085381, 11.694044, 0.002162, -0.110288, 0.193506, -0.122164, 0.942408, 0.087260, -0.734133, 22.736950, 15.640452, -0.128440, 1.155168, -0.043215, 0.002361, 14.141602, 5.960083, 86.303703
-0.026178, 0.172775, 1038.000000, 0.017452, 2000.000000, 1000.000000, 13.162203, 13.041101, 12.835443, 12.961252, -0.061727, -0.101652, -0.001177, -0.130890, 0.863874, 0.087260, -1.770050, 25.455896, 16.160496, -0.026176, 1.061425, 0.088877, 0.002226, 14.059570, 13.601685, 195.495590
-0.026178, 0.104712, 1063.000000, 0.017452, 2000.000000, 1000.000000, 16.371141, 16.053747, 15.840395, 15.734715, -0.052930, -0.212444, 0.105769, -0.130890, 0.523560, 0.087260, -2.753710, 27.995785, 16.770102, -0.042154, 0.909093, 0.016439, 0.002012, 13.813477, 21.121216, 298.889160
-0.027923, 0.017452, 1068.000000, 0.017452, 2000.000000, 1000.000000, 16.354046, 15.829671, 16.070372, 15.745911, -0.049979, -0.091859, 0.212209, -0.139616, 0.087260, 0.087260, -3.520154, 29.522089, 17.064749, -0.056003, 0.252894, -0.055998, 0.001844, 13.840820, 18.798828, 266.479492
-0.027923, 0.001745, 1068.000000, 0.017452, 2000.000000, 1000.000000, 15.678278, 15.715113, 16.322077, 16.284533, 0.018594, 0.303305, 0.000178, -0.139616, 0.008726, 0.087260, -3.561225, 28.865028, 17.149948, -0.171051, -0.519417, 0.087811, 0.002156, 13.903320, 16.281128, 231.811508
-0.026178, 0.000000, 1070.000000, 0.015707, 2000.000000, 1000.000000, 16.852398, 16.808773, 17.068813, 17.270016, -0.061207, 0.169415, -0.039395, -0.130890, 0.000000, 0.078534, -3.022348, 26.544477, 17.360619, -0.029371, -0.295713, 0.105921, 0.002264, 13.762695, 24.520874, 345.519989
-0.024433, 0.001745, 1070.000000, 0.015707, 2000.000000, 1000.000000, 17.278938, 17.237389, 16.657928, 16.825745, -0.052342, -0.258164, -0.031566, -0.122164, 0.008726, 0.078534, -3.085022, 26.811014, 17.677979, -0.032567, 0.456359, 0.100594, 0.002358, 13.942383, 14.199829, 202.697739
-0.026178, 0.000000, 1063.000000, 0.017452, 2000.000000, 1000.000000, 16.298750, 16.389215, 15.543006, 15.769031, -0.033890, -0.343982, -0.079123, -0.130890, 0.000000, 0.087260, -3.852738, 28.362713, 18.348103, -0.076243, 0.605495, 0.142139, 0.001807, 13.969727, 11.160278, 159.606934
-0.026178, 0.000000, 1054.000000, 0.017452, 2000.000000, 1000.000000, 14.767295, 15.086339, 14.880271, 15.266095, -0.016695, 0.073183, -0.176217, -0.130890, 0.000000, 0.087260, -4.325515, 28.952894, 19.057867, -0.101809, -0.127403, 0.208185, 0.001748, 13.946289, 13.800049, 197.082504
-0.024433, 0.003490, 1042.000000, 0.017452, 2000.000000, 1000.000000, 13.378213, 13.623034, 14.437394, 14.561358, 0.030214, 0.499376, -0.092197, -0.122164, 0.017452, 0.087260, -3.712593, 26.375540, 19.430393, -0.174246, -0.852843, 0.150662, 0.002298, 14.083008, 7.440186, 107.299797
-0.029668, 0.001745, 1034.000000, 0.017452, 2000.000000, 1000.000000, 12.550527, 12.881406, 13.054719, 13.513349, -0.031937, 0.284034, -0.197377, -0.148342, 0.008726, 0.087260, -3.354489, 24.463495, 19.811165, -0.097548, -0.487460, 0.222034, 0.002251, 14.137695, 5.319214, 77.026367
-0.061082, 0.001745, 1042.000000, 0.017452, 2000.000000, 1000.000000, 13.909378, 14.226175, 13.661812, 14.202635, -0.056007, -0.067776, -0.214405, -0.305410, 0.008726, 0.087260, -3.657942, 23.895241, 20.596357, -0.214726, 0.127194, 0.233752, 0.002211, 14.102539, 6.878662, 99.304192
-0.062827, 0.001745, 1046.000000, 0.017452, 2000.000000, 1000.000000, 14.223683, 14.337937, 13.693498, 13.744882, 0.015718, -0.280811, -0.041410, -0.314136, 0.008726, 0.087260, -4.843626, 24.556587, 21.533195, -0.352144, 0.505360, 0.116573, 0.001747, 13.997070, 12.200928, 174.804672
-0.062827, 0.001745, 1046.000000, 0.017452, 2000.000000, 1000.000000, 13.875390, 14.421100, 13.789674, 13.913836, 0.105387, -0.148245, -0.167468, -0.314136, 0.008726, 0.087260, -6.534239, 25.230505, 22.655005, -0.506607, 0.268873, 0.201794, 0.002109, 14.040039, 9.320068, 133.972168
-0.066318, -0.027923, 1068.000000, 0.015707, 2000.000000, 1000.000000, 15.490216, 16.016148, 16.333351, 16.160286, 0.174749, 0.246818, -0.088217, -0.331588, -0.139616, 0.078534, -8.550599, 23.557180, 24.279379, -0.642960, -0.571615, 0.138944, 0.002306, 13.786133, 26.840210, 377.685516
-0.075044, -0.061082, 1078.000000, 0.015707, 2000.000000, 1000.000000, 16.490948, 16.998199, 17.243790, 17.267063, 0.120994, 0.255427, -0.132631, -0.375218, -0.305410, 0.078534, -9.425230, 21.055794, 25.038874, -0.593958, -0.754839, 0.168771, 0.002382, 13.708008, 23.599243, 331.481903
-0.087260, -0.078534, 1091.000000, 0.013962, 2000.000000, 1000.000000, 18.540134, 19.016571, 19.023762, 19.419533, 0.020166, 0.221648, -0.218052, -0.436300, -0.392670, 0.069808, -9.807205, 18.646664, 25.663639, -0.482106, -0.794254, 0.218838, 0.001789, 13.704102, 32.400513, 448.303192
-0.089005, -0.094241, 1098.000000, 0.012216, 2000.000000, 1000.000000, 18.655613, 19.068535, 18.876968, 19.398884, -0.027249, 0.137927, -0.233709, -0.445026, -0.471204, 0.061082, -9.983548, 16.384356, 26.369310, -0.412864, -0.727143, 0.220969, 0.001753, 13.629883, 27.401733, 382.507294
-0.066318, -0.095986, 1098.000000, 0.013962, 2000.000000, 1000.000000, 18.207146, 19.039482, 19.410381, 19.342991, 0.224932, 0.376685, -0.191237, -0.331588, -0.479930, 0.069808, -10.402613, 11.900568, 27.154358, -0.730311, -1.145789, 0.199663, 0.002294, 13.625977, 28.439331, 396.728485
-0.054101, -0.094241, 1098.000000, 0.013962, 2000.000000, 1000.000000, 17.930046, 19.066135, 19.684769, 19.319050, 0.375452, 0.501910, -0.192592, -0.270506, -0.471204, 0.069808, -10.908898, 7.853389, 27.807756, -0.927384, -1.353514, 0.200729, 0.002302, 13.676758, 24.600220, 344.482391
-0.038394, -0.083770, 1098.000000, 0.012216, 2000.000000, 1000.000000, 18.118759, 18.830402, 19.684315, 19.366524, 0.257359, 0.525419, -0.098463, -0.191972, -0.418848, 0.061082, -10.956826, 3.583094, 28.212240, -0.641895, -1.343927, 0.128291, 0.002193, 13.657227, 25.561523, 357.910126
-0.026178, -0.059337, 1097.000000, -0.001745, 2000.000000, 1000.000000, 18.182676, 18.991228, 19.370653, 19.455442, 0.180940, 0.413047, -0.223336, -0.130890, -0.296684, -0.008726, -10.574704, 0.076422, 28.574602, -0.454409, -1.036067, 0.143205, 0.001757, 13.661133, 25.360107, 354.431122
-0.020942, -0.006981, 1075.000000, -0.038394, 2000.000000, 1000.000000, 16.026772, 17.112301, 17.326462, 17.534466, 0.219382, 0.430464, -0.323384, -0.104712, -0.034904, -0.191972, -10.576239, -2.773321, 28.853878, -0.495954, -0.794254, 0.026026, 0.001765, 13.911133, 11.080933, 158.020020
-0.026178, 0.001745, 1023.000000, -0.055846, 2000.000000, 1000.000000, 11.840025, 11.600283, 12.132410, 12.427282, -0.133653, 0.279846, -0.013782, -0.130890, 0.008726, -0.279232, -10.339860, -5.452233, 28.278097, 0.096329, -0.478938, -0.272246, 0.002264, 14.618164, 0.000000, 2.990722
-0.027923, 0.003490, 1018.000000, -0.005236, 2000.000000, 1000.000000, 11.557242, 10.142209, 11.160905, 11.139644, -0.348443, 0.150275, 0.359074, -0.139616, 0.017452, -0.026178, -9.179811, -5.953942, 27.644653, 0.463843, -0.244581, -0.270115, 0.002262, 15.247070, 0.000000, 1.220703
-0.026178, 0.003490, 1019.000000, 0.008726, 2000.000000, 1000.000000, 11.634210, 10.244018, 10.996612, 11.125161, -0.379685, 0.060886, 0.315411, -0.130890, 0.017452, 0.043630, -7.772020, -5.688881, 27.232738, 0.536281, -0.090119, -0.171046, 0.001762, 14.165039, 3.399658, 49.316402
-0.024433, 0.003490, 1021.000000, 0.008726, 2000.000000, 1000.000000, 12.469720, 11.361533, 12.095893, 12.072854, -0.271287, 0.084374, 0.282806, -0.122164, 0.017452, 0.043630, -6.566188, -5.345603, 26.962584, 0.353056, -0.130598, -0.148676, 0.001804, 14.051758, 8.761597, 125.976555
-0.024433, 0.003490, 1022.000000, -0.020942, 2000.000000, 1000.000000, 11.840571, 11.665915, 12.200618, 12.292895, -0.066733, 0.246757, 0.020594, -0.122164, 0.017452, -0.104712, -5.851417, -5.844373, 26.651970, -0.008066, -0.412892, -0.119914, 0.002162, 14.075195, 7.360840, 106.079094
-0.017452, 0.012216, 1021.000000, -0.048866, 2000.000000, 1000.000000, 11.436378, 11.810089, 12.322506, 12.431026, 0.066297, 0.376766, -0.120558, -0.087260, 0.061082, -0.244328, -5.522750, -8.058534, 26.184061, -0.205139, -0.592920, -0.164655, 0.002310, 14.090820, 6.399536, 92.285149
-0.010471, 0.034904, 1032.000000, -0.054101, 2000.000000, 1000.000000, 12.576974, 12.701453, 13.254630, 13.466943, -0.021959, 0.360786, -0.084198, -0.052356, 0.174520, -0.270506, -5.216985, -9.427309, 25.717264, -0.015523, -0.450176, -0.215787, 0.002264, 14.086914, 6.439209, 92.895500
-0.008726, 0.047120, 1056.000000, -0.055846, 2000.000000, 1000.000000, 14.931929, 14.618292, 14.976027, 15.473753, -0.202841, 0.224890, -0.046022, -0.043630, 0.235602, -0.279232, -4.499016, -9.961429, 25.213758, 0.311511, -0.152969, -0.250941, 0.001874, 13.750977, 23.199463, 327.087372
-0.015707, 0.045375, 1066.000000, -0.061082, 2000.000000, 1000.000000, 16.339647, 15.567015, 15.511694, 16.581644, -0.460645, 0.046669, -0.074329, -0.078534, 0.226876, -0.305410, -3.172331, -9.328411, 24.755447, 0.732288, 0.150630, -0.258397, 0.001748, 13.715820, 24.319458, 341.491669
-0.013962, 0.048866, 1065.000000, -0.038394, 2000.000000, 1000.000000, 16.276073, 15.008677, 16.104786, 16.610462, -0.443269, 0.357624, 0.190430, -0.069808, 0.244328, -0.191972, -0.242098, -8.099982, 23.962051, 0.698200, -0.370281, -0.322313, 0.002277, 13.875977, 15.600586, 221.496567
-0.005236, 0.048866, 1064.000000, 0.000000, 2000.000000, 1000.000000, 16.055525, 14.605789, 16.799498, 16.539186, -0.297355, 0.669343, 0.427512, -0.026178, 0.244328, 0.000000, 1.864761, -9.154399, 23.405367, 0.488344, -0.912498, -0.289290, 0.002251, 13.872070, 15.560913, 221.313461
-0.005236, 0.048866, 1064.000000, 0.012216, 2000.000000, 1000.000000, 15.820691, 14.779489, 16.832281, 16.567537, -0.194115, 0.699910, 0.326487, -0.026178, 0.244328, 0.061082, 3.735775, -11.187264, 23.166567, 0.312576, -0.979609, -0.160394, 0.001787, 13.922852, 12.921143, 184.326157
-0.020942, 0.047120, 1064.000000, -0.003490, 2000.000000, 1000.000000, 16.196739, 15.364509, 16.047655, 16.391098, -0.293918, 0.219376, 0.122196, -0.104712, 0.235602, -0.017452, 5.913003, -12.960241, 23.076065, 0.405254, -0.142316, -0.100739, 0.001979, 13.840820, 17.401123, 246.582016
-0.019197, 0.034904, 1063.000000, -0.006981, 2000.000000, 1000.000000, 16.559025, 15.567468, 15.650369, 16.223141, -0.391082, -0.063246, 0.104697, -0.095986, 0.174520, -0.034904, 7.009842, -12.144419, 23.049114, 0.579956, 0.286983, -0.106066, 0.002295, 13.895508, 14.721680, 209.533676
-0.022688, 0.036649, 1073.000000, -0.005236, 2000.000000, 1000.000000, 17.558300, 16.329674, 16.829365, 17.282661, -0.420480, 0.056014, 0.193831, -0.113438, 0.183246, -0.026178, 8.206775, -10.987514, 22.914587, 0.621501, 0.090975, -0.158263, 0.001756, 13.723633, 25.079346, 352.600067
-0.024433, 0.064572, 1073.000000, -0.006981, 2000.000000, 1000.000000, 16.768152, 16.125467, 17.380835, 17.725546, -0.246848, 0.553190, 0.074493, -0.122164, 0.322862, -0.034904, 10.240581, -11.285501, 22.719324, 0.305120, -0.627008, -0.085826, 0.002296, 13.782227, 19.479370, 275.085449
-0.024433, 0.111693, 1073.000000, -0.005236, 2000.000000, 1000.000000, 16.681025, 15.931806, 17.406073, 17.981096, -0.331061, 0.693585, 0.043549, -0.122164, 0.558464, -0.026178, 11.827662, -12.594726, 22.890318, 0.456386, -0.648314, -0.055998, 0.001753, 13.844727, 16.720581, 237.182602
-0.020942, 0.134380, 1074.000000, -0.005236, 2000.000000, 1000.000000, 17.102137, 16.087584, 16.928251, 17.882029, -0.492082, 0.405141, 0.015195, -0.104712, 0.671902, -0.026178, 14.015843, -12.996939, 23.272659, 0.757854, -0.025138, -0.036824, 0.001830, 13.797852, 18.560791, 262.207031
-0.055846, 0.153578, 1074.000000, 0.015707, 2000.000000, 1000.000000, 17.792423, 16.778866, 16.576080, 16.852631, -0.322526, -0.285644, 0.184253, -0.279232, 0.767888, 0.078534, 15.123866, -9.290092, 23.344904, 0.278488, 1.279803, -0.045346, 0.002277, 13.817383, 17.120361, 242.431625
-0.089005, 0.162304, 1074.000000, 0.017452, 2000.000000, 1000.000000, 17.559383, 16.971371, 16.705494, 16.763752, -0.161567, -0.265377, 0.132438, -0.445026, 0.811518, 0.087260, 13.944723, -5.955860, 23.103754, -0.171051, 1.292586, -0.001670, 0.002204, 13.833008, 17.279053, 244.811996
-0.102967, 0.155323, 1074.000000, 0.019197, 2000.000000, 1000.000000, 17.100508, 16.818678, 16.879694, 17.201120, -0.150813, 0.040408, -0.009900, -0.514834, 0.776614, 0.095986, 12.252599, -3.594969, 23.109261, -0.265859, 0.730130, 0.103790, 0.001756, 13.840820, 16.519165, 234.008774
-0.109948, 0.153578, 1073.000000, 0.019197, 2000.000000, 1000.000000, 16.378061, 16.653624, 17.488161, 17.480154, 0.070893, 0.484158, -0.066889, -0.549738, 0.767888, 0.095986, 9.866885, -3.517005, 23.528477, -0.687701, -0.054965, 0.142139, 0.002265, 13.793945, 18.920898, 267.211914
-0.108202, 0.151832, 1073.000000, 0.019197, 2000.000000, 1000.000000, 16.377691, 16.907095, 17.417700, 17.297514, 0.162397, 0.357607, -0.102304, -0.541012, 0.759162, 0.095986, 7.756741, -4.289990, 23.789986, -0.845359, 0.153825, 0.166640, 0.001764, 13.790039, 18.521118, 261.413574
-0.109948, 0.146597, 1073.000000, 0.019197, 2000.000000, 1000.000000, 16.632782, 17.375751, 17.161190, 16.830276, 0.268472, -0.004268, -0.103014, -0.549738, 0.732984, 0.095986, 4.762961, -4.183045, 24.056406, -1.027518, 0.755696, 0.166640, 0.002245, 13.782227, 18.600464, 262.512207
-0.092496, 0.141361, 1073.000000, 0.019197, 2000.000000, 1000.000000, 17.012474, 17.144035, 16.721363, 17.122128, -0.067300, -0.078254, -0.133082, -0.462478, 0.706806, 0.095986, 0.517664, -2.104300, 24.530214, -0.355340, 0.860091, 0.186880, 0.002285, 13.790039, 19.119263, 269.775391
-0.064572, 0.151832, 1083.000000, 0.019197, 2000.000000, 1000.000000, 18.208923, 17.581402, 17.836758, 18.372917, -0.290920, 0.104838, 0.022840, -0.322862, 0.759162, 0.095986, -0.419961, -0.366737, 24.827818, 0.178354, 0.598038, 0.081420, 0.001760, 13.782227, 17.840576, 252.014145
-0.036649, 0.190227, 1089.000000, 0.031414, 2000.000000, 1000.000000, 17.613667, 17.669384, 18.617260, 18.099689, 0.143321, 0.358475, 0.115463, -0.183246, 0.951134, 0.157068, -1.429034, 0.736650, 25.162388, -0.436300, 0.347702, 0.080355, 0.002343, 13.692383, 22.320557, 312.805176
-0.031414, 0.188482, 1088.000000, 0.059337, 2000.000000, 1000.000000, 18.019993, 17.787243, 18.631153, 17.561611, 0.209197, 0.096383, 0.325572, -0.157068, 0.942408, 0.296684, -3.379473, 1.439729, 25.382936, -0.525781, 0.798306, 0.079289, 0.002219, 13.731445, 20.239258, 284.484863
-0.031414, 0.184991, 1088.000000, 0.092496, 2000.000000, 1000.000000, 18.596348, 17.869007, 18.153896, 17.380749, 0.011451, -0.232677, 0.375121, -0.157068, 0.924956, 0.462478, -5.581573, 3.787987, 25.847164, -0.182768, 1.360762, 0.212446, 0.001814, 13.708008, 22.360229, 313.781738
-0.027923, 0.179756, 1088.000000, 0.122164, 2000.000000, 1000.000000, 18.883776, 17.705114, 17.947729, 17.463381, -0.173578, -0.294445, 0.415752, -0.139616, 0.898778, 0.610820, -7.248488, 7.307290, 26.770164, 0.161310, 1.432135, 0.334951, 0.002206, 13.708008, 21.881104, 306.884766
-0.027923, 0.167539, 1087.000000, 0.099476, 2000.000000, 1000.000000, 18.761530, 17.296782, 17.740969, 18.200720, -0.481125, -0.029156, 0.251249, -0.139616, 0.837696, 0.497382, -7.760319, 12.479538, 28.226078, 0.690743, 0.908028, 0.331755, 0.002291, 13.684570, 23.040771, 322.692841
-0.031414, 0.122164, 1086.000000, 0.132635, 2000.000000, 1000.000000, 18.981449, 16.821823, 18.306938, 17.889790, -0.435619, 0.098364, 0.644194, -0.157068, 0.610820, 0.663176, -7.031281, 14.702433, 28.772150, 0.603392, 0.453163, 0.232686, 0.001781, 13.715820, 18.960571, 266.418457
-0.022688, 0.048866, 1086.000000, 0.106457, 2000.000000, 1000.000000, 18.443886, 17.615517, 17.824112, 18.116486, -0.280185, -0.029702, 0.133999, -0.113438, 0.244328, 0.532286, -6.019625, 16.634447, 29.882044, 0.371166, 0.299766, 0.445738, 0.002318, 13.696289, 21.679688, 304.077148
-0.022688, 0.017452, 1074.000000, 0.019197, 2000.000000, 1000.000000, 16.925213, 17.037350, 16.298210, 17.739227, -0.332221, 0.018718, -0.388288, -0.113438, 0.087260, 0.095986, -5.200182, 17.710598, 30.772240, 0.460647, 0.057952, 0.359452, 0.002321, 13.829102, 14.001465, 198.425278
-0.024433, 0.001745, 1057.000000, 0.012216, 2000.000000, 1000.000000, 15.028295, 14.650481, 14.913970, 15.407254, -0.217774, 0.160612, -0.028868, -0.122164, 0.008726, 0.061082, -4.157239, 17.878160, 31.010969, 0.257183, -0.275474, 0.081420, 0.001748, 14.016602, 7.760620, 111.328117
-0.003490, 0.001745, 1052.000000, -0.123909, 2000.000000, 1000.000000, 13.712813, 15.322446, 14.964398, 16.000341, 0.143423, 0.482370, -0.661394, -0.017452, 0.008726, -0.619546, -2.780939, 15.758248, 30.496813, -0.265859, -0.834734, -0.177438, 0.001995, 13.915039, 12.078857, 172.119125
-0.001745, 0.001745, 1019.000000, -0.190227, 2000.000000, 1000.000000, 9.665241, 11.249920, 10.943138, 12.141701, 0.096529, 0.542420, -0.695810, -0.008726, 0.008726, -0.951134, -2.129752, 13.227615, 29.372217, -0.177442, -0.935933, -0.487428, 0.002325, 16.668945, 0.000000, 0.000000
-0.005236, 0.000000, 1002.000000, -0.254799, 2000.000000, 1000.000000, 9.157148, 10.078737, 9.612303, 11.151812, -0.154480, 0.382058, -0.615275, -0.026178, 0.000000, -1.273996, -0.921310, 11.392866, 27.347378, 0.245465, -0.674945, -0.868790, 0.001790, 16.317383, 0.000000, 0.000000
-0.026178, 0.001745, 1000.000000, -0.273996, 2000.000000, 1000.000000, 9.709150, 9.921427, 9.404125, 10.965298, -0.337224, 0.184712, -0.443362, -0.130890, 0.008726, -1.369982, 0.661278, 10.672735, 24.209101, 0.454256, -0.313823, -1.081842, 0.002205, 14.403320, 0.079346, 1.220703
-0.031414, 0.003490, 1000.000000, -0.314136, 2000.000000, 1000.000000, 9.421875, 10.417690, 9.035494, 11.124941, -0.273408, 0.080218, -0.771315, -0.157068, 0.017452, -1.570680, 2.326703, 10.640599, 19.715073, 0.315772, -0.122076, -1.061602, 0.002188, 14.094727, 4.360962, 62.988277
-0.027923, 0.003490, 1000.000000, -0.333333, 2000.000000, 1000.000000, 9.415193, 10.360139, 9.222749, 11.001920, -0.208556, 0.112334, -0.681030, -0.139616, 0.017452, -1.666666, 3.135436, 10.481047, 16.535250, 0.225225, -0.180666, -1.221390, 0.001763, 14.098633, 4.238892, 61.218258
-0.033159, 0.003490, 1000.000000, -0.352530, 2000.000000, 1000.000000, 9.367553, 10.322595, 9.323058, 10.986794, -0.177174, 0.154926, -0.654694, -0.165794, 0.017452, -1.762652, 3.766584, 10.046214, 12.898254, 0.142135, -0.255234, -1.336438, 0.001772, 14.114258, 3.320312, 47.973629
-0.061082, 0.003490, 1000.000000, -0.333333, 2000.000000, 1000.000000, 9.563272, 9.680875, 9.670691, 11.085162, -0.324217, 0.377926, -0.383018, -0.305410, 0.017452, -1.666666, 4.761598, 8.446983, 7.212210, 0.252922, -0.640857, -1.421659, 0.002266, 14.122070, 3.079224, 44.494625
-0.097731, 0.003490, 1000.000000, -0.329843, 2000.000000, 1000.000000, 9.639311, 9.450129, 9.754078, 11.156483, -0.397897, 0.455281, -0.303305, -0.488656, 0.017452, -1.649214, 5.606417, 6.560513, 3.268917, 0.198594, -0.785732, -1.461073, 0.001784, 14.114258, 3.640747, 52.612301
-0.108202, 0.003490, 1000.000000, -0.273996, 2000.000000, 1000.000000, 10.058492, 9.168427, 10.305732, 10.467349, -0.262920, 0.386540, 0.182112, -0.541012, 0.017452, -1.369982, 5.812742, 4.557461, -0.765829, -0.092222, -0.665358, -1.510075, 0.001764, 14.122070, 3.479004, 50.292965
-0.108202, 0.003490, 1027.000000, 0.083770, 2000.000000, 1000.000000, 14.100664, 9.559978, 14.182940, 10.156418, -0.128541, 0.169679, 2.141801, -0.541012, 0.017452, 0.418848, 4.596615, 2.784442, -6.182745, -0.329774, -0.278669, -1.031775, 0.002209, 13.825195, 19.201660, 272.033691
-0.087260, 0.003490, 1055.000000, 0.272251, 2000.000000, 1000.000000, 17.358425, 12.519562, 16.977451, 13.144562, -0.251493, 0.061006, 2.167938, -0.436300, 0.017452, 1.361256, 4.044432, 2.370157, -7.554285, -0.009131, -0.089053, -0.094348, 0.002206, 13.743164, 20.278931, 285.583496
-0.069808, 0.003490, 1119.000000, 0.424084, 2000.000000, 1000.000000, 23.736605, 17.930243, 23.178873, 19.154280, -0.445443, 0.166577, 2.457739, -0.349040, 0.017452, 2.120418, 4.776690, 1.936062, -6.936755, 0.422298, -0.274408, 0.473435, 0.001884, 12.571289, 89.120483, 1146.423340
-0.071553, 0.003490, 1139.000000, 0.443281, 2000.000000, 1000.000000, 23.536716, 20.750179, 25.302574, 22.410530, 0.026378, 0.856552, 1.419645, -0.357766, 0.017452, 2.216404, 4.948452, -2.046729, -3.379068, -0.409668, -1.468562, 1.275574, 0.002266, 12.887695, 56.640625, 749.206482
-0.071553, 0.003490, 1138.000000, 0.467714, 2000.000000, 1000.000000, 22.965405, 21.323376, 25.450855, 22.260365, 0.387116, 0.855610, 1.208130, -0.357766, 0.017452, 2.338568, 2.718502, -6.085975, 0.219717, -1.041366, -1.473888, 1.542953, 0.002144, 13.055664, 49.279785, 658.630310
-0.071553, 0.003490, 1137.000000, 0.516579, 2000.000000, 1000.000000, 23.793243, 21.411495, 24.892738, 21.902523, 0.152117, 0.397631, 1.342992, -0.357766, 0.017452, 2.582896, 0.270422, -9.262114, 4.235615, -0.639764, -0.685598, 1.698481, 0.001751, 13.028320, 50.521851, 674.621521
-0.071553, 0.003490, 1148.000000, 0.547993, 2000.000000, 1000.000000, 25.431461, 22.743210, 24.444088, 23.381241, -0.406352, -0.087335, 0.937775, -0.357766, 0.017452, 2.739964, 0.093512, -9.528569, 11.978033, 0.340273, 0.167674, 2.129910, 0.002269, 12.922852, 55.599976, 734.985291
-0.069808, 0.003490, 1148.000000, 0.356021, 2000.000000, 1000.000000, 23.266289, 24.039658, 23.565025, 25.129028, -0.197659, 0.347027, -0.584344, -0.349040, 0.017452, 1.780104, 0.855644, -9.967969, 17.966263, -0.012327, -0.583333, 2.191695, 0.002283, 12.993164, 51.281738, 682.311951
-0.066318, 0.003490, 1060.000000, 0.038394, 2000.000000, 1000.000000, 12.807079, 17.660137, 14.752356, 18.780432, 0.206245, 0.766393, -2.220284, -0.331588, 0.017452, 0.191972, 0.756430, -12.941607, 23.175482, -0.705810, -1.332209, 1.703807, 0.001763, 13.629883, 17.361450, 242.431625
-0.034904, 0.036649, 1000.000000, 0.015707, 2000.000000, 1000.000000, 9.747189, 10.142965, 11.044680, 9.065166, 0.593823, 0.054923, 0.395934, -0.174520, 0.183246, 0.078534, -1.420532, -18.102417, 25.156887, -1.213938, 0.092040, -0.189156, 0.002333, 21.555664, 0.039673, 0.915527
-0.031414, 0.041885, 1000.000000, 0.013962, 2000.000000, 1000.000000, 10.475677, 10.958224, 9.447103, 9.118997, 0.202663, -0.716950, -0.038610, -0.157068, 0.209424, 0.069808, -5.011654, -16.888506, 23.775499, -0.517259, 1.463027, 0.096333, 0.002261, 18.333008, 0.000000, 0.671387
-0.029668, 0.048866, 1000.000000, -0.043630, 2000.000000, 1000.000000, 10.169116, 11.046348, 8.267808, 10.516728, -0.342922, -0.607732, -0.781538, -0.148342, 0.244328, -0.218150, -6.620175, -13.213578, 24.080994, 0.453190, 1.326674, 0.312581, 0.001751, 14.918945, 0.039673, 0.610352
-0.031414, 0.057592, 1000.000000, -0.202443, 2000.000000, 1000.000000, 9.137938, 10.534821, 8.187431, 12.139811, -0.638874, 0.163621, -1.337315, -0.157068, 0.287958, -1.012216, -4.498724, -9.382239, 24.839504, 0.953862, 0.010016, -0.113522, 0.002241, 14.067383, 4.598999, 66.223145
-0.031414, 0.068063, 1000.000000, -0.286213, 2000.000000, 1000.000000, 8.725362, 10.449473, 8.587979, 12.237185, -0.481273, 0.412582, -1.343330, -0.157068, 0.340314, -1.431064, -2.176557, -9.042048, 24.341848, 0.677960, -0.370281, -0.532169, 0.002354, 14.075195, 3.601074, 51.879879
-0.029668, 0.078534, 1000.000000, -0.315881, 2000.000000, 1000.000000, 8.856433, 10.389308, 9.090663, 11.663596, -0.260014, 0.377130, -1.026452, -0.148342, 0.392670, -1.579406, -0.624909, -9.346827, 22.637482, 0.307250, -0.261625, -0.897552, 0.001747, 14.063477, 4.400635, 63.415524
-0.029668, 0.122164, 1000.000000, -0.289703, 2000.000000, 1000.000000, 9.279026, 10.241636, 9.628458, 10.850880, -0.064953, 0.239669, -0.546257, -0.148342, 0.610820, -1.448516, -0.190468, -9.327751, 18.517654, -0.037893, 0.206023, -1.091429, 0.002067, 14.055664, 4.638672, 66.772461
-0.029668, 0.153578, 1000.000000, -0.254799, 2000.000000, 1000.000000, 9.572716, 10.099178, 9.783924, 10.544182, -0.058448, 0.164053, -0.321680, -0.148342, 0.767888, -1.273996, -0.634228, -8.422259, 15.569992, -0.050676, 0.500034, -1.066928, 0.002272, 14.075195, 3.561401, 51.330563
-0.027923, 0.176265, 1000.000000, -0.226876, 2000.000000, 1000.000000, 9.802024, 9.859879, 9.865521, 10.472575, -0.137300, 0.169048, -0.166228, -0.139616, 0.881326, -1.134380, -0.963459, -6.941362, 12.742698, 0.098460, 0.608690, -1.033905, 0.001809, 14.090820, 2.920532, 42.114254
-0.031414, 0.178010, 1000.000000, -0.240838, 2000.000000, 1000.000000, 9.738955, 10.057750, 9.516704, 10.686591, -0.212773, 0.101647, -0.372170, -0.157068, 0.890052, -1.204188, -0.856381, -5.057434, 10.029153, 0.210312, 0.733326, -0.962533, 0.002239, 14.071289, 4.119873, 59.326168
-0.031414, 0.167539, 1000.000000, -0.268761, 2000.000000, 1000.000000, 9.909437, 10.205391, 9.239258, 10.645914, -0.277676, -0.057414, -0.425652, -0.157068, 0.837696, -1.343804, -0.329005, -1.508808, 6.046041, 0.323229, 0.957030, -1.066928, 0.002274, 14.075195, 3.878784, 55.908199
-0.029668, 0.160558, 1000.000000, -0.167539, 2000.000000, 1000.000000, 10.875526, 9.306305, 9.970072, 9.848097, -0.361812, -0.090916, 0.422799, -0.148342, 0.802792, -0.837696, 0.538082, 1.165968, 3.122639, 0.487279, 0.987922, -1.134039, 0.001747, 14.079102, 3.359985, 51.391598
-0.027923, 0.120419, 1005.000000, 0.040140, 2000.000000, 1000.000000, 11.657282, 8.455790, 10.761332, 9.125597, -0.391439, -0.056536, 1.209306, -0.139616, 0.602094, 0.200698, 2.774881, 4.817473, -0.889348, 0.538411, 0.714151, -0.617389, 0.002367, 14.079102, 3.799438, 54.809566
-0.031414, 0.122164, 1048.000000, 0.176265, 2000.000000, 1000.000000, 15.776292, 12.034636, 15.480893, 12.708179, -0.242235, 0.094536, 1.628592, -0.157068, 0.610820, 0.881326, 3.925989, 6.337070, -2.045080, 0.263575, 0.460620, -0.216852, 0.002145, 13.614258, 26.361084, 367.492645
-0.029668, 0.122164, 1043.000000, 0.261780, 2000.000000, 1000.000000, 15.320203, 12.079185, 15.825442, 12.775170, -0.047687, 0.300306, 1.572822, -0.148342, 0.610820, 1.308900, 4.129005, 7.033809, -1.979737, -0.069851, 0.101628, 0.252926, 0.002206, 13.860352, 13.479614, 191.284164
-0.026178, 0.122164, 1045.000000, 0.356021, 2000.000000, 1000.000000, 15.185083, 12.101334, 16.271908, 12.441675, 0.186621, 0.356792, 1.728496, -0.130890, 0.610820, 1.780104, 3.406623, 7.135546, -0.611635, -0.456540, 0.001494, 0.622571, 0.002122, 13.883789, 12.921143, 183.715805
-0.027923, 0.122164, 1046.000000, 0.485166, 2000.000000, 1000.000000, 15.613482, 12.014060, 16.166410, 12.206048, 0.090234, 0.186229, 1.889946, -0.139616, 0.610820, 2.425828, 1.793115, 7.544412, 3.205474, -0.299947, 0.299766, 1.164787, 0.002342, 13.926758, 10.598755, 151.123047
-0.027923, 0.118674, 1042.000000, 0.472949, 2000.000000, 1000.000000, 15.482995, 12.720647, 15.261504, 12.534854, -0.008925, -0.101821, 1.372249, -0.139616, 0.593368, 2.364746, 1.103698, 8.946960, 6.856512, -0.128440, 0.785523, 1.454537, 0.002161, 13.934570, 10.281372, 146.728516
-0.027923, 0.113438, 1044.000000, 0.417103, 2000.000000, 1000.000000, 15.158187, 13.585374, 14.340444, 12.915996, -0.037091, -0.371781, 0.749316, -0.139616, 0.567190, 2.085514, 0.416988, 11.690241, 11.176789, -0.075177, 1.239323, 1.598347, 0.001787, 13.938477, 10.641479, 151.916504
-0.029668, 0.104712, 1133.000000, 0.230366, 2000.000000, 1000.000000, 23.389067, 23.468836, 22.243452, 22.898645, -0.143856, -0.428952, -0.183740, -0.148342, 0.523560, 1.151832, -0.574499, 16.911850, 17.457008, 0.098460, 1.279803, 1.286226, 0.002314, 12.083496, 99.996948, 1234.802246
-0.029668, 0.099476, 1141.000000, 0.080279, 2000.000000, 1000.000000, 23.379354, 24.674353, 23.431253, 24.515039, 0.052803, -0.026853, -0.594697, -0.148342, 0.497382, 0.401396, -1.608577, 19.340792, 20.578260, -0.244553, 0.563950, 0.811121, 0.001756, 12.622070, 68.841553, 890.502869
-0.031414, 0.092496, 1145.000000, 0.015707, 2000.000000, 1000.000000, 23.160040, 23.860651, 25.073450, 23.905859, 0.467050, 0.489655, 0.116745, -0.157068, 0.462478, 0.078534, -4.348834, 18.254255, 23.066275, -0.972124, -0.377738, 0.000460, 0.002290, 12.825195, 59.280396, 778.015076
-0.034904, 0.075044, 1181.000000, -0.003490, 2000.000000, 1000.000000, 27.356318, 27.811163, 28.939520, 27.893000, 0.375342, 0.416259, 0.147919, -0.174520, 0.375218, -0.017452, -6.361649, 16.272404, 23.370264, -0.829380, -0.338324, -0.117783, 0.002463, 12.231445, 88.482666, 1111.694336
-0.034904, 0.076789, 1178.000000, -0.137871, 2000.000000, 1000.000000, 25.753376, 27.410477, 26.819820, 28.016327, 0.115148, 0.418074, -0.713402, -0.174520, 0.383944, -0.689354, -7.615602, 14.912064, 23.366217, -0.384102, -0.339389, -0.212591, 0.001752, 12.434570, 78.320312, 995.910583
-0.034904, 0.066318, 1124.000000, -0.174520, 2000.000000, 1000.000000, 21.343975, 21.632946, 22.319969, 22.703110, -0.023542, 0.511540, -0.168029, -0.174520, 0.331588, -0.872600, -7.440937, 13.093575, 21.143541, -0.138028, -0.548179, -0.766525, 0.002370, 13.254883, 31.439209, 426.696747
-0.034904, 0.068063, 1001.000000, -0.239092, 2000.000000, 1000.000000, 8.925451, 10.147598, 9.960077, 10.966873, 0.053837, 0.463476, -0.557236, -0.174520, 0.340314, -1.195462, -7.635380, 11.554046, 19.095345, -0.273315, -0.460828, -0.828310, 0.002159, 18.161133, 0.000000, 0.000000
-0.033159, 0.068063, 1000.000000, -0.130890, 2000.000000, 1000.000000, 10.777302, 8.778418, 10.980942, 9.463339, -0.120320, 0.222141, 0.879122, -0.165794, 0.340314, -0.654450, -7.892717, 10.902485, 16.230156, 0.038805, -0.041117, -1.261870, 0.001749, 22.946289, 0.039673, 0.915527
-0.033159, 0.068063, 1000.000000, 0.012216, 2000.000000, 1000.000000, 11.247503, 9.299734, 9.964548, 9.488214, -0.367859, -0.273619, 0.606026, -0.165794, 0.340314, 0.061082, -7.252631, 12.991590, 12.552873, 0.474496, 0.824938, -0.350010, 0.002236, 17.153320, 0.000000, 2.075195
-0.033159, 0.064572, 1000.000000, 0.017452, 2000.000000, 1000.000000, 10.927094, 9.372794, 9.786220, 9.913892, -0.420493, -0.149944, 0.356657, -0.165794, 0.322862, 0.087260, -6.136341, 15.310807, 11.766904, 0.563977, 0.592712, -0.154002, 0.002240, 15.239258, 0.000000, 0.610352
-0.029668, 0.064572, 1000.000000, 0.017452, 2000.000000, 1000.000000, 10.709647, 8.948752, 10.443820, 9.897780, -0.303714, 0.170800, 0.576734, -0.148342, 0.322862, 0.087260, -5.045093, 16.301096, 10.847866, 0.383949, 0.031321, -0.305269, 0.001747, 14.051758, 2.600098, 37.414551
-0.031414, 0.064572, 1000.000000, 0.017452, 2000.000000, 1000.000000, 10.255226, 8.976686, 10.515255, 10.252832, -0.254030, 0.384044, 0.385240, -0.157068, 0.322862, 0.087260, -3.489074, 15.547451, 9.365117, 0.281684, -0.338324, -0.173177, 0.002420, 14.024414, 4.080200, 58.593746
-0.029668, 0.054101, 1000.000000, 0.015707, 2000.000000, 1000.000000, 10.237898, 9.214302, 10.405184, 10.142616, -0.190257, 0.273900, 0.321541, -0.148342, 0.270506, 0.078534, -2.727775, 14.907726, 8.779372, 0.180484, -0.201971, -0.139089, 0.002148, 14.016602, 4.479980, 64.331055
-0.031414, 0.040140, 1000.000000, 0.015707, 2000.000000, 1000.000000, 10.353502, 9.322468, 10.402491, 9.921539, -0.137521, 0.162015, 0.377997, -0.157068, 0.200698, 0.078534, -2.339832, 14.610408, 8.260400, 0.079285, -0.077336, -0.177438, 0.002192, 14.040039, 3.240967, 46.630856
-0.031414, 0.031414, 1000.000000, 0.020942, 2000.000000, 1000.000000, 10.366055, 9.383188, 10.315321, 9.935436, -0.150746, 0.125379, 0.340688, -0.157068, 0.157068, 0.104712, -2.126849, 14.513587, 7.784503, 0.103786, -0.059226, -0.126305, 0.001836, 14.036133, 3.439331, 49.377438
-0.031414, 0.006981, 1000.000000, 0.232112, 2000.000000, 1000.000000, 11.622204, 7.938460, 11.439390, 8.999947, -0.311075, 0.219668, 1.530797, -0.157068, 0.034904, 1.160558, -0.982008, 13.811683, 7.369467, 0.382883, -0.347911, 0.131487, 0.002127, 14.020508, 4.278564, 61.523434
-0.031414, 0.005236, 1001.000000, 0.345550, 2000.000000, 1000.000000, 11.912074, 7.530142, 11.641423, 8.916360, -0.414217, 0.278891, 1.776749, -0.157068, 0.026178, 1.727748, 0.442330, 12.907102, 7.913483, 0.561847, -0.459763, 0.538415, 0.002226, 14.043945, 3.640747, 52.307125
-0.029668, 0.001745, 1000.000000, 0.411867, 2000.000000, 1000.000000, 11.916853, 7.420130, 11.540674, 9.122343, -0.519598, 0.331509, 1.728763, -0.148342, 0.008726, 2.059336, 2.426668, 11.803461, 9.463331, 0.765311, -0.576941, 0.903799, 0.001747, 14.028320, 4.360962, 62.622066
-0.033159, -0.041885, 1002.000000, 0.427574, 2000.000000, 1000.000000, 11.802949, 7.532407, 11.074063, 9.590581, -0.696765, 0.332322, 1.438506, -0.165794, -0.209424, 2.137870, 6.840666, 9.793796, 12.983150, 1.052931, -0.800646, 1.180766, 0.001976, 14.036133, 3.961182, 56.884762
-0.031414, -0.106457, 1003.000000, 0.375218, 2000.000000, 1000.000000, 11.295636, 8.133761, 10.505984, 10.064618, -0.680127, 0.285301, 0.900810, -0.157068, -0.532286, 1.876090, 10.220737, 8.133217, 15.777142, 1.028430, -1.043524, 1.281965, 0.002141, 14.036133, 4.519653, 64.880371
-0.033159, -0.137871, 1004.000000, 0.301920, 2000.000000, 1000.000000, 10.628893, 8.509092, 10.478230, 10.383785, -0.506339, 0.431007, 0.553562, -0.165794, -0.689354, 1.509598, 13.504478, 5.709325, 18.644196, 0.714179, -1.456844, 1.147743, 0.002211, 14.063477, 2.920532, 41.992184
-0.033159, -0.132635, 1004.000000, 0.158813, 2000.000000, 1000.000000, 9.315742, 9.277225, 10.420208, 10.986824, -0.151283, 0.703516, -0.132024, -0.165794, -0.663176, 0.794066, 16.105522, 1.678750, 21.234093, 0.095264, -1.910644, 0.891016, 0.002087, 14.055664, 3.518677, 50.109859
-0.057592, -0.116928, 1049.000000, 0.013962, 2000.000000, 1000.000000, 12.463433, 13.571210, 15.051885, 14.913472, 0.311547, 0.982679, -0.242341, -0.287958, -0.584642, 0.069808, 18.002527, -6.976104, 23.618010, -0.836837, -2.306920, 0.234817, 0.002361, 14.051758, 3.680420, 52.978512
-0.062827, -0.083770, 1052.000000, -0.076789, 2000.000000, 1000.000000, 12.672827, 15.164818, 16.097158, 16.065197, 0.630988, 1.081178, -0.615007, -0.314136, -0.418848, -0.383944, 17.640570, -13.962030, 23.790346, -1.435511, -2.337812, 0.030287, 0.001756, 13.723633, 18.280029, 256.896973
-0.057592, -0.024433, 1107.000000, -0.116928, 2000.000000, 1000.000000, 17.699944, 20.223118, 21.509819, 20.567120, 0.866469, 1.038469, -0.395119, -0.287958, -0.122164, -0.584642, 15.804086, -21.108315, 22.849974, -1.819004, -1.953254, -0.322313, 0.001808, 13.329102, 34.399414, 470.336884
-0.068063, 0.005236, 1112.000000, -0.080279, 2000.000000, 1000.000000, 20.049706, 20.814232, 22.225220, 20.910843, 0.519726, 0.568032, 0.137463, -0.340314, 0.026178, -0.401396, 10.736861, -29.405352, 18.876369, -1.256548, -0.961499, -0.498080, 0.002133, 13.176758, 41.360474, 558.532715
-0.066318, 0.041885, 1125.000000, -0.022688, 2000.000000, 1000.000000, 22.375582, 21.624418, 21.851751, 22.148249, -0.261915, 0.000000, 0.113666, -0.331588, 0.209424, -0.113438, 9.636083, -30.660376, 17.386221, 0.118699, 0.212415, -0.192351, 0.001780, 13.036133, 49.401855, 658.813416
-0.041885, 0.123909, 1090.000000, 0.015707, 2000.000000, 1000.000000, 19.406374, 19.267160, 18.805025, 18.521441, 0.036092, -0.336767, 0.105699, -0.209424, 0.619546, 0.078534, 9.437597, -27.160204, 17.165543, -0.275446, 1.218018, 0.007917, 0.002269, 13.743164, 14.120483, 198.730453
-0.031414, 0.183246, 1135.000000, 0.017452, 2000.000000, 1000.000000, 22.558681, 23.536446, 23.516972, 22.387901, 0.526709, -0.047564, 0.037827, -0.157068, 0.916230, 0.087260, 6.349568, -24.672558, 15.902505, -1.071193, 1.019880, 0.062245, 0.002437, 12.754883, 65.240479, 853.088318
-0.033159, 0.179756, 1135.000000, 0.017452, 2000.000000, 1000.000000, 22.227308, 23.328299, 23.731474, 22.712919, 0.529887, 0.222196, -0.020609, -0.165794, 0.898778, 0.087260, 2.505650, -23.580400, 14.564363, -1.104216, 0.534122, 0.102725, 0.001753, 12.942383, 52.639771, 697.814880
-0.034904, 0.174520, 1137.000000, 0.017452, 2000.000000, 1000.000000, 22.490517, 22.808090, 23.236469, 23.464924, 0.022280, 0.350696, -0.136508, -0.174520, 0.872600, 0.087260, 0.329282, -23.023426, 14.150043, -0.217922, 0.283787, 0.180489, 0.002139, 13.008789, 46.560669, 620.239258
-0.034904, 0.164049, 1046.000000, 0.019197, 2000.000000, 1000.000000, 14.377079, 13.838255, 13.257395, 14.527271, -0.452175, -0.107667, -0.182764, -0.174520, 0.820244, 0.095986, 1.300080, -20.560389, 15.337405, 0.611914, 1.025206, 0.220969, 0.002183, 16.758789, 0.000000, 0.000000
-0.033159, 0.165794, 1023.000000, 0.019197, 2000.000000, 1000.000000, 12.366768, 12.419510, 11.197828, 12.015894, -0.191331, -0.393138, -0.217702, -0.165794, 0.828970, 0.095986, 1.538550, -16.981161, 16.042595, 0.169832, 1.542921, 0.245469, 0.001831, 14.020508, 3.921509, 56.213375
-0.033159, 0.190227, 1001.000000, 0.019197, 2000.000000, 1000.000000, 10.085555, 10.543555, 9.642735, 9.728154, 0.093145, -0.314555, -0.135855, -0.165794, 0.951134, 0.095986, -0.835961, -10.732929, 16.331333, -0.330839, 1.521616, 0.189011, 0.002263, 16.879883, 0.000000, 1.403808
-0.033159, 0.191972, 1004.000000, 0.017452, 2000.000000, 1000.000000, 9.755541, 10.253075, 9.868595, 10.122789, 0.060835, -0.004308, -0.187932, -0.165794, 0.959860, 0.087260, -2.588307, -7.787189, 16.595243, -0.276511, 0.991118, 0.215642, 0.002196, 14.790039, 0.000000, 1.770019
-0.031414, 0.190227, 1006.000000, 0.017452, 2000.000000, 1000.000000, 9.836865, 9.735173, 10.204827, 10.223134, -0.030000, 0.213981, 0.020846, -0.157068, 0.951134, 0.087260, -3.671839, -6.031285, 16.857153, -0.108200, 0.600168, 0.073963, 0.002198, 13.989258, 5.560303, 79.589844
-0.033159, 0.167539, 1016.000000, 0.022688, 2000.000000, 1000.000000, 11.291300, 10.573353, 10.937807, 11.197540, -0.244420, 0.067674, 0.114554, -0.165794, 0.837696, 0.113438, -3.950789, -4.330013, 16.922630, 0.258248, 0.740782, 0.036679, 0.002001, 14.008789, 4.000854, 57.373043
-0.031414, 0.122164, 1063.000000, 0.043630, 2000.000000, 1000.000000, 16.583229, 15.970166, 15.391955, 16.054649, -0.318939, -0.276697, -0.012408, -0.157068, 0.610820, 0.218150, -3.598886, -0.036976, 17.469528, 0.393536, 1.105100, 0.228425, 0.002263, 13.407227, 32.641602, 448.425262
-0.033159, 0.102967, 1068.000000, 0.019197, 2000.000000, 1000.000000, 16.015522, 16.147518, 15.528882, 16.308079, -0.161800, -0.081520, -0.227798, -0.165794, 0.514834, 0.095986, -3.752162, 2.452364, 18.171730, 0.112308, 0.673671, 0.251861, 0.001891, 13.633789, 20.239258, 282.714844
-0.033159, 0.094241, 1075.000000, 0.038394, 2000.000000, 1000.000000, 16.693832, 16.442421, 17.478363, 17.385384, -0.039607, 0.431874, 0.086098, -0.165794, 0.471204, 0.191972, -4.157007, 2.893076, 18.752123, -0.103939, -0.268017, 0.135748, 0.002104, 13.633789, 20.639038, 287.902832
-0.033159, 0.057592, 1079.000000, 0.054101, 2000.000000, 1000.000000, 17.039211, 16.058189, 17.423019, 17.479580, -0.259396, 0.451300, 0.231115, -0.165794, 0.287958, 0.270506, -3.644852, 0.791912, 19.174791, 0.280619, -0.490656, 0.116573, 0.002175, 13.672852, 18.560791, 260.009766
-0.031414, 0.055846, 1079.000000, 0.026178, 2000.000000, 1000.000000, 17.295849, 16.412846, 16.684654, 17.606651, -0.451250, 0.145653, -0.009749, -0.157068, 0.279232, 0.130890, -2.284089, 0.645002, 19.477507, 0.633219, 0.030255, 0.138944, 0.001760, 13.661133, 19.839478, 277.526855
-0.033159, 0.052356, 1079.000000, 0.015707, 2000.000000, 1000.000000, 17.419397, 16.586729, 16.442850, 17.551023, -0.485210, -0.003063, -0.068877, -0.165794, 0.261780, 0.078534, -0.680693, 1.737233, 19.837439, 0.681156, 0.275265, 0.126161, 0.001867, 13.696289, 17.559814, 246.276840
-0.031414, 0.034904, 1077.000000, 0.012216, 2000.000000, 1000.000000, 17.063860, 17.080118, 16.852316, 17.003706, -0.033783, -0.071988, -0.041913, -0.157068, 0.174520, 0.061082, 0.169009, 3.288302, 20.193531, -0.101809, 0.302961, 0.089942, 0.002200, 13.700195, 17.800903, 249.511703
-0.033159, 0.038394, 1065.000000, 0.006981, 2000.000000, 1000.000000, 15.533339, 16.359629, 16.251207, 15.855824, 0.305419, 0.053516, -0.107727, -0.165794, 0.191972, 0.034904, -1.264361, 3.436900, 20.529510, -0.703679, 0.106954, 0.108051, 0.002196, 13.825195, 10.598755, 150.085449
-0.031414, 0.040140, 1062.000000, 0.013962, 2000.000000, 1000.000000, 15.695202, 16.320431, 16.022259, 15.962109, 0.171344, -0.007816, -0.141270, -0.157068, 0.200698, 0.069808, -3.171249, 3.164060, 21.021387, -0.463996, 0.217741, 0.166640, 0.001763, 13.786133, 13.760376, 194.213852
-0.029668, 0.048866, 1062.000000, -0.008726, 2000.000000, 1000.000000, 16.577642, 15.633407, 14.912717, 16.876234, -0.726938, -0.105525, -0.254820, -0.148342, 0.244328, -0.043630, -1.876344, 4.691751, 21.546907, 1.111520, 0.431858, 0.128291, 0.002268, 13.754883, 14.920044, 210.082993
-0.031414, 0.052356, 1062.000000, -0.024433, 2000.000000, 1000.000000, 16.638712, 15.771967, 14.748322, 16.841002, -0.739856, -0.205339, -0.306485, -0.157068, 0.261780, -0.122164, 0.669370, 7.218893, 21.585804, 1.139216, 0.627865, 0.084616, 0.001947, 13.782227, 13.479614, 190.185532
-0.029668, 0.052356, 1063.000000, -0.076789, 2000.000000, 1000.000000, 15.939531, 16.314144, 14.883821, 16.862505, -0.401017, -0.126838, -0.588324, -0.148342, 0.261780, -0.383944, 2.415769, 9.634039, 21.466825, 0.550129, 0.490447, 0.011113, 0.002122, 13.739258, 16.079712, 226.196274
-0.029668, 0.050611, 1062.000000, -0.179756, 2000.000000, 1000.000000, 14.929353, 16.559721, 15.286065, 17.224861, -0.077107, 0.255463, -0.892291, -0.148342, 0.253054, -0.898778, 2.655392, 10.393978, 20.877455, -0.021915, -0.184927, -0.303138, 0.002287, 13.731445, 15.560913, 218.811020
-0.029668, 0.041885, 1057.000000, -0.232112, 2000.000000, 1000.000000, 14.002913, 15.592545, 14.436871, 15.967672, 0.014708, 0.202272, -0.780109, -0.148342, 0.209424, -1.160558, 2.521198, 9.677412, 19.627834, -0.175312, -0.142316, -0.642955, 0.001747, 13.754883, 14.920044, 219.726547
-0.029668, 0.043630, 1040.000000, -0.336824, 2000.000000, 1000.000000, 13.252918, 15.043207, 12.849737, 14.854137, -0.053528, -0.148063, -0.948672, -0.148342, 0.218150, -1.684118, 2.100226, 10.152211, 16.205067, -0.058133, 0.480859, -1.055210, 0.002306, 13.985352, 4.681396, 67.016602
-0.029668, 0.043630, 1040.000000, -0.345550, 2000.000000, 1000.000000, 13.463294, 14.941722, 13.195851, 14.399133, 0.068786, -0.202508, -0.670427, -0.148342, 0.218150, -1.727748, 1.231610, 11.557484, 13.173909, -0.271185, 0.577798, -1.288502, 0.002221, 13.879883, 9.799194, 139.221191
-0.031414, 0.043630, 1040.000000, -0.349040, 2000.000000, 1000.000000, 13.305168, 14.856604, 13.294249, 14.543980, 0.075426, -0.080886, -0.700291, -0.157068, 0.218150, -1.745200, 0.205183, 12.668921, 9.949904, -0.295686, 0.367942, -1.287436, 0.001831, 13.868164, 9.799194, 139.221191
-0.029668, 0.041885, 1040.000000, -0.322862, 2000.000000, 1000.000000, 13.402561, 14.594881, 13.550575, 14.451982, 0.072729, 0.001279, -0.523432, -0.148342, 0.209424, -1.614310, -0.730737, 13.297926, 6.660944, -0.279707, 0.211349, -1.273588, 0.002261, 13.872070, 10.040283, 142.578125
-0.029668, 0.041885, 1037.000000, 0.015707, 2000.000000, 1000.000000, 14.706380, 11.210845, 15.028281, 11.054494, 0.119563, 0.041387, 1.867330, -0.148342, 0.209424, 0.078534, -2.242636, 13.741599, 1.981619, -0.361732, 0.141042, -1.188367, 0.002248, 13.958008, 5.880737, 83.984367
-0.029668, 0.038394, 1037.000000, 0.275742, 2000.000000, 1000.000000, 14.740458, 11.286930, 14.884653, 11.087959, 0.085792, -0.013694, 1.812556, -0.148342, 0.191972, 1.378708, -3.440361, 14.435156, -0.074579, -0.298882, 0.219871, 0.160249, 0.002157, 13.907227, 8.120728, 115.722649
-0.029668, 0.033159, 1043.000000, 0.411867, 2000.000000, 1000.000000, 15.945723, 12.020567, 15.878222, 12.155489, -0.050606, 0.016855, 1.911972, -0.148342, 0.165794, 2.059336, -3.960707, 14.890634, 1.494274, -0.065590, 0.139977, 0.781294, 0.002205, 13.875977, 16.159058, 222.106918
-0.029668, 0.034904, 1095.000000, 0.446771, 2000.000000, 1000.000000, 20.672598, 17.063910, 20.755026, 17.508467, -0.090533, 0.131746, 1.713812, -0.148342, 0.174520, 2.233856, -4.020882, 14.997375, 3.991776, 0.007913, -0.051769, 1.093415, 0.001770, 13.243164, 43.081665, 584.533691
-0.031414, 0.033159, 1132.000000, 0.390925, 2000.000000, 1000.000000, 23.418907, 21.986053, 23.958645, 22.636395, -0.027650, 0.297519, 0.688777, -0.157068, 0.165794, 1.954624, -4.005033, 14.507072, 7.657917, -0.110331, -0.347911, 1.506734, 0.002142, 12.583008, 79.241943, 1018.127380
-0.031414, 0.031414, 1155.000000, 0.310646, 2000.000000, 1000.000000, 24.819824, 24.545368, 25.611759, 25.023048, 0.078564, 0.317405, 0.215791, -0.157068, 0.157068, 1.553228, -4.610034, 12.458097, 13.994202, -0.297816, -0.390521, 1.421514, 0.002182, 12.782227, 58.999634, 772.033630
-0.033159, 0.031414, 1155.000000, 0.300174, 2000.000000, 1000.000000, 25.175602, 24.594566, 25.488605, 24.741226, 0.041585, 0.114915, 0.332104, -0.165794, 0.157068, 1.500872, -5.173008, 11.867153, 17.590710, -0.243488, -0.041117, 1.291553, 0.001776, 12.692383, 62.042236, 808.105408
-0.031414, 0.027923, 1154.000000, 0.260035, 2000.000000, 1000.000000, 24.730051, 24.559950, 25.070208, 25.639791, -0.184920, 0.354999, -0.099870, -0.157068, 0.139616, 1.300174, -5.058387, 11.013681, 23.034082, 0.160245, -0.473611, 1.378904, 0.002345, 12.747070, 58.322144, 760.986267
-0.033159, 0.026178, 1145.000000, 0.165794, 2000.000000, 1000.000000, 23.447466, 23.807581, 23.615191, 25.129763, -0.288614, 0.372477, -0.468672, -0.165794, 0.130890, 0.828970, -3.725741, 9.855532, 26.107155, 0.332816, -0.515156, 1.153069, 0.002213, 12.973633, 47.561646, 631.408691
-0.033159, 0.024433, 1071.000000, 0.019197, 2000.000000, 1000.000000, 15.958824, 17.522877, 15.973476, 18.544823, -0.251824, 0.259150, -1.033849, -0.165794, 0.122164, 0.095986, -2.432400, 9.273643, 28.505693, 0.271031, -0.327671, 0.799403, 0.001931, 13.329102, 5.999756, 96.801750
-0.034904, 0.008726, 1002.000000, 0.015707, 2000.000000, 1000.000000, 10.321387, 9.662349, 10.108426, 9.907838, -0.114613, 0.008132, 0.214906, -0.174520, 0.043630, 0.078534, -1.862664, 9.161781, 29.789843, 0.020696, 0.031321, -0.066651, 0.002091, 23.020508, 0.079346, 1.892090
-0.034904, 0.006981, 1003.000000, 0.015707, 2000.000000, 1000.000000, 9.859708, 10.078513, 9.929561, 10.132218, 0.004037, 0.030890, -0.105366, -0.174520, 0.034904, 0.078534, -2.165231, 9.023862, 29.850554, -0.188095, -0.017681, 0.150662, 0.002173, 18.446289, 0.000000, 1.525879
-0.034904, 0.008726, 1003.000000, 0.012216, 2000.000000, 1000.000000, 9.966832, 9.977874, 9.856679, 10.198615, -0.082723, 0.027647, -0.088245, -0.174520, 0.043630, 0.061082, -2.519296, 8.793003, 30.415718, -0.035763, -0.003833, 0.121900, 0.001967, 16.270508, 0.000000, 0.671387
-0.033159, 0.008726, 1004.000000, -0.019197, 2000.000000, 1000.000000, 10.061132, 9.847347, 9.814060, 10.277460, -0.169296, 0.045760, -0.062403, -0.165794, 0.043630, -0.095986, -2.341310, 8.826898, 30.383968, 0.128287, -0.035791, -0.054933, 0.001776, 14.043945, 0.561523, 8.117676
-0.033159, 0.019197, 1000.000000, -0.101222, 2000.000000, 1000.000000, 9.462984, 10.309565, 9.554970, 10.672482, -0.067733, 0.113726, -0.491023, -0.165794, 0.095986, -0.506108, -2.129890, 8.712092, 30.009344, -0.051742, -0.099706, -0.177438, 0.002402, 13.981445, 3.201294, 45.776363
-0.031414, 0.019197, 1000.000000, -0.073298, 2000.000000, 1000.000000, 9.824329, 9.814342, 10.015059, 10.346270, -0.085299, 0.180664, -0.080306, -0.157068, 0.095986, -0.366492, -2.023200, 8.278359, 29.316296, -0.011262, -0.220080, -0.315921, 0.001760, 13.997070, 2.279663, 32.714844
-0.031414, 0.015707, 1000.000000, -0.076789, 2000.000000, 1000.000000, 9.737395, 9.893115, 9.847478, 10.522012, -0.129704, 0.184745, -0.207563, -0.157068, 0.078534, -0.383944, -1.354108, 7.400753, 27.994410, 0.065437, -0.241385, -0.246680, 0.002341, 13.993164, 2.639771, 37.780762
-0.031414, 0.012216, 1000.000000, -0.116928, 2000.000000, 1000.000000, 9.554933, 10.223105, 9.527955, 10.694007, -0.124470, 0.110981, -0.458556, -0.157068, 0.061082, -0.584642, -0.961985, 7.071128, 27.275236, 0.056915, -0.131664, -0.278637, 0.002106, 13.973633, 4.040527, 57.800289
-0.031414, 0.006981, 1000.000000, -0.167539, 2000.000000, 1000.000000, 9.366476, 10.403355, 9.390739, 10.839430, -0.102953, 0.115085, -0.621392, -0.157068, 0.034904, -0.837696, -0.728029, 6.790790, 26.307093, 0.019631, -0.166817, -0.423512, 0.001848, 13.977539, 3.961182, 56.701656
-0.033159, 0.001745, 1000.000000, -0.219895, 2000.000000, 1000.000000, 9.128683, 10.420700, 9.327299, 11.123318, -0.126000, 0.225308, -0.772009, -0.165794, 0.008726, -1.099476, -0.327832, 6.152211, 24.882284, 0.050523, -0.385195, -0.585432, 0.002070, 13.969727, 4.519653, 64.575195
-0.033159, 0.001745, 1026.000000, -0.134380, 2000.000000, 1000.000000, 11.821468, 11.351889, 12.462641, 12.364002, -0.092735, 0.413322, 0.142055, -0.165794, 0.008726, -0.671902, 0.640900, 4.113783, 21.900003, -0.008066, -0.710099, -0.773982, 0.002378, 13.997070, 3.201294, 45.898434
-0.036649, 0.001745, 1046.000000, -0.115183, 2000.000000, 1000.000000, 13.708778, 13.335712, 14.428387, 14.527122, -0.117950, 0.477755, 0.068582, -0.183246, 0.008726, -0.575916, 1.358191, 2.195760, 20.026180, 0.019631, -0.832603, -0.629107, 0.001844, 13.653320, 18.560791, 259.582520
-0.040140, 0.001745, 1045.000000, -0.176265, 2000.000000, 1000.000000, 13.354418, 13.865089, 13.620556, 15.159937, -0.257178, 0.390246, -0.512513, -0.200698, 0.008726, -0.881326, 2.365865, 0.333466, 18.452213, 0.245465, -0.677076, -0.541756, 0.001951, 13.797852, 11.718750, 165.710434
-0.045375, 0.001745, 1032.000000, -0.230366, 2000.000000, 1000.000000, 12.550934, 12.816252, 12.747952, 13.884863, -0.217899, 0.316407, -0.350557, -0.226876, 0.008726, -1.151832, 3.984147, -1.530471, 15.594409, 0.148527, -0.542853, -0.924183, 0.002258, 13.961914, 4.000854, 57.189938
-0.050611, 0.001745, 1034.000000, -0.144852, 2000.000000, 1000.000000, 13.063985, 12.037908, 13.785792, 13.112315, -0.088150, 0.449053, 0.424889, -0.253054, 0.008726, -0.724258, 4.436175, -3.217004, 12.949881, -0.105005, -0.782536, -1.022187, 0.001807, 13.911133, 7.641602, 108.825676
-0.041885, 0.001745, 1067.000000, 0.019197, 2000.000000, 1000.000000, 16.710402, 14.146301, 17.939903, 15.203395, 0.043102, 0.571649, 1.325152, -0.209424, 0.008726, 0.095986, 4.323580, -5.744473, 10.356552, -0.292490, -0.998783, -0.804875, 0.001752, 13.661133, 21.200562, 296.630859
-0.041885, 0.001745, 1069.000000, 0.106457, 2000.000000, 1000.000000, 16.583448, 14.255095, 17.459265, 15.702192, -0.142820, 0.580728, 1.021356, -0.209424, 0.008726, 0.532286, 4.122514, -10.036582, 8.544038, 0.033479, -0.998783, -0.154002, 0.002292, 13.692383, 16.601562, 232.788071
-0.043630, 0.001745, 1071.000000, 0.132635, 2000.000000, 1000.000000, 17.943819, 15.148783, 17.819723, 17.087675, -0.515746, 0.453699, 0.881771, -0.218150, 0.008726, 0.663176, 5.426317, -12.246024, 8.672752, 0.670503, -0.779340, 0.072898, 0.002272, 13.594727, 20.480347, 285.400391
-0.038394, 0.003490, 1070.000000, 0.178010, 2000.000000, 1000.000000, 18.444511, 14.910676, 17.708599, 16.936214, -0.690362, 0.322406, 1.076555, -0.191972, 0.017452, 0.890052, 8.355036, -13.673098, 9.643456, 1.008190, -0.544984, 0.168771, 0.002015, 13.657227, 16.918945, 236.999496
-0.033159, 0.006981, 1072.000000, 0.303665, 2000.000000, 1000.000000, 18.008570, 15.538398, 18.572706, 15.880328, 0.055551, 0.226517, 1.290637, -0.165794, 0.034904, 1.518324, 10.272132, -15.029212, 11.689458, -0.265859, -0.357498, 0.658789, 0.002252, 13.645508, 18.798828, 266.113281
-0.033159, 0.008726, 1076.000000, 0.314136, 2000.000000, 1000.000000, 17.281950, 16.224146, 18.366961, 16.126944, 0.295552, 0.246952, 0.824456, -0.165794, 0.043630, 1.570680, 8.963647, -16.278866, 13.627990, -0.687701, -0.388391, 1.027369, 0.001924, 13.633789, 20.520020, 286.315918
-0.033159, 0.024433, 1079.000000, 0.268761, 2000.000000, 1000.000000, 17.017168, 16.283373, 17.701616, 16.997843, -0.007505, 0.349729, 0.359392, -0.165794, 0.122164, 1.343804, 7.925791, -17.822556, 16.325026, -0.160398, -0.484264, 1.113654, 0.001993, 13.481445, 26.800537, 370.117157
-0.029668, 0.055846, 1081.000000, 0.052356, 2000.000000, 1000.000000, 17.431725, 18.181675, 16.830837, 19.555763, -0.493745, 0.193300, -0.868719, -0.148342, 0.279232, 0.261780, 9.587646, -18.526274, 20.972540, 0.704591, -0.048574, 0.851601, 0.002320, 13.563477, 23.199463, 309.814453
-0.033159, 0.075044, 1074.000000, 0.003490, 2000.000000, 1000.000000, 16.845499, 17.319357, 15.910883, 17.924261, -0.384879, -0.082428, -0.621809, -0.165794, 0.375218, 0.017452, 11.132766, -17.274048, 23.168327, 0.508584, 0.528796, 0.440412, 0.001766, 13.704102, 15.438843, 216.796860
-0.059337, 0.076789, 1074.000000, -0.087260, 2000.000000, 1000.000000, 16.459055, 17.732130, 15.938887, 17.869928, -0.164492, -0.095592, -0.801029, -0.296684, 0.383944, -0.436300, 10.996362, -15.558861, 23.768496, -0.015523, 0.566080, 0.103790, 0.001768, 13.696289, 16.641235, 233.398422
-0.061082, 0.078534, 1047.000000, -0.218150, 2000.000000, 1000.000000, 12.726055, 15.086130, 13.291433, 14.896381, 0.188782, 0.093907, -0.991255, -0.305410, 0.392670, -1.090750, 8.792576, -14.565110, 22.657703, -0.641895, 0.239046, -0.427773, 0.002143, 14.149414, 0.000000, 0.610352
-0.061082, 0.090750, 1024.000000, -0.218150, 2000.000000, 1000.000000, 11.149721, 12.342215, 11.711582, 12.796482, 0.026898, 0.254032, -0.569349, -0.305410, 0.453752, -1.090750, 7.261368, -14.849598, 20.682592, -0.362797, 0.020668, -0.714328, 0.002055, 13.915039, 6.878662, 98.022453
-0.036649, 0.122164, 1002.000000, -0.144852, 2000.000000, 1000.000000, 9.942101, 9.404183, 10.281095, 10.372621, -0.157361, 0.326858, 0.111598, -0.183246, 0.610820, -0.724258, 6.871727, -14.854693, 18.366610, 0.086742, 0.054756, -0.807005, 0.002152, 16.766602, 0.000000, 0.671387
-0.038394, 0.129145, 1000.000000, -0.099476, 2000.000000, 1000.000000, 10.264571, 9.649655, 9.809169, 10.276605, -0.270587, 0.042887, 0.036870, -0.191972, 0.645724, -0.497382, 7.515789, -13.350076, 15.835916, 0.275292, 0.585255, -0.526842, 0.002306, 14.036133, 1.361084, 19.592285
-0.071553, 0.108202, 1000.000000, -0.102967, 2000.000000, 1000.000000, 10.250086, 9.965576, 9.689068, 10.095270, -0.172678, -0.107831, -0.030423, -0.357766, 0.541012, -0.514834, 7.356414, -11.516518, 14.490578, -0.064525, 0.747174, -0.500211, 0.001747, 14.004883, 2.999878, 43.029781
-0.134380, 0.071553, 1000.000000, -0.153578, 2000.000000, 1000.000000, 9.875045, 10.551520, 9.440944, 10.132491, -0.003768, -0.213283, -0.342006, -0.671902, 0.357766, -0.767888, 5.824770, -9.780248, 12.828978, -0.681309, 0.739717, -0.542821, 0.002120, 13.981445, 4.080200, 58.410641
-0.188482, 0.075044, 1000.000000, -0.183246, 2000.000000, 1000.000000, 9.657010, 10.539968, 9.952142, 9.850881, 0.246055, -0.098489, -0.195424, -0.942408, 0.375218, -0.916230, 1.028543, -8.117586, 9.461178, -1.395032, 0.556493, -0.792091, 0.002157, 14.012695, 2.398682, 34.423828
-0.184991, 0.073298, 1042.000000, -0.127400, 2000.000000, 1000.000000, 13.821931, 14.190206, 14.596337, 13.391526, 0.393272, -0.006069, 0.209134, -0.924956, 0.366492, -0.636998, -3.249181, -7.428680, 6.753062, -1.645367, 0.388182, -0.786765, 0.001821, 13.610352, 42.239380, 582.214355
-0.186736, 0.075044, 1070.000000, -0.095986, 2000.000000, 1000.000000, 16.718651, 16.860855, 17.909851, 16.510643, 0.385353, 0.210247, 0.314251, -0.933682, 0.375218, -0.479930, -7.828054, -7.267735, 4.170033, -1.641106, 0.016407, -0.699414, 0.001763, 13.493164, 26.400757, 364.990204
-0.191972, 0.064572, 1074.000000, -0.118674, 2000.000000, 1000.000000, 16.556372, 17.117281, 17.194078, 17.132269, 0.155680, 0.163173, -0.124775, -0.959860, 0.322862, -0.593368, -13.765924, -8.154058, 0.985287, -1.250157, 0.044104, -0.514059, 0.002356, 13.563477, 21.759033, 302.429199
-0.129145, 0.066318, 1105.000000, -0.078534, 2000.000000, 1000.000000, 20.187487, 20.111719, 20.307989, 19.392805, 0.209854, -0.149602, 0.247738, -0.645724, 0.331588, -0.392670, -16.688309, -7.268913, -0.879605, -1.025387, 0.601234, -0.564126, 0.002195, 13.301758, 35.601807, 488.708466
-0.034904, 0.073298, 1116.000000, -0.031414, 2000.000000, 1000.000000, 21.408407, 21.370749, 21.146448, 20.074396, 0.258598, -0.389579, 0.277427, -0.174520, 0.366492, -0.157068, -18.945164, -4.582892, -2.391153, -0.635503, 1.065686, -0.347879, 0.001762, 13.016602, 47.201538, 629.333496
-0.001745, 0.085515, 1111.000000, 0.003490, 2000.000000, 1000.000000, 21.483934, 20.677629, 20.956533, 20.881903, -0.182918, -0.080782, 0.220234, -0.008726, 0.427574, 0.017452, -19.425362, -0.940049, -3.401875, 0.308315, 0.578863, -0.131632, 0.002233, 13.239258, 35.681152, 483.703583
0.003490, 0.104712, 1107.000000, 0.017452, 2000.000000, 1000.000000, 20.204914, 19.253708, 20.100609, 20.440769, -0.322841, 0.270689, 0.152761, 0.017452, 0.523560, 0.087260, -18.102362, -0.282705, -3.588050, 0.585282, 0.062213, -0.015519, 0.001829, 13.364258, 28.079224, 384.521454
0.003490, 0.104712, 1116.000000, 0.017452, 2000.000000, 1000.000000, 20.888641, 20.622765, 20.983337, 21.505257, -0.196948, 0.244296, -0.064011, 0.017452, 0.523560, 0.087260, -16.740843, -0.236429, -3.337760, 0.361578, 0.111215, 0.131487, 0.002155, 13.215820, 37.680054, 509.399384
0.001745, 0.094241, 1115.000000, 0.017452, 2000.000000, 1000.000000, 21.253674, 20.682125, 20.916142, 21.148060, -0.200866, 0.032101, 0.084908, 0.008726, 0.471204, 0.087260, -15.478498, 0.837034, -3.184430, 0.358382, 0.425466, 0.030287, 0.002226, 13.125977, 40.841675, 548.706055
0.001745, 0.066318, 1106.000000, 0.017452, 2000.000000, 1000.000000, 20.559383, 19.606041, 19.834881, 19.999695, -0.279538, -0.082712, 0.197131, 0.008726, 0.331588, 0.087260, -14.178656, 2.052012, -3.276380, 0.502192, 0.487251, -0.046411, 0.001747, 13.497070, 18.038940, 249.389633
0.003490, 0.038394, 1064.000000, 0.027923, 2000.000000, 1000.000000, 16.337170, 15.368915, 16.213274, 16.080643, -0.208906, 0.146958, 0.275221, 0.017452, 0.191972, 0.139616, -12.491763, 2.828675, -3.709642, 0.378622, -0.058161, -0.045346, 0.002333, 13.809570, 9.921265, 140.319824
0.013962, 0.048866, 1066.000000, 0.033159, 2000.000000, 1000.000000, 16.355337, 15.210579, 16.131273, 16.302813, -0.329074, 0.217042, 0.243305, 0.069808, 0.244328, 0.165794, -11.159507, 2.379444, -3.791539, 0.643872, -0.127403, 0.002591, 0.002179, 13.735352, 13.281250, 186.828598
0.022688, 0.050611, 1066.000000, 0.050611, 2000.000000, 1000.000000, 16.838463, 15.047646, 15.884636, 16.229256, -0.533859, 0.056946, 0.361550, 0.113438, 0.253054, 0.253054, -8.999065, 2.257607, -3.854582, 1.050800, 0.161282, 0.010048, 0.001872, 13.719727, 13.159180, 184.875473
0.033159, 0.050611, 1066.000000, 0.059337, 2000.000000, 1000.000000, 17.363209, 15.249298, 15.623495, 15.763997, -0.563603, -0.306254, 0.493352, 0.165794, 0.253054, 0.296684, -5.951983, 3.397864, -4.031954, 1.151999, 0.790850, -0.034693, 0.002135, 13.684570, 15.600586, 218.688950
0.059337, 0.050611, 1059.000000, 0.057592, 2000.000000, 1000.000000, 15.785437, 14.482103, 14.675333, 15.057127, -0.421282, -0.133770, 0.230385, 0.296684, 0.253054, 0.287958, -1.162219, 6.133933, -4.250335, 1.032691, 0.491512, 0.134683, 0.002322, 13.731445, 12.921143, 181.579575
0.069808, 0.048866, 1058.000000, 0.052356, 2000.000000, 1000.000000, 15.120245, 14.326967, 15.252628, 15.300159, -0.210202, 0.276394, 0.186437, 0.349040, 0.244328, 0.261780, 1.153870, 6.197355, -4.099459, 0.732288, -0.234994, 0.137878, 0.001765, 13.762695, 11.560059, 163.024887
0.022688, 0.033159, 1059.000000, 0.034904, 2000.000000, 1000.000000, 15.033990, 14.240212, 15.117131, 15.608666, -0.321328, 0.362899, 0.075561, 0.113438, 0.165794, 0.174520, 2.979595, 4.906647, -3.921008, 0.683286, -0.469350, 0.125095, 0.001766, 13.747070, 12.481689, 175.720200
0.000000, 0.031414, 1059.000000, 0.036649, 2000.000000, 1000.000000, 15.407069, 14.193822, 14.832805, 15.566304, -0.486686, 0.199554, 0.119937, 0.000000, 0.157068, 0.183246, 6.163913, 3.182590, -3.606321, 0.848401, -0.187057, 0.103790, 0.002255, 13.770508, 11.718750, 165.222153
-0.010471, 0.006981, 1063.000000, 0.061082, 2000.000000, 1000.000000, 16.923550, 14.921577, 15.861778, 16.293095, -0.608322, 0.077437, 0.392664, -0.052356, 0.034904, 0.305410, 8.557722, 2.662601, -3.528335, 1.008190, -0.099706, 0.042005, 0.001886, 13.676758, 15.881348, 222.290024
-0.019197, 0.001745, 1065.000000, 0.087260, 2000.000000, 1000.000000, 16.933311, 15.000557, 16.065119, 16.001011, -0.467162, 0.033065, 0.499216, -0.095986, 0.008726, 0.436300, 10.724964, 2.294181, -3.444202, 0.722701, -0.048574, 0.101660, 0.001845, 13.700195, 13.720703, 192.504868
0.000000, 0.001745, 1068.000000, 0.120419, 2000.000000, 1000.000000, 17.029737, 15.203568, 15.883330, 15.883364, -0.456550, -0.116653, 0.456533, 0.000000, 0.008726, 0.602094, 13.511628, 2.641932, -2.613129, 0.790877, 0.211349, 0.298732, 0.002329, 13.680664, 15.759277, 214.111313
0.003490, 0.001745, 1068.000000, 0.141361, 2000.000000, 1000.000000, 16.735329, 14.876696, 16.247314, 16.140659, -0.437995, 0.193987, 0.491322, 0.017452, 0.008726, 0.706806, 15.654651, 2.511320, -1.780811, 0.779159, -0.326606, 0.380757, 0.002394, 13.680664, 16.400146, 224.731430
0.001745, 0.001745, 1067.000000, 0.141361, 2000.000000, 1000.000000, 16.431290, 14.694000, 16.382383, 16.492325, -0.461808, 0.437355, 0.406837, 0.008726, 0.008726, 0.706806, 17.686562, 0.837600, -0.748265, 0.820704, -0.761231, 0.438281, 0.001751, 13.696289, 14.920044, 209.289536
-0.001745, 0.005236, 1068.000000, 0.099476, 2000.000000, 1000.000000, 15.991778, 15.623054, 15.808349, 16.576822, -0.284299, 0.192584, -0.099937, -0.008726, 0.026178, 0.497382, 20.272089, -1.577327, 1.483316, 0.484083, -0.307431, 0.569308, 0.002355, 13.696289, 15.399170, 215.820297
-0.003490, 0.005236, 1060.000000, 0.062827, 2000.000000, 1000.000000, 15.992246, 15.899284, 15.689041, 16.419430, -0.205837, 0.054235, -0.159356, -0.017452, 0.026178, 0.314136, 21.261084, -1.969214, 2.876392, 0.337077, -0.067748, 0.424433, 0.002365, 13.723633, 13.760376, 193.420395
-0.005236, 0.005236, 1043.000000, 0.020942, 2000.000000, 1000.000000, 13.841968, 14.089292, 13.683316, 14.385425, -0.113696, 0.034371, -0.237358, -0.026178, 0.026178, 0.104712, 21.748785, -2.072091, 3.832844, 0.171962, -0.033660, 0.267840, 0.001789, 13.887695, 5.801392, 82.519524
-0.003490, 0.005236, 1044.000000, 0.019197, 2000.000000, 1000.000000, 14.212940, 13.767868, 13.958582, 14.060610, -0.136775, 0.009596, 0.085761, -0.017452, 0.026178, 0.095986, 22.119574, -2.041141, 4.212652, 0.220964, 0.010016, 0.038809, 0.002125, 13.833008, 8.880615, 125.793449
0.003490, 0.005236, 1045.000000, 0.017452, 2000.000000, 1000.000000, 14.081379, 13.821423, 14.051041, 14.046158, -0.063769, 0.048599, 0.066210, 0.017452, 0.026178, 0.087260, 22.950457, -2.063465, 4.338432, 0.128287, -0.058161, 0.043071, 0.002181, 13.797852, 10.321045, 145.812988
0.001745, 0.005236, 1044.000000, 0.015707, 2000.000000, 1000.000000, 14.004579, 13.999839, 14.017726, 13.977857, 0.008783, -0.002209, 0.011152, 0.008726, 0.026178, 0.078534, 23.075241, -2.123951, 4.516722, -0.007001, 0.030255, 0.071832, 0.001777, 13.813477, 10.040283, 142.028809
-0.001745, 0.006981, 1044.000000, 0.015707, 2000.000000, 1000.000000, 14.217558, 13.850100, 13.935894, 13.996449, -0.107003, -0.033829, 0.076726, -0.008726, 0.034904, 0.078534, 23.173918, -1.881845, 4.631280, 0.177289, 0.094171, 0.027092, 0.002179, 13.833008, 8.560181, 121.215813
-0.024433, 0.013962, 1045.000000, 0.015707, 2000.000000, 1000.000000, 14.146895, 13.258527, 14.166873, 14.427705, -0.287300, 0.297289, 0.156884, -0.122164, 0.069808, 0.078534, 24.572872, -2.388283, 4.717226, 0.376492, -0.445915, -0.027237, 0.002216, 13.786133, 11.361694, 160.522461
-0.024433, 0.010471, 1045.000000, 0.015707, 2000.000000, 1000.000000, 13.799670, 13.283614, 14.500484, 14.416232, -0.107951, 0.458358, 0.150077, -0.122164, 0.052356, 0.078534, 25.233475, -3.995748, 4.676424, 0.064371, -0.755905, -0.022975, 0.001751, 13.809570, 10.281372, 145.507812
-0.061082, 0.012216, 1045.000000, 0.015707, 2000.000000, 1000.000000, 13.719877, 13.414532, 14.763866, 14.101725, 0.089199, 0.432796, 0.241872, -0.305410, 0.061082, 0.078534, 24.634359, -7.283617, 4.379256, -0.466127, -0.690924, -0.084760, 0.002362, 13.817383, 9.719849, 137.512207
-0.106457, 0.020942, 1045.000000, 0.015707, 2000.000000, 1000.000000, 13.839234, 13.516534, 14.688088, 13.956143, 0.102311, 0.322116, 0.263661, -0.532286, 0.104712, 0.078534, 23.212667, -8.897681, 3.931272, -0.721789, -0.454437, -0.099674, 0.002257, 13.840820, 8.480835, 118.408195
-0.172775, 0.015707, 1045.000000, 0.015707, 2000.000000, 1000.000000, 14.038157, 13.674566, 14.306166, 13.981112, -0.009634, 0.143639, 0.172161, -0.863874, 0.078534, 0.078534, 21.107224, -9.805726, 3.386868, -0.873055, -0.172144, -0.037889, 0.001846, 13.805664, 10.919189, 154.296875
-0.195462, 0.015707, 1045.000000, 0.013962, 2000.000000, 1000.000000, 13.868297, 13.949466, 14.024310, 14.157928, -0.013112, 0.091119, -0.053697, -0.977312, 0.078534, 0.069808, 18.588379, -10.214792, 3.083387, -0.979581, -0.078401, 0.106986, 0.002058, 13.821289, 10.040283, 142.028809
-0.183246, 0.024433, 1040.000000, 0.013962, 2000.000000, 1000.000000, 13.966695, 14.058965, 14.265071, 13.709270, 0.162018, -0.012829, 0.115883, -0.916230, 0.122164, 0.069808, 13.888312, -10.289715, 2.497314, -1.220329, 0.147434, -0.008062, 0.002276, 13.907227, 3.799438, 54.077145
-0.183246, 0.026178, 1048.000000, 0.013962, 2000.000000, 1000.000000, 14.130116, 13.958683, 14.160271, 13.750931, 0.059477, -0.044399, 0.145193, -0.916230, 0.130890, 0.069808, 10.768017, -9.891975, 1.868989, -1.046692, 0.212415, -0.028302, 0.001875, 13.809570, 10.040283, 142.028809
-0.188482, 0.027923, 1048.000000, 0.013962, 2000.000000, 1000.000000, 13.924286, 14.011314, 13.953112, 14.111288, -0.017787, 0.032199, -0.061302, -0.942408, 0.139616, 0.069808, 8.131322, -9.570117, 1.539848, -0.939101, 0.087779, 0.112312, 0.001827, 13.727539, 7.839966, 111.022942
-0.195462, 0.026178, 1047.000000, 0.013962, 2000.000000, 1000.000000, 13.901963, 14.121222, 14.543103, 13.433711, 0.332163, -0.011593, 0.222533, -0.977312, 0.130890, 0.069808, 3.203874, -9.178570, 0.901766, -1.576126, 0.154891, -0.080499, 0.002310, 13.825195, 9.521484, 134.826660
-0.193717, 0.027923, 1046.000000, 0.013962, 2000.000000, 1000.000000, 13.788079, 14.264520, 14.880103, 13.067298, 0.572312, -0.026299, 0.334091, -0.968586, 0.139616, 0.069808, -1.584615, -8.671674, -0.174571, -2.006490, 0.191109, -0.157198, 0.001771, 13.821289, 9.960938, 140.991211
-0.219895, 0.026178, 1053.000000, 0.013962, 2000.000000, 1000.000000, 14.589046, 15.291556, 16.083536, 14.035863, 0.687546, 0.059699, 0.336291, -1.099476, 0.130890, 0.069808, -7.631577, -8.216099, -1.571155, -2.343111, 0.030255, -0.158263, 0.001752, 13.797852, 11.041260, 156.005859
-0.216405, 0.041885, 1107.000000, 0.017452, 2000.000000, 1000.000000, 19.854158, 20.075602, 20.842505, 19.227736, 0.459053, 0.035120, 0.348331, -1.082024, 0.209424, 0.087260, -16.567719, -7.618351, -3.333793, -1.909551, 0.153825, -0.147611, 0.002232, 13.172852, 41.201782, 556.579590
-0.167539, 0.055846, 1109.000000, 0.017452, 2000.000000, 1000.000000, 20.051619, 19.892645, 20.963633, 19.092104, 0.428139, 0.027867, 0.507625, -0.837696, 0.279232, 0.087260, -21.445881, -6.641896, -4.500843, -1.618736, 0.239046, -0.257332, 0.001763, 13.161133, 41.839600, 562.194824
-0.089005, 0.066318, 1108.000000, 0.017452, 2000.000000, 1000.000000, 19.801991, 20.190117, 20.525299, 19.482594, 0.357709, 0.003946, 0.163645, -0.445026, 0.331588, 0.087260, -24.883350, -5.549752, -5.367142, -1.076520, 0.332789, -0.022975, 0.002201, 13.219727, 36.599731, 495.117157
-0.012216, 0.071553, 1105.000000, 0.017452, 2000.000000, 1000.000000, 19.954445, 19.670918, 20.536854, 19.837784, 0.103885, 0.187318, 0.245650, -0.061082, 0.357766, 0.087260, -27.950325, -4.514442, -5.726882, -0.243488, 0.039843, -0.078369, 0.002242, 13.395508, 26.599121, 364.990204
0.005236, 0.073298, 1094.000000, 0.019197, 2000.000000, 1000.000000, 19.688690, 18.506218, 18.685974, 19.119118, -0.403904, -0.097454, 0.187332, 0.026178, 0.366492, 0.095986, -26.940979, -4.010532, -5.822213, 0.737614, 0.546905, -0.030432, 0.001793, 13.555664, 18.280029, 253.601059
0.003490, 0.073298, 1093.000000, 0.019197, 2000.000000, 1000.000000, 20.107096, 18.688986, 18.612158, 18.591761, -0.349428, -0.398040, 0.359626, 0.017452, 0.366492, 0.095986, -24.638613, -1.909182, -5.949242, 0.626827, 1.066751, -0.146545, 0.002178, 13.411133, 28.839111, 396.179169
0.003490, 0.066318, 1092.000000, 0.019197, 2000.000000, 1000.000000, 18.673258, 19.117083, 19.516977, 18.692682, 0.317030, 0.104831, 0.095118, 0.017452, 0.331588, 0.095986, -24.008257, 1.014481, -6.091289, -0.533238, 0.155956, 0.032418, 0.002194, 13.438477, 24.639893, 339.233368
0.041885, 0.057592, 1091.000000, 0.019197, 2000.000000, 1000.000000, 18.392557, 18.679728, 20.110605, 18.817110, 0.395166, 0.463857, 0.251581, 0.209424, 0.287958, 0.095986, -25.686098, 0.497006, -6.131688, -0.478910, -0.519417, -0.074108, 0.001748, 13.383789, 27.999878, 384.033173
0.108202, 0.055846, 1073.000000, 0.050611, 2000.000000, 1000.000000, 17.965059, 16.175261, 16.718962, 17.140718, -0.552889, -0.070160, 0.342011, 0.541012, 0.279232, 0.253054, -23.671612, -0.415235, -6.084738, 1.512057, 0.407357, 0.023896, 0.002298, 13.688477, 13.760376, 192.932114
0.104712, 0.055846, 1072.000000, 0.050611, 2000.000000, 1000.000000, 18.752874, 16.014120, 16.097603, 17.135405, -0.944139, -0.383496, 0.425238, 0.523560, 0.279232, 0.253054, -18.248293, 1.104944, -6.165323, 2.176777, 0.954899, -0.032563, 0.002210, 13.629883, 16.439819, 234.985336
0.122164, 0.061082, 1067.000000, 0.064572, 2000.000000, 1000.000000, 17.378801, 15.400392, 15.481763, 15.739047, -0.558923, -0.389596, 0.430282, 0.610820, 0.305410, 0.322862, -12.891604, 3.247562, -6.361701, 1.600473, 0.990053, 0.034548, 0.002180, 13.739258, 11.560059, 162.597641
0.137871, 0.071553, 1066.000000, 0.071553, 2000.000000, 1000.000000, 16.473728, 15.589504, 16.147537, 15.789231, -0.131479, -0.031616, 0.310632, 0.689354, 0.357766, 0.357766, -9.282146, 4.794278, -6.352002, 0.937883, 0.422270, 0.150662, 0.002067, 13.727539, 12.481689, 175.415024
0.139616, 0.085515, 1066.000000, 0.069808, 2000.000000, 1000.000000, 15.935824, 15.388671, 16.559383, 16.116119, -0.025972, 0.337752, 0.247604, 0.698080, 0.427574, 0.349040, -6.219108, 4.489878, -5.849214, 0.759985, -0.149773, 0.184750, 0.002253, 13.676758, 14.559937, 203.918442
0.146597, 0.089005, 1066.000000, 0.069808, 2000.000000, 1000.000000, 16.496649, 15.282885, 16.211306, 16.009161, -0.252904, 0.110232, 0.353978, 0.732984, 0.445026, 0.349040, -3.540424, 4.197563, -5.630435, 1.199936, 0.261416, 0.112312, 0.001857, 13.653320, 16.360474, 228.576645
0.104712, 0.087260, 1067.000000, 0.054101, 2000.000000, 1000.000000, 17.086271, 15.294946, 15.365609, 16.253176, -0.669723, -0.190608, 0.225940, 0.523560, 0.436300, 0.270506, 0.891687, 5.184742, -5.618474, 1.721912, 0.784458, 0.119769, 0.001753, 13.641602, 16.439819, 229.675278
0.097731, 0.076789, 1066.000000, 0.048866, 2000.000000, 1000.000000, 16.899775, 15.431987, 15.207103, 16.461134, -0.680455, -0.165881, 0.053440, 0.488656, 0.383944, 0.244328, 8.598717, 7.916380, -5.847122, 1.681433, 0.683258, 0.210316, 0.002262, 13.680664, 13.601685, 190.612778
0.106457, 0.075044, 1066.000000, 0.047120, 2000.000000, 1000.000000, 16.534258, 15.438467, 15.635981, 16.391294, -0.462776, 0.013637, 0.085120, 0.532286, 0.375218, 0.235602, 12.670237, 8.861784, -5.908319, 1.361855, 0.361551, 0.180489, 0.001845, 13.680664, 14.080811, 197.204575
0.129145, 0.076789, 1066.000000, 0.034904, 2000.000000, 1000.000000, 16.220423, 15.489575, 15.890323, 16.399679, -0.310051, 0.145001, 0.055373, 0.645724, 0.383944, 0.174520, 16.247337, 9.097882, -6.021978, 1.215915, 0.139977, 0.138944, 0.001748, 13.680664, 14.239502, 199.523911
0.120419, 0.076789, 1066.000000, 0.019197, 2000.000000, 1000.000000, 16.058033, 15.360349, 15.981351, 16.600266, -0.329150, 0.290808, 0.019692, 0.602094, 0.383944, 0.095986, 21.379625, 8.500127, -6.364450, 1.187153, -0.112489, 0.083550, 0.002374, 13.668945, 14.440918, 202.209457
0.118674, 0.075044, 1066.000000, 0.019197, 2000.000000, 1000.000000, 15.947366, 15.239289, 16.104425, 16.708918, -0.328143, 0.406672, 0.025896, 0.593368, 0.375218, 0.095986, 24.513628, 7.519894, -6.616700, 1.178631, -0.323410, 0.079289, 0.002121, 13.672852, 14.480591, 202.697739
0.101222, 0.071553, 1066.000000, 0.017452, 2000.000000, 1000.000000, 16.246717, 15.146291, 15.786231, 16.820761, -0.533739, 0.303496, 0.016474, 0.506108, 0.357766, 0.087260, 27.799438, 6.364449, -6.748311, 1.456663, -0.165752, 0.077159, 0.001762, 13.665039, 14.239502, 199.218735
0.068063, 0.061082, 1066.000000, 0.017452, 2000.000000, 1000.000000, 16.610302, 15.098663, 15.491087, 16.799946, -0.705125, 0.145517, 0.050695, 0.340314, 0.305410, 0.087260, 34.188908, 5.719919, -7.077210, 1.570646, 0.061148, 0.053723, 0.002313, 13.672852, 14.520264, 203.430161
0.052356, 0.069808, 1066.000000, 0.017452, 2000.000000, 1000.000000, 16.427469, 15.039061, 15.853777, 16.679693, -0.553581, 0.266736, 0.140622, 0.261780, 0.349040, 0.087260, 37.912510, 5.262709, -7.371122, 1.231894, -0.106098, -0.006997, 0.002180, 13.672852, 14.840698, 207.824692
0.031414, 0.062827, 1066.000000, 0.015707, 2000.000000, 1000.000000, 16.084642, 15.039859, 16.229080, 16.646418, -0.365531, 0.437749, 0.156862, 0.157068, 0.314136, 0.078534, 40.443665, 4.223094, -7.637263, 0.801530, -0.443784, -0.027237, 0.001879, 13.641602, 16.799927, 234.497055
0.026178, 0.057592, 1067.000000, 0.015707, 2000.000000, 1000.000000, 15.643308, 15.349231, 16.529625, 16.477837, -0.060572, 0.503730, 0.086466, 0.130890, 0.287958, 0.078534, 41.543465, 2.607700, -7.684334, 0.241204, -0.580137, 0.020700, 0.002270, 13.680664, 14.480591, 202.819809
-0.012216, 0.040140, 1067.000000, 0.017452, 2000.000000, 1000.000000, 16.106133, 15.498424, 16.316587, 16.078859, -0.092494, 0.197723, 0.211360, -0.061082, 0.200698, 0.087260, 41.872231, 0.912860, -7.755962, 0.097394, -0.138055, -0.054933, 0.002379, 13.637695, 17.401123, 243.103012
-0.089005, 0.041885, 1067.000000, 0.017452, 2000.000000, 1000.000000, 16.402889, 15.594996, 15.867599, 16.134518, -0.268703, 0.001058, 0.135244, -0.445026, 0.209424, 0.087260, 41.957012, 1.110043, -7.861318, 0.011108, 0.213480, -0.003801, 0.001747, 13.629883, 16.799927, 234.497055
-0.153578, 0.031414, 1067.000000, 0.017452, 2000.000000, 1000.000000, 16.393236, 15.782690, 15.780708, 16.043364, -0.218300, -0.087963, 0.086972, -0.767888, 0.157068, 0.087260, 41.379707, 1.997565, -7.705013, -0.408603, 0.312549, 0.029222, 0.002288, 13.668945, 14.520264, 203.308090
-0.205934, 0.026178, 1067.000000, 0.017452, 2000.000000, 1000.000000, 15.507003, 16.187828, 16.556664, 15.748507, 0.372245, 0.152585, 0.031833, -1.029668, 0.130890, 0.087260, 36.963573, 3.061454, -7.372830, -1.696500, -0.130598, 0.066506, 0.002444, 13.661133, 15.319824, 214.416489
-0.207679, 0.027923, 1067.000000, 0.015707, 2000.000000, 1000.000000, 15.156348, 16.088064, 16.956812, 15.798778, 0.522437, 0.377795, 0.056580, -1.038394, 0.139616, 0.078534, 31.781334, 2.792618, -6.940449, -1.991576, -0.522613, 0.040940, 0.001747, 13.672852, 14.639282, 204.406723
-0.207679, 0.029668, 1067.000000, 0.015707, 2000.000000, 1000.000000, 15.023573, 15.924468, 16.749023, 16.302933, 0.336747, 0.525979, -0.113701, -1.038394, 0.148342, 0.078534, 23.816677, 0.599925, -6.372014, -1.645367, -0.762296, 0.155988, 0.002360, 13.696289, 13.040161, 182.922348
-0.205934, 0.029668, 1067.000000, 0.015707, 2000.000000, 1000.000000, 15.280926, 16.030407, 16.687870, 16.000799, 0.359138, 0.344334, -0.015602, -1.029668, 0.148342, 0.078534, 19.238226, -0.572832, -6.007813, -1.679455, -0.446980, 0.089942, 0.002156, 13.637695, 16.760254, 234.008774
-0.204188, 0.026178, 1067.000000, 0.015707, 2000.000000, 1000.000000, 15.294931, 16.483072, 16.963202, 15.258797, 0.723136, 0.110999, 0.129066, -1.020942, 0.130890, 0.078534, 13.956486, -0.582996, -5.965919, -2.296240, -0.060291, -0.008062, 0.002233, 13.672852, 14.361572, 201.110825
-0.204188, 0.027923, 1067.000000, 0.015707, 2000.000000, 1000.000000, 14.966871, 16.669750, 17.067516, 15.295860, 0.868634, 0.181689, 0.017195, -1.020942, 0.139616, 0.078534, 4.170033, 0.106062, -5.968599, -2.552967, -0.173209, 0.067571, 0.002236, 13.641602, 13.641357, 190.917953
-0.209424, 0.029668, 1067.000000, 0.015707, 2000.000000, 1000.000000, 14.874866, 16.722839, 16.907700, 15.494596, 0.815269, 0.201147, -0.108718, -1.047120, 0.148342, 0.078534, -2.645649, 0.295471, -5.611487, -2.489051, -0.196644, 0.152792, 0.002218, 13.704102, 12.240601, 182.495102
-0.207679, 0.031414, 1066.000000, 0.015707, 2000.000000, 1000.000000, 15.198954, 16.591997, 16.735788, 15.473261, 0.663893, 0.104524, -0.032629, -1.038394, 0.157068, 0.078534, -9.069846, 0.658370, -5.224835, -2.242977, -0.021942, 0.101660, 0.001763, 13.665039, 15.078735, 211.120590
-0.197208, 0.033159, 1066.000000, 0.015707, 2000.000000, 1000.000000, 14.609722, 16.947523, 17.188547, 15.254206, 1.068036, 0.221377, -0.100864, -0.986038, 0.165794, 0.078534, -19.091900, 1.108267, -4.537641, -2.866153, -0.214754, 0.147466, 0.002219, 13.692383, 13.720703, 192.382797
-0.181501, 0.036649, 1066.000000, 0.015707, 2000.000000, 1000.000000, 14.415297, 17.097193, 17.436739, 15.050772, 1.266966, 0.243755, -0.073982, -0.907504, 0.183246, 0.078534, -27.259857, 1.049663, -4.025127, -3.134598, -0.237124, 0.129356, 0.002197, 13.614258, 17.239380, 240.417465
-0.176265, 0.036649, 1066.000000, 0.015707, 2000.000000, 1000.000000, 14.811012, 16.823017, 17.299335, 15.066637, 1.061176, 0.182986, 0.055174, -0.881326, 0.183246, 0.078534, -35.431366, 1.191849, -3.632519, -2.772410, -0.131664, 0.042005, 0.001822, 13.668945, 14.239502, 199.523911
-0.174520, 0.038394, 1066.000000, 0.015707, 2000.000000, 1000.000000, 15.613299, 16.310081, 16.392563, 15.684054, 0.351323, 0.038309, 0.002932, -0.872600, 0.191972, 0.078534, -43.951000, 1.750393, -3.229597, -1.504753, 0.129324, 0.077159, 0.002303, 13.684570, 14.160156, 198.425278
-0.132635, 0.041885, 1066.000000, 0.015707, 2000.000000, 1000.000000, 15.777047, 15.876708, 16.402065, 15.944179, 0.139387, 0.173122, 0.089556, -0.663176, 0.209424, 0.078534, -47.084305, 1.983398, -2.998738, -0.926318, -0.089053, 0.018570, 0.001789, 13.704102, 13.281250, 186.279282
-0.005236, 0.013962, 1067.000000, 0.017452, 2000.000000, 1000.000000, 15.599014, 15.857586, 16.680702, 15.862698, 0.269144, 0.271700, 0.139859, -0.026178, 0.069808, 0.087260, -49.028687, 1.336814, -2.919667, -0.499150, -0.406500, -0.006997, 0.001756, 13.661133, 14.920044, 208.801254
0.183246, 0.012216, 1067.000000, 0.017452, 2000.000000, 1000.000000, 15.535925, 16.202826, 16.955908, 15.305340, 0.579367, 0.130624, 0.245916, 0.916230, 0.061082, 0.087260, -50.351017, 0.128750, -3.154502, -0.066655, -0.163621, -0.078369, 0.002342, 13.645508, 15.319824, 214.233383
0.244328, 0.015707, 1067.000000, 0.017452, 2000.000000, 1000.000000, 16.021452, 15.773066, 16.697470, 15.508013, 0.235268, 0.102741, 0.359461, 1.221640, 0.078534, 0.087260, -49.407642, -0.180538, -3.478663, 0.839879, -0.097575, -0.155067, 0.002258, 13.657227, 15.399170, 215.332016
0.251309, 0.017452, 1067.000000, 0.017452, 2000.000000, 1000.000000, 16.601948, 15.106336, 15.865649, 16.426067, -0.514008, 0.145859, 0.233798, 1.256544, 0.087260, 0.087260, -45.253304, -0.739395, -3.823270, 2.194887, -0.166817, -0.070912, 0.001752, 13.625977, 17.160034, 239.318832
0.246073, 0.017452, 1067.000000, 0.017452, 2000.000000, 1000.000000, 16.863285, 14.734366, 15.294971, 17.107376, -0.985331, 0.201173, 0.079128, 1.230366, 0.087260, 0.087260, -34.206699, -2.594152, -3.468877, 2.973590, -0.261625, 0.034548, 0.002220, 13.657227, 14.678955, 205.200180
0.225131, 0.017452, 1067.000000, 0.017452, 2000.000000, 1000.000000, 16.688452, 15.228691, 15.394180, 16.688677, -0.688564, 0.041428, 0.041316, 1.125654, 0.087260, 0.087260, -27.042355, -3.373264, -2.979230, 2.349349, 0.017472, 0.060115, 0.002201, 13.653320, 15.200806, 212.524399
0.228621, 0.017452, 1067.000000, 0.017452, 2000.000000, 1000.000000, 16.351671, 15.743009, 15.677651, 16.227671, -0.289670, -0.047340, 0.014661, 1.143106, 0.087260, 0.087260, -21.691860, -3.211880, -2.461762, 1.683563, 0.174065, 0.078224, 0.001875, 13.657227, 14.678955, 205.322250
0.212914, 0.019197, 1067.000000, 0.017452, 2000.000000, 1000.000000, 16.040476, 15.375391, 16.029749, 16.554384, -0.297430, 0.292067, 0.035113, 1.064572, 0.095986, 0.087260, -15.321305, -3.656647, -1.779822, 1.603669, -0.406500, 0.064376, 0.002353, 13.665039, 14.440918, 202.026352
0.205934, 0.017452, 1067.000000, 0.017452, 2000.000000, 1000.000000, 16.000645, 14.913552, 15.987796, 17.098007, -0.549326, 0.542901, -0.005779, 1.029668, 0.087260, 0.087260, -10.723824, -5.485045, -1.223368, 2.013793, -0.858169, 0.092072, 0.002036, 13.645508, 15.719604, 219.787582
0.209424, 0.017452, 1067.000000, 0.019197, 2000.000000, 1000.000000, 16.562386, 14.580409, 15.599742, 17.257462, -0.909924, 0.428602, 0.081064, 1.047120, 0.087260, 0.095986, -4.327960, -7.769114, -0.290753, 2.682775, -0.666423, 0.042005, 0.001748, 13.661133, 14.361572, 200.805649
0.232112, 0.017452, 1067.000000, 0.019197, 2000.000000, 1000.000000, 16.952272, 14.950316, 15.534299, 16.563112, -0.757692, 0.048706, 0.243285, 1.160558, 0.087260, 0.095986, 7.006915, -9.017146, 1.364861, 2.508072, 0.003624, -0.067716, 0.002273, 13.649414, 15.438843, 215.820297
0.242583, 0.017452, 1067.000000, 0.019197, 2000.000000, 1000.000000, 16.684177, 15.503722, 15.654471, 16.157627, -0.420903, -0.093950, 0.169324, 1.212914, 0.087260, 0.095986, 13.038001, -8.412655, 2.189981, 1.966922, 0.251829, -0.017649, 0.002379, 13.657227, 14.801025, 206.909164
0.228621, 0.024433, 1067.000000, 0.019197, 2000.000000, 1000.000000, 16.332523, 15.691871, 16.111362, 15.864243, -0.098383, -0.012197, 0.221943, 1.143106, 0.122164, 0.095986, 17.301306, -7.579847, 2.666653, 1.349072, 0.149564, -0.053868, 0.001800, 13.645508, 16.479492, 230.224594
0.179756, 0.064572, 1067.000000, 0.017452, 2000.000000, 1000.000000, 15.962831, 15.294447, 15.937246, 16.805475, -0.384154, 0.371360, -0.049961, 0.898778, 0.322862, 0.087260, 23.091421, -7.603947, 3.631696, 1.585559, -0.313823, 0.121900, 0.002254, 13.680664, 12.680054, 177.673325
0.090750, 0.151832, 1068.000000, 0.017452, 2000.000000, 1000.000000, 16.076237, 14.518378, 16.066124, 17.339260, -0.707749, 0.702692, 0.071181, 0.453752, 0.759162, 0.087260, 27.439352, -8.325730, 4.456743, 1.684628, -0.440588, 0.039875, 0.002375, 13.637695, 16.079712, 224.487289
0.001745, 0.191972, 1070.000000, 0.017452, 2000.000000, 1000.000000, 17.066420, 15.755395, 16.896662, 18.281523, -0.673971, 0.589092, -0.018459, 0.008726, 0.959860, 0.087260, 31.478895, -8.735076, 5.179912, 1.198871, -0.049639, 0.100594, 0.001748, 13.497070, 23.880005, 330.017059
-0.024433, 0.178010, 1072.000000, 0.015707, 2000.000000, 1000.000000, 16.621922, 17.127441, 17.394024, 16.856613, 0.260733, 0.125318, 0.007972, -0.122164, 0.890052, 0.078534, 32.720692, -6.903589, 5.823529, -0.584371, 0.696042, 0.073963, 0.001896, 13.551758, 19.119263, 260.925293
-0.033159, 0.193717, 1073.000000, 0.017452, 2000.000000, 1000.000000, 16.386959, 17.519577, 17.601028, 16.492435, 0.560302, 0.046732, -0.006007, -0.165794, 0.968586, 0.087260, 29.731335, -4.960175, 5.721932, -1.143631, 0.908028, 0.092072, 0.002304, 13.575195, 17.919922, 249.084457
-0.036649, 0.204188, 1072.000000, 0.015707, 2000.000000, 1000.000000, 16.463997, 17.169895, 17.383080, 16.983028, 0.276488, 0.183053, -0.076461, -0.183246, 1.020942, 0.078534, 26.951023, -3.014896, 5.836568, -0.675983, 0.730130, 0.131487, 0.001802, 13.579102, 17.721558, 246.398911
-0.094241, 0.198953, 1072.000000, 0.015707, 2000.000000, 1000.000000, 16.916319, 16.542681, 16.819109, 17.721891, -0.319105, 0.270501, -0.132286, -0.471204, 0.994764, 0.078534, 26.143974, -1.397095, 6.232366, 0.075024, 0.545840, 0.168771, 0.002237, 13.622070, 15.600586, 217.529282
-0.136126, 0.197208, 1079.000000, 0.015707, 2000.000000, 1000.000000, 17.079720, 16.550339, 16.762699, 17.607243, -0.343482, 0.184972, -0.078790, -0.680628, 0.986038, 0.078534, 26.791317, 1.078152, 6.823782, -0.096483, 0.686454, 0.132552, 0.002268, 13.594727, 17.321777, 241.027817
-0.137871, 0.207679, 1095.000000, 0.015707, 2000.000000, 1000.000000, 18.604303, 18.998175, 19.368074, 19.029448, 0.183125, 0.198761, -0.013811, -0.689354, 1.038394, 0.078534, 25.062868, 2.818569, 7.186960, -1.034975, 0.721608, 0.088877, 0.001748, 13.282227, 30.841064, 419.921844
-0.118674, 0.211169, 1106.000000, 0.017452, 2000.000000, 1000.000000, 19.155729, 20.591879, 21.014421, 19.237970, 0.803151, 0.126195, 0.085076, -0.593368, 1.055846, 0.087260, 20.333813, 4.418723, 7.651986, -2.026730, 0.866483, 0.030287, 0.001756, 13.137695, 37.680054, 507.324188
-0.111693, 0.219895, 1105.000000, 0.015707, 2000.000000, 1000.000000, 20.141153, 19.493700, 20.523230, 19.841917, 0.008465, 0.182573, 0.332191, -0.558464, 1.099476, 0.078534, 13.518131, 7.118894, 8.042128, -0.587566, 0.808959, -0.145480, 0.002202, 13.235352, 32.681274, 442.382782
-0.109948, 0.225131, 1105.000000, 0.017452, 2000.000000, 1000.000000, 20.624382, 18.685734, 19.873524, 20.816360, -0.720371, 0.344942, 0.248953, -0.549738, 1.125654, 0.087260, 13.940033, 9.042518, 7.597841, 0.689678, 0.554362, -0.080499, 0.002256, 13.297852, 28.240967, 384.399384
-0.108202, 0.221640, 1104.000000, 0.015707, 2000.000000, 1000.000000, 20.083035, 19.511009, 20.305157, 20.100800, -0.091916, 0.202978, 0.194096, -0.541012, 1.108202, 0.078534, 14.537680, 10.927509, 7.330816, -0.393689, 0.781262, -0.052803, 0.001803, 13.290039, 29.241943, 397.827118
-0.108202, 0.204188, 1101.000000, 0.015707, 2000.000000, 1000.000000, 18.829290, 21.113100, 21.449873, 18.607737, 1.281487, 0.028805, 0.139582, -0.541012, 1.020942, 0.078534, 9.401358, 12.647576, 8.301032, -2.788389, 0.995379, -0.015519, 0.002093, 13.223633, 31.079102, 421.081512
-0.099476, 0.191972, 1081.000000, 0.015707, 2000.000000, 1000.000000, 17.816975, 18.346710, 18.884628, 16.951687, 0.615670, -0.081843, 0.350801, -0.497382, 0.959860, 0.078534, -2.166529, 15.325481, 10.744749, -1.582517, 1.125340, -0.158263, 0.002204, 13.586914, 14.279175, 198.730453
-0.097731, 0.197208, 1056.000000, 0.015707, 2000.000000, 1000.000000, 15.643412, 14.106991, 14.889139, 15.360458, -0.501935, 0.124799, 0.266275, -0.488656, 0.986038, 0.078534, -3.774702, 17.593828, 10.798474, 0.381818, 0.794045, -0.101805, 0.001753, 13.723633, 8.599854, 120.788567
-0.125654, 0.193717, 1043.000000, 0.015707, 2000.000000, 1000.000000, 14.484950, 12.983808, 13.888371, 14.642871, -0.563910, 0.265621, 0.186660, -0.628272, 0.968586, 0.078534, -1.216540, 20.434088, 9.724906, 0.342404, 0.527731, -0.047476, 0.002237, 13.797852, 7.360840, 104.003899
-0.150087, 0.150087, 1044.000000, 0.015707, 2000.000000, 1000.000000, 13.975591, 13.803153, 14.303813, 13.917443, 0.053483, 0.110628, 0.139702, -0.750436, 0.750436, 0.078534, -2.261326, 21.773617, 10.041433, -0.860272, 0.574602, -0.015519, 0.002364, 13.731445, 7.800293, 109.924309
-0.151832, 0.080279, 1044.000000, 0.015707, 2000.000000, 1000.000000, 13.592658, 14.695382, 14.604583, 13.107377, 0.649983, -0.144020, 0.098620, -0.759162, 0.401396, 0.078534, -6.740399, 22.666994, 11.754009, -1.929791, 0.666214, 0.012178, 0.001779, 13.735352, 9.838867, 138.427734
-0.125654, 0.048866, 1045.000000, 0.015707, 2000.000000, 1000.000000, 13.389345, 14.973972, 14.767384, 12.869299, 0.870678, -0.181658, 0.078364, -0.628272, 0.244328, 0.078534, -13.284127, 23.077131, 14.314981, -2.165213, 0.568211, 0.026026, 0.002160, 13.754883, 8.599854, 121.093742
-0.125654, 0.034904, 1045.000000, 0.015707, 2000.000000, 1000.000000, 13.340154, 14.426890, 14.710177, 13.522779, 0.568534, 0.116478, 0.025166, -0.628272, 0.174520, 0.078534, -21.655674, 22.024000, 17.815369, -1.636845, -0.024073, 0.062245, 0.002187, 13.739258, 9.960938, 140.075684
-0.132635, 0.020942, 1045.000000, 0.015707, 2000.000000, 1000.000000, 13.429225, 14.012866, 14.677646, 13.880263, 0.345255, 0.278954, 0.053436, -0.663176, 0.104712, 0.078534, -25.279856, 20.308588, 19.277950, -1.292767, -0.384130, 0.043071, 0.001747, 13.743164, 9.719849, 136.718750
-0.136126, 0.003490, 1045.000000, 0.015707, 2000.000000, 1000.000000, 13.399829, 13.748132, 14.618798, 14.233241, 0.183465, 0.426020, 0.009314, -0.680628, 0.017452, 0.078534, -27.760523, 17.838270, 20.244684, -1.017930, -0.725012, 0.072898, 0.002200, 13.731445, 10.598755, 148.986816
-0.101222, -0.001745, 1039.000000, 0.015707, 2000.000000, 1000.000000, 12.147181, 12.980976, 13.802240, 13.069603, 0.391608, 0.435922, -0.025289, -0.506108, -0.008726, 0.078534, -30.652409, 13.347289, 21.356422, -1.200089, -0.768688, 0.096333, 0.002293, 13.747070, 9.799194, 137.878418
-0.073298, -0.010471, 1043.000000, 0.015707, 2000.000000, 1000.000000, 12.973819, 14.355702, 14.942475, 13.728004, 0.649089, 0.335239, -0.041853, -0.366492, -0.052356, 0.078534, -33.397549, 10.297727, 22.180595, -1.523928, -0.646183, 0.108051, 0.001756, 13.723633, 11.239624, 158.020020
-0.033159, -0.108202, 1047.000000, 0.015707, 2000.000000, 1000.000000, 13.266047, 14.286700, 14.724286, 13.722966, 0.505493, 0.223626, -0.004834, -0.165794, -0.541012, 0.078534, -37.478523, 5.128123, 23.082548, -1.052019, -0.943390, 0.082485, 0.002314, 13.739258, 9.838867, 138.427734
-0.027923, -0.169284, 1046.000000, 0.015707, 2000.000000, 1000.000000, 13.513699, 13.990417, 14.335457, 14.160427, 0.162937, 0.247942, -0.075422, -0.139616, -0.846422, 0.078534, -38.149437, 1.602637, 23.424561, -0.429908, -1.299186, 0.130422, 0.002204, 13.715820, 11.599731, 162.292465
-0.024433, -0.216405, 1046.000000, 0.015707, 2000.000000, 1000.000000, 13.699953, 13.581364, 14.166275, 14.552408, -0.126181, 0.359342, -0.066886, -0.122164, -1.082024, 0.078534, -36.844116, -2.303815, 23.778337, 0.095264, -1.749790, 0.125095, 0.001753, 13.747070, 9.399414, 132.324219
-0.003490, -0.178010, 1043.000000, 0.015707, 2000.000000, 1000.000000, 13.441991, 13.349153, 14.316133, 14.892724, -0.167358, 0.604429, -0.120939, -0.017452, -0.890052, 0.078534, -34.145084, -6.819275, 24.382982, 0.275292, -1.967103, 0.161314, 0.002187, 13.754883, 9.561157, 134.704590
0.003490, -0.076789, 1103.000000, 0.015707, 2000.000000, 1000.000000, 19.125362, 19.101852, 20.590797, 21.181988, -0.153674, 0.886393, -0.141920, 0.017452, -0.383944, 0.078534, -29.661732, -13.460519, 25.862213, 0.283814, -1.933015, 0.175162, 0.002272, 13.364258, 26.760864, 366.332977
0.022688, 0.003490, 1116.000000, 0.015707, 2000.000000, 1000.000000, 20.077894, 20.133642, 21.938623, 21.849840, 0.036133, 0.894232, 0.008259, 0.113438, 0.017452, 0.078534, -27.123070, -17.580050, 26.934368, 0.053719, -1.561240, 0.073963, 0.001755, 12.922852, 45.080566, 597.229004
0.003490, 0.069808, 1121.000000, 0.015707, 2000.000000, 1000.000000, 22.237997, 20.852350, 22.121267, 22.788385, -0.513191, 0.454827, 0.179632, 0.017452, 0.349040, 0.078534, -23.756828, -20.138756, 27.878315, 0.905925, -0.431001, -0.042150, 0.002383, 12.895508, 51.202393, 675.537048
0.001745, 0.097731, 1122.000000, 0.015707, 2000.000000, 1000.000000, 22.087532, 21.041656, 21.883587, 22.987225, -0.537378, 0.435405, -0.014440, 0.008726, 0.488656, 0.078534, -20.921837, -19.547873, 29.011610, 0.946405, -0.257364, 0.088877, 0.002147, 12.969727, 43.481445, 576.599121
-0.001745, 0.129145, 1121.000000, 0.015707, 2000.000000, 1000.000000, 21.683359, 20.631533, 22.633440, 23.051668, -0.367513, 0.842555, 0.158399, -0.008726, 0.645724, 0.078534, -18.244326, -19.684029, 29.951855, 0.637480, -0.818755, -0.028302, 0.001748, 12.969727, 42.642212, 566.528320
-0.001745, 0.136126, 1120.000000, 0.010471, 2000.000000, 1000.000000, 21.740179, 20.982187, 22.661615, 22.616018, -0.178098, 0.638816, 0.200898, -0.008726, 0.680628, 0.052356, -15.254448, -21.806070, 30.546423, 0.300859, -0.417153, -0.083695, 0.002099, 13.211914, 30.001831, 405.700653
-0.001745, 0.141361, 1091.000000, 0.005236, 2000.000000, 1000.000000, 19.373692, 18.447865, 18.759007, 19.419437, -0.396565, 0.089222, 0.066349, -0.008726, 0.706806, 0.026178, -14.191856, -20.927557, 30.776175, 0.677960, 0.566080, -0.018714, 0.002382, 13.540039, 11.279297, 156.433105
0.001745, 0.162304, 1081.000000, 0.005236, 2000.000000, 1000.000000, 18.697479, 17.336796, 17.701889, 18.263836, -0.480658, -0.017138, 0.199685, 0.008726, 0.811518, 0.026178, -13.368579, -18.068218, 30.903698, 0.855858, 0.865418, -0.109261, 0.001768, 13.579102, 14.959717, 207.824692
0.003490, 0.202443, 1073.000000, 0.000000, 2000.000000, 1000.000000, 17.284008, 15.890864, 17.293751, 17.531376, -0.407692, 0.412563, 0.288880, 0.017452, 1.012216, 0.000000, -11.658040, -14.361015, 30.613808, 0.726962, 0.315745, -0.195547, 0.002201, 13.598633, 12.719727, 177.124008
0.013962, 0.226876, 1069.000000, -0.006981, 2000.000000, 1000.000000, 15.925864, 15.090959, 16.204752, 16.778425, -0.352145, 0.491588, 0.065308, 0.069808, 1.134380, -0.034904, -10.326954, -12.935535, 30.581942, 0.684351, 0.302961, -0.079434, 0.002229, 13.567383, 16.360474, 227.233871
0.010471, 0.246073, 1068.000000, -0.008726, 2000.000000, 1000.000000, 16.023243, 15.208965, 16.027515, 16.740276, -0.381759, 0.383896, 0.025379, 0.052356, 1.230366, -0.043630, -9.168763, -11.017499, 30.698792, 0.729092, 0.588451, -0.061325, 0.001752, 13.637695, 12.399292, 173.095688
0.003490, 0.270506, 1068.000000, -0.008726, 2000.000000, 1000.000000, 16.598982, 14.937627, 15.691813, 16.771578, -0.685280, 0.231695, 0.145398, 0.017452, 1.352530, -0.043630, -7.209423, -5.728551, 30.500477, 1.207393, 0.980465, -0.142284, 0.002296, 13.622070, 13.241577, 184.692368
0.003490, 0.267016, 1068.000000, -0.008726, 2000.000000, 1000.000000, 16.514059, 14.963640, 15.580946, 16.941355, -0.727706, 0.261150, 0.047503, 0.017452, 1.335078, -0.043630, -5.514396, -1.780964, 30.298149, 1.283026, 0.912289, -0.076238, 0.002280, 13.618164, 13.558960, 191.833481
0.043630, 0.232112, 1069.000000, -0.006981, 2000.000000, 1000.000000, 16.268042, 15.374067, 15.708094, 16.649797, -0.458919, 0.178946, -0.011933, 0.218150, 1.160558, -0.034904, -4.026905, 1.935397, 30.197241, 1.033756, 0.880331, -0.027237, 0.001768, 13.583008, 15.078735, 209.716782
0.069808, 0.228621, 1068.000000, -0.003490, 2000.000000, 1000.000000, 16.076191, 15.025907, 16.146793, 16.751110, -0.413650, 0.448952, 0.111492, 0.349040, 1.143106, -0.017452, -1.619551, 6.469669, 29.787933, 1.083823, 0.389247, -0.093282, 0.001941, 13.563477, 16.281128, 226.196274
0.036649, 0.223386, 1054.000000, -0.003490, 2000.000000, 1000.000000, 15.182022, 13.679634, 14.796139, 16.342205, -0.762114, 0.569171, -0.010920, 0.183246, 1.116928, -0.017452, 1.023154, 8.708154, 29.294592, 1.505665, 0.154891, -0.010192, 0.002329, 13.583008, 14.440918, 200.805649
0.029668, 0.219895, 1044.000000, 0.005236, 2000.000000, 1000.000000, 14.441407, 12.663495, 13.782199, 15.112899, -0.777153, 0.447549, 0.111804, 0.148342, 1.099476, 0.026178, 4.361656, 11.176100, 28.707411, 1.520579, 0.342376, -0.049607, 0.001854, 13.766602, 6.521606, 91.918938
0.029668, 0.209424, 1043.000000, 0.006981, 2000.000000, 1000.000000, 14.542950, 13.190361, 13.768940, 14.497749, -0.520350, 0.133345, 0.155945, 0.148342, 1.047120, 0.034904, 6.801687, 14.340448, 28.011728, 1.067844, 0.840917, -0.070912, 0.001919, 13.750977, 7.641602, 107.604973
0.038394, 0.191972, 1023.000000, 0.012216, 2000.000000, 1000.000000, 12.621948, 11.663363, 11.800442, 11.914248, -0.268098, -0.142655, 0.211195, 0.191972, 0.959860, 0.061082, 7.625879, 19.783541, 27.534470, 0.661981, 1.228670, -0.081565, 0.002389, 13.958008, 0.000000, 0.000000
0.033159, 0.191972, 1021.000000, 0.012216, 2000.000000, 1000.000000, 12.491796, 11.540621, 11.763382, 12.204201, -0.347999, -0.016209, 0.127589, 0.165794, 0.959860, 0.061082, 7.863286, 23.284092, 27.296282, 0.782355, 1.015619, -0.025106, 0.001897, 13.817383, 5.801392, 82.092278
0.034904, 0.190227, 1023.000000, 0.008726, 2000.000000, 1000.000000, 12.413900, 11.180605, 11.811184, 12.594311, -0.504105, 0.202747, 0.112542, 0.174520, 0.951134, 0.043630, 9.241190, 26.395710, 26.664217, 1.068909, 0.621473, -0.032563, 0.001794, 13.793945, 5.999756, 84.777824
0.005236, 0.172775, 1036.000000, -0.040140, 2000.000000, 1000.000000, 13.202579, 11.929276, 12.531980, 14.336165, -0.769372, 0.434072, -0.132721, 0.026178, 0.863874, -0.200698, 13.690615, 29.809603, 24.239719, 1.367182, 0.127194, -0.112457, 0.002288, 13.790039, 6.201172, 87.585442
0.000000, 0.122164, 1043.000000, -0.064572, 2000.000000, 1000.000000, 14.114779, 13.304985, 13.394720, 15.185516, -0.650147, 0.290118, -0.245251, 0.000000, 0.610820, -0.322862, 17.191488, 31.367594, 22.094301, 1.144543, 0.117607, -0.159328, 0.001901, 13.465820, 22.201538, 306.213379
0.001745, 0.064572, 1060.000000, -0.085515, 2000.000000, 1000.000000, 16.101389, 15.783827, 15.496151, 16.618635, -0.360011, 0.057393, -0.201231, 0.008726, 0.322862, -0.427574, 19.670290, 32.731594, 20.132326, 0.646002, 0.230524, -0.295681, 0.001756, 13.598633, 15.280151, 212.829575
-0.003490, 0.005236, 1061.000000, -0.090750, 2000.000000, 1000.000000, 15.921997, 15.790364, 15.806344, 16.481297, -0.201646, 0.143820, -0.135830, -0.017452, 0.026178, -0.453752, 21.670815, 33.546627, 17.677294, 0.331751, -0.222211, -0.365988, 0.002263, 13.563477, 15.560913, 216.186508
-0.020942, 0.001745, 1069.000000, -0.087260, 2000.000000, 1000.000000, 15.772773, 15.369468, 16.298197, 16.559565, -0.166168, 0.428880, 0.035484, -0.104712, 0.008726, -0.436300, 22.719257, 32.337734, 16.008068, 0.179419, -0.734600, -0.463992, 0.002344, 13.579102, 15.481567, 215.332016
-0.031414, -0.005236, 1071.000000, -0.059337, 2000.000000, 1000.000000, 17.143581, 15.903153, 17.488056, 17.465210, -0.304395, 0.476634, 0.315818, -0.157068, -0.026178, -0.296684, 24.133526, 30.304604, 13.993756, 0.374361, -0.865626, -0.515124, 0.001753, 13.489258, 20.480347, 282.592773
-0.038394, -0.020942, 1070.000000, -0.027923, 2000.000000, 1000.000000, 17.414383, 15.972409, 17.153934, 17.459274, -0.436830, 0.306605, 0.284158, -0.191972, -0.104712, -0.139616, 27.634121, 27.678415, 10.486106, 0.567173, -0.647248, -0.334031, 0.001937, 13.528320, 17.401123, 241.027817
-0.036649, 0.000000, 1070.000000, -0.019197, 2000.000000, 1000.000000, 16.990931, 16.289446, 17.379503, 17.340120, -0.165526, 0.359812, 0.185216, -0.183246, 0.000000, -0.095986, 29.109207, 26.168875, 9.122572, 0.102721, -0.622747, -0.222179, 0.002307, 13.508789, 18.881226, 261.108398
-0.034904, 0.001745, 1071.000000, -0.015707, 2000.000000, 1000.000000, 16.844351, 16.326426, 17.569319, 17.259905, -0.052127, 0.414611, 0.206834, -0.174520, 0.008726, -0.078534, 29.314991, 24.524908, 8.448908, -0.091156, -0.716490, -0.220048, 0.001837, 13.543945, 16.159058, 224.182114
-0.068063, -0.029668, 1070.000000, 0.000000, 2000.000000, 1000.000000, 17.201286, 15.964417, 17.796604, 17.037693, -0.119490, 0.417149, 0.498945, -0.340314, -0.148342, 0.000000, 28.733011, 21.251827, 7.509591, -0.144419, -0.873083, -0.337227, 0.002393, 13.497070, 19.281006, 265.380859
-0.115183, -0.068063, 1071.000000, 0.000000, 2000.000000, 1000.000000, 17.092567, 16.097519, 17.676449, 17.133465, -0.113015, 0.404956, 0.384508, -0.575916, -0.340314, 0.000000, 28.332899, 18.743042, 6.816364, -0.391559, -1.063764, -0.261593, 0.001794, 13.532227, 19.360352, 267.578125
-0.171030, -0.076789, 1070.000000, -0.001745, 2000.000000, 1000.000000, 16.472229, 15.980247, 18.237755, 17.309769, 0.109001, 0.773763, 0.354993, -0.855148, -0.383944, -0.008726, 25.964996, 12.402501, 6.495243, -1.062671, -1.732746, -0.248810, 0.002378, 13.512695, 18.521118, 256.286621
-0.207679, -0.047120, 1070.000000, -0.003490, 2000.000000, 1000.000000, 16.406698, 16.249895, 18.043253, 17.300154, 0.146573, 0.671703, 0.224975, -1.038394, -0.235602, -0.017452, 23.107170, 7.738643, 6.431634, -1.319398, -1.411038, -0.169981, 0.002198, 13.497070, 18.679810, 258.178711
-0.235602, -0.031414, 1070.000000, -0.008726, 2000.000000, 1000.000000, 16.689545, 16.488632, 17.649494, 17.172329, 0.069063, 0.410912, 0.169520, -1.178010, -0.157068, -0.043630, 19.717949, 4.344077, 6.345159, -1.334312, -0.881605, -0.159328, 0.001858, 13.540039, 16.760254, 232.421860
-0.239092, -0.019197, 1070.000000, -0.012216, 2000.000000, 1000.000000, 16.798994, 16.732946, 17.647055, 16.821005, 0.190001, 0.234029, 0.223025, -1.195462, -0.095986, -0.061082, 16.029844, 2.174066, 6.015006, -1.550559, -0.506634, -0.212591, 0.002212, 13.559570, 15.280151, 212.219223
-0.242583, 0.003490, 1070.000000, -0.012216, 2000.000000, 1000.000000, 16.184372, 16.674843, 17.909100, 17.231686, 0.291970, 0.570393, 0.046735, -1.212914, 0.017452, -0.061082, 9.587825, -1.121239, 5.429605, -1.747632, -0.970021, -0.093282, 0.002308, 13.512695, 18.600464, 257.202148
-0.244328, 0.005236, 1070.000000, -0.019197, 2000.000000, 1000.000000, 15.756871, 16.593931, 18.137617, 17.511580, 0.365774, 0.824598, -0.052756, -1.221640, 0.026178, -0.095986, 5.006620, -4.636239, 5.025890, -1.897833, -1.414234, -0.061325, 0.001940, 13.481445, 19.039917, 263.000488
-0.260035, 0.024433, 1070.000000, -0.022688, 2000.000000, 1000.000000, 15.585526, 16.688107, 18.223335, 17.503033, 0.455721, 0.863184, -0.095569, -1.300174, 0.122164, -0.113438, -0.327780, -8.957156, 4.234889, -2.142843, -1.392929, -0.049607, 0.001771, 13.520508, 17.239380, 238.708481
-0.246073, 0.062827, 1068.000000, -0.029668, 2000.000000, 1000.000000, 14.894835, 16.097218, 16.787701, 16.220245, 0.442460, 0.503974, -0.158732, -1.230366, 0.314136, -0.148342, -8.836298, -13.372530, 2.423296, -2.026730, -0.554571, -0.042150, 0.002303, 13.633789, 11.718750, 163.574203
-0.212914, 0.087260, 1060.000000, -0.027923, 2000.000000, 1000.000000, 15.103103, 16.037819, 16.991219, 15.867858, 0.514520, 0.429539, 0.047162, -1.064572, 0.436300, -0.139616, -14.388331, -14.574548, 0.786137, -2.004359, -0.308496, -0.173177, 0.001755, 13.614258, 12.881470, 179.626450
-0.137871, 0.134380, 1053.000000, 0.006981, 2000.000000, 1000.000000, 13.946261, 14.612262, 16.635263, 14.806214, 0.623762, 0.720739, 0.290762, -0.689354, 0.671902, 0.034904, -19.961788, -15.668408, -1.152468, -1.806221, -0.573746, -0.162524, 0.001846, 13.692383, 9.439087, 132.324219
-0.040140, 0.190227, 1055.000000, 0.017452, 2000.000000, 1000.000000, 13.959107, 14.293620, 16.438568, 15.308705, 0.366094, 0.873636, 0.198837, -0.200698, 0.951134, 0.087260, -25.954933, -17.975569, -3.245341, -0.843228, -0.544984, -0.046411, 0.002274, 13.657227, 11.401367, 159.423828
-0.024433, 0.202443, 1055.000000, 0.017452, 2000.000000, 1000.000000, 14.515509, 14.425453, 15.876009, 15.183029, 0.150731, 0.529519, 0.195759, -0.122164, 1.012216, 0.087260, -27.550171, -18.404125, -3.905833, -0.384102, 0.115476, -0.044281, 0.002332, 13.653320, 10.800171, 151.000977
-0.001745, 0.212914, 1053.000000, 0.019197, 2000.000000, 1000.000000, 15.032055, 14.585314, 15.449743, 14.932888, 0.017528, 0.191316, 0.240899, -0.008726, 1.064572, 0.095986, -27.894222, -17.034731, -4.141543, -0.041089, 0.758892, -0.066651, 0.001822, 13.661133, 11.599731, 162.231430
0.036649, 0.228621, 1054.000000, 0.019197, 2000.000000, 1000.000000, 15.000239, 14.807584, 15.256391, 14.935786, 0.031987, 0.096089, 0.128315, 0.183246, 1.143106, 0.095986, -27.359278, -12.971041, -4.228368, 0.131483, 1.002836, 0.010048, 0.002303, 13.672852, 10.198975, 146.789551
0.034904, 0.228621, 1053.000000, 0.019197, 2000.000000, 1000.000000, 14.980738, 14.518959, 15.325771, 15.174532, -0.077634, 0.250152, 0.153255, 0.174520, 1.143106, 0.095986, -26.568663, -10.680247, -4.026016, 0.317903, 0.736521, -0.006997, 0.001876, 13.653320, 11.999512, 167.785629
0.019197, 0.233857, 1053.000000, 0.019197, 2000.000000, 1000.000000, 15.272204, 14.202983, 15.222615, 15.302197, -0.287201, 0.262406, 0.247410, 0.095986, 1.169284, 0.095986, -25.066429, -8.809981, -3.918329, 0.601261, 0.739717, -0.070912, 0.002057, 13.629883, 13.439941, 187.499985
0.022688, 0.235602, 1057.000000, 0.017452, 2000.000000, 1000.000000, 15.380798, 13.964626, 14.982033, 15.672543, -0.526670, 0.327288, 0.181415, 0.113438, 1.178010, 0.087260, -21.569851, -6.166452, -3.722077, 1.024169, 0.637452, -0.034693, 0.002392, 13.633789, 13.000488, 181.579575
0.024433, 0.237347, 1070.000000, 0.017452, 2000.000000, 1000.000000, 17.220167, 16.017096, 17.047567, 17.715170, -0.467669, 0.381369, 0.133867, 0.122164, 1.186736, 0.087260, -18.718952, -4.730848, -3.522086, 0.950666, 0.550101, -0.002736, 0.001913, 13.500977, 18.719482, 259.033203
0.022688, 0.237347, 1072.000000, 0.017452, 2000.000000, 1000.000000, 17.049795, 15.931519, 17.060984, 17.957701, -0.503747, 0.509343, 0.055390, 0.113438, 1.186736, 0.087260, -15.754734, -3.682236, -3.264639, 1.000733, 0.326397, 0.050527, 0.001811, 13.469727, 19.720459, 271.911621
0.045375, 0.226876, 1075.000000, 0.022688, 2000.000000, 1000.000000, 17.059383, 16.078625, 17.148697, 17.713295, -0.386340, 0.430996, 0.104040, 0.226876, 1.134380, 0.113438, -12.143791, -2.568902, -2.656102, 0.900599, 0.413748, 0.044136, 0.002352, 13.512695, 17.041016, 235.778793
0.052356, 0.202443, 1088.000000, 0.045375, 2000.000000, 1000.000000, 18.742075, 16.984068, 17.886507, 18.387350, -0.564713, 0.136929, 0.314291, 0.261780, 1.012216, 0.226876, -9.225823, -0.968479, -2.522680, 1.246807, 0.795111, 0.016439, 0.002339, 13.418945, 20.599365, 283.020020
0.052356, 0.198953, 1093.000000, 0.054101, 2000.000000, 1000.000000, 19.779743, 17.858013, 18.869579, 19.492664, -0.636203, 0.181121, 0.324662, 0.261780, 0.994764, 0.270506, -5.507824, 0.847339, -2.419679, 1.389552, 0.704564, 0.052658, 0.001748, 13.309570, 26.480103, 360.778778
0.036649, 0.198953, 1106.000000, 0.064572, 2000.000000, 1000.000000, 20.013271, 19.329388, 20.223892, 20.433449, -0.223360, 0.328670, 0.118582, 0.183246, 0.994764, 0.322862, -1.304112, 2.717463, -2.064061, 0.574630, 0.445706, 0.245469, 0.002281, 13.067383, 36.080933, 482.788055
0.034904, 0.197208, 1106.000000, 0.073298, 2000.000000, 1000.000000, 20.140163, 19.576660, 20.363384, 19.919792, -0.029978, 0.141588, 0.251773, 0.174520, 0.986038, 0.366492, -0.456718, 4.148179, -1.437003, 0.229486, 0.762088, 0.199663, 0.002199, 13.161133, 32.559204, 438.903778
0.038394, 0.195462, 1105.000000, 0.076789, 2000.000000, 1000.000000, 20.431547, 19.774752, 19.615065, 20.178637, -0.305091, -0.103149, 0.023307, 0.191972, 0.977312, 0.383944, 0.718669, 6.931695, -0.867101, 0.731223, 1.187125, 0.372235, 0.001847, 13.262695, 26.641846, 361.877411
-0.001745, 0.169284, 1101.000000, 0.078534, 2000.000000, 1000.000000, 20.052610, 18.992994, 20.272772, 20.681623, -0.367117, 0.477197, 0.162691, -0.008726, 0.846422, 0.392670, 4.362623, 9.791584, 0.065136, 0.627893, 0.037712, 0.285949, 0.002335, 13.122070, 33.361816, 448.425262
-0.052356, 0.116928, 1079.000000, 0.029668, 2000.000000, 1000.000000, 16.132858, 16.490784, 17.537357, 17.839001, 0.014071, 0.688179, -0.164892, -0.261780, 0.584642, 0.148342, 4.650398, 8.780599, 0.767960, -0.292490, -0.601442, 0.261448, 0.002131, 13.485352, 16.079712, 221.984848
-0.155323, 0.066318, 1065.000000, 0.015707, 2000.000000, 1000.000000, 15.597347, 15.424150, 16.334637, 16.643867, -0.120607, 0.489251, -0.034009, -0.776614, 0.331588, 0.078534, 3.441073, 7.103401, 1.409840, -0.585436, -0.522613, 0.102725, 0.001747, 13.657227, 9.600830, 134.216309
-0.184991, 0.006981, 1065.000000, 0.015707, 2000.000000, 1000.000000, 16.471952, 15.354869, 15.691411, 16.481768, -0.476860, 0.086589, 0.081682, -0.924956, 0.034904, 0.078534, 2.076443, 5.870773, 1.729042, -0.118853, -0.114620, 0.023896, 0.002298, 13.583008, 13.400269, 186.401352
-0.169284, 0.001745, 1065.000000, 0.013962, 2000.000000, 1000.000000, 16.409733, 15.326641, 15.866199, 16.397427, -0.403579, 0.131813, 0.137966, -0.846422, 0.008726, 0.069808, 1.748608, 5.431336, 1.776606, -0.164659, -0.221145, -0.022975, 0.002252, 13.563477, 14.001465, 193.420395
-0.120419, 0.001745, 1058.000000, 0.017452, 2000.000000, 1000.000000, 14.834065, 14.277574, 15.586675, 15.301686, -0.067876, 0.444181, 0.210370, -0.602094, 0.008726, 0.087260, 0.869271, 3.951643, 1.770169, -0.501280, -0.771884, -0.054933, 0.001782, 13.661133, 7.281494, 101.928703
-0.036649, 0.001745, 1054.000000, 0.125654, 2000.000000, 1000.000000, 15.126625, 13.655317, 16.899424, 14.318634, 0.277370, 0.609029, 1.013024, -0.183246, 0.008726, 0.628272, -1.738981, -0.316033, 1.533084, -0.668526, -1.048851, -0.050672, 0.002264, 13.637695, 12.521362, 174.621567
-0.031414, 0.001745, 1056.000000, 0.165794, 2000.000000, 1000.000000, 15.429929, 13.758039, 16.337894, 14.474139, 0.047966, 0.406016, 0.883911, -0.157068, 0.008726, 0.828970, -2.877939, -2.639434, 1.748798, -0.246684, -0.698381, 0.238013, 0.002148, 13.614258, 11.999512, 167.175278
-0.031414, 0.001745, 1054.000000, 0.212914, 2000.000000, 1000.000000, 15.725437, 13.830793, 15.923676, 14.520094, -0.122766, 0.221885, 0.824556, -0.157068, 0.008726, 1.064572, -3.076627, -4.014607, 2.777785, 0.052654, -0.376673, 0.516045, 0.002270, 13.618164, 11.041260, 154.296875
-0.026178, 0.003490, 1048.000000, 0.272251, 2000.000000, 1000.000000, 15.108877, 12.672863, 14.871717, 13.346542, -0.227709, 0.109130, 0.990297, -0.130890, 0.017452, 1.361256, -2.019707, -4.798612, 5.381982, 0.264640, -0.172144, 0.701400, 0.002304, 13.688477, 8.920288, 124.999992
-0.024433, 0.003490, 1047.000000, 0.298429, 2000.000000, 1000.000000, 14.791165, 12.696975, 15.231608, 13.280252, -0.035708, 0.255930, 1.011387, -0.122164, 0.017452, 1.492146, -1.497648, -5.521494, 7.461803, -0.059199, -0.434197, 0.819643, 0.001752, 13.668945, 10.281372, 143.920898
-0.029668, 0.001745, 1043.000000, 0.314136, 2000.000000, 1000.000000, 14.600250, 12.678383, 15.345901, 13.375465, 0.012142, 0.360683, 0.973076, -0.148342, 0.008726, 1.570680, -1.654155, -7.110099, 9.815287, -0.177442, -0.628074, 0.925104, 0.001766, 13.661133, 9.838867, 137.573242
-0.031414, 0.001745, 1041.000000, 0.321117, 2000.000000, 1000.000000, 14.625867, 12.956546, 14.932666, 13.484921, -0.055394, 0.208793, 0.779266, -0.157068, 0.008726, 1.605584, -2.056413, -9.344927, 13.848167, -0.066655, -0.355368, 1.091284, 0.002194, 13.676758, 9.719849, 135.986328
-0.029668, 0.001745, 1041.000000, 0.338569, 2000.000000, 1000.000000, 14.994973, 12.964227, 14.769408, 13.271392, -0.133182, 0.020400, 0.882191, -0.148342, 0.008726, 1.692844, -1.878787, -9.773343, 16.867388, 0.082481, -0.027268, 1.109393, 0.002281, 13.676758, 9.600830, 139.404297
-0.031414, 0.001745, 1042.000000, 0.376963, 2000.000000, 1000.000000, 15.395383, 12.605130, 14.891652, 13.107835, -0.251609, -0.000256, 1.143517, -0.157068, 0.008726, 1.884816, -1.256885, -9.533657, 19.959999, 0.281684, 0.010016, 1.126438, 0.001829, 13.657227, 10.559082, 147.705078
-0.029668, 0.001745, 1042.000000, 0.361256, 2000.000000, 1000.000000, 14.510337, 13.005511, 14.912887, 13.571265, -0.040801, 0.242076, 0.711612, -0.148342, 0.008726, 1.806282, -0.385404, -9.935694, 25.149759, -0.081569, -0.412892, 1.339489, 0.002292, 13.688477, 9.161377, 128.417969
-0.031414, 0.001745, 1041.000000, 0.197208, 2000.000000, 1000.000000, 12.911161, 14.291311, 14.115938, 14.681589, 0.203625, 0.398763, -0.486450, -0.157068, 0.008726, 0.986038, -0.550205, -11.710819, 28.710825, -0.516194, -0.686663, 1.323510, 0.002205, 13.661133, 10.119629, 141.601562
-0.031414, 0.001745, 1042.000000, 0.043630, 2000.000000, 1000.000000, 12.228561, 14.974321, 13.460419, 15.336699, 0.217370, 0.398559, -1.155510, -0.157068, 0.008726, 0.218150, -0.900168, -14.127100, 31.811979, -0.547087, -0.695185, 1.009259, 0.001747, 13.618164, 14.361572, 200.195297
-0.027923, 0.006981, 1044.000000, -0.013962, 2000.000000, 1000.000000, 13.328113, 14.215276, 13.581141, 14.875470, -0.101792, 0.228306, -0.545373, -0.139616, 0.034904, -0.069808, -0.511791, -16.534800, 34.387085, 0.033479, -0.362825, 0.299798, 0.002258, 13.672852, 9.680176, 135.620117
-0.029668, 0.012216, 1044.000000, -0.144852, 2000.000000, 1000.000000, 12.853642, 14.900774, 12.664043, 15.581541, -0.217591, 0.122793, -1.241157, -0.148342, 0.061082, -0.724258, 0.167875, -16.824003, 35.113499, 0.226291, -0.150838, 0.111247, 0.002379, 13.692383, 8.639526, 121.093742
-0.029668, 0.013962, 1038.000000, -0.253054, 2000.000000, 1000.000000, 11.703928, 14.236145, 11.312847, 14.747080, -0.225504, 0.029964, -1.491612, -0.148342, 0.069808, -1.265270, 0.805251, -16.574619, 35.096348, 0.243335, 0.018538, -0.262658, 0.001830, 13.653320, 11.279297, 157.714844
-0.027923, 0.022688, 1038.000000, -0.382199, 2000.000000, 1000.000000, 11.782983, 14.116286, 11.362454, 14.738276, -0.260630, 0.050366, -1.427282, -0.139616, 0.113438, -1.910994, 1.469639, -15.861932, 32.701370, 0.310446, 0.028125, -0.959337, 0.002320, 13.723633, 7.641602, 107.421867
-0.029668, 0.041885, 1039.000000, -0.472949, 2000.000000, 1000.000000, 11.651224, 14.027927, 11.199106, 15.121742, -0.386483, 0.160424, -1.574834, -0.148342, 0.209424, -2.364746, 2.450262, -15.355105, 29.893641, 0.521367, -0.065618, -1.317264, 0.002227, 13.688477, 10.241699, 143.493652
-0.027923, 0.047120, 1039.000000, -0.488656, 2000.000000, 1000.000000, 12.161244, 13.501718, 11.556874, 14.780164, -0.470704, 0.168519, -1.140941, -0.139616, 0.235602, -2.443280, 4.112471, -14.789443, 26.180952, 0.687547, -0.056030, -1.693300, 0.001758, 13.719727, 7.998657, 112.426750
-0.026178, 0.059337, 1039.000000, -0.453752, 2000.000000, 1000.000000, 12.700996, 13.117535, 12.284204, 13.897264, -0.299131, 0.090734, -0.507400, -0.130890, 0.296684, -2.268760, 6.135574, -13.719548, 19.295130, 0.387144, 0.145303, -1.944700, 0.002271, 13.704102, 9.201050, 129.089355
-0.027923, 0.085515, 1041.000000, -0.350785, 2000.000000, 1000.000000, 14.325295, 13.488040, 14.269868, 13.916797, -0.121046, 0.093332, 0.297581, -0.139616, 0.427574, -1.753926, 6.524208, -13.034012, 14.164298, 0.070763, 0.275265, -1.976658, 0.001813, 13.637695, 13.159180, 183.715805
-0.031414, 0.108202, 1091.000000, 0.017452, 2000.000000, 1000.000000, 21.141712, 16.868084, 20.954334, 17.035870, -0.088792, -0.004898, 2.048023, -0.157068, 0.541012, 0.087260, 5.855114, -11.413499, 6.949529, -0.011262, 0.562884, -1.298089, 0.002268, 13.008789, 42.361450, 564.636230
-0.024433, 0.108202, 1115.000000, 0.052356, 2000.000000, 1000.000000, 22.567793, 19.749220, 21.763094, 19.919893, -0.243843, -0.158506, 1.165444, -0.122164, 0.541012, 0.261780, 5.925301, -9.424042, 4.786710, 0.297663, 0.828134, -0.524712, 0.002213, 12.879883, 46.762085, 616.699219
-0.022688, 0.118674, 1120.000000, 0.071553, 2000.000000, 1000.000000, 23.315056, 20.608112, 22.752441, 21.324390, -0.319723, 0.038416, 1.033749, -0.113438, 0.593368, 0.357766, 6.909617, -7.534004, 3.946062, 0.447864, 0.543710, -0.341488, 0.001765, 12.723633, 54.000854, 702.697693
-0.026178, 0.186736, 1122.000000, 0.184991, 2000.000000, 1000.000000, 23.542187, 19.557549, 24.654148, 20.246117, 0.105848, 0.450132, 2.098167, -0.130890, 0.933682, 0.924956, 7.367124, -6.190664, 2.101918, -0.315926, 0.174065, -0.485297, 0.002259, 12.911133, 41.839600, 553.100586
-0.020942, 0.188482, 1118.000000, 0.261780, 2000.000000, 1000.000000, 22.526419, 19.125444, 23.529718, 18.818419, 0.327582, 0.174069, 2.028069, -0.104712, 0.942408, 1.308900, 5.941078, -5.286394, 1.270916, -0.678113, 0.659823, -0.052803, 0.002131, 13.137695, 29.641724, 398.925751
-0.024433, 0.186736, 1118.000000, 0.237347, 2000.000000, 1000.000000, 22.129725, 20.286127, 22.131453, 19.452696, 0.208790, -0.207925, 1.130589, -0.122164, 0.933682, 1.186736, 4.131692, -2.508322, 1.799520, -0.491693, 1.324543, 0.431890, 0.001903, 12.989258, 38.562012, 512.878418
-0.024433, 0.183246, 1116.000000, 0.169284, 2000.000000, 1000.000000, 21.814701, 20.325169, 21.123978, 20.736153, -0.275427, -0.069934, 0.469340, -0.122164, 0.916230, 0.846422, 3.756566, 1.046076, 3.243646, 0.353056, 1.060360, 0.536285, 0.002105, 12.997070, 36.322021, 483.398407
-0.026178, 0.176265, 1039.000000, 0.017452, 2000.000000, 1000.000000, 13.011165, 12.120709, 12.698339, 14.169787, -0.590476, 0.434063, -0.145248, -0.130890, 0.881326, 0.087260, 6.901145, 3.004085, 4.441161, 0.896338, 0.145303, 0.186880, 0.002292, 13.645508, 2.841187, 48.583981
-0.027923, 0.160558, 1002.000000, 0.015707, 2000.000000, 1000.000000, 9.965976, 9.582887, 10.428248, 10.022889, 0.005567, 0.225569, 0.197112, -0.139616, 0.802792, 0.078534, 7.938226, 3.747419, 4.523874, -0.150811, 0.425466, -0.054933, 0.001809, 17.258789, 0.000000, 3.723144
-0.031414, 0.120419, 1000.000000, 0.015707, 2000.000000, 1000.000000, 9.808152, 10.423408, 10.570153, 9.198287, 0.496781, -0.115780, 0.189152, -0.157068, 0.602094, 0.078534, 5.946414, 5.217266, 4.535192, -1.038170, 0.823872, -0.049607, 0.001785, 18.696289, 0.000000, 0.000000
-0.027923, 0.078534, 1000.000000, 0.015707, 2000.000000, 1000.000000, 10.453456, 10.469068, 9.995067, 9.082410, 0.232067, -0.461261, 0.224261, -0.139616, 0.392670, 0.078534, 1.838169, 9.366533, 4.728879, -0.549217, 1.206300, -0.073043, 0.002243, 14.040039, 0.039673, 0.610352
-0.034904, 0.048866, 1000.000000, 0.015707, 2000.000000, 1000.000000, 10.618149, 10.109888, 9.692692, 9.579271, -0.098711, -0.364019, 0.155420, -0.174520, 0.244328, 0.078534, 0.942637, 12.146680, 4.821966, -0.007001, 0.884592, -0.026171, 0.002319, 13.809570, 2.398682, 33.874512
-0.113438, 0.034904, 1002.000000, 0.015707, 2000.000000, 1000.000000, 10.735457, 9.404679, 9.661616, 10.198247, -0.466852, -0.070069, 0.198537, -0.567190, 0.174520, 0.078534, 1.220575, 13.744403, 4.620306, 0.236943, 0.304027, -0.055998, 0.001762, 13.797852, 3.479004, 49.072262
-0.212914, 0.038394, 1005.000000, 0.015707, 2000.000000, 1000.000000, 10.396973, 8.891314, 9.876007, 10.835707, -0.616340, 0.355857, 0.136490, -1.064572, 0.191972, 0.078534, 1.960291, 13.330739, 4.322264, -0.014458, -0.423544, -0.013388, 0.002291, 13.801758, 2.841187, 40.100098
-0.267016, 0.034904, 1007.000000, 0.015707, 2000.000000, 1000.000000, 10.010334, 9.080067, 10.008514, 10.901085, -0.455710, 0.454800, 0.009424, -1.335078, 0.174520, 0.078534, 1.294077, 11.825866, 4.557540, -0.570522, -0.616356, 0.072898, 0.002147, 13.782227, 4.119873, 58.105465
-0.240838, 0.031414, 1006.000000, 0.017452, 2000.000000, 1000.000000, 9.628040, 9.469833, 10.529654, 10.372473, -0.000257, 0.451063, 0.078847, -1.204188, 0.157068, 0.087260, -1.062801, 9.914159, 5.170486, -1.239504, -0.635531, 0.034548, 0.001749, 13.786133, 3.640747, 51.391598
-0.144852, 0.031414, 1019.000000, 0.169284, 2000.000000, 1000.000000, 11.142009, 10.278686, 12.899629, 9.679677, 0.589158, 0.289653, 1.020819, -0.724258, 0.157068, 0.846422, -7.407622, 7.262372, 6.243011, -1.779590, -0.347911, 0.160249, 0.001926, 13.680664, 10.079956, 141.174316
-0.136126, 0.029668, 1036.000000, 0.137871, 2000.000000, 1000.000000, 12.598692, 13.061392, 13.967422, 12.372494, 0.514407, 0.169958, 0.283057, -0.680628, 0.148342, 0.689354, -11.903938, 6.066205, 7.770082, -1.591039, -0.144447, 0.503262, 0.002379, 13.555664, 16.720581, 232.177719
-0.052356, 0.029668, 1042.000000, 0.122164, 2000.000000, 1000.000000, 13.757991, 14.231435, 14.793422, 13.217153, 0.512429, 0.005287, 0.275706, -0.261780, 0.148342, 0.610820, -15.564939, 5.547920, 9.436753, -1.171328, 0.143173, 0.429759, 0.001821, 13.653320, 10.079956, 132.019043
0.000000, 0.015707, 1070.000000, 0.080279, 2000.000000, 1000.000000, 16.911860, 17.157232, 17.489820, 16.441088, 0.323527, -0.034546, 0.200840, 0.000000, 0.078534, 0.401396, -17.994152, 5.650198, 10.581167, -0.564131, 0.141042, 0.268905, 0.002121, 13.325195, 28.601074, 390.319794
0.169284, 0.031414, 1074.000000, 0.034904, 2000.000000, 1000.000000, 16.248236, 16.855581, 17.703157, 17.193026, 0.279370, 0.448092, -0.024304, 0.846422, 0.157068, 0.174520, -17.908642, 4.678258, 11.508665, 0.385014, -0.616356, 0.192207, 0.002412, 13.418945, 20.199585, 277.526855
0.209424, 0.041885, 1075.000000, 0.029668, 2000.000000, 1000.000000, 16.159950, 16.524010, 17.866211, 17.449829, 0.195110, 0.658020, 0.013081, 1.047120, 0.209424, 0.148342, -15.856775, 2.835292, 11.795295, 0.733353, -0.943390, 0.141074, 0.001760, 13.469727, 17.761230, 244.995102
0.162304, 0.038394, 1075.000000, 0.020942, 2000.000000, 1000.000000, 16.374575, 16.469744, 17.640997, 17.514685, 0.055371, 0.577841, 0.007785, 0.811518, 0.191972, 0.104712, -13.371673, 0.788061, 12.028588, 0.736549, -0.820885, 0.100594, 0.001755, 13.473633, 17.678833, 243.774399
0.033159, 0.029668, 1080.000000, 0.015707, 2000.000000, 1000.000000, 17.830437, 17.429260, 18.185192, 18.555111, -0.192775, 0.370152, 0.007815, 0.165794, 0.148342, 0.078534, -10.225162, -1.281251, 12.403568, 0.506453, -0.492786, 0.073963, 0.002288, 13.485352, 17.239380, 237.976059
-0.040140, 0.031414, 1116.000000, 0.015707, 2000.000000, 1000.000000, 21.159904, 20.353096, 20.890560, 21.596439, -0.378172, 0.243499, 0.025233, -0.200698, 0.157068, 0.078534, -8.739402, -1.986187, 12.624529, 0.459582, -0.269082, 0.062245, 0.001772, 12.645508, 64.120483, 830.505310
-0.186736, 0.036649, 1132.000000, 0.012216, 2000.000000, 1000.000000, 23.319061, 22.092297, 22.754665, 23.833977, -0.576519, 0.294322, 0.036863, -0.933682, 0.183246, 0.061082, -7.795435, -2.382183, 12.798797, 0.053719, -0.328736, 0.036679, 0.001758, 12.524414, 60.961914, 783.019958
-0.246073, 0.024433, 1143.000000, 0.008726, 2000.000000, 1000.000000, 23.337755, 23.099630, 24.894606, 24.668009, -0.002881, 0.781308, 0.116181, -1.230366, 0.122164, 0.043630, -9.573142, -5.993237, 12.644034, -1.255483, -1.234205, -0.034693, 0.002145, 12.563477, 57.720947, 743.041931
-0.247818, 0.029668, 1142.000000, -0.003490, 2000.000000, 1000.000000, 23.249716, 23.293680, 24.976950, 24.479654, 0.135315, 0.728303, 0.113333, -1.239092, 0.148342, -0.017452, -12.736029, -10.002483, 11.972668, -1.504753, -1.115962, -0.094348, 0.002177, 12.586914, 54.681396, 704.711853
-0.148342, 0.033159, 1141.000000, -0.008726, 2000.000000, 1000.000000, 23.672981, 23.654163, 24.761097, 23.911758, 0.207630, 0.336427, 0.217039, -0.741710, 0.165794, -0.043630, -15.940080, -12.764677, 10.887418, -1.128717, -0.422479, -0.192351, 0.001803, 12.637695, 51.080322, 661.621033
0.024433, 0.057592, 1134.000000, 0.013962, 2000.000000, 1000.000000, 23.322136, 22.497353, 23.736279, 22.444233, 0.116816, 0.090255, 0.529208, 0.122164, 0.287958, 0.069808, -18.634285, -13.487591, 9.075242, -0.079438, 0.137846, -0.287159, 0.002277, 12.809570, 39.361572, 516.113281
0.146597, 0.089005, 1069.000000, 0.019197, 2000.000000, 1000.000000, 15.980894, 15.487329, 16.644156, 15.887621, 0.065742, 0.265888, 0.312524, 0.732984, 0.445026, 0.095986, -17.778030, -13.107146, 8.803156, 0.638545, -0.011290, -0.115653, 0.001816, 13.883789, 0.000000, 1.098633
0.183246, 0.118674, 1003.000000, 0.019197, 2000.000000, 1000.000000, 9.901301, 8.943530, 10.940877, 10.214292, -0.057797, 0.577584, 0.421089, 0.916230, 0.593368, 0.095986, -15.227393, -13.572193, 9.029310, 1.047604, -0.409696, -0.190221, 0.001758, 25.590820, 0.000000, 0.976562
0.198953, 0.179756, 1000.000000, 0.019197, 2000.000000, 1000.000000, 10.386548, 9.458232, 10.258037, 9.897183, -0.141866, 0.077610, 0.322292, 0.994764, 0.898778, 0.095986, -10.129419, -12.284795, 9.341883, 1.265982, 0.784458, -0.122044, 0.002247, 18.254883, 0.000000, 0.000000
0.186736, 0.178010, 1000.000000, 0.017452, 2000.000000, 1000.000000, 10.552328, 9.912006, 9.758009, 9.777657, -0.164993, -0.232167, 0.155169, 0.933682, 0.890052, 0.087260, -7.364697, -8.778157, 9.687341, 1.253199, 1.327739, -0.017649, 0.001748, 16.286133, 0.000000, 3.295898
0.157068, 0.197208, 1000.000000, 0.017452, 2000.000000, 1000.000000, 10.800105, 9.561463, 9.679530, 9.958901, -0.379504, -0.180784, 0.239817, 0.785340, 0.986038, 0.087260, -4.345120, -4.508824, 9.920791, 1.476903, 1.333066, -0.075173, 0.001835, 14.028320, 0.000000, 0.610352
0.146597, 0.214660, 1000.000000, 0.015707, 2000.000000, 1000.000000, 10.805507, 8.992715, 9.989089, 10.212689, -0.509098, 0.100889, 0.397298, 0.732984, 1.073298, 0.078534, 1.188854, 1.067957, 9.505751, 1.635627, 0.921876, -0.190221, 0.002338, 13.743164, 3.439331, 48.400875
0.129145, 0.211169, 1000.000000, 0.015707, 2000.000000, 1000.000000, 10.638433, 8.978769, 9.951607, 10.431190, -0.534812, 0.191398, 0.295020, 0.645724, 1.055846, 0.078534, 5.095373, 3.875889, 8.863048, 1.591951, 0.746109, -0.120979, 0.002285, 13.758789, 2.841187, 39.978027
0.106457, 0.198953, 1000.000000, 0.015707, 2000.000000, 1000.000000, 10.586679, 9.211539, 9.688527, 10.513255, -0.549966, 0.100891, 0.137603, 0.532286, 0.994764, 0.078534, 8.918670, 6.590988, 8.397443, 1.520579, 0.846243, -0.014453, 0.001750, 13.747070, 3.640747, 51.208492
0.031414, 0.167539, 1006.000000, 0.015707, 2000.000000, 1000.000000, 10.974999, 9.220611, 9.322545, 10.481845, -0.728423, -0.097805, 0.148772, 0.157068, 0.837696, 0.078534, 14.364292, 11.299215, 7.486790, 1.442815, 1.032663, -0.021910, 0.001904, 13.754883, 2.920532, 41.076656
0.003490, 0.130890, 1048.000000, 0.015707, 2000.000000, 1000.000000, 15.180931, 13.235502, 13.016630, 14.566936, -0.873933, -0.208217, 0.098781, 0.017452, 0.654450, 0.078534, 18.037220, 14.533517, 6.619335, 1.540819, 1.032663, 0.012178, 0.002286, 13.329102, 24.200439, 330.505341
-0.013962, 0.099476, 1071.000000, 0.015707, 2000.000000, 1000.000000, 18.123383, 16.086046, 15.792475, 17.998100, -1.060741, -0.104714, -0.042071, -0.069808, 0.497382, 0.078534, 22.268705, 17.359144, 5.651133, 1.795415, 0.696042, 0.108051, 0.001747, 13.278320, 27.001953, 367.004364
-0.034904, 0.068063, 1071.000000, 0.015707, 2000.000000, 1000.000000, 17.977528, 15.702987, 16.063564, 18.255920, -1.116724, 0.159743, 0.020546, -0.174520, 0.340314, 0.078534, 27.440964, 18.789534, 4.282105, 1.766653, 0.071801, 0.065441, 0.002188, 13.274414, 24.319458, 330.810516
-0.132635, 0.033159, 1080.000000, 0.015707, 2000.000000, 1000.000000, 18.574743, 17.302927, 17.383890, 18.738440, -0.656591, 0.061164, -0.020684, -0.663176, 0.165794, 0.078534, 32.346924, 18.766214, 3.032624, 0.462778, 0.062213, 0.093138, 0.002239, 13.278320, 23.800659, 321.594208
-0.157068, 0.036649, 1080.000000, 0.015707, 2000.000000, 1000.000000, 18.455168, 17.866030, 17.576971, 18.101831, -0.278500, -0.160599, 0.016069, -0.785340, 0.183246, 0.078534, 32.311268, 19.673141, 3.256512, -0.316991, 0.472337, 0.068637, 0.001752, 13.329102, 21.279907, 290.283203
-0.155323, 0.031414, 1067.000000, 0.015707, 2000.000000, 1000.000000, 16.191427, 16.177670, 15.786948, 15.843958, -0.017692, -0.184548, -0.010812, -0.776614, 0.157068, 0.078534, 30.481787, 21.104761, 4.104485, -0.766530, 0.488316, 0.086746, 0.001834, 13.571289, 8.639526, 120.117180
-0.144852, 0.022688, 1041.000000, 0.017452, 2000.000000, 1000.000000, 13.750447, 13.592355, 14.354005, 14.303193, -0.026820, 0.328599, 0.052226, -0.724258, 0.113438, 0.087260, 27.322803, 21.153412, 5.554727, -0.688766, -0.456567, 0.052658, 0.002269, 13.692383, 5.920410, 83.007805
-0.153578, 0.017452, 1040.000000, 0.017452, 2000.000000, 1000.000000, 14.010202, 13.185228, 14.206654, 14.597916, -0.304059, 0.402285, 0.108428, -0.767888, 0.087260, 0.087260, 26.340826, 19.376762, 5.997283, -0.255206, -0.621682, 0.014309, 0.001760, 13.715820, 4.519653, 63.476559
-0.214660, 0.008726, 1039.000000, 0.017452, 2000.000000, 1000.000000, 13.552079, 12.439954, 12.555356, 13.452611, -0.502345, 0.003984, 0.053718, -1.073298, 0.043630, 0.087260, 25.856829, 18.217979, 6.298593, -0.221118, 0.037712, 0.051593, 0.002351, 13.602539, 10.519409, 146.484375
-0.219895, 0.006981, 1041.000000, 0.015707, 2000.000000, 1000.000000, 14.325391, 13.828774, 13.702796, 14.143039, -0.234215, -0.077083, 0.014093, -1.099476, 0.034904, 0.078534, 24.600166, 18.435965, 6.850668, -0.716463, 0.170869, 0.069702, 0.002161, 13.610352, 9.719849, 135.498047
-0.216405, 0.005236, 1075.000000, 0.015707, 2000.000000, 1000.000000, 16.892443, 17.322889, 17.148119, 16.636549, 0.235504, -0.107667, 0.020280, -1.082024, 0.026178, 0.078534, 21.378901, 18.575191, 8.061588, -1.516471, 0.213480, 0.065441, 0.002201, 13.180664, 33.120728, 447.021454
-0.212914, 0.001745, 1132.000000, 0.015707, 2000.000000, 1000.000000, 22.620470, 23.396677, 23.498964, 22.483889, 0.447821, -0.008574, 0.059717, -1.064572, 0.008726, 0.078534, 16.177345, 18.082146, 9.870409, -1.869071, 0.023864, 0.038809, 0.002174, 12.618164, 55.682373, 719.909607
-0.228621, 0.001745, 1135.000000, 0.012216, 2000.000000, 1000.000000, 22.640612, 22.848837, 23.682692, 22.827860, 0.265765, 0.255276, 0.161652, -1.143106, 0.008726, 0.061082, 9.056909, 15.890441, 11.974495, -1.629388, -0.434197, -0.047476, 0.002332, 12.708008, 47.122192, 613.220215
-0.232112, 0.001745, 1135.000000, 0.010471, 2000.000000, 1000.000000, 22.583437, 22.634855, 23.758696, 23.023012, 0.196775, 0.390854, 0.171067, -1.160558, 0.008726, 0.052356, 5.274206, 13.515663, 12.812067, -1.537776, -0.676010, -0.063455, 0.001878, 12.708008, 48.040771, 624.694824
-0.160558, 0.003490, 1134.000000, 0.017452, 2000.000000, 1000.000000, 22.528191, 22.962753, 24.300434, 22.208622, 0.631594, 0.254528, 0.414312, -0.802792, 0.017452, 0.087260, 1.012952, 10.974835, 13.347575, -1.938313, -0.431001, -0.193417, 0.001747, 12.688477, 46.640015, 606.933594
-0.012216, 0.001745, 1073.000000, 0.020942, 2000.000000, 1000.000000, 16.679373, 17.317976, 18.478510, 15.524140, 0.898244, 0.001325, 0.578942, -0.061082, 0.008726, 0.104712, -6.578163, 8.467907, 13.655594, -1.622997, 0.006820, -0.286094, 0.002276, 13.528320, 4.199219, 58.227535
0.003490, 0.001745, 1043.000000, 0.062827, 2000.000000, 1000.000000, 14.700632, 13.243181, 15.043814, 13.012373, 0.143497, 0.028093, 0.872222, 0.017452, 0.008726, 0.314136, -9.036410, 7.896659, 13.197024, -0.236031, -0.042182, -0.276507, 0.001921, 15.098633, 0.000000, 0.610352
0.026178, 0.001745, 1000.000000, 0.068063, 2000.000000, 1000.000000, 10.797516, 8.650604, 10.245020, 10.306860, -0.552188, 0.275940, 0.521268, 0.130890, 0.008726, 0.340314, -7.433559, 7.450387, 12.592552, 1.106193, -0.476807, -0.011258, 0.001819, 19.821289, 0.000000, 2.380371
-0.001745, 0.001745, 1001.000000, 0.062827, 2000.000000, 1000.000000, 10.621568, 8.826674, 9.887403, 10.664355, -0.642961, 0.275879, 0.254485, -0.008726, 0.008726, 0.314136, -1.744372, 6.331689, 12.421903, 1.110454, -0.471481, 0.144270, 0.002342, 15.770508, 0.000000, 0.610352
-0.001745, 0.001745, 1003.000000, 0.024433, 2000.000000, 1000.000000, 10.060136, 9.503196, 10.128249, 10.308419, -0.184277, 0.218334, 0.094192, -0.008726, 0.008726, 0.122164, 0.309801, 5.678444, 12.490142, 0.314707, -0.373477, 0.059049, 0.002104, 13.743164, 2.639771, 37.109375
-0.001745, 0.001745, 1005.000000, 0.019197, 2000.000000, 1000.000000, 9.792744, 9.753696, 10.562571, 9.890989, 0.158133, 0.226780, 0.177657, -0.008726, 0.008726, 0.095986, 0.432314, 4.632295, 12.522007, -0.288229, -0.391587, -0.024041, 0.001760, 13.747070, 1.919556, 26.977537
-0.003490, 0.001745, 1008.000000, 0.017452, 2000.000000, 1000.000000, 9.693762, 9.946785, 10.591864, 9.767590, 0.269324, 0.179727, 0.142813, -0.017452, 0.008726, 0.087260, -0.518441, 3.455532, 12.511195, -0.492758, -0.308496, -0.009127, 0.001809, 13.731445, 2.880859, 40.527340
-0.033159, 0.003490, 1009.000000, 0.015707, 2000.000000, 1000.000000, 9.747932, 9.912367, 10.195368, 10.144333, 0.053867, 0.169850, -0.028350, -0.165794, 0.017452, 0.078534, -1.800402, 1.974529, 12.764462, -0.263728, -0.278669, 0.098464, 0.002237, 13.715820, 4.119873, 57.800289
-0.033159, 0.006981, 1009.000000, 0.015707, 2000.000000, 1000.000000, 9.841908, 9.785814, 10.104607, 10.267672, -0.054789, 0.186139, -0.026743, -0.165794, 0.034904, 0.078534, -2.026949, 1.130977, 13.050279, -0.074112, -0.288257, 0.097399, 0.002306, 13.719727, 3.878784, 54.504391
-0.041885, 0.005236, 1010.000000, 0.015707, 2000.000000, 1000.000000, 10.957900, 10.757209, 11.045606, 11.239285, -0.098593, 0.142446, 0.001753, -0.209424, 0.026178, 0.078534, -1.976031, 0.419048, 13.287690, -0.041089, -0.224341, 0.078224, 0.001864, 13.665039, 7.360840, 103.027336
-0.057592, 0.006981, 1034.000000, 0.015707, 2000.000000, 1000.000000, 12.866802, 13.092695, 13.101685, 12.938818, 0.097190, 0.020252, -0.015756, -0.287958, 0.034904, 0.078534, -2.599258, -0.281635, 13.618032, -0.463996, 0.000428, 0.089942, 0.002267, 13.688477, 5.520630, 77.392578
-0.054101, 0.027923, 1074.000000, 0.015707, 2000.000000, 1000.000000, 16.542191, 17.383171, 17.417088, 16.657551, 0.400129, 0.037320, -0.020361, -0.270506, 0.139616, 0.078534, -4.555683, -0.579170, 13.844794, -0.978516, 0.078192, 0.093138, 0.001939, 13.114258, 33.761597, 453.796356
-0.050611, 0.054101, 1083.000000, 0.015707, 2000.000000, 1000.000000, 16.960222, 18.474760, 19.014853, 17.550165, 0.744805, 0.282509, -0.012463, -0.253054, 0.270506, 0.078534, -7.904887, -1.504453, 14.039534, -1.554820, -0.214754, 0.087811, 0.002102, 13.114258, 27.441406, 369.689911
-0.036649, 0.041885, 1114.000000, 0.015707, 2000.000000, 1000.000000, 19.842350, 20.434448, 22.365879, 21.357323, 0.400164, 0.861600, 0.104114, -0.183246, 0.209424, 0.078534, -12.940893, -6.030424, 13.972446, -0.884773, -1.278946, 0.008982, 0.002354, 12.797852, 43.121338, 565.124512
-0.034904, 0.034904, 1114.000000, 0.015707, 2000.000000, 1000.000000, 21.079454, 19.675516, 21.409876, 21.835154, -0.457304, 0.622515, 0.244665, -0.174520, 0.174520, 0.078534, -12.343652, -9.050217, 13.954701, 0.625762, -0.915693, -0.086891, 0.001757, 12.958008, 33.880615, 449.401825
-0.034904, 0.038394, 1114.000000, 0.015707, 2000.000000, 1000.000000, 21.517391, 20.076172, 20.417088, 21.989349, -0.753370, 0.203218, -0.032760, -0.174520, 0.191972, 0.078534, -9.155528, -9.726562, 14.461164, 1.146673, -0.162556, 0.101660, 0.001767, 12.946289, 35.241699, 467.407196
-0.031414, 0.036649, 1112.000000, 0.015707, 2000.000000, 1000.000000, 20.403654, 21.067183, 21.614973, 20.914190, 0.341078, 0.264582, 0.009314, -0.157068, 0.183246, 0.078534, -8.262132, -9.595001, 15.129724, -0.753747, -0.271212, 0.072898, 0.002187, 12.918945, 36.761475, 485.778778
-0.027923, 0.041885, 1076.000000, 0.017452, 2000.000000, 1000.000000, 15.781078, 16.636353, 18.433094, 17.149475, 0.534723, 0.791285, 0.107086, -0.139616, 0.209424, 0.087260, -10.596622, -12.141093, 14.766526, -1.075454, -1.160703, 0.015374, 0.002180, 12.938477, 0.000000, 15.502929
-0.026178, 0.047120, 1047.000000, 0.017452, 2000.000000, 1000.000000, 13.297065, 12.870292, 15.032609, 14.800035, -0.048550, 0.916322, 0.164837, -0.130890, 0.235602, 0.087260, -11.307524, -16.175459, 14.628542, -0.051742, -1.364167, -0.024041, 0.001996, 13.688477, 1.400757, 19.714355
-0.029668, 0.087260, 1007.000000, 0.017452, 2000.000000, 1000.000000, 10.509462, 8.829777, 9.723461, 10.937300, -0.723381, 0.330380, 0.116462, -0.148342, 0.436300, 0.087260, -7.613771, -18.292881, 15.628928, 1.109389, -0.129533, 0.008982, 0.002277, 18.817383, 0.000000, 0.793457
-0.027923, 0.125654, 1010.000000, 0.017452, 2000.000000, 1000.000000, 11.532591, 10.340633, 10.437538, 11.689238, -0.610914, 0.063388, -0.014935, -0.139616, 0.628272, 0.087260, -4.919020, -16.815157, 16.637356, 0.932556, 0.534122, 0.098464, 0.001844, 15.489258, 0.000000, 0.610352
-0.029668, 0.146597, 1010.000000, 0.015707, 2000.000000, 1000.000000, 11.358395, 10.588730, 10.854582, 11.198294, -0.278345, 0.026438, 0.106488, -0.148342, 0.732984, 0.078534, -3.810776, -14.632736, 17.087902, 0.340273, 0.707759, 0.006852, 0.001755, 13.696289, 4.400635, 61.706539
-0.020942, 0.155323, 1011.000000, 0.015707, 2000.000000, 1000.000000, 10.835814, 10.750376, 11.487339, 10.926472, 0.118858, 0.206906, 0.161576, -0.104712, 0.776614, 0.078534, -4.590250, -12.446060, 16.794531, -0.313795, 0.433988, -0.030432, 0.002301, 13.704102, 3.320312, 46.630856
-0.026178, 0.167539, 1012.000000, 0.015707, 2000.000000, 1000.000000, 10.731747, 10.670641, 11.512430, 11.085182, 0.091536, 0.298806, 0.122089, -0.130890, 0.837696, 0.078534, -5.784419, -11.778769, 16.515690, -0.296751, 0.334919, -0.003801, 0.001783, 13.676758, 4.800415, 67.199707
-0.024433, 0.190227, 1013.000000, 0.015707, 2000.000000, 1000.000000, 10.960135, 10.451661, 11.396714, 11.191489, -0.075812, 0.294102, 0.178424, -0.122164, 0.951134, 0.078534, -6.457762, -10.906263, 16.321772, 0.007913, 0.459554, -0.042150, 0.001853, 13.676758, 4.638672, 65.002441
-0.026178, 0.223386, 1048.000000, 0.015707, 2000.000000, 1000.000000, 14.366576, 13.377687, 13.871570, 14.384168, -0.375372, 0.127868, 0.119073, -0.130890, 1.116928, 0.078534, -6.049427, -7.939188, 16.206541, 0.520302, 0.919746, -0.001670, 0.002251, 13.391602, 18.481445, 253.601059
-0.026178, 0.230366, 1068.000000, 0.015707, 2000.000000, 1000.000000, 16.516600, 15.388463, 15.653268, 16.441668, -0.479135, 0.047468, 0.084935, -0.130890, 1.151832, 0.078534, -5.186890, -4.782990, 16.357542, 0.698200, 1.096578, 0.021765, 0.002272, 13.286133, 25.039673, 340.515106
-0.029668, 0.226876, 1104.000000, 0.013962, 2000.000000, 1000.000000, 20.413040, 19.329823, 19.833385, 20.423752, -0.418395, 0.128568, 0.123213, -0.148342, 1.134380, 0.069808, -4.292986, -1.494618, 16.393761, 0.585282, 0.943181, -0.013388, 0.001767, 12.950195, 39.001465, 517.333984
-0.031414, 0.226876, 1108.000000, 0.013962, 2000.000000, 1000.000000, 19.509489, 19.608858, 20.460833, 20.420820, 0.034845, 0.440826, -0.014839, -0.157068, 1.134380, 0.069808, -4.261436, 1.166939, 16.451010, -0.221118, 0.394574, 0.080355, 0.002278, 13.012695, 32.080078, 427.429169
-0.029668, 0.230366, 1106.000000, 0.015707, 2000.000000, 1000.000000, 19.948187, 19.998686, 20.133726, 19.919401, 0.066206, 0.026564, 0.040957, -0.148342, 1.151832, 0.078534, -5.582465, 2.706232, 16.672598, -0.266924, 1.130667, 0.051593, 0.002179, 13.055664, 30.520630, 407.897919
-0.029668, 0.226876, 1103.000000, 0.017452, 2000.000000, 1000.000000, 20.703297, 20.391945, 19.122150, 19.782608, -0.242952, -0.547621, -0.087277, -0.148342, 1.134380, 0.087260, -6.983875, 7.130335, 17.038847, 0.275292, 2.129878, 0.147466, 0.001800, 13.040039, 30.880737, 411.621063
-0.029668, 0.228621, 1101.000000, 0.017452, 2000.000000, 1000.000000, 19.960333, 18.652803, 19.992712, 21.394152, -0.677242, 0.693432, -0.023478, -0.148342, 1.143106, 0.087260, -5.283421, 13.087729, 17.173195, 1.024169, -0.031529, 0.103790, 0.002293, 13.036133, 30.401611, 406.005829
-0.029668, 0.230366, 1067.000000, 0.017452, 2000.000000, 1000.000000, 14.765228, 14.654428, 17.304756, 17.275589, -0.020409, 1.290172, 0.034991, -0.148342, 1.151832, 0.087260, -3.357443, 11.633348, 16.964211, -0.114592, -1.087200, 0.064376, 0.001809, 13.489258, 7.040405, 97.290031
-0.031414, 0.183246, 1000.000000, 0.017452, 2000.000000, 1000.000000, 8.609324, 9.647615, 11.519829, 10.223232, 0.583723, 0.871530, 0.064577, -0.157068, 0.916230, 0.087260, -4.511938, 8.456716, 17.257389, -1.190502, -0.599312, 0.044136, 0.001762, 21.227539, 0.000000, 0.000000
-0.033159, 0.005236, 1000.000000, 0.019197, 2000.000000, 1000.000000, 10.835618, 10.722703, 9.420186, 9.021493, 0.071445, -0.779161, 0.127902, -0.165794, 0.026178, 0.095986, -8.787607, 9.241096, 18.013906, -0.294620, 1.384198, 0.010048, 0.002264, 16.051758, 0.000000, 0.000000
-0.031414, -0.008726, 1000.000000, 0.017452, 2000.000000, 1000.000000, 11.404373, 10.227535, 8.797256, 9.570835, -0.487604, -0.815955, 0.100814, -0.157068, -0.043630, 0.087260, -9.316600, 13.248868, 18.112452, 0.687547, 1.377806, 0.019635, 0.002310, 13.782227, 0.241089, 3.417969
-0.029668, -0.048866, 1000.000000, 0.017452, 2000.000000, 1000.000000, 11.150580, 9.646461, 9.063313, 10.139646, -0.645113, -0.398520, 0.106947, -0.148342, -0.244328, 0.087260, -7.780802, 16.384005, 17.770639, 0.984754, 0.453163, 0.015374, 0.001813, 13.727539, 2.319336, 32.592773
-0.031414, 0.000000, 1023.000000, 0.017452, 2000.000000, 1000.000000, 11.824779, 10.824813, 12.326507, 13.023902, -0.424340, 0.675205, 0.075642, -0.157068, 0.000000, 0.087260, -3.852380, 15.618331, 16.822941, 0.579956, -1.176682, 0.036679, 0.002239, 13.696289, 3.439331, 48.217770
-0.029668, 0.003490, 1068.000000, 0.017452, 2000.000000, 1000.000000, 15.353655, 14.863797, 16.728991, 17.053560, -0.203607, 0.891275, 0.041322, -0.148342, 0.017452, 0.087260, -1.689028, 12.206989, 16.473684, 0.201790, -1.526086, 0.060115, 0.002437, 13.083008, 33.441162, 447.998016
-0.029668, 0.005236, 1079.000000, 0.017452, 2000.000000, 1000.000000, 16.382381, 16.340706, 17.728474, 17.548439, 0.034590, 0.638456, 0.055428, -0.148342, 0.026178, 0.087260, -0.655095, 8.741878, 16.405441, -0.214726, -1.098918, 0.050527, 0.001751, 13.192383, 24.359131, 329.528778
-0.029668, 0.005236, 1081.000000, 0.017452, 2000.000000, 1000.000000, 17.712490, 17.611217, 18.493034, 18.183258, 0.052126, 0.338147, 0.102761, -0.148342, 0.026178, 0.087260, -0.720572, 6.428635, 16.539366, -0.241358, -0.563093, 0.018570, 0.002213, 13.153320, 28.839111, 388.488739
-0.031414, 0.005236, 1104.000000, 0.017452, 2000.000000, 1000.000000, 20.013376, 19.361090, 20.097605, 20.527929, -0.270653, 0.312767, 0.055491, -0.157068, 0.026178, 0.087260, 0.063923, 4.386519, 16.610029, 0.308315, -0.518352, 0.050527, 0.002232, 12.946289, 35.159302, 465.637177
-0.031414, 0.001745, 1104.000000, 0.017452, 2000.000000, 1000.000000, 20.189365, 19.372372, 19.774952, 20.663311, -0.426338, 0.219131, -0.017842, -0.157068, 0.008726, 0.087260, 1.700426, 3.638124, 16.695065, 0.589543, -0.378803, 0.100594, 0.001752, 13.032227, 30.480957, 406.921356
-0.033159, 0.001745, 1104.000000, 0.017452, 2000.000000, 1000.000000, 19.316818, 19.419163, 20.696781, 20.567238, 0.057972, 0.632010, 0.006800, -0.165794, 0.008726, 0.087260, 2.879332, 1.993324, 16.898418, -0.269054, -1.090396, 0.083550, 0.002201, 13.051758, 29.241943, 390.808075
-0.034904, 0.001745, 1103.000000, 0.017452, 2000.000000, 1000.000000, 19.212069, 19.750319, 20.873072, 20.164541, 0.311695, 0.518807, 0.042570, -0.174520, 0.008726, 0.087260, 1.483019, -3.874299, 17.137165, -0.719658, -0.894388, 0.059049, 0.002312, 13.028320, 30.160522, 401.977509
-0.036649, 0.001745, 1068.000000, 0.017452, 2000.000000, 1000.000000, 17.164080, 16.118406, 14.966132, 15.751382, -0.457731, -0.641243, 0.065106, -0.183246, 0.008726, 0.087260, 1.316836, -3.085248, 17.222954, 0.606588, 1.121079, 0.044136, 0.002314, 13.461914, 5.841064, 80.505363
-0.036649, 0.001745, 1042.000000, 0.017452, 2000.000000, 1000.000000, 14.836579, 13.764691, 13.132735, 14.265994, -0.551286, -0.300635, -0.015343, -0.183246, 0.008726, 0.087260, 2.341066, 0.041779, 17.483814, 0.772768, 0.536253, 0.098464, 0.002249, 13.926758, 0.000000, 2.319336
-0.034904, 0.001745, 1043.000000, 0.017452, 2000.000000, 1000.000000, 13.695033, 13.137239, 14.425078, 14.742650, -0.218842, 0.583865, 0.060056, -0.174520, 0.008726, 0.087260, 3.903706, -0.281453, 17.678116, 0.213507, -1.022219, 0.047332, 0.001751, 13.598633, 6.439209, 89.599602
-0.029668, 0.008726, 1000.000000, 0.017452, 2000.000000, 1000.000000, 8.849786, 9.008086, 11.106603, 11.035525, 0.057345, 1.071064, -0.021806, -0.148342, 0.043630, 0.087260, 5.881943, -6.896160, 17.899790, -0.250945, -1.821162, 0.102725, 0.002318, 15.727539, 0.000000, 1.281738
-0.029668, 0.029668, 1000.000000, 0.017452, 2000.000000, 1000.000000, 9.357014, 9.281790, 10.744411, 10.616785, 0.013101, 0.680599, 0.050713, -0.148342, 0.148342, 0.087260, 6.501749, -10.757713, 18.284304, -0.175312, -1.039263, 0.053723, 0.002115, 13.821289, 0.158691, 2.197266
-0.029668, 0.031414, 1000.000000, 0.017452, 2000.000000, 1000.000000, 9.976989, 9.507579, 10.318812, 10.196620, -0.086804, 0.257716, 0.147901, -0.148342, 0.157068, 0.087260, 6.781189, -12.333401, 18.366478, -0.000609, -0.289322, -0.012323, 0.002213, 13.696289, 2.841187, 41.503902
-0.029668, 0.031414, 1003.000000, 0.017452, 2000.000000, 1000.000000, 10.290404, 9.708186, 9.976390, 10.025020, -0.157712, 0.000705, 0.133397, -0.148342, 0.157068, 0.087260, 6.977770, -12.343521, 18.358994, 0.125091, 0.160217, -0.002736, 0.001803, 13.672852, 3.759766, 52.673336
-0.033159, 0.020942, 1043.000000, 0.017452, 2000.000000, 1000.000000, 14.214205, 13.897598, 13.868067, 14.020130, -0.117167, -0.055902, 0.041136, -0.165794, 0.104712, 0.087260, 7.067661, -11.202484, 18.471649, 0.034544, 0.204958, 0.060115, 0.002214, 13.262695, 26.199341, 355.895966
-0.033159, 0.015707, 1051.000000, 0.017452, 2000.000000, 1000.000000, 14.820963, 14.835114, 15.249268, 15.094656, 0.042190, 0.171962, 0.035115, -0.165794, 0.078534, 0.087260, 6.828575, -11.305565, 18.613663, -0.244553, -0.222211, 0.064376, 0.001758, 13.450195, 13.000488, 179.077133
-0.034904, 0.010471, 1056.000000, 0.017452, 2000.000000, 1000.000000, 14.532570, 14.797884, 15.565809, 15.103737, 0.181847, 0.334773, 0.049189, -0.174520, 0.052356, 0.087260, 6.159443, -12.756547, 18.640467, -0.494889, -0.529005, 0.054788, 0.002138, 13.418945, 14.559937, 200.195297
-0.034904, 0.006981, 1058.000000, 0.017452, 2000.000000, 1000.000000, 14.892094, 14.804798, 15.351042, 14.952066, 0.077920, 0.151554, 0.121567, -0.174520, 0.034904, 0.087260, 4.999659, -14.926496, 18.480352, -0.314860, -0.228602, 0.005786, 0.002226, 13.504883, 10.479736, 144.775391
-0.034904, 0.005236, 1065.000000, 0.017452, 2000.000000, 1000.000000, 16.094790, 16.033571, 16.025772, 15.845864, 0.029673, -0.064181, 0.060281, -0.174520, 0.026178, 0.087260, 4.251767, -15.266487, 18.331345, -0.230705, 0.138912, 0.047332, 0.001851, 13.313477, 22.799683, 310.607910
-0.033159, 0.006981, 1082.000000, 0.017452, 2000.000000, 1000.000000, 17.962315, 17.555393, 18.063370, 18.418922, -0.190619, 0.241146, 0.012842, -0.165794, 0.034904, 0.087260, 4.156516, -15.107171, 18.577696, 0.160245, -0.381999, 0.079289, 0.002334, 13.239258, 22.921753, 310.791016
-0.033159, 0.006981, 1119.000000, 0.017452, 2000.000000, 1000.000000, 20.361988, 20.505630, 21.456200, 21.676182, -0.019085, 0.566190, -0.090906, -0.165794, 0.034904, 0.087260, 4.874695, -16.902525, 19.083174, -0.135897, -0.946586, 0.149596, 0.002283, 12.637695, 48.959351, 633.483887
-0.031414, 0.026178, 1119.000000, 0.017452, 2000.000000, 1000.000000, 20.150393, 20.731028, 21.539888, 21.578691, 0.135457, 0.559289, -0.154859, -0.157068, 0.130890, 0.087260, 4.978577, -19.490986, 19.571747, -0.399016, -0.850713, 0.193272, 0.001808, 12.817383, 38.281250, 502.319305
-0.031414, 0.048866, 1118.000000, 0.017452, 2000.000000, 1000.000000, 20.313736, 21.014992, 21.385727, 21.285545, 0.200359, 0.335636, -0.150268, -0.157068, 0.244328, 0.087260, 4.358731, -21.614309, 19.876184, -0.510868, -0.338324, 0.190076, 0.002031, 12.852539, 37.399292, 491.638153
-0.029668, 0.101222, 1119.000000, 0.017452, 2000.000000, 1000.000000, 20.958136, 21.003267, 20.972956, 21.065641, -0.011888, 0.019298, -0.034455, -0.148342, 0.506108, 0.087260, 2.549538, -21.628492, 19.836582, -0.131636, 0.484055, 0.111247, 0.002286, 12.829102, 37.481689, 492.126434
-0.029668, 0.104712, 1100.000000, 0.017452, 2000.000000, 1000.000000, 20.367130, 19.673046, 19.798645, 20.161179, -0.264154, -0.020088, 0.082887, -0.148342, 0.523560, 0.087260, 2.471255, -20.034754, 19.977039, 0.312576, 0.573537, 0.032418, 0.001788, 13.016602, 17.080688, 228.393539
-0.029668, 0.106457, 1042.000000, 0.017452, 2000.000000, 1000.000000, 13.932748, 13.818616, 14.178048, 14.070588, -0.001668, 0.124318, 0.055398, -0.148342, 0.532286, 0.087260, 2.435230, -18.846704, 20.124447, -0.148680, 0.326397, 0.050527, 0.002236, 14.579102, 0.000000, 1.220703
-0.031414, 0.080279, 1043.000000, 0.017452, 2000.000000, 1000.000000, 14.118872, 14.319365, 14.020145, 13.541618, 0.169755, -0.219118, 0.069508, -0.157068, 0.401396, 0.087260, -0.089023, -17.487133, 19.546986, -0.453344, 0.791915, 0.040940, 0.002217, 13.551758, 8.160400, 113.220207
-0.029668, 0.057592, 1043.000000, 0.017452, 2000.000000, 1000.000000, 14.754686, 13.857666, 13.531195, 13.856453, -0.305570, -0.306176, 0.142941, -0.148342, 0.287958, 0.087260, -0.884372, -15.333076, 19.352692, 0.383949, 0.837721, -0.009127, 0.001755, 13.528320, 8.520508, 117.980949
-0.031414, 0.033159, 1046.000000, 0.017452, 2000.000000, 1000.000000, 14.986355, 13.283594, 13.441458, 14.288593, -0.637474, -0.134974, 0.213907, -0.157068, 0.165794, 0.087260, 1.233183, -11.922781, 19.677950, 0.949600, 0.404161, -0.057064, 0.002318, 13.508789, 9.359741, 129.394531
-0.031414, 0.029668, 1046.000000, 0.017452, 2000.000000, 1000.000000, 14.835841, 13.311841, 13.648278, 14.204040, -0.519940, -0.073842, 0.242060, -0.157068, 0.148342, 0.087260, 3.121529, -10.312811, 19.857601, 0.747202, 0.281656, -0.076238, 0.002176, 13.497070, 9.799194, 135.498047
-0.031414, 0.031414, 1047.000000, 0.017452, 2000.000000, 1000.000000, 14.552970, 13.642564, 13.875970, 13.928496, -0.240733, -0.097767, 0.214470, -0.157068, 0.157068, 0.087260, 4.143380, -9.084565, 19.847242, 0.264640, 0.333854, -0.058129, 0.001787, 13.524414, 8.679199, 120.178215
-0.031414, 0.040140, 1055.000000, 0.017452, 2000.000000, 1000.000000, 15.121513, 15.038506, 15.074301, 14.765680, 0.056403, -0.080010, 0.097907, -0.157068, 0.200698, 0.087260, 3.831600, -8.188641, 19.740128, -0.257336, 0.344506, 0.021765, 0.002241, 13.454102, 20.159912, 276.306152
-0.001745, 0.155323, 1057.000000, 0.017452, 2000.000000, 1000.000000, 14.378408, 14.824831, 15.625612, 15.171148, 0.225222, 0.398380, 0.002010, -0.008726, 0.776614, 0.087260, 1.827396, -7.901554, 19.825706, -0.401146, 0.103758, 0.086746, 0.002220, 13.411133, 13.558960, 186.218246
-0.001745, 0.181501, 1057.000000, 0.017452, 2000.000000, 1000.000000, 14.682093, 14.419174, 15.657587, 15.241146, 0.038380, 0.449367, 0.169840, -0.008726, 0.907504, 0.087260, 1.212489, -7.873978, 19.787067, -0.074112, 0.143173, -0.027237, 0.001771, 13.454102, 11.480713, 158.203125
-0.017452, 0.165794, 1057.000000, 0.017452, 2000.000000, 1000.000000, 15.259119, 14.510326, 15.150181, 15.080374, -0.169746, 0.115277, 0.204650, -0.087260, 0.828970, 0.087260, 1.175495, -6.764700, 19.646048, 0.204985, 0.648105, -0.050672, 0.002121, 13.422852, 13.320923, 184.204086
-0.026178, 0.158813, 1057.000000, 0.017452, 2000.000000, 1000.000000, 15.514668, 15.132813, 14.533525, 14.818994, -0.166831, -0.323741, 0.024096, -0.130890, 0.794066, 0.087260, 0.576661, -2.297618, 19.670376, 0.157049, 1.376741, 0.071832, 0.002196, 13.438477, 12.960815, 178.283676
-0.022688, 0.169284, 1056.000000, 0.017452, 2000.000000, 1000.000000, 15.497148, 14.957654, 14.673642, 14.871556, -0.184352, -0.227401, 0.085395, -0.113438, 0.846422, 0.087260, -0.199677, 1.366840, 19.828640, 0.204985, 1.268085, 0.030287, 0.001988, 13.458008, 11.840820, 163.391098
-0.024433, 0.244328, 1056.000000, 0.017452, 2000.000000, 1000.000000, 15.064197, 14.202628, 15.238526, 15.494649, -0.279423, 0.366587, 0.151361, -0.122164, 1.221640, 0.087260, -0.338099, 5.350652, 19.888477, 0.359448, 0.612951, -0.014453, 0.002124, 13.430664, 13.198853, 181.579575
-0.029668, 0.225131, 1056.000000, 0.017452, 2000.000000, 1000.000000, 14.945668, 14.424415, 15.203084, 15.426833, -0.186251, 0.314959, 0.074377, -0.148342, 1.125654, 0.087260, -0.377786, 6.946092, 19.942646, 0.169832, 0.604429, 0.037744, 0.002213, 13.461914, 11.401367, 157.226562
-0.026178, -0.043630, 1056.000000, 0.017452, 2000.000000, 1000.000000, 15.889647, 15.581429, 14.234015, 14.294910, -0.092279, -0.735538, 0.061830, -0.130890, -0.218150, 0.087260, -0.993799, 9.073956, 20.164480, 0.028153, 1.046511, 0.046266, 0.001916, 13.458008, 11.279297, 155.517578
-0.033159, 0.001745, 1056.000000, 0.017452, 2000.000000, 1000.000000, 15.859396, 15.535591, 14.399332, 14.205681, -0.032539, -0.697493, 0.129364, -0.165794, 0.008726, 0.087260, -2.346876, 12.139438, 20.557724, -0.113527, 1.228670, 0.000460, 0.002021, 13.461914, 11.761475, 161.987289
-0.033159, 0.003490, 1071.000000, 0.017452, 2000.000000, 1000.000000, 17.624231, 16.917971, 16.874514, 16.583284, -0.103758, -0.271100, 0.249373, -0.165794, 0.017452, 0.087260, -4.025559, 15.449711, 20.833355, 0.010043, 0.488316, -0.080499, 0.002387, 13.227539, 25.161743, 340.881317
-0.033159, 0.003490, 1083.000000, 0.017452, 2000.000000, 1000.000000, 18.098347, 17.563862, 18.159206, 18.178585, -0.138466, 0.168895, 0.128776, -0.165794, 0.017452, 0.087260, -3.946281, 15.638305, 20.712408, 0.071828, -0.279735, 0.000460, 0.001757, 13.110352, 28.201294, 378.601044
-0.033159, 0.003490, 1092.000000, 0.017452, 2000.000000, 1000.000000, 18.730246, 18.509062, 19.305147, 19.455545, -0.092895, 0.380347, 0.017697, -0.165794, 0.017452, 0.087260, -3.415222, 14.210470, 20.737257, -0.009131, -0.645118, 0.076093, 0.002167, 13.043945, 31.359863, 418.823212
-0.033159, 0.003490, 1117.000000, 0.017452, 2000.000000, 1000.000000, 21.365866, 20.726999, 20.984991, 20.922144, -0.144005, -0.046432, 0.175428, -0.165794, 0.017452, 0.087260, -2.889301, 12.837487, 20.716362, 0.081415, 0.097367, -0.030432, 0.002184, 12.719727, 42.800903, 557.128906
-0.034904, 0.003490, 1126.000000, 0.017452, 2000.000000, 1000.000000, 22.399643, 22.020123, 21.760265, 21.819969, -0.109806, -0.209882, 0.079955, -0.174520, 0.017452, 0.087260, -2.954306, 13.742609, 20.726698, 0.014304, 0.387117, 0.033483, 0.001862, 12.668945, 46.319580, 600.891113
-0.033159, 0.003490, 1128.000000, 0.017452, 2000.000000, 1000.000000, 21.578894, 21.623579, 22.541067, 22.256460, 0.082323, 0.398764, 0.059980, -0.165794, 0.017452, 0.087260, -3.463679, 13.357221, 20.958271, -0.310599, -0.672815, 0.047332, 0.002317, 12.700195, 41.000366, 533.508301
-0.033159, 0.003490, 1119.000000, 0.017452, 2000.000000, 1000.000000, 20.470995, 20.269079, 21.879259, 21.380667, 0.074170, 0.629962, 0.175127, -0.165794, 0.017452, 0.087260, -3.269947, 10.627332, 20.978081, -0.297816, -1.078678, -0.030432, 0.002242, 12.715820, 40.441895, 526.733398
-0.031414, 0.003490, 1110.000000, 0.017452, 2000.000000, 1000.000000, 20.885057, 20.201101, 21.824739, 21.089102, 0.012920, 0.456920, 0.354898, -0.157068, 0.017452, 0.087260, -2.901917, 8.004632, 20.668674, -0.183834, -0.785732, -0.152937, 0.001824, 12.844727, 33.361816, 438.903778
-0.033159, 0.003490, 1043.000000, 0.017452, 2000.000000, 1000.000000, 14.262223, 13.549720, 14.371198, 13.816859, -0.039542, 0.094029, 0.316711, -0.165794, 0.017452, 0.087260, -2.802164, 6.763644, 20.190941, -0.100744, -0.146577, -0.127371, 0.002094, 16.196289, 0.000000, 1.281738
-0.031414, 0.003490, 1023.000000, 0.017452, 2000.000000, 1000.000000, 12.160678, 12.015943, 11.723561, 12.099818, -0.130248, -0.088310, -0.057881, -0.157068, 0.017452, 0.087260, -2.973331, 6.984509, 20.327793, 0.065437, 0.170869, 0.127226, 0.002379, 14.618164, 0.000000, 1.770019
-0.031414, 0.003490, 1024.000000, 0.017452, 2000.000000, 1000.000000, 12.248680, 11.873652, 12.050165, 11.827503, -0.038092, -0.061166, 0.149423, -0.157068, 0.017452, 0.087260, -3.105308, 7.364947, 20.473532, -0.093287, 0.125063, -0.013388, 0.002043, 13.645508, 1.800537, 25.207518
-0.031414, 0.003490, 1025.000000, 0.017452, 2000.000000, 1000.000000, 11.923914, 12.042131, 12.099070, 11.934885, 0.070601, 0.016977, 0.011491, -0.157068, 0.017452, 0.087260, -3.669338, 7.307501, 20.604675, -0.286098, -0.012355, 0.080355, 0.001747, 13.575195, 5.081177, 70.617676
-0.033159, 0.003490, 1025.000000, 0.017452, 2000.000000, 1000.000000, 12.107057, 11.684585, 12.107251, 12.101108, -0.104082, 0.104179, 0.107154, -0.165794, 0.017452, 0.087260, -4.249991, 6.542020, 20.952118, 0.011108, -0.163621, 0.015374, 0.002273, 13.540039, 7.119751, 98.693840
-0.031414, 0.003490, 1025.000000, 0.017452, 2000.000000, 1000.000000, 12.319058, 11.589623, 11.932248, 12.159070, -0.239064, 0.045659, 0.125654, -0.157068, 0.017452, 0.087260, -3.759876, 6.410274, 20.897346, 0.259314, -0.062422, 0.002591, 0.001800, 13.555664, 5.718994, 79.406738
-0.031414, 0.003490, 1025.000000, 0.017452, 2000.000000, 1000.000000, 12.419391, 11.596841, 11.997298, 11.986470, -0.202930, -0.008116, 0.208344, -0.157068, 0.017452, 0.087260, -3.122240, 6.672452, 20.763023, 0.197529, 0.032386, -0.053868, 0.001757, 13.555664, 6.240845, 86.608879
-0.031414, 0.003490, 1026.000000, 0.017452, 2000.000000, 1000.000000, 11.950963, 11.787349, 12.194011, 12.067677, -0.009320, 0.130844, 0.072487, -0.157068, 0.017452, 0.087260, -3.047282, 6.443830, 20.614674, -0.144419, -0.210493, 0.038809, 0.002210, 13.551758, 6.399536, 88.806145
-0.031414, 0.003490, 1042.000000, 0.017452, 2000.000000, 1000.000000, 13.845780, 13.691318, 14.324481, 14.138421, 0.007899, 0.231451, 0.085131, -0.157068, 0.017452, 0.087260, -3.161068, 5.467948, 20.782389, -0.174246, -0.387326, 0.030287, 0.002146, 13.356445, 17.520142, 239.685043
-0.031414, 0.003490, 1053.000000, 0.017452, 2000.000000, 1000.000000, 15.139934, 14.560802, 15.271579, 15.027686, -0.083810, 0.149632, 0.205757, -0.157068, 0.017452, 0.087260, -3.096674, 4.500730, 20.725002, -0.014458, -0.245646, -0.051737, 0.001762, 13.391602, 13.320923, 182.800278
-0.029668, 0.003490, 1063.000000, 0.017452, 2000.000000, 1000.000000, 16.183548, 15.809429, 16.059708, 15.947316, -0.065432, 0.003512, 0.121627, -0.148342, 0.017452, 0.087260, -2.878207, 4.256831, 20.620165, -0.036828, 0.012146, 0.005786, 0.002254, 13.274414, 18.038940, 245.178207
-0.031414, 0.003490, 1061.000000, 0.017452, 2000.000000, 1000.000000, 16.124460, 15.926615, 15.976999, 15.971926, -0.048193, -0.025538, 0.050730, -0.157068, 0.017452, 0.087260, -3.015682, 4.354213, 20.722437, -0.075177, 0.062213, 0.053723, 0.001953, 13.344727, 14.440918, 197.387680
-0.031414, 0.003490, 1060.000000, 0.017452, 2000.000000, 1000.000000, 15.868896, 15.905993, 16.191557, 16.033552, 0.048774, 0.112555, 0.030227, -0.157068, 0.017452, 0.087260, -3.347196, 4.083519, 20.894312, -0.245619, -0.179600, 0.067571, 0.001850, 13.340820, 15.039062, 205.627426
-0.031414, 0.003490, 1061.000000, 0.017452, 2000.000000, 1000.000000, 16.000309, 15.653525, 16.318541, 16.027626, -0.013967, 0.173083, 0.159425, -0.157068, 0.017452, 0.087260, -3.813119, 2.410319, 21.099472, -0.138028, -0.282930, -0.019780, 0.002359, 13.368164, 14.120483, 193.176254
-0.031414, 0.003490, 1061.000000, 0.017452, 2000.000000, 1000.000000, 16.228210, 15.655604, 16.085930, 16.030258, -0.129234, 0.058093, 0.157070, -0.157068, 0.017452, 0.087260, -3.796690, 1.914248, 20.998260, 0.064371, -0.083727, -0.018714, 0.001812, 13.360352, 14.160156, 193.725571
-0.031414, 0.003490, 1061.000000, 0.017452, 2000.000000, 1000.000000, 16.194473, 15.600141, 15.859929, 16.345459, -0.269965, 0.102693, 0.027201, -0.157068, 0.017452, 0.087260, -3.192461, 1.873367, 21.119734, 0.311511, -0.161491, 0.069702, 0.001837, 13.360352, 14.080811, 192.687973
-0.031414, 0.003490, 1062.000000, 0.017452, 2000.000000, 1000.000000, 15.734835, 15.539797, 16.347914, 16.377455, -0.056145, 0.362684, 0.041375, -0.157068, 0.017452, 0.087260, -2.170748, 0.632956, 21.367622, -0.063460, -0.608899, 0.060115, 0.002517, 13.360352, 14.880371, 203.430161
-0.031414, 0.003490, 1062.000000, 0.017452, 2000.000000, 1000.000000, 15.614060, 15.551135, 16.506283, 16.328522, 0.028710, 0.417403, 0.060172, -0.157068, 0.017452, 0.087260, -1.801823, -1.219249, 21.536209, -0.207269, -0.706903, 0.047332, 0.002270, 13.352539, 14.440918, 197.509750
-0.031414, 0.003490, 1062.000000, 0.017452, 2000.000000, 1000.000000, 15.977885, 15.494342, 16.243217, 16.284554, -0.131220, 0.263886, 0.110552, -0.157068, 0.017452, 0.087260, -1.283374, -2.749479, 21.648277, 0.068632, -0.448045, 0.013243, 0.001749, 13.356445, 13.760376, 188.293442
-0.031414, 0.003490, 1061.000000, 0.017452, 2000.000000, 1000.000000, 16.205173, 15.581474, 15.779976, 16.433376, -0.319275, 0.106677, -0.007426, -0.157068, 0.017452, 0.087260, 0.011036, -3.398447, 21.841280, 0.391405, -0.167882, 0.093138, 0.002254, 13.356445, 14.080811, 192.626938
-0.029668, 0.003490, 1061.000000, 0.017452, 2000.000000, 1000.000000, 15.853965, 15.623096, 16.068071, 16.454866, -0.154416, 0.261469, -0.038982, -0.148342, 0.017452, 0.087260, 0.894888, -3.793511, 22.181446, 0.116569, -0.435262, 0.114443, 0.002252, 13.383789, 12.680054, 173.828110
-0.031414, 0.003490, 1061.000000, 0.017452, 2000.000000, 1000.000000, 15.529258, 15.597801, 16.484833, 16.388107, 0.041318, 0.436470, 0.007046, -0.157068, 0.017452, 0.087260, 1.294798, -5.405445, 22.435404, -0.238162, -0.750578, 0.083550, 0.001762, 13.360352, 13.681030, 187.194809
-0.033159, 0.003490, 1061.000000, 0.017452, 2000.000000, 1000.000000, 15.700621, 15.594550, 16.303501, 16.401331, -0.050975, 0.352415, 0.002060, -0.165794, 0.017452, 0.087260, 1.394684, -8.606285, 22.729010, -0.085830, -0.598247, 0.086746, 0.002035, 13.356445, 13.760376, 188.232407
-0.033159, 0.003490, 1061.000000, 0.017452, 2000.000000, 1000.000000, 15.991761, 15.647027, 16.002516, 16.358694, -0.175229, 0.180606, -0.002861, -0.165794, 0.017452, 0.087260, 1.848466, -9.653165, 22.991789, 0.134678, -0.295713, 0.089942, 0.002259, 13.356445, 13.760376, 188.232407
-0.033159, 0.003490, 1061.000000, 0.017452, 2000.000000, 1000.000000, 16.270298, 15.695728, 15.680601, 16.353371, -0.311835, 0.016986, -0.024549, -0.165794, 0.017452, 0.087260, 2.701874, -9.590636, 23.337505, 0.377557, -0.012355, 0.104855, 0.001841, 13.348633, 13.879395, 189.880356
-0.033159, 0.003490, 1061.000000, 0.017452, 2000.000000, 1000.000000, 16.035471, 15.681298, 15.896110, 16.387121, -0.211296, 0.141616, -0.034210, -0.165794, 0.017452, 0.087260, 3.704351, -9.425979, 23.771551, 0.198594, -0.228602, 0.111247, 0.002181, 13.356445, 14.120483, 193.115219
-0.033159, 0.003490, 1061.000000, 0.017452, 2000.000000, 1000.000000, 15.511225, 15.660199, 16.372517, 16.456062, 0.016357, 0.414289, -0.058130, -0.165794, 0.017452, 0.087260, 4.165080, -11.479509, 24.269304, -0.200878, -0.699446, 0.127226, 0.002356, 13.356445, 14.160156, 193.725571
-0.033159, 0.003490, 1061.000000, 0.017452, 2000.000000, 1000.000000, 15.719675, 15.696346, 16.225037, 16.358944, -0.039309, 0.291989, -0.027644, -0.165794, 0.017452, 0.087260, 4.269979, -13.183236, 24.555681, -0.102874, -0.495982, 0.106986, 0.001837, 13.352539, 14.001465, 191.406235
-0.033159, 0.003490, 1061.000000, 0.017452, 2000.000000, 1000.000000, 16.132195, 15.721720, 15.891298, 16.254787, -0.193491, 0.073043, 0.011746, -0.165794, 0.017452, 0.087260, 4.673655, -13.877577, 24.838171, 0.168767, -0.111424, 0.080355, 0.001804, 13.340820, 15.240479, 208.190903
-0.033159, 0.003490, 1061.000000, 0.017452, 2000.000000, 1000.000000, 16.217514, 15.920395, 15.719896, 16.142193, -0.179854, -0.068955, -0.031293, -0.165794, 0.017452, 0.087260, 5.366766, -12.979874, 25.269388, 0.142135, 0.137846, 0.109116, 0.002345, 13.352539, 14.279175, 195.190414
-0.034904, 0.003490, 1061.000000, 0.017452, 2000.000000, 1000.000000, 15.845700, 16.014549, 16.092030, 16.047722, 0.053289, 0.069876, -0.031136, -0.174520, 0.017452, 0.087260, 5.031990, -12.992684, 25.476044, -0.273315, -0.102902, 0.109116, 0.002249, 13.329102, 14.840698, 202.697739
-0.034904, 0.003490, 1061.000000, 0.017452, 2000.000000, 1000.000000, 15.553291, 15.933684, 16.385326, 16.127699, 0.159505, 0.256512, -0.030692, -0.174520, 0.017452, 0.087260, 4.080824, -14.261770, 25.515785, -0.462931, -0.433132, 0.109116, 0.001752, 13.352539, 13.519287, 184.875473
-0.034904, 0.003490, 1061.000000, 0.017452, 2000.000000, 1000.000000, 15.873019, 16.031446, 15.957171, 16.138365, -0.005692, 0.047768, -0.084905, -0.174520, 0.017452, 0.087260, 3.307653, -15.947707, 25.723724, -0.169985, -0.064552, 0.145335, 0.002356, 13.348633, 13.760376, 188.110336
-0.034904, 0.003490, 1061.000000, 0.017452, 2000.000000, 1000.000000, 16.407572, 16.043032, 15.570855, 15.978543, -0.193057, -0.225301, -0.010787, -0.174520, 0.017452, 0.087260, 2.874281, -15.376766, 25.856632, 0.152788, 0.409487, 0.095268, 0.002303, 13.336914, 14.801025, 202.087387
-0.034904, 0.003490, 1061.000000, 0.017452, 2000.000000, 1000.000000, 16.276321, 15.898582, 15.681289, 16.143806, -0.210065, -0.087452, -0.021195, -0.174520, 0.017452, 0.087260, 2.757686, -14.286888, 26.048429, 0.189006, 0.174065, 0.102725, 0.001755, 13.368164, 12.680054, 173.583969
-0.034904, 0.003490, 1061.000000, 0.017452, 2000.000000, 1000.000000, 15.700859, 15.637086, 16.255846, 16.406212, -0.053535, 0.331028, -0.021649, -0.174520, 0.017452, 0.087260, 3.807162, -14.856500, 26.780239, -0.080504, -0.556701, 0.102725, 0.002288, 13.329102, 14.959717, 204.284653
-0.036649, 0.003490, 1061.000000, 0.017452, 2000.000000, 1000.000000, 15.846172, 15.626111, 16.154720, 16.372993, -0.109584, 0.263858, 0.000447, -0.183246, 0.017452, 0.087260, 4.361934, -16.211275, 27.144575, 0.000456, -0.442719, 0.087811, 0.002152, 13.325195, 14.440918, 197.082504
-0.033159, 0.003490, 1061.000000, 0.017452, 2000.000000, 1000.000000, 16.258987, 15.790477, 15.823936, 16.126598, -0.192793, -0.024733, 0.041463, -0.165794, 0.017452, 0.087260, 4.844522, -16.562551, 27.430668, 0.171962, 0.060083, 0.060115, 0.001830, 13.321289, 14.480591, 197.631821
-0.034904, 0.003490, 1061.000000, 0.017452, 2000.000000, 1000.000000, 16.685635, 15.967248, 15.390346, 15.956773, -0.321203, -0.326441, 0.037990, -0.174520, 0.017452, 0.087260, 5.479849, -14.327335, 27.805237, 0.380753, 0.585255, 0.062245, 0.002242, 13.348633, 12.921143, 176.696762
-0.033159, 0.003490, 1061.000000, 0.017452, 2000.000000, 1000.000000, 16.424488, 16.137287, 15.509930, 15.928296, -0.176391, -0.280887, -0.032792, -0.165794, 0.017452, 0.087260, 5.461581, -12.569673, 27.967894, 0.140005, 0.505360, 0.110182, 0.002280, 13.325195, 14.761353, 201.477036
-0.033159, 0.003490, 1061.000000, 0.017452, 2000.000000, 1000.000000, 16.289734, 15.758320, 15.821556, 16.130390, -0.210062, -0.024027, 0.055645, -0.165794, 0.017452, 0.087260, 5.646453, -11.556844, 28.189789, 0.199659, 0.060083, 0.050527, 0.001878, 13.336914, 14.041138, 191.711411
-0.033159, 0.003490, 1061.000000, 0.017452, 2000.000000, 1000.000000, 16.007030, 15.657885, 16.201265, 16.133821, -0.070425, 0.167543, 0.104148, -0.165794, 0.017452, 0.087260, 6.432226, -11.917305, 28.373158, -0.048546, -0.272278, 0.017504, 0.002412, 13.305664, 15.679932, 209.716782
-0.033159, 0.003490, 1061.000000, 0.017452, 2000.000000, 1000.000000, 15.946769, 15.979251, 16.095255, 15.978724, 0.037253, 0.036990, 0.021013, -0.165794, 0.017452, 0.087260, 6.104391, -12.549460, 28.371410, -0.240292, -0.046443, 0.073963, 0.001818, 13.356445, 12.680054, 173.522934
-0.034904, 0.003490, 1061.000000, 0.017452, 2000.000000, 1000.000000, 16.245090, 16.245594, 15.683476, 15.825839, -0.035465, -0.245342, -0.035716, -0.174520, 0.017452, 0.087260, 5.114330, -12.334861, 28.408268, -0.119918, 0.444641, 0.112312, 0.002172, 13.325195, 15.121460, 206.298813
-0.033159, 0.003490, 1061.000000, 0.017452, 2000.000000, 1000.000000, 16.401836, 15.693815, 15.809935, 16.094414, -0.248125, -0.047825, 0.105886, -0.165794, 0.017452, 0.087260, 4.715367, -10.815888, 28.515318, 0.262509, 0.101628, 0.016439, 0.002226, 13.317383, 15.679932, 213.684067
-0.034904, 0.003490, 1061.000000, 0.017452, 2000.000000, 1000.000000, 16.520966, 15.476102, 15.803004, 16.199928, -0.360447, 0.001467, 0.161985, -0.174520, 0.017452, 0.087260, 5.497699, -10.298509, 28.644953, 0.448929, 0.015342, -0.021910, 0.001852, 13.329102, 14.199829, 193.725571
-0.033159, 0.003490, 1061.000000, 0.017452, 2000.000000, 1000.000000, 16.495617, 15.594092, 15.914857, 15.995434, -0.245526, -0.044854, 0.205237, -0.165794, 0.017452, 0.087260, 5.887381, -9.953813, 28.639210, 0.259314, 0.096301, -0.050672, 0.002265, 13.333008, 13.879395, 189.514145
