


<<< NEW FLIGHT DATA >>>


-0.020942, 0.027923, 1000.000000, -0.036649, 2000.000000, 1000.000000, 9.902278, 9.943000, 9.941026, 10.213696, -0.057987, 0.077361, -0.078348, -0.104712, 0.139616, -0.183246, -5.979380, -1.427222, 0.202200, 0.002104, -0.003231, -0.006165, 0.001750, 14.477539, 8.599854, 127.319328
-0.020942, 0.027923, 1000.000000, -0.036649, 2000.000000, 1000.000000, 9.901599, 9.936896, 9.940011, 10.221494, -0.061546, 0.080752, -0.079195, -0.104712, 0.139616, -0.183246, -5.959091, -1.443090, 0.185569, 0.009561, -0.009622, -0.005099, 0.001795, 14.375977, 11.041260, 162.719711
-0.020942, 0.027923, 1000.000000, -0.036649, 2000.000000, 1000.000000, 9.897990, 9.961675, 9.937181, 10.203155, -0.050572, 0.070167, -0.082414, -0.104712, 0.139616, -0.183246, -5.965206, -1.420691, 0.177088, -0.012810, 0.011683, 0.003423, 0.001731, 14.567383, 4.080200, 60.913082
-0.020942, 0.027923, 1000.000000, -0.036649, 2000.000000, 1000.000000, 9.897146, 9.955639, 9.936356, 10.210859, -0.054003, 0.073608, -0.083249, -0.104712, 0.139616, -0.183246, -5.989121, -1.381318, 0.175172, -0.007483, 0.005291, 0.002357, 0.001923, 14.583008, 3.878784, 57.922359
-0.020942, 0.027923, 1000.000000, -0.036649, 2000.000000, 1000.000000, 9.897016, 9.946136, 9.939548, 10.217301, -0.057158, 0.078424, -0.081718, -0.104712, 0.139616, -0.183246, -5.998285, -1.375563, 0.175250, 0.001039, -0.005361, 0.001292, 0.001731, 14.583008, 3.759766, 56.213375
-0.020942, 0.027923, 1000.000000, -0.036649, 2000.000000, 1000.000000, 9.893621, 9.954502, 9.943237, 10.208639, -0.051130, 0.075938, -0.081571, -0.104712, 0.139616, -0.183246, -6.000215, -1.381435, 0.173114, -0.011745, 0.001030, -0.000838, 0.001907, 14.583008, 3.799438, 56.701656
-0.020942, 0.027923, 1000.000000, -0.036649, 2000.000000, 1000.000000, 9.900548, 9.946256, 9.938893, 10.214303, -0.057425, 0.076598, -0.080279, -0.104712, 0.139616, -0.183246, -6.006675, -1.381994, 0.175866, 0.001039, -0.002166, -0.001904, 0.001737, 14.583008, 3.079224, 46.020504
-0.020942, 0.027923, 1000.000000, -0.038394, 2000.000000, 1000.000000, 9.893014, 9.953076, 9.937528, 10.216382, -0.054698, 0.076955, -0.084729, -0.104712, 0.139616, -0.191972, -5.981371, -1.389716, 0.178677, -0.004288, -0.001100, -0.001904, 0.001826, 14.583008, 3.759766, 56.213375
-0.020942, 0.027923, 1000.000000, -0.038394, 2000.000000, 1000.000000, 9.891880, 9.952929, 9.939045, 10.216146, -0.054013, 0.077596, -0.084537, -0.104712, 0.139616, -0.191972, -5.983553, -1.387610, 0.177116, -0.005353, -0.003231, -0.000838, 0.001735, 14.583008, 3.680420, 54.992672
-0.020942, 0.027923, 1000.000000, -0.038394, 2000.000000, 1000.000000, 9.889136, 9.952645, 9.939927, 10.218291, -0.053714, 0.079109, -0.085469, -0.104712, 0.139616, -0.191972, -5.988564, -1.386955, 0.177330, -0.007483, -0.005361, -0.000838, 0.001895, 14.583008, 3.601074, 53.771969
-0.020942, 0.027923, 1000.000000, -0.038394, 2000.000000, 1000.000000, 9.899227, 9.951586, 9.930874, 10.218313, -0.058771, 0.074594, -0.084949, -0.104712, 0.139616, -0.191972, -5.970796, -1.381347, 0.177610, 0.004234, 0.002095, 0.000227, 0.001764, 14.579102, 3.759766, 56.091305
-0.020942, 0.027923, 1000.000000, -0.038394, 2000.000000, 1000.000000, 9.892557, 9.953482, 9.933174, 10.220787, -0.056672, 0.076981, -0.087135, -0.104712, 0.139616, -0.191972, -5.956937, -1.391406, 0.181146, -0.001092, -0.001100, 0.002357, 0.001961, 14.575195, 3.640747, 54.321285
-0.020942, 0.027923, 1000.000000, -0.038394, 2000.000000, 1000.000000, 9.893858, 9.951508, 9.936049, 10.218586, -0.056222, 0.077318, -0.085047, -0.104712, 0.139616, -0.191972, -5.952269, -1.379615, 0.179763, -0.001092, -0.003231, 0.000227, 0.001741, 14.586914, 3.601074, 53.771969
-0.020942, 0.027923, 1000.000000, -0.038394, 2000.000000, 1000.000000, 9.900895, 9.953813, 9.925401, 10.219892, -0.060394, 0.072646, -0.086852, -0.104712, 0.139616, -0.191972, -5.959898, -1.387708, 0.181923, 0.004234, 0.008487, 0.000227, 0.002104, 14.579102, 3.518677, 52.490231
-0.020942, 0.027923, 1000.000000, -0.038394, 2000.000000, 1000.000000, 9.899188, 9.949607, 9.930833, 10.220372, -0.059780, 0.075603, -0.084989, -0.104712, 0.139616, -0.191972, -5.956580, -1.379620, 0.183702, 0.005300, -0.000035, 0.000227, 0.001732, 14.583008, 3.399658, 50.781246
-0.020942, 0.027923, 1001.000000, -0.038394, 2000.000000, 1000.000000, 9.889005, 9.954724, 9.935308, 10.220963, -0.054985, 0.078135, -0.087844, -0.104712, 0.139616, -0.191972, -5.964181, -1.379032, 0.181293, -0.005353, -0.002166, 0.002357, 0.002076, 14.579102, 3.759766, 56.091305
-0.020942, 0.027923, 1000.000000, -0.038394, 2000.000000, 1000.000000, 9.895302, 9.956072, 9.936443, 10.212183, -0.053742, 0.074313, -0.084128, -0.104712, 0.139616, -0.191972, -5.949985, -1.386283, 0.181931, -0.006418, 0.003161, -0.001904, 0.001735, 14.579102, 3.439331, 51.330563
-0.020942, 0.027923, 1000.000000, -0.038394, 2000.000000, 1000.000000, 9.892416, 9.952442, 9.934427, 10.220715, -0.056565, 0.077571, -0.086578, -0.104712, 0.139616, -0.191972, -5.950146, -1.367572, 0.180571, -0.002157, -0.001100, 0.000227, 0.002021, 14.571289, 3.601074, 53.710934
-0.020942, 0.027923, 1000.000000, -0.038394, 2000.000000, 1000.000000, 9.895064, 9.953370, 9.934226, 10.217340, -0.056202, 0.075783, -0.085354, -0.104712, 0.139616, -0.191972, -5.946709, -1.368202, 0.180834, -0.001092, -0.000035, 0.000227, 0.001771, 14.575195, 3.479004, 51.879879
-0.020942, 0.027923, 1005.000000, -0.038394, 2000.000000, 1000.000000, 9.894939, 9.945820, 9.931946, 10.227295, -0.061117, 0.079620, -0.086557, -0.104712, 0.139616, -0.191972, -5.933938, -1.374703, 0.180698, 0.006365, -0.004296, -0.000838, 0.002124, 14.571289, 3.518677, 52.490231
-0.020942, 0.027923, 1010.000000, -0.038394, 2000.000000, 1000.000000, 10.890692, 10.957365, 10.938265, 11.213678, -0.052185, 0.075972, -0.085522, -0.104712, 0.139616, -0.191972, -5.944275, -1.367238, 0.178673, -0.009614, -0.000035, 0.001292, 0.001732, 14.606445, 2.081299, 31.127928
-0.020942, 0.027923, 1016.000000, -0.038394, 2000.000000, 1000.000000, 10.885666, 10.961512, 10.939116, 11.213707, -0.049686, 0.076411, -0.087610, -0.104712, 0.139616, -0.191972, -5.912015, -1.348729, 0.174979, -0.016006, 0.001030, 0.002357, 0.002025, 14.524414, 5.319214, 79.101562
-0.020942, 0.027923, 1059.000000, -0.038394, 2000.000000, 1000.000000, 14.879661, 15.014474, 14.933635, 15.172231, -0.025946, 0.052933, -0.093353, -0.104712, 0.139616, -0.191972, -5.874325, -1.320773, 0.195002, -0.062877, 0.046836, 0.019402, 0.001743, 14.301758, 22.760010, 328.186005
-0.020942, 0.027923, 1065.000000, -0.038394, 2000.000000, 1000.000000, 15.892748, 15.672845, 15.996197, 16.438208, -0.165479, 0.217203, -0.055527, -0.104712, 0.139616, -0.191972, -6.389563, -1.396688, -0.050289, 0.199177, -0.278067, -0.077537, 0.001920, 14.211914, 16.201782, 235.778793
-0.020942, 0.027923, 1065.000000, -0.038394, 2000.000000, 1000.000000, 16.085920, 15.281558, 15.700215, 16.932306, -0.509114, 0.316260, -0.106931, -0.104712, 0.139616, -0.191972, -2.676613, -3.560384, 0.111426, 0.927813, -0.497510, 0.056686, 0.001733, 14.247070, 15.881348, 231.628403
-0.020942, 0.027923, 1065.000000, -0.038394, 2000.000000, 1000.000000, 15.785820, 15.452070, 16.080513, 16.681599, -0.233709, 0.381055, -0.066834, -0.104712, 0.139616, -0.191972, 1.007169, -7.613769, 0.512440, 0.362161, -0.615754, -0.049840, 0.001907, 14.243164, 16.079712, 234.497055
-0.020942, 0.027923, 1066.000000, -0.036649, 2000.000000, 1000.000000, 16.324911, 15.980751, 15.489826, 16.204512, -0.264711, -0.152831, -0.092631, -0.104712, 0.139616, -0.183246, 3.801867, -7.736631, 0.865180, 0.423946, 0.468678, 0.028989, 0.001735, 14.239258, 16.241455, 236.694321
-0.020942, 0.027923, 1066.000000, -0.036649, 2000.000000, 1000.000000, 15.846389, 16.044779, 16.037199, 16.071634, 0.040989, 0.054417, -0.058206, -0.104712, 0.139616, -0.183246, 3.753989, -5.465396, 0.804249, -0.204556, 0.044706, -0.059428, 0.001979, 14.274414, 13.601685, 198.913559
-0.020942, 0.027923, 1060.000000, -0.036649, 2000.000000, 1000.000000, 16.028292, 15.668258, 15.919288, 16.384165, -0.206227, 0.151725, -0.026211, -0.104712, 0.139616, -0.183246, 4.016599, -7.623345, 0.200122, 0.317420, -0.160889, -0.144648, 0.001764, 14.223633, 15.600586, 227.416977
-0.020942, 0.027923, 1056.000000, -0.036649, 2000.000000, 1000.000000, 15.368983, 15.236112, 14.636394, 14.758512, -0.063747, -0.302547, 0.002688, -0.104712, 0.139616, -0.183246, 5.674275, -5.024358, -0.544729, 0.012756, 0.760559, -0.211759, 0.001968, 14.305664, 12.881470, 188.598618
-0.020942, 0.027923, 1023.000000, -0.036649, 2000.000000, 1000.000000, 11.749843, 11.725589, 12.278064, 12.246505, 0.001827, 0.262284, 0.013953, -0.104712, 0.139616, -0.183246, 4.974892, -3.525834, -1.882099, -0.129988, -0.382463, -0.246913, 0.001731, 15.086914, 0.000000, 0.000000
-0.020942, 0.027923, 1024.000000, -0.038394, 2000.000000, 1000.000000, 12.190970, 12.018826, 11.818099, 11.972104, -0.081537, -0.104899, 0.004535, -0.104712, 0.139616, -0.191972, 4.802037, -4.551422, -3.296728, 0.046845, 0.361087, -0.227738, 0.001998, 14.477539, 5.999756, 88.989250
-0.020942, 0.027923, 1024.000000, -0.038394, 2000.000000, 1000.000000, 12.030493, 12.302792, 11.923710, 11.743006, 0.113251, -0.166642, -0.022898, -0.104712, 0.139616, -0.191972, 4.102180, -0.917190, -4.379313, -0.351562, 0.500636, -0.161692, 0.001735, 14.454102, 6.600952, 97.717278
-0.020942, 0.027923, 1028.000000, -0.038394, 2000.000000, 1000.000000, 11.751934, 11.696104, 12.254589, 12.297373, -0.024653, 0.275981, 0.003261, -0.104712, 0.139616, -0.191972, 2.445263, -0.969015, -5.463179, -0.066073, -0.390985, -0.221347, 0.002157, 14.454102, 7.199097, 106.506340
-0.020942, 0.027923, 1061.000000, -0.036649, 2000.000000, 1000.000000, 16.131084, 16.065752, 15.894895, 15.908272, -0.019677, -0.098417, 0.012989, -0.104712, 0.139616, -0.183246, 2.535661, -1.574795, -6.736005, -0.077790, 0.354696, -0.242652, 0.001798, 14.106445, 20.880127, 301.818848
-0.020942, 0.027923, 1061.000000, -0.036649, 2000.000000, 1000.000000, 15.513699, 16.375254, 16.534498, 15.576550, 0.454876, 0.055524, 0.024098, -0.104712, 0.139616, -0.183246, -1.061082, 0.874702, -8.088815, -1.006695, 0.042575, -0.261826, 0.002179, 14.188477, 16.918945, 245.788559
-0.020942, 0.027923, 1061.000000, -0.036649, 2000.000000, 1000.000000, 15.980105, 15.553551, 16.186165, 16.280178, -0.130143, 0.233172, 0.083135, -0.104712, 0.139616, -0.183246, -3.545807, 0.046321, -9.930401, 0.153370, -0.323873, -0.424811, 0.001732, 14.208008, 16.040039, 233.215317
-0.020942, 0.027923, 1060.000000, -0.036649, 2000.000000, 1000.000000, 16.148052, 16.279922, 15.964371, 15.607655, 0.122146, -0.213987, 0.056212, -0.104712, 0.139616, -0.183246, -2.513241, 0.805089, -12.175328, -0.347301, 0.574139, -0.343851, 0.002110, 14.200195, 16.601562, 241.394028
-0.020942, 0.027923, 1059.000000, -0.033159, 2000.000000, 1000.000000, 14.369855, 15.255815, 15.719689, 14.654641, 0.487752, 0.187165, 0.044772, -0.104712, 0.139616, -0.165794, -7.434185, 3.385885, -13.610600, -1.111090, -0.221609, -0.305502, 0.001757, 14.313477, 11.639404, 170.532211
-0.020942, 0.027923, 1059.000000, -0.013962, 2000.000000, 1000.000000, 14.943763, 14.469819, 15.329873, 15.256545, -0.100154, 0.293209, 0.136818, -0.104712, 0.139616, -0.069808, -10.573099, 1.880939, -15.491042, 0.076672, -0.433595, -0.418419, 0.001991, 14.266602, 13.601685, 198.730453
-0.020942, 0.027923, 1059.000000, -0.015707, 2000.000000, 1000.000000, 15.221826, 14.782313, 15.069865, 14.925996, -0.073910, -0.002070, 0.145845, -0.104712, 0.139616, -0.078534, -9.427094, 0.784706, -18.249754, 0.038323, 0.157623, -0.467421, 0.001749, 14.282227, 12.799072, 187.072739
-0.020942, 0.027923, 1058.000000, -0.036649, 2000.000000, 1000.000000, 14.862292, 14.853965, 15.326367, 14.957376, 0.090166, 0.141872, 0.094330, -0.104712, 0.139616, -0.183246, -10.521936, 1.795551, -20.524370, -0.295103, -0.129997, -0.451442, 0.001808, 14.301758, 11.599731, 169.921860
-0.020942, 0.027923, 1058.000000, -0.038394, 2000.000000, 1000.000000, 15.298671, 14.422236, 14.963414, 15.315679, -0.307175, 0.139546, 0.131042, -0.104712, 0.139616, -0.191972, -9.802991, -0.016509, -23.488838, 0.510232, -0.129997, -0.560099, 0.001732, 14.274414, 12.960815, 189.514145
-0.020942, 0.027923, 1058.000000, -0.038394, 2000.000000, 1000.000000, 14.883726, 14.911980, 15.348406, 14.855888, 0.130193, 0.102147, 0.116066, -0.104712, 0.139616, -0.191972, -8.929535, -0.372353, -26.725325, -0.374997, -0.049037, -0.508966, 0.001949, 14.301758, 11.441040, 167.480453
-0.020942, 0.027923, 1058.000000, -0.038394, 2000.000000, 1000.000000, 15.084292, 14.731965, 15.122302, 15.061440, -0.072866, 0.091872, 0.103297, -0.104712, 0.139616, -0.191972, -11.011456, 0.655554, -29.297737, 0.022344, -0.030928, -0.487661, 0.001740, 14.297852, 11.041260, 161.621078
-0.020942, 0.027923, 1058.000000, -0.038394, 2000.000000, 1000.000000, 15.223731, 14.372712, 14.935428, 15.468129, -0.345930, 0.201778, 0.079579, -0.104712, 0.139616, -0.191972, -8.453794, -1.802297, -31.843836, 0.594387, -0.254632, -0.418419, 0.001888, 14.270508, 12.881470, 188.232407
-0.020942, 0.027923, 1058.000000, -0.038394, 2000.000000, 1000.000000, 14.913508, 14.879737, 15.152564, 15.054191, 0.016150, 0.103377, 0.033036, -0.104712, 0.139616, -0.191972, -8.262737, -3.694481, -34.017452, -0.148098, -0.058624, -0.305502, 0.001732, 14.266602, 12.719727, 185.913071
-0.020942, 0.027923, 1058.000000, -0.038394, 2000.000000, 1000.000000, 15.313298, 14.998857, 14.676038, 15.011807, -0.162553, -0.156077, -0.005332, -0.104712, 0.139616, -0.191972, -6.790501, -1.720548, -35.400455, 0.209829, 0.462287, -0.202172, 0.002114, 14.254883, 13.281250, 193.908676
-0.020942, 0.027923, 1058.000000, -0.038394, 2000.000000, 1000.000000, 14.649487, 14.379644, 15.293104, 15.677765, -0.163626, 0.485435, -0.028705, -0.104712, 0.139616, -0.191972, -5.579850, -4.488005, -36.505173, 0.226873, -0.839458, -0.146779, 0.001751, 14.258789, 13.119507, 191.528305
-0.020942, 0.027923, 1058.000000, -0.038394, 2000.000000, 1000.000000, 15.033286, 14.979024, 14.850633, 15.137057, -0.085172, -0.006155, -0.058040, -0.104712, 0.139616, -0.191972, -6.885632, -6.703146, -37.383808, 0.045779, 0.161884, -0.071145, 0.002056, 14.258789, 12.240601, 178.832993
-0.020942, 0.027923, 1058.000000, -0.038394, 2000.000000, 1000.000000, 15.188242, 15.268177, 14.686960, 14.856621, -0.022432, -0.228210, -0.062399, -0.104712, 0.139616, -0.191972, -4.637099, -3.507947, -37.523685, -0.073529, 0.621010, -0.058362, 0.001821, 14.247070, 13.040161, 190.307602
-0.020942, 0.027923, 1058.000000, -0.038394, 2000.000000, 1000.000000, 14.768320, 14.543537, 15.185646, 15.502497, -0.135408, 0.344071, -0.023017, -0.104712, 0.139616, -0.191972, -4.562012, -4.169043, -38.238682, 0.154436, -0.525207, -0.158496, 0.002129, 14.258789, 12.521362, 182.800278
-0.020942, 0.027923, 1058.000000, -0.038394, 2000.000000, 1000.000000, 15.541015, 14.953799, 14.380240, 15.124946, -0.332980, -0.247407, -0.039372, -0.104712, 0.139616, -0.191972, -2.568974, -5.459705, -38.981976, 0.569886, 0.663620, -0.119082, 0.001748, 14.247070, 13.040161, 190.185532
-0.020942, 0.027923, 1058.000000, -0.038394, 2000.000000, 1000.000000, 15.263865, 15.203863, 14.614485, 14.917788, -0.090826, -0.233864, -0.060825, -0.104712, 0.139616, -0.191972, 1.699770, -2.644461, -39.179455, 0.066019, 0.617814, -0.065819, 0.002143, 14.258789, 13.119507, 191.284164
-0.020942, 0.027923, 1058.000000, -0.038394, 2000.000000, 1000.000000, 14.905048, 14.641621, 14.917917, 15.535414, -0.220231, 0.226666, -0.088517, -0.104712, 0.139616, -0.191972, 2.679820, -3.591761, -39.069263, 0.338725, -0.308960, 0.007684, 0.001788, 14.278320, 11.718750, 171.203598
-0.020942, 0.027923, 1058.000000, -0.038394, 2000.000000, 1000.000000, 15.064475, 15.252982, 14.755197, 14.927346, 0.004090, -0.158729, -0.090164, -0.104712, 0.139616, -0.191972, 3.601360, -4.013959, -39.058975, -0.119336, 0.470809, 0.009814, 0.001917, 14.208008, 14.199829, 206.726059
-0.020942, 0.027923, 1058.000000, -0.038394, 2000.000000, 1000.000000, 14.693072, 15.107577, 15.055362, 15.143989, 0.081469, 0.099675, -0.125783, -0.104712, 0.139616, -0.191972, 2.957013, -1.172447, -38.733974, -0.282320, -0.044776, 0.102492, 0.001762, 14.204102, 14.840698, 218.811020
-0.020942, 0.027923, 1058.000000, -0.038394, 2000.000000, 1000.000000, 15.235097, 14.886722, 14.510652, 15.367530, -0.301314, -0.060910, -0.127126, -0.104712, 0.139616, -0.191972, 4.513450, -2.242762, -38.176037, 0.509166, 0.275867, 0.102492, 0.001885, 14.239258, 12.600708, 183.715805
-0.020942, 0.027923, 1058.000000, -0.031414, 2000.000000, 1000.000000, 14.537198, 15.323798, 15.205787, 14.933217, 0.264793, 0.069502, -0.128507, -0.104712, 0.139616, -0.157068, 4.825222, -1.025658, -37.061672, -0.659421, 0.018074, 0.150428, 0.001771, 14.227539, 13.439941, 195.800766
-0.020942, 0.027923, 1058.000000, 0.111693, 2000.000000, 1000.000000, 15.249813, 14.718880, 15.086342, 14.944965, -0.097390, 0.015654, 0.168078, -0.104712, 0.139616, 0.558464, 2.760597, -0.026162, -35.914623, 0.069215, 0.119274, 0.210083, 0.001994, 14.227539, 13.558960, 197.631821
-0.020942, 0.027923, 1060.000000, 0.181501, 2000.000000, 1000.000000, 16.494890, 16.092588, 15.872625, 15.539896, -0.017393, -0.293739, 0.183758, -0.104712, 0.139616, 0.907504, 4.925618, 1.966814, -33.417187, -0.087378, 0.753102, 0.564813, 0.001801, 14.110352, 18.441772, 266.296387
-0.020942, 0.027923, 1062.000000, 0.205934, 2000.000000, 1000.000000, 15.804180, 15.895829, 16.588179, 15.711811, 0.242004, 0.149995, 0.196179, -0.104712, 0.139616, 1.029668, 4.042503, 4.830590, -30.166969, -0.593375, -0.151302, 0.668144, 0.001972, 14.200195, 14.279175, 207.580551
-0.020942, 0.027923, 1061.000000, 0.211169, 2000.000000, 1000.000000, 16.105717, 15.652397, 16.202034, 16.039852, -0.072784, 0.120943, 0.153876, -0.104712, 0.139616, 1.055846, 1.615355, 4.477591, -25.741165, 0.025540, -0.093778, 0.815149, 0.001763, 14.086914, 19.879150, 286.682129
-0.020942, 0.027923, 1061.000000, 0.214660, 2000.000000, 1000.000000, 16.106934, 16.242561, 16.043720, 15.606786, 0.143140, -0.174747, 0.075327, -0.104712, 0.139616, 1.073298, 2.184693, 5.789220, -20.676432, -0.402694, 0.497440, 1.018613, 0.002033, 14.129883, 16.839600, 243.591293
-0.020942, 0.027923, 1059.000000, 0.235602, 2000.000000, 1000.000000, 14.835387, 14.718328, 15.444835, 15.001451, 0.081581, 0.223143, 0.140111, -0.104712, 0.139616, 1.178010, -1.131505, 7.184323, -14.633944, -0.282320, -0.296177, 0.987721, 0.001753, 14.313477, 8.718872, 127.685539
-0.020942, 0.027923, 1058.000000, 0.253054, 2000.000000, 1000.000000, 15.725100, 14.387152, 14.596680, 15.291069, -0.508085, -0.056125, 0.160890, -0.104712, 0.139616, 1.265270, 1.482832, 5.964878, -9.259749, 0.891594, 0.260953, 1.017548, 0.002085, 14.239258, 12.838745, 187.194809
-0.020942, 0.027923, 1058.000000, 0.263525, 2000.000000, 1000.000000, 15.377569, 14.834660, 15.031101, 14.756670, -0.067119, -0.106114, 0.204335, -0.104712, 0.139616, 1.317626, 4.855168, 7.715374, -3.904650, 0.024474, 0.373870, 0.985590, 0.001732, 14.208008, 14.120483, 205.383286
-0.020942, 0.027923, 1058.000000, 0.265270, 2000.000000, 1000.000000, 14.784595, 14.823208, 15.390177, 15.002020, 0.106693, 0.196098, 0.087386, -0.104712, 0.139616, 1.326352, 3.158902, 7.729094, 2.866178, -0.328126, -0.233327, 1.267884, 0.002059, 14.247070, 12.280273, 179.199203
-0.020942, 0.027923, 1058.000000, 0.129145, 2000.000000, 1000.000000, 15.122328, 15.107700, 14.484333, 15.285639, -0.203983, -0.115014, -0.196669, -0.104712, 0.139616, 0.645724, 3.407975, 7.718611, 9.963311, 0.308898, 0.389849, 1.224208, 0.001754, 14.211914, 13.079834, 190.429672
-0.020942, 0.027923, 1064.000000, -0.038394, 2000.000000, 1000.000000, 15.674555, 16.554113, 15.401931, 16.369402, -0.021978, -0.114333, -0.461757, -0.104712, 0.139616, -0.191972, 3.166562, 10.448989, 16.406025, -0.071399, 0.383458, 0.938719, 0.001972, 14.114258, 17.761230, 256.530762
-0.020942, 0.027923, 1064.000000, -0.036649, 2000.000000, 1000.000000, 15.890509, 15.957543, 15.498834, 16.653112, -0.271811, 0.075973, -0.305328, -0.104712, 0.139616, -0.183246, 3.593073, 11.898216, 20.448158, 0.444186, 0.006356, 0.579727, 0.001732, 14.137695, 15.921021, 230.590805
-0.020942, 0.027923, 1064.000000, -0.054101, 2000.000000, 1000.000000, 15.806042, 15.940178, 15.529657, 16.724121, -0.265082, 0.126890, -0.332149, -0.104712, 0.139616, -0.270506, 6.747292, 12.717766, 22.515322, 0.418620, -0.096974, 0.509420, 0.002149, 14.180664, 14.559937, 211.425766
-0.020942, 0.027923, 1064.000000, -0.047120, 2000.000000, 1000.000000, 15.590899, 15.993792, 16.002819, 16.412487, -0.001694, 0.207654, -0.203140, -0.104712, 0.139616, -0.235602, 7.666806, 12.090936, 24.625534, -0.112944, -0.274872, 0.254823, 0.001743, 14.165039, 14.279175, 207.092270
-0.020942, 0.027923, 1065.000000, -0.036649, 2000.000000, 1000.000000, 15.566657, 16.084034, 15.982370, 16.366941, 0.033202, 0.174655, -0.225487, -0.104712, 0.139616, -0.183246, 7.976121, 9.534242, 25.949429, -0.177925, -0.196043, 0.344305, 0.002212, 14.083008, 18.881226, 272.521973
-0.020942, 0.027923, 1064.000000, -0.050611, 2000.000000, 1000.000000, 16.019606, 16.140469, 15.635080, 16.204847, -0.112226, -0.080037, -0.172657, -0.104712, 0.139616, -0.253054, 7.542471, 10.462664, 27.500872, 0.119282, 0.323803, 0.154689, 0.001779, 14.102539, 17.041016, 246.032700
-0.020942, 0.027923, 1064.000000, -0.233857, 2000.000000, 1000.000000, 14.568152, 16.453308, 16.447115, 16.531427, 0.450210, 0.489270, -0.492367, -0.104712, 0.139616, -1.169284, 6.212984, 8.393818, 28.128012, -1.026935, -0.836262, -0.080733, 0.001801, 14.133789, 15.399170, 222.900375
-0.020942, 0.027923, 1062.000000, -0.338569, 2000.000000, 1000.000000, 14.563751, 16.436846, 16.332788, 16.666611, 0.384818, 0.499700, -0.551730, -0.104712, 0.139616, -1.692844, 3.567076, 0.525224, 26.561962, -0.907626, -0.868220, -0.519619, 0.001756, 14.133789, 16.000366, 231.384262
-0.020942, 0.027923, 1061.000000, -0.378708, 2000.000000, 1000.000000, 15.314224, 16.379467, 15.777298, 16.529011, 0.078383, 0.153155, -0.454239, -0.104712, 0.139616, -1.893542, 1.785522, -2.815231, 22.282322, -0.283385, -0.154498, -0.997920, 0.001919, 14.133789, 15.399170, 222.900375
-0.020942, 0.027923, 1060.000000, -0.232112, 2000.000000, 1000.000000, 15.043867, 16.122944, 16.876968, 15.956219, 0.499957, 0.416594, -0.039582, -0.104712, 0.139616, -1.160558, -1.169428, -6.384357, 15.628223, -1.143048, -0.704170, -1.229081, 0.001742, 14.129883, 16.159058, 233.520493
-0.020942, 0.027923, 1060.000000, -0.094241, 2000.000000, 1000.000000, 15.388119, 15.434587, 16.994715, 16.182577, 0.214652, 0.588647, 0.191418, -0.104712, 0.139616, -0.471204, -5.600058, -12.737089, 8.467237, -0.547569, -1.035466, -1.018160, 0.001901, 14.043945, 20.840454, 299.682617
-0.020942, 0.027923, 1059.000000, -0.041885, 2000.000000, 1000.000000, 15.128059, 14.419291, 15.508181, 14.944469, -0.036265, 0.226325, 0.318120, -0.104712, 0.139616, -0.209424, -6.073991, -16.811060, 2.778437, -0.045833, -0.314286, -1.063966, 0.001733, 14.235352, 11.718750, 170.776352
-0.020942, 0.027923, 1060.000000, 0.106457, 2000.000000, 1000.000000, 16.316874, 15.103297, 16.815933, 15.763896, -0.040385, 0.289914, 0.566404, -0.104712, 0.139616, 0.532286, -6.380777, -18.048580, -2.676957, -0.036245, -0.431465, -0.830674, 0.001873, 14.239258, 10.519409, 153.381348
-0.020942, 0.027923, 1060.000000, 0.055846, 2000.000000, 1000.000000, 15.791579, 14.991658, 16.936176, 16.280586, -0.036083, 0.608381, 0.363878, -0.104712, 0.139616, 0.279232, -6.977324, -22.958424, -6.907950, -0.047963, -1.073815, -0.606970, 0.001854, 14.129883, 16.000366, 225.707993
-0.020942, 0.027923, 1059.000000, -0.033159, 2000.000000, 1000.000000, 15.274570, 14.803715, 15.195608, 14.726107, -0.000338, -0.039142, 0.235090, -0.104712, 0.139616, -0.165794, -8.085423, -25.006470, -11.256018, -0.111879, 0.225799, -0.761432, 0.002124, 14.227539, 11.718750, 170.715317
-0.020942, 0.027923, 1059.000000, -0.003490, 2000.000000, 1000.000000, 15.383940, 14.459980, 15.020294, 15.135786, -0.259862, 0.078040, 0.202117, -0.104712, 0.139616, -0.017452, -7.051533, -24.013350, -14.487169, 0.404771, -0.004296, -0.540924, 0.001737, 14.204102, 12.438965, 180.603012
-0.020942, 0.027923, 1060.000000, -0.038394, 2000.000000, 1000.000000, 16.275610, 15.414015, 16.070726, 16.239649, -0.257630, 0.155188, 0.173169, -0.104712, 0.139616, -0.191972, -4.350668, -25.505014, -16.607908, 0.399445, -0.151302, -0.634667, 0.002207, 14.016602, 21.881104, 314.025879
-0.020942, 0.031414, 1060.000000, -0.038394, 2000.000000, 1000.000000, 16.086815, 15.781507, 16.242918, 15.888758, 0.012212, 0.065839, 0.164867, -0.104712, 0.157068, -0.191972, -3.609838, -26.061525, -20.094641, -0.139575, 0.043640, -0.646384, 0.001748, 14.137695, 15.039062, 217.773422
-0.020942, 0.031414, 1060.000000, -0.038394, 2000.000000, 1000.000000, 15.880312, 15.814484, 16.358999, 15.946202, 0.086742, 0.152602, 0.119656, -0.104712, 0.157068, -0.191972, -5.265906, -25.636446, -23.864666, -0.290842, -0.129997, -0.505771, 0.002155, 14.153320, 14.721680, 213.317856
-0.020942, 0.034904, 1060.000000, -0.038394, 2000.000000, 1000.000000, 16.224499, 15.789440, 15.952984, 16.033077, -0.128788, -0.006970, 0.088741, -0.104712, 0.174520, -0.191972, -5.855102, -25.493464, -26.808470, 0.140587, 0.207690, -0.451442, 0.001732, 14.071289, 17.440796, 251.403793
-0.075044, 0.232112, 1060.000000, -0.038394, 2000.000000, 1000.000000, 15.631227, 16.068733, 16.419540, 15.880499, 0.244137, 0.150020, 0.025383, -0.375218, 1.160558, -0.191972, -5.876720, -21.926083, -28.848003, -0.877799, 0.969349, -0.276740, 0.002158, 14.129883, 15.359497, 222.228989
-0.082024, 0.235602, 1064.000000, -0.038394, 2000.000000, 1000.000000, 16.370228, 16.466583, 15.701277, 15.461910, 0.083931, -0.418406, 0.035753, -0.410122, 1.178010, -0.191972, -5.781508, -11.105819, -30.627174, -0.635986, 2.175221, -0.311894, 0.001780, 14.125977, 15.438843, 223.205551
-0.082024, 0.104712, 1063.000000, -0.038394, 2000.000000, 1000.000000, 16.464312, 16.417635, 15.550107, 15.567946, -0.016128, -0.440974, 0.007209, -0.410122, 0.523560, -0.191972, -2.424824, -0.889794, -31.765982, -0.426130, 1.438063, -0.234130, 0.001952, 14.106445, 15.798950, 228.332504
-0.078534, 0.029668, 1062.000000, -0.038394, 2000.000000, 1000.000000, 15.791357, 16.071947, 16.200800, 15.935896, 0.136373, 0.068348, -0.003921, -0.392670, 0.148342, -0.191972, -3.176269, 4.276496, -32.968807, -0.715880, 0.019139, -0.211759, 0.001742, 14.102539, 15.679932, 226.501450
-0.075044, 0.029668, 1061.000000, -0.036649, 2000.000000, 1000.000000, 16.127630, 16.065613, 15.921105, 15.885651, -0.006640, -0.096622, 0.024368, -0.375218, 0.148342, -0.183246, -6.072054, 5.213405, -33.958736, -0.413347, 0.356826, -0.270349, 0.001818, 14.153320, 14.080811, 203.979477
-0.071553, 0.029668, 1062.000000, -0.036649, 2000.000000, 1000.000000, 16.646784, 16.589464, 15.448984, 15.314768, 0.019224, -0.618124, 0.047884, -0.357766, 0.148342, -0.183246, -4.203813, 12.052949, -35.857292, -0.444239, 1.433802, -0.334264, 0.001732, 14.114258, 15.240479, 220.275864
-0.073298, 0.029668, 1053.000000, -0.036649, 2000.000000, 1000.000000, 14.961724, 14.931941, 15.189572, 14.916762, 0.060757, 0.053168, 0.075648, -0.366492, 0.148342, -0.183246, -3.699753, 17.040449, -38.019848, -0.519872, 0.063880, -0.394984, 0.001989, 14.188477, 12.921143, 187.683090
-0.073298, 0.029668, 1045.000000, -0.003490, 2000.000000, 1000.000000, 14.125879, 13.667870, 14.164494, 14.041758, -0.083819, 0.103126, 0.145187, -0.366492, 0.148342, -0.017452, -6.284657, 17.190960, -39.326077, -0.227992, -0.046906, -0.394984, 0.001780, 14.270508, 9.359741, 136.779785
-0.073298, 0.029668, 1045.000000, 0.075044, 2000.000000, 1000.000000, 14.719946, 13.977638, 13.845261, 13.457155, -0.088550, -0.348792, 0.282603, -0.366492, 0.148342, 0.375218, -4.811507, 20.210323, -41.824692, -0.231188, 0.880933, -0.296980, 0.001793, 14.262695, 9.561157, 139.709473
-0.075044, 0.029668, 1041.000000, 0.108202, 2000.000000, 1000.000000, 14.324986, 13.845116, 14.262188, 13.567711, 0.053652, -0.085051, 0.293586, -0.375218, 0.148342, 0.541012, -3.728329, 24.426474, -43.519665, -0.519872, 0.342978, -0.137191, 0.001748, 14.239258, 10.559082, 153.991699
-0.069808, 0.029668, 1002.000000, 0.151832, 2000.000000, 1000.000000, 10.416028, 9.307239, 10.164138, 10.112596, -0.264312, 0.138367, 0.290083, -0.349040, 0.148342, 0.759162, -4.420681, 25.662796, -43.232876, 0.138457, -0.111887, 0.132319, 0.002118, 14.719727, 0.000000, 3.601074
-0.069808, 0.029668, 1017.000000, 0.219895, 2000.000000, 1000.000000, 11.864572, 9.955049, 10.983171, 11.197209, -0.530891, 0.090190, 0.423871, -0.349040, 0.148342, 1.099476, -2.839253, 23.193407, -43.166988, 0.700913, -0.021340, 0.168538, 0.001754, 14.454102, 2.481079, 36.682129
-0.068063, 0.029668, 1032.000000, 0.308900, 2000.000000, 1000.000000, 13.935037, 12.064363, 13.088391, 12.912210, -0.423623, 0.000300, 0.511714, -0.340314, 0.148342, 1.544502, 0.396191, 21.721304, -42.877087, 0.469752, 0.162949, 0.460418, 0.002088, 14.227539, 10.958862, 159.729004
-0.068063, 0.029668, 1059.000000, 0.336824, 2000.000000, 1000.000000, 16.122803, 13.483585, 14.937992, 15.455620, -0.789211, 0.196806, 0.530397, -0.340314, 0.148342, 1.684118, 3.558972, 17.735950, -40.925407, 1.245260, -0.238653, 0.560552, 0.001741, 14.161133, 14.361572, 208.190903
-0.069808, 0.029668, 1130.000000, 0.315881, 2000.000000, 1000.000000, 23.375963, 22.029951, 23.452887, 23.141199, -0.258582, 0.297043, 0.414424, -0.349040, 0.148342, 1.579406, 6.659776, 13.232011, -38.183167, 0.128870, -0.426138, 0.743777, 0.002095, 13.000977, 63.000488, 836.425720
-0.066318, 0.027923, 1129.000000, 0.319372, 2000.000000, 1000.000000, 22.830177, 20.639019, 22.086086, 22.444717, -0.637447, 0.265401, 0.458132, -0.331588, 0.139616, 1.596858, 6.756395, 10.755474, -34.333942, 0.937400, -0.387789, 0.648969, 0.001756, 13.446289, 40.841675, 562.500000
-0.068063, 0.029668, 1064.000000, 0.191972, 2000.000000, 1000.000000, 16.656612, 14.833992, 15.610516, 16.898880, -0.777746, 0.254699, 0.133563, -0.340314, 0.148342, 0.959860, 12.325504, 5.112578, -31.168816, 1.161104, -0.334526, 0.740581, 0.002146, 14.387695, 2.279663, 33.630371
-0.066318, 0.029668, 1025.000000, 0.008726, 2000.000000, 1000.000000, 11.462873, 11.775352, 12.106813, 12.654961, -0.058917, 0.380887, -0.215156, -0.331588, 0.148342, 0.043630, 13.152659, 1.859132, -27.355227, -0.242905, -0.612558, 0.606359, 0.001769, 15.028320, 0.000000, 1.220703
-0.066318, 0.029668, 1000.000000, -0.036649, 2000.000000, 1000.000000, 9.646875, 9.951221, 9.840275, 10.561628, -0.104252, 0.200952, -0.256425, -0.331588, 0.148342, -0.183246, 10.383183, -0.095495, -24.395634, -0.156620, -0.237588, 0.430591, 0.002079, 15.704102, 0.000000, 0.610352
-0.068063, 0.005236, 1000.000000, -0.036649, 2000.000000, 1000.000000, 9.899013, 10.021087, 9.837846, 10.242055, -0.070534, 0.039950, -0.131571, -0.340314, 0.026178, -0.183246, 9.381847, -0.044192, -22.819292, -0.234383, -0.052233, 0.129123, 0.001811, 14.418945, 2.880859, 42.480465
-0.069808, -0.008726, 1009.000000, -0.020942, 2000.000000, 1000.000000, 9.858015, 9.758598, 10.074940, 10.308447, -0.083231, 0.191694, -0.033523, -0.349040, -0.043630, -0.104712, 7.662209, -0.774783, -22.675016, -0.217339, -0.439987, -0.033861, 0.001776, 14.391602, 3.921509, 57.800289
-0.071553, -0.022688, 1009.000000, 0.062827, 2000.000000, 1000.000000, 10.174621, 9.607125, 10.049823, 10.168431, -0.171525, 0.109127, 0.112222, -0.357766, -0.113438, 0.314136, 5.910217, -2.759605, -22.662861, -0.047963, -0.354766, 0.077991, 0.001732, 14.293945, 9.561157, 140.014648
-0.069808, -0.073298, 1060.000000, 0.125654, 2000.000000, 1000.000000, 16.112690, 15.877725, 16.144674, 15.864911, 0.011199, 0.004792, 0.128682, -0.349040, -0.366492, 0.628272, 4.762125, -3.826417, -21.372599, -0.401629, -0.414420, 0.385850, 0.001852, 13.883789, 23.880005, 339.599579
-0.027923, -0.097731, 1091.000000, 0.183246, 2000.000000, 1000.000000, 18.479027, 18.611549, 20.044147, 18.865276, 0.327848, 0.454712, 0.261588, -0.139616, -0.488656, 0.916230, -1.001833, -8.255146, -19.737728, -0.838385, -1.478613, 0.376263, 0.001732, 13.586914, 39.080811, 543.212891
-0.034904, -0.066318, 1103.000000, 0.209424, 2000.000000, 1000.000000, 20.353670, 19.303076, 20.022032, 20.321222, -0.337446, 0.171628, 0.187852, -0.174520, -0.331588, 1.047120, -5.656996, -14.294262, -17.451555, 0.478274, -0.716954, 0.709689, 0.001937, 13.493164, 40.081787, 553.833008
-0.050611, -0.019197, 1102.000000, 0.132635, 2000.000000, 1000.000000, 19.675411, 20.174221, 20.385647, 19.764721, 0.279935, 0.075184, 0.030529, -0.253054, -0.095986, 0.663176, -4.034503, -15.644470, -13.099391, -0.847972, -0.252501, 0.681992, 0.001735, 13.524414, 38.400269, 531.799316
-0.064572, 0.048866, 1101.000000, -0.036649, 2000.000000, 1000.000000, 19.383995, 19.529881, 20.130966, 20.955158, -0.169576, 0.543062, -0.242520, -0.322862, 0.244328, -0.183246, -10.676340, -19.691259, -11.665895, -0.022397, -0.828806, 0.403960, 0.001927, 13.680664, 31.439209, 440.490692
-0.022688, 0.048866, 1065.000000, -0.038394, 2000.000000, 1000.000000, 16.991943, 16.400883, 14.864576, 15.742599, -0.367271, -0.696412, -0.071740, -0.113438, 0.244328, -0.191972, -6.061128, -14.931494, -9.280116, 0.630606, 1.704377, -0.035992, 0.001772, 15.325195, 0.000000, 1.770019
-0.022688, 0.034904, 1004.000000, -0.038394, 2000.000000, 1000.000000, 9.109378, 9.202497, 10.822846, 10.865279, 0.012672, 0.844063, -0.033888, -0.113438, 0.174520, -0.191972, -5.386822, -15.930193, -9.614125, -0.147032, -1.443459, -0.129735, 0.002399, 18.915039, 0.000000, 2.990722
-0.022688, 0.033159, 1006.000000, -0.036649, 2000.000000, 1000.000000, 9.909429, 9.684108, 10.068789, 10.337674, -0.123552, 0.203232, -0.010891, -0.113438, 0.165794, -0.183246, -6.602325, -21.260391, -10.895640, 0.128870, -0.236522, -0.181932, 0.001744, 14.426758, 1.919556, 28.320311
-0.022688, 0.027923, 1001.000000, -0.036649, 2000.000000, 1000.000000, 10.337213, 10.230603, 9.665915, 9.766269, -0.051740, -0.283908, 0.001564, -0.113438, 0.139616, -0.183246, -5.260025, -19.318878, -11.576711, -0.021332, 0.719014, -0.209629, 0.002039, 14.379883, 3.759766, 55.419918
-0.026178, 0.087260, 1005.000000, -0.036649, 2000.000000, 1000.000000, 9.750602, 9.912122, 10.199750, 10.137527, 0.055936, 0.168638, -0.024824, -0.130890, 0.436300, -0.183246, -5.754964, -16.287245, -12.634127, -0.262080, 0.146970, -0.145713, 0.001733, 14.387695, 3.878784, 57.189938
-0.040140, 0.132635, 1065.000000, -0.036649, 2000.000000, 1000.000000, 15.733605, 15.769536, 16.151615, 16.345245, -0.039425, 0.248429, -0.057390, -0.200698, 0.663176, -0.183246, -6.768507, -16.138058, -13.588029, -0.139575, 0.231126, -0.064754, 0.002002, 13.778320, 26.879883, 379.516571
-0.068063, 0.158813, 1070.000000, -0.036649, 2000.000000, 1000.000000, 17.309433, 17.515991, 16.501423, 16.673153, 0.008706, -0.412711, -0.094572, -0.340314, 0.794066, -0.183246, -6.518543, -9.920791, -13.600428, -0.400564, 1.726748, 0.034315, 0.001743, 13.985352, 19.400024, 277.709961
-0.062827, 0.223386, 1080.000000, -0.036649, 2000.000000, 1000.000000, 17.467522, 17.769699, 18.274506, 18.488274, 0.022102, 0.381390, -0.128987, -0.314136, 1.116928, -0.183246, -7.374969, -3.143741, -13.133427, -0.388846, 0.466548, 0.115275, 0.001949, 13.938477, 23.080444, 329.284637
-0.073298, 0.162304, 1083.000000, -0.036649, 2000.000000, 1000.000000, 18.619024, 18.126947, 17.091570, 18.162458, -0.390742, -0.372985, -0.144702, -0.366492, 0.811518, -0.183246, -6.558748, 1.465757, -12.303801, 0.388792, 1.670289, 0.163211, 0.001735, 13.840820, 25.119019, 355.712860
-0.059337, 0.076789, 1028.000000, -0.036649, 2000.000000, 1000.000000, 12.872501, 12.314425, 10.921984, 11.891090, -0.381796, -0.593463, -0.102757, -0.296684, 0.383944, -0.183246, -1.876220, 11.389782, -12.233649, 0.439925, 1.598917, 0.049229, 0.002074, 15.778320, 0.000000, 0.000000
-0.003490, 0.069808, 1031.000000, -0.034904, 2000.000000, 1000.000000, 12.906454, 12.616821, 12.926279, 13.550446, -0.228449, 0.238362, -0.083634, -0.017452, 0.349040, -0.174520, 1.890905, 14.167618, -13.222774, 0.451643, -0.099104, 0.016206, 0.001737, 14.262695, 8.801270, 128.479004
0.059337, 0.027923, 1031.000000, -0.029668, 2000.000000, 1000.000000, 12.742261, 13.017791, 12.951903, 13.288045, -0.015153, 0.119974, -0.152918, 0.296684, 0.139616, -0.148342, 3.412754, 12.382679, -12.956709, 0.355769, -0.087386, 0.210083, 0.002154, 14.258789, 8.358765, 122.131340
0.000000, 0.027923, 1042.000000, -0.020942, 2000.000000, 1000.000000, 14.190407, 13.827215, 13.538099, 14.444279, -0.317343, -0.008811, -0.135747, 0.000000, 0.139616, -0.104712, 6.819014, 12.508381, -12.564373, 0.649781, 0.174667, 0.229257, 0.001786, 14.129883, 16.119385, 233.093246
-0.020942, 0.027923, 1071.000000, -0.015707, 2000.000000, 1000.000000, 16.590244, 16.735394, 17.109047, 17.565315, -0.077781, 0.337181, -0.150355, -0.104712, 0.139616, -0.078534, 8.631833, 11.172521, -11.370320, 0.030866, -0.514555, 0.285716, 0.002045, 13.895508, 24.841309, 353.698700
-0.020942, 0.027923, 1112.000000, 0.010471, 2000.000000, 1000.000000, 21.113171, 20.736465, 20.614883, 21.535480, -0.324325, 0.075181, -0.135974, -0.104712, 0.139616, 0.052356, 8.730515, 8.915488, -9.359406, 0.547516, 0.009552, 0.409286, 0.001777, 13.305664, 49.160767, 670.226990
-0.020942, 0.027923, 1113.000000, 0.010471, 2000.000000, 1000.000000, 20.669195, 20.867365, 20.905382, 21.558058, -0.113626, 0.231719, -0.212712, -0.104712, 0.139616, 0.052356, 11.384369, 9.053329, -7.071321, 0.109695, -0.299373, 0.582923, 0.002034, 13.485352, 37.561035, 519.104004
-0.022688, 0.027923, 1114.000000, -0.006981, 2000.000000, 1000.000000, 20.533920, 20.695869, 20.901646, 21.868565, -0.201243, 0.385105, -0.282217, -0.113438, 0.139616, -0.034904, 11.223021, 5.508604, -3.739258, 0.290789, -0.642386, 0.687318, 0.001732, 13.477539, 39.199829, 540.283203
-0.052356, 0.024433, 1026.000000, -0.015707, 2000.000000, 1000.000000, 11.949337, 11.730045, 11.470892, 12.849726, -0.399531, 0.160309, -0.289886, -0.261780, 0.122164, -0.078534, 14.335407, 2.907245, -0.029445, 0.505971, -0.183259, 0.634055, 0.002023, 17.672852, 0.000000, 2.075195
-0.089005, 0.024433, 1029.000000, -0.038394, 2000.000000, 1000.000000, 11.994116, 12.233795, 11.300398, 12.471691, -0.232903, -0.113955, -0.352743, -0.445026, 0.122164, -0.191972, 15.257689, 4.372559, 3.617856, -0.021332, 0.371740, 0.695840, 0.001736, 14.340820, 4.479980, 65.795898
-0.076789, 0.026178, 1019.000000, -0.038394, 2000.000000, 1000.000000, 10.720849, 11.009164, 10.657123, 11.612864, -0.166857, 0.134994, -0.311014, -0.383944, 0.130890, -0.191972, 14.677902, 4.663549, 7.091022, -0.090574, -0.120409, 0.541378, 0.002294, 14.293945, 6.399536, 93.688957
-0.120419, 0.026178, 1022.000000, -0.038394, 2000.000000, 1000.000000, 11.858059, 12.048300, 11.587412, 12.506229, -0.182144, 0.046821, -0.277265, -0.602094, 0.130890, -0.191972, 14.095178, 3.918287, 10.016388, -0.298299, 0.048967, 0.500898, 0.001732, 14.262695, 8.401489, 122.680656
-0.202443, 0.024433, 1052.000000, -0.038394, 2000.000000, 1000.000000, 14.864697, 15.039395, 14.669951, 15.425956, -0.145326, 0.047953, -0.232676, -1.012216, 0.122164, -0.191972, 10.793640, 4.340653, 12.441434, -0.825601, 0.040445, 0.364545, 0.001980, 13.864258, 24.200439, 343.627899
-0.116928, 0.026178, 1069.000000, -0.038394, 2000.000000, 1000.000000, 14.950902, 16.474039, 16.785181, 15.789878, 0.629610, 0.287530, -0.131958, -0.584642, 0.130890, -0.191972, 3.102136, 0.414220, 14.279002, -1.950513, -0.447443, 0.121666, 0.001750, 13.903320, 21.881104, 311.584473
-0.157068, 0.026178, 1069.000000, -0.036649, 2000.000000, 1000.000000, 15.674785, 16.117762, 16.296740, 15.910714, 0.207251, 0.103727, -0.014237, -0.785340, 0.130890, -0.183246, -5.610169, -2.956812, 13.844012, -1.269814, -0.063951, -0.169149, 0.002015, 14.067383, 15.399170, 221.923813
-0.132635, 0.026178, 1083.000000, -0.036649, 2000.000000, 1000.000000, 17.951071, 17.735014, 18.210894, 18.103022, -0.027046, 0.156957, 0.080982, -0.663176, 0.130890, -0.183246, -10.057410, -4.583199, 11.804424, -0.683922, -0.170476, -0.417354, 0.001772, 13.907227, 22.280884, 317.382812
-0.066318, 0.027923, 1097.000000, -0.034904, 2000.000000, 1000.000000, 18.869074, 18.985060, 19.523142, 18.622725, 0.254100, 0.072933, 0.196107, -0.331588, 0.139616, -0.174520, -15.203777, -5.729169, 8.363173, -0.857559, 0.009552, -0.671951, 0.002169, 13.762695, 27.359009, 385.314911
-0.027923, 0.029668, 1085.000000, -0.029668, 2000.000000, 1000.000000, 18.157457, 17.240797, 18.352465, 18.249281, -0.203369, 0.300873, 0.254960, -0.139616, 0.148342, -0.148342, -15.755169, -7.157657, 3.992277, 0.259896, -0.447443, -0.820022, 0.001803, 13.754883, 27.441406, 386.413544
-0.017452, 0.050611, 1034.000000, -0.036649, 2000.000000, 1000.000000, 13.017447, 12.737450, 13.582451, 12.662653, 0.159950, 0.122552, 0.299948, -0.087260, 0.253054, -0.183246, -16.133631, -9.249658, -0.917062, -0.414412, 0.023401, -0.953179, 0.002023, 14.653320, 0.000000, 1.220703
0.052356, 0.132635, 1029.000000, -0.036649, 2000.000000, 1000.000000, 12.079070, 11.847852, 12.458524, 11.614554, 0.153187, 0.036539, 0.268797, 0.261780, 0.663176, -0.183246, -17.843464, -6.427257, -6.315278, -0.025593, 0.664686, -0.903112, 0.001782, 14.290039, 6.838989, 100.097649
-0.040140, 0.127400, 1030.000000, -0.038394, 2000.000000, 1000.000000, 13.471540, 12.297684, 12.939596, 13.291180, -0.381360, 0.115388, 0.205568, -0.200698, 0.636998, -0.191972, -15.282221, -3.844404, -10.663086, 0.533667, 0.465482, -0.726279, 0.002059, 14.176758, 12.399292, 179.992661
-0.038394, 0.082024, 1060.000000, -0.038394, 2000.000000, 1000.000000, 16.092752, 16.082676, 16.189945, 15.634626, 0.136311, -0.087714, 0.141349, -0.191972, 0.410122, -0.191972, -13.852406, -0.832954, -14.423567, -0.488980, 0.635924, -0.587795, 0.001739, 13.817383, 26.919556, 380.798309
0.017452, 0.076789, 1059.000000, -0.036649, 2000.000000, 1000.000000, 14.764763, 15.144732, 15.385962, 14.704544, 0.265347, 0.045253, 0.075362, 0.087260, 0.383944, -0.183246, -16.710794, 3.207231, -16.648689, -0.425064, 0.336586, -0.393918, 0.002019, 14.172852, 11.279297, 163.574203
0.034904, 0.075044, 1063.000000, 0.071553, 2000.000000, 1000.000000, 16.829971, 14.932540, 15.852351, 16.385136, -0.607554, 0.118743, 0.341163, 0.174520, 0.375218, 0.357766, -12.849040, 3.153837, -19.333344, 1.423158, 0.170406, -0.459964, 0.001837, 14.016602, 17.120361, 245.605453
-0.040140, 0.029668, 1064.000000, 0.071553, 2000.000000, 1000.000000, 16.806879, 15.284727, 15.841560, 16.066832, -0.436856, -0.045803, 0.324220, -0.200698, 0.148342, 0.357766, -5.932220, 1.642926, -22.198524, 0.656172, 0.254561, -0.404571, 0.001997, 14.059570, 14.880371, 214.294418
-0.031414, 0.029668, 1063.000000, 0.017452, 2000.000000, 1000.000000, 16.255548, 15.924513, 15.992247, 15.827692, -0.041620, -0.090030, 0.123898, -0.157068, 0.148342, 0.087260, -4.715330, 2.734426, -24.304161, -0.095900, 0.347239, -0.221347, 0.001736, 14.059570, 15.679932, 225.891098
-0.026178, 0.031414, 1056.000000, -0.033159, 2000.000000, 1000.000000, 15.302067, 14.730455, 14.601269, 15.366209, -0.334138, -0.016261, -0.048332, -0.130890, 0.157068, -0.165794, -2.867747, 4.109651, -24.916597, 0.513428, 0.209821, -0.065819, 0.002053, 14.176758, 10.040283, 145.690918
-0.015707, 0.029668, 1053.000000, -0.033159, 2000.000000, 1000.000000, 14.792255, 14.855265, 15.091679, 15.260801, -0.026528, 0.176240, -0.058033, -0.078534, 0.148342, -0.165794, -1.537117, 3.398124, -25.331642, -0.035180, -0.194977, -0.039188, 0.001742, 14.118164, 13.879395, 200.622543
-0.054101, 0.029668, 1055.000000, -0.036649, 2000.000000, 1000.000000, 15.376767, 14.721663, 14.504737, 15.396832, -0.386799, -0.049215, -0.059248, -0.270506, 0.148342, -0.183246, -1.488602, 3.210424, -25.326948, 0.464426, 0.262018, -0.058362, 0.002051, 14.122070, 13.241577, 191.406235
-0.069808, 0.027923, 1053.000000, -0.036649, 2000.000000, 1000.000000, 15.566586, 14.397594, 14.244196, 15.791624, -0.679105, 0.017910, -0.094610, -0.349040, 0.139616, -0.183246, 3.544196, 2.223962, -25.624941, 1.002381, 0.118208, 0.034315, 0.001733, 14.129883, 13.040161, 188.720688
-0.064572, 0.027923, 1052.000000, 0.181501, 2000.000000, 1000.000000, 15.544183, 13.853959, 15.143987, 15.457871, -0.501027, 0.300929, 0.344085, -0.322862, 0.139616, 0.907504, 7.375431, -0.537342, -25.047688, 0.634867, -0.444248, 0.165342, 0.002023, 14.122070, 13.958740, 201.721176
-0.061082, 0.027923, 1052.000000, 0.247818, 2000.000000, 1000.000000, 15.243923, 14.202871, 15.404919, 15.148287, -0.196105, 0.276603, 0.324421, -0.305410, 0.139616, 1.239092, 7.452857, -4.004706, -22.853176, 0.060693, -0.414420, 0.587184, 0.001750, 14.098633, 14.279175, 206.115707
-0.061082, 0.029668, 1051.000000, 0.368237, 2000.000000, 1000.000000, 15.439152, 13.888704, 15.604017, 15.068127, -0.253639, 0.336072, 0.521585, -0.305410, 0.148342, 1.841186, 6.989518, -5.972159, -19.106817, 0.170415, -0.497510, 0.777865, 0.002134, 14.129883, 12.521362, 181.213364
-0.059337, 0.029668, 1052.000000, 0.401396, 2000.000000, 1000.000000, 15.178099, 14.075352, 15.745609, 15.000940, -0.089520, 0.373275, 0.461854, -0.296684, 0.148342, 2.006980, 6.548377, -9.443390, -13.904869, -0.143836, -0.602971, 1.113421, 0.001732, 14.125977, 12.640381, 182.922348
-0.057592, 0.029668, 1053.000000, 0.450262, 2000.000000, 1000.000000, 14.998823, 14.146551, 15.963938, 14.890688, 0.055244, 0.427313, 0.481380, -0.287958, 0.148342, 2.251308, 3.782262, -12.087144, -7.614551, -0.415477, -0.675409, 1.329669, 0.002132, 14.129883, 11.480713, 166.381821
-0.057592, 0.078534, 1091.000000, 0.345550, 2000.000000, 1000.000000, 18.691555, 18.006786, 19.687241, 19.614418, -0.152987, 0.650830, 0.189398, -0.287958, 0.392670, 1.727748, 2.810239, -16.689878, 0.001137, -0.012810, -0.888460, 1.487327, 0.001802, 13.829102, 27.441406, 388.610809
-0.055846, 0.087260, 1116.000000, 0.263525, 2000.000000, 1000.000000, 20.978148, 20.575712, 20.979429, 21.466711, -0.222429, 0.223070, -0.021211, -0.279232, 0.436300, 1.317626, 2.701353, -19.065664, 8.379028, 0.132065, 0.034053, 1.512893, 0.002177, 13.356445, 42.199707, 578.613281
-0.022688, 0.219895, 1115.000000, 0.216405, 2000.000000, 1000.000000, 20.476715, 20.419670, 21.271587, 21.832027, -0.154371, 0.551808, -0.125848, -0.113438, 1.099476, 1.082024, 4.247134, -17.424477, 17.651936, 0.189589, 0.103295, 1.561895, 0.001779, 13.438477, 39.480591, 543.701172
-0.033159, 0.218150, 1078.000000, 0.048866, 2000.000000, 1000.000000, 16.909149, 17.079174, 16.006615, 18.005062, -0.457106, 0.005838, -0.542118, -0.165794, 1.090750, 0.244328, 5.022472, -13.636479, 26.640520, 0.722218, 1.187727, 1.605570, 0.002022, 13.489258, 38.119507, 525.878906
-0.026178, 0.186736, 1010.000000, -0.017452, 2000.000000, 1000.000000, 10.840250, 11.393343, 10.135918, 11.630489, -0.235370, -0.116797, -0.511916, -0.130890, 0.933682, -0.087260, 3.633725, -4.332300, 34.530067, 0.349378, 1.294253, 1.231665, 0.001733, 17.911133, 0.000000, 1.525879
-0.024433, 0.216405, 1012.000000, 0.000000, 2000.000000, 1000.000000, 10.273714, 10.672581, 11.029249, 12.024456, -0.149085, 0.526853, -0.348518, -0.122164, 1.082024, 0.000000, 2.124110, -1.279247, 40.254181, 0.164023, 0.133122, 0.881195, 0.001920, 14.344727, 4.400635, 64.575195
-0.031414, 0.198953, 1013.000000, 0.024433, 2000.000000, 1000.000000, 10.809068, 10.578559, 10.787555, 11.824819, -0.316943, 0.306187, -0.201689, -0.157068, 0.994764, 0.122164, 2.817201, 1.072074, 44.752735, 0.474013, 0.478266, 0.666013, 0.001735, 14.333008, 4.040527, 59.326168
-0.054101, 0.146597, 1015.000000, 0.104712, 2000.000000, 1000.000000, 11.307364, 10.710305, 10.749051, 11.233279, -0.270322, -0.008834, 0.028208, -0.270506, 0.732984, 0.523560, 1.454297, 5.230936, 48.046860, 0.241787, 0.821279, 0.519007, 0.002034, 14.313477, 5.081177, 74.401855
-0.055846, 0.139616, 1019.000000, 0.102967, 2000.000000, 1000.000000, 11.206150, 10.777847, 10.909174, 11.106829, -0.156489, 0.008001, 0.057662, -0.279232, 0.698080, 0.514834, -1.788159, 8.721315, 51.176102, 0.008495, 0.764820, 0.442309, 0.001733, 14.309570, 5.239868, 76.782227
-0.061082, 0.115183, 1020.000000, 0.102967, 2000.000000, 1000.000000, 12.169374, 11.690587, 12.015727, 12.124312, -0.146843, 0.070020, 0.092550, -0.305410, 0.575916, 0.514834, -4.623098, 10.515030, 53.750652, -0.042637, 0.492114, 0.348566, 0.001936, 14.301758, 5.880737, 86.120598
-0.059337, 0.057592, 1052.000000, 0.155323, 2000.000000, 1000.000000, 15.520450, 14.666646, 14.910645, 14.902259, -0.211354, -0.093548, 0.215548, -0.296684, 0.287958, 0.776614, -7.114245, 12.653720, 56.195728, 0.105434, 0.517680, 0.337914, 0.001739, 13.918945, 24.319458, 346.618622
-0.054101, 0.033159, 1075.000000, 0.197208, 2000.000000, 1000.000000, 17.099253, 16.023764, 17.534620, 17.342363, -0.220809, 0.438492, 0.316937, -0.270506, 0.165794, 0.986038, -6.324121, 13.059155, 57.931698, 0.139522, -0.670082, 0.323000, 0.002206, 13.836914, 22.760010, 322.631805
-0.055846, 0.027923, 1073.000000, 0.143106, 2000.000000, 1000.000000, 16.994165, 16.032339, 17.339460, 17.634035, -0.314100, 0.486748, 0.166814, -0.279232, 0.139616, 0.715532, -1.235383, 11.864186, 58.639183, 0.347247, -0.844784, 0.389046, 0.001733, 14.012695, 16.961670, 243.286118
-0.026178, 0.027923, 1071.000000, 0.134380, 2000.000000, 1000.000000, 17.635685, 16.232529, 16.704117, 17.427670, -0.531677, 0.065892, 0.169901, -0.130890, 0.139616, 0.671902, 1.999857, 13.931003, 59.961575, 0.915030, 0.020205, 0.332587, 0.002087, 13.985352, 18.081665, 258.789062
-0.055846, 0.029668, 1071.000000, 0.205934, 2000.000000, 1000.000000, 17.639748, 15.637211, 17.131042, 17.591999, -0.615874, 0.361521, 0.385395, -0.279232, 0.148342, 1.029668, 6.344923, 18.655529, 60.026627, 0.955509, -0.571013, 0.190908, 0.001743, 14.008789, 17.999268, 257.995605
-0.059337, 0.031414, 1071.000000, 0.235602, 2000.000000, 1000.000000, 17.232721, 16.267698, 17.451220, 17.048361, -0.140541, 0.249791, 0.341971, -0.296684, 0.157068, 1.178010, 10.401501, 18.972136, 60.517567, -0.045833, -0.324939, 0.475332, 0.002086, 13.922852, 20.120239, 286.682129
-0.083770, 0.033159, 1071.000000, 0.205934, 2000.000000, 1000.000000, 17.504007, 16.267366, 16.907133, 17.321493, -0.412749, 0.114313, 0.205570, -0.418848, 0.165794, 1.029668, 10.954592, 18.889837, 63.482056, 0.374944, -0.050102, 0.651099, 0.001750, 13.989258, 18.121338, 259.399414
-0.174520, 0.027923, 1060.000000, 0.064572, 2000.000000, 1000.000000, 16.207155, 14.915635, 15.703109, 17.174101, -0.690628, 0.438605, -0.044869, -0.872600, 0.139616, 0.322862, 14.365055, 20.803713, 65.511055, 0.402641, -0.707366, 0.471071, 0.002129, 14.055664, 15.121460, 217.712387
-0.186736, 0.027923, 1058.000000, -0.038394, 2000.000000, 1000.000000, 14.119256, 15.160008, 15.548966, 15.171769, 0.354488, 0.360368, -0.165889, -0.933682, 0.139616, -0.191972, 16.436535, 15.330339, 66.529099, -1.761963, -0.583796, 0.207952, 0.001743, 14.008789, 17.041016, 244.384750
-0.219895, 0.027923, 1043.000000, -0.036649, 2000.000000, 1000.000000, 13.551509, 14.008576, 14.312201, 14.127713, 0.160389, 0.219958, -0.068145, -1.099476, 0.139616, -0.183246, 14.497073, 5.147278, 67.205330, -1.518019, -0.281263, -0.035992, 0.002146, 14.196289, 10.000610, 145.324707
-0.211169, 0.027923, 1042.000000, -0.033159, 2000.000000, 1000.000000, 13.921839, 13.969366, 13.930134, 14.178661, -0.050250, 0.054398, -0.074014, -1.055846, 0.139616, -0.165794, 12.733409, -1.695243, 67.036499, -1.077002, 0.043640, 0.003423, 0.001742, 14.168945, 10.479736, 152.099609
-0.101222, 0.069808, 1042.000000, 0.083770, 2000.000000, 1000.000000, 13.714234, 14.261327, 14.541833, 13.482606, 0.401580, 0.012219, 0.128034, -0.506108, 0.349040, 0.418848, 8.254967, -7.254725, 66.845329, -1.351839, 0.358957, 0.150428, 0.002083, 14.180664, 9.881592, 143.493652
-0.066318, 0.087260, 1043.000000, 0.083770, 2000.000000, 1000.000000, 13.753787, 14.135211, 14.389590, 13.721412, 0.262401, 0.055501, 0.071689, -0.331588, 0.436300, 0.418848, 3.954168, -13.257161, 67.448738, -0.925736, 0.373870, 0.295303, 0.001732, 14.176758, 10.119629, 146.911621
-0.066318, 0.085515, 1044.000000, 0.101222, 2000.000000, 1000.000000, 14.538022, 13.989566, 13.624911, 13.847501, -0.192762, -0.263794, 0.081467, -0.331588, 0.427574, 0.506108, -0.857765, -13.898719, 68.050186, 0.022344, 0.999177, 0.364545, 0.002007, 14.188477, 10.241699, 147.521973
-0.019197, 0.136126, 1057.000000, 0.122164, 2000.000000, 1000.000000, 14.979991, 14.889976, 15.236878, 14.893155, 0.063427, 0.065017, 0.108435, -0.095986, 0.680628, 0.610820, -5.511923, -11.815166, 69.186264, -0.229057, 0.631663, 0.421004, 0.001735, 14.086914, 14.199829, 204.833969
-0.019197, 0.130890, 1056.000000, 0.104712, 2000.000000, 1000.000000, 15.217539, 14.845495, 15.054842, 14.882124, -0.049832, -0.031517, 0.136190, -0.095986, 0.654450, 0.523560, -9.609199, -12.378922, 70.608322, -0.006418, 0.780799, 0.251628, 0.002016, 14.102539, 13.879395, 200.500473
-0.013962, 0.085515, 1056.000000, 0.123909, 2000.000000, 1000.000000, 15.809298, 14.120062, 14.705296, 15.365345, -0.587322, 0.035320, 0.257296, -0.069808, 0.427574, 0.619546, -11.439374, -6.517587, 71.240234, 1.119559, 0.402632, 0.048164, 0.001791, 14.129883, 12.039185, 174.316391
0.003490, 0.059337, 1056.000000, 0.129145, 2000.000000, 1000.000000, 14.925276, 14.384686, 15.690155, 14.999884, 0.037421, 0.345019, 0.307715, 0.017452, 0.296684, 0.645724, -10.164575, -3.591469, 71.252396, -0.052224, -0.360092, -0.037057, 0.002086, 14.098633, 13.400269, 193.603500
-0.050611, 0.027923, 1057.000000, 0.129145, 2000.000000, 1000.000000, 15.049104, 14.330621, 15.638030, 14.982245, -0.015675, 0.310138, 0.343567, -0.253054, 0.139616, 0.645724, -7.996230, -6.295067, 70.987579, -0.264211, -0.482597, -0.144648, 0.001763, 14.149414, 11.920166, 171.203598
-0.071553, 0.027923, 1064.000000, 0.157068, 2000.000000, 1000.000000, 16.096315, 14.910550, 16.684740, 16.308393, -0.202355, 0.496567, 0.390528, -0.357766, 0.139616, 0.785340, -4.857787, -8.063354, 70.763329, -0.003222, -0.826675, -0.083928, 0.002074, 13.993164, 17.080688, 244.934067
-0.059337, 0.027923, 1070.000000, 0.240838, 2000.000000, 1000.000000, 17.013065, 16.391788, 17.901306, 16.693840, 0.146547, 0.297573, 0.457185, -0.296684, 0.139616, 1.204188, -0.916400, -11.480459, 71.704903, -0.635986, -0.468749, 0.200495, 0.001746, 13.950195, 19.720459, 281.677246
-0.059337, 0.029668, 1071.000000, 0.258290, 2000.000000, 1000.000000, 17.875727, 16.087130, 16.985029, 17.052114, -0.463920, 0.018572, 0.430378, -0.296684, 0.148342, 1.291448, -1.405094, -11.494471, 73.344299, 0.585865, 0.125665, 0.385850, 0.002179, 13.965820, 19.680786, 281.311035
-0.055846, 0.031414, 1070.000000, 0.333333, 2000.000000, 1000.000000, 17.644835, 15.798526, 17.344412, 17.212229, -0.428532, 0.278320, 0.494622, -0.279232, 0.157068, 1.666666, 1.500040, -7.623762, 76.510178, 0.567756, -0.393115, 0.632990, 0.001739, 13.958008, 18.521118, 264.892578
-0.050611, 0.033159, 1065.000000, 0.383944, 2000.000000, 1000.000000, 16.224594, 15.329216, 16.778801, 15.667389, 0.054008, 0.223095, 0.501698, -0.253054, 0.165794, 1.919720, 2.376234, -8.451353, 81.113342, -0.396303, -0.258893, 0.911022, 0.002118, 14.094727, 13.720703, 197.875961
-0.052356, 0.036649, 1065.000000, 0.390925, 2000.000000, 1000.000000, 16.192642, 14.352077, 16.804123, 16.651157, -0.421900, 0.727640, 0.498382, -0.261780, 0.183246, 1.954624, 7.047698, -9.294426, 87.260460, 0.576278, -1.283671, 0.954698, 0.001762, 14.051758, 15.719604, 226.013168
-0.054101, 0.078534, 1061.000000, 0.404886, 2000.000000, 1000.000000, 17.137520, 14.385440, 15.754125, 16.722916, -0.930218, 0.238521, 0.445821, -0.270506, 0.392670, 2.024432, 11.067145, -2.605342, 93.508812, 1.527553, -0.043711, 1.162423, 0.002185, 14.012695, 17.041016, 244.628891
-0.062827, 0.115183, 1020.000000, 0.350785, 2000.000000, 1000.000000, 12.892986, 11.439793, 11.604151, 12.063070, -0.478028, -0.166389, 0.248569, -0.314136, 0.575916, 1.753926, 7.429470, 3.908954, 101.069366, 0.638063, 0.983198, 1.368018, 0.001764, 14.543945, 0.201416, 2.990722
-0.064572, 0.102967, 1004.000000, 0.343804, 2000.000000, 1000.000000, 10.862341, 10.046965, 9.601562, 9.489132, -0.175736, -0.454653, 0.231951, -0.322862, 0.514834, 1.719022, -0.209996, 2.559596, 109.069336, -0.007483, 1.460433, 1.345647, 0.002148, 14.387695, 2.200317, 32.409668
-0.071553, 0.076789, 1006.000000, 0.390925, 2000.000000, 1000.000000, 11.052859, 8.988122, 9.626679, 10.332339, -0.692600, -0.020491, 0.339770, -0.357766, 0.383944, 1.954624, -6.541105, 2.845254, 116.754745, 1.022621, 0.474005, 1.362691, 0.001745, 14.329102, 4.559326, 66.894531
-0.068063, 0.064572, 1010.000000, 0.481675, 2000.000000, 1000.000000, 11.668549, 9.291027, 11.353004, 11.687420, -0.677984, 0.520212, 0.510777, -0.340314, 0.322862, 2.408376, -8.720094, 8.811764, 124.763191, 0.966162, -0.673278, 1.428737, 0.002148, 14.254883, 8.560181, 124.877922
-0.064572, 0.066318, 1018.000000, 0.547993, 2000.000000, 1000.000000, 12.071349, 9.571525, 11.202575, 11.154552, -0.612950, 0.178563, 0.636962, -0.322862, 0.331588, 2.739964, -9.804663, 14.149954, 133.381668, 0.899051, 0.001030, 1.495849, 0.001769, 14.309570, 5.758667, 84.411613
-0.062827, 0.062827, 1077.000000, 0.574171, 2000.000000, 1000.000000, 18.617849, 15.843608, 16.614521, 16.924021, -0.770935, -0.230729, 0.616185, -0.314136, 0.314136, 2.870854, -16.463543, 15.922203, 144.000351, 1.186670, 0.803169, 1.693987, 0.002022, 14.137695, 12.438965, 180.297836
-0.069808, 0.061082, 1179.000000, 0.527050, 2000.000000, 1000.000000, 27.422657, 26.036415, 27.400166, 27.140762, -0.281710, 0.270465, 0.411410, -0.349040, 0.305410, 2.635252, -22.258604, 16.642256, 156.021301, 0.194915, -0.207760, 1.949648, 0.001784, 12.340820, 93.121338, 1175.903320
-0.069808, 0.047120, 1141.000000, 0.495637, 2000.000000, 1000.000000, 23.268950, 23.498228, 25.320814, 23.912008, 0.409522, 0.616412, 0.294881, -0.349040, 0.235602, 2.478184, -15.985683, 19.373983, 164.980728, -1.201637, -0.958767, 2.033804, 0.002074, 13.047852, 52.041626, 694.885193
-0.068063, 0.045375, 1000.000000, 0.441536, 2000.000000, 1000.000000, 11.280874, 8.856756, 9.287188, 10.575182, -0.928028, -0.068815, 0.284031, -0.340314, 0.226876, 2.207678, -17.239723, 21.185921, 176.371918, 1.520096, 0.389849, 1.793056, 0.001787, 23.594727, 0.039673, 0.915527
-0.066318, 0.047120, 1000.000000, 0.488656, 2000.000000, 1000.000000, 10.046747, 10.135151, 10.575655, 9.242447, 0.355403, -0.090949, 0.311201, -0.331588, 0.235602, 2.443280, -18.856842, 17.821596, -172.302872, -1.070611, 0.442047, 1.966693, 0.002038, 15.278320, 0.000000, 1.220703
-0.066318, 0.041885, 1034.000000, 0.565445, 2000.000000, 1000.000000, 12.979255, 12.706836, 14.002831, 12.311078, 0.354834, 0.156955, 0.491043, -0.331588, 0.209424, 2.827224, -10.939769, 18.940510, -163.769760, -1.097242, -0.088452, 1.967758, 0.001799, 14.168945, 9.719849, 141.113281
-0.068063, 0.045375, 1073.000000, 0.673647, 2000.000000, 1000.000000, 18.012209, 16.665071, 17.231153, 16.091566, -0.051888, -0.338640, 0.621680, -0.340314, 0.226876, 3.368236, -6.791975, 18.011826, -153.097229, -0.275928, 0.916086, 2.234072, 0.002089, 13.614258, 36.160278, 503.601044
-0.083770, 0.043630, 1079.000000, 0.701570, 2000.000000, 1000.000000, 18.174587, 16.525578, 16.960499, 16.339336, -0.256962, -0.350082, 0.567543, -0.418848, 0.218150, 3.507852, -2.253570, 13.311063, -140.866592, 0.059628, 0.970415, 2.557911, 0.001753, 13.965820, 16.760254, 239.501938
-0.099476, 0.034904, 1135.000000, 0.804537, 2000.000000, 1000.000000, 24.120214, 21.788759, 23.283438, 22.807589, -0.463902, 0.045514, 0.701826, -0.497382, 0.174520, 4.022686, -0.902659, 9.632584, -126.408081, 0.367487, 0.103295, 2.756049, 0.002184, 12.977539, 60.202026, 800.720154
-0.092496, 0.034904, 1067.000000, 0.720768, 2000.000000, 1000.000000, 17.206455, 15.189781, 15.595579, 16.008183, -0.607320, -0.198118, 0.401017, -0.462478, 0.174520, 3.603838, -1.867664, 6.496673, -109.561478, 0.724349, 0.599705, 3.101192, 0.001757, 14.258789, 2.520752, 36.804199
-0.083770, 0.033159, 1057.000000, 0.724258, 2000.000000, 1000.000000, 16.149284, 14.551665, 14.505645, 14.793406, -0.471345, -0.350474, 0.327464, -0.418848, 0.165794, 3.621290, 3.112282, 2.390153, -92.052032, 0.462295, 0.870280, 3.231153, 0.002156, 14.141602, 10.519409, 152.282715
-0.083770, 0.033159, 1000.000000, 0.633508, 2000.000000, 1000.000000, 10.645310, 8.887631, 9.791905, 10.675153, -0.660231, 0.233530, 0.218608, -0.418848, 0.165794, 3.167538, 4.463910, -1.145358, -74.030983, 0.891594, -0.295112, 3.067104, 0.001770, 16.911133, 0.000000, 0.000000
-0.083770, 0.029668, 1000.000000, 0.636998, 2000.000000, 1000.000000, 10.652949, 9.057462, 9.710692, 10.578897, -0.615923, 0.144794, 0.181821, -0.418848, 0.148342, 3.184990, 5.186712, -6.257579, -56.800571, 0.757372, -0.123605, 3.097996, 0.002176, 14.317383, 3.640747, 53.405758
-0.082024, 0.027923, 1087.000000, 0.478185, 2000.000000, 1000.000000, 18.197695, 17.257765, 17.642553, 18.901987, -0.549842, 0.272271, -0.079877, -0.410122, 0.139616, 2.390924, 6.859966, -9.720048, -39.463585, 0.666825, -0.401637, 2.942469, 0.001746, 13.282227, 49.481201, 674.316345
-0.062827, 0.029668, 1088.000000, 0.247818, 2000.000000, 1000.000000, 17.946774, 16.792534, 17.263378, 19.997314, -0.972044, 0.630346, -0.394925, -0.314136, 0.148342, 1.239092, 9.797180, -16.793028, -23.676460, 1.578685, -1.095120, 2.369360, 0.002027, 13.856445, 21.719360, 308.227539
-0.052356, 0.029668, 1089.000000, 0.251309, 2000.000000, 1000.000000, 18.105053, 17.324554, 17.531551, 19.038841, -0.571947, 0.285197, -0.181698, -0.261780, 0.148342, 1.256544, 16.506311, -23.066313, -9.362685, 0.880941, -0.419747, 1.913430, 0.001745, 13.844727, 23.001099, 325.805634
-0.055846, 0.029668, 1098.000000, 0.258290, 2000.000000, 1000.000000, 18.576281, 18.452520, 19.297037, 19.674162, -0.125222, 0.485599, -0.063341, -0.279232, 0.148342, 1.291448, 17.694246, -26.163540, 0.675750, -0.058616, -0.800044, 1.595983, 0.002126, 13.743164, 26.840210, 377.929657
-0.101222, 0.029668, 1091.000000, -0.013962, 2000.000000, 1000.000000, 18.965405, 18.780674, 18.098091, 20.155830, -0.560618, 0.126961, -0.468251, -0.506108, 0.148342, -0.069808, 20.356329, -29.351328, 9.900065, 0.589061, -0.100169, 1.128335, 0.001755, 13.711914, 27.279663, 383.117645
-0.101222, 0.029668, 1074.000000, -0.097731, 2000.000000, 1000.000000, 16.548002, 18.022573, 16.488970, 16.940454, 0.255772, -0.285287, -0.481513, -0.506108, 0.148342, -0.488656, 17.951117, -26.567482, 13.310548, -1.043979, 0.723275, 0.627664, 0.002222, 14.008789, 15.560913, 223.205551
-0.095986, 0.031414, 1074.000000, -0.240838, 2000.000000, 1000.000000, 15.972155, 17.185656, 16.780966, 18.061224, -0.016689, 0.421095, -0.623440, -0.479930, 0.157068, -1.204188, 12.708731, -27.597403, 13.381720, -0.506024, -0.686061, 0.229257, 0.001745, 13.954102, 18.881226, 269.592285
-0.064572, 0.118674, 1074.000000, -0.144852, 2000.000000, 1000.000000, 16.352499, 16.972246, 17.141916, 17.533339, 0.057081, 0.337628, -0.252793, -0.322862, 0.593368, -0.724258, 11.009030, -31.703749, 12.337875, -0.459153, -0.017079, -0.187258, 0.002075, 13.942383, 18.121338, 258.605957
-0.064572, 0.179756, 1011.000000, -0.036649, 2000.000000, 1000.000000, 11.193600, 11.239292, 10.730623, 10.836485, -0.015042, -0.216446, -0.037889, -0.322862, 0.898778, -0.183246, 7.289592, -26.218708, 9.726569, -0.335583, 1.448715, -0.111625, 0.001771, 16.633789, 0.079346, 1.281738
-0.064572, 0.247818, 1000.000000, -0.033159, 2000.000000, 1000.000000, 9.656710, 9.674000, 10.311167, 10.358124, -0.007416, 0.334645, -0.016062, -0.322862, 1.239092, -0.165794, 4.294566, -21.181784, 7.864152, -0.339844, 0.693448, -0.145713, 0.002051, 14.934570, 0.000000, 2.380371
-0.068063, 0.230366, 1000.000000, -0.034904, 2000.000000, 1000.000000, 10.247764, 10.205531, 9.731956, 9.814750, -0.031257, -0.226647, -0.010140, -0.340314, 1.151832, -0.174520, 1.474219, -14.548870, 6.143228, -0.315343, 1.753379, -0.174475, 0.001745, 14.317383, 3.518677, 51.574703
-0.068063, 0.230366, 1000.000000, -0.010471, 2000.000000, 1000.000000, 10.183772, 10.059226, 9.945397, 9.811604, 0.002311, -0.121499, 0.064585, -0.340314, 1.151832, -0.052356, -1.350054, -5.009571, 4.546136, -0.381389, 1.519022, -0.222412, 0.001925, 14.313477, 4.040527, 59.204098
-0.068063, 0.226876, 1001.000000, -0.012216, 2000.000000, 1000.000000, 9.882380, 9.948756, 10.205287, 9.963576, 0.077021, 0.084432, 0.043834, -0.340314, 1.134380, -0.061082, -4.360448, 1.520913, 3.347153, -0.539047, 1.093984, -0.184063, 0.001745, 14.333008, 2.841187, 41.687008
-0.073298, 0.198953, 1023.000000, -0.001745, 2000.000000, 1000.000000, 12.042084, 12.417147, 12.112572, 11.428198, 0.264859, -0.229616, 0.077328, -0.366492, 0.994764, -0.008726, -8.776430, 9.095002, 2.579092, -0.920409, 1.537132, -0.198976, 0.002175, 14.094727, 14.639282, 211.425766
-0.069808, 0.165794, 1038.000000, -0.033159, 2000.000000, 1000.000000, 12.242665, 13.753463, 13.741052, 12.262820, 0.747257, 0.001936, -0.008141, -0.349040, 0.828970, -0.165794, -17.289505, 15.801126, 3.547008, -1.930274, 0.925674, -0.169149, 0.001746, 14.254883, 6.600952, 96.313469
-0.071553, 0.104712, 1077.000000, 0.005236, 2000.000000, 1000.000000, 16.314440, 17.738134, 17.842924, 16.104502, 0.790529, -0.026288, 0.078681, -0.357766, 0.523560, 0.026178, -30.317347, 18.334087, 6.482691, -1.937730, 0.621010, -0.163823, 0.002170, 13.770508, 25.201416, 355.590790
-0.043630, 0.029668, 1113.000000, 0.123909, 2000.000000, 1000.000000, 23.197083, 21.257210, 19.258617, 20.287090, -0.742086, -1.227147, 0.227850, -0.218150, 0.148342, 0.619546, -32.446003, 28.370672, 6.744668, 1.277217, 2.682284, 0.122732, 0.001755, 13.329102, 46.441650, 634.216309
-0.003490, 0.027923, 1132.000000, 0.101222, 2000.000000, 1000.000000, 23.156258, 23.123928, 22.712402, 23.007412, -0.081835, -0.140094, -0.065671, -0.017452, 0.139616, 0.506108, -27.144430, 39.143253, 6.079219, 0.155501, 0.438851, 0.733124, 0.002003, 13.086914, 55.441284, 742.492615
0.008726, 0.027923, 1118.000000, 0.006981, 2000.000000, 1000.000000, 20.756231, 19.756727, 20.395658, 23.091383, -0.923807, 0.743522, -0.424055, 0.043630, 0.139616, 0.034904, -23.147039, 35.576874, 9.497749, 1.933416, -1.373152, 1.131531, 0.001756, 13.458008, 35.681152, 491.699188
-0.022688, -0.001745, 1053.000000, -0.027923, 2000.000000, 1000.000000, 15.530996, 14.384541, 14.028687, 16.055777, -0.793386, 0.042231, -0.220159, -0.113438, -0.008726, -0.139616, -5.578600, 32.766563, 4.263900, 1.445528, -0.096974, 0.386915, 0.002103, 14.254883, 5.920410, 86.425774
-0.040140, -0.062827, 1000.000000, 0.068063, 2000.000000, 1000.000000, 9.806717, 10.182463, 10.386528, 9.624292, 0.284496, 0.005410, 0.096622, -0.200698, -0.314136, 0.340314, -6.418730, 32.190090, 5.916777, -0.817079, -0.364353, 0.140841, 0.001746, 18.309570, 0.000000, 0.671387
-0.033159, -0.148342, 1000.000000, 0.087260, 2000.000000, 1000.000000, 10.441435, 9.028433, 9.784094, 10.746038, -0.593736, 0.265066, 0.112764, -0.165794, -0.741710, 0.436300, -6.021006, 27.015839, 6.664622, 0.993859, -1.337999, 0.209017, 0.002083, 14.348633, 1.959229, 28.808592
-0.075044, -0.134380, 1000.000000, 0.090750, 2000.000000, 1000.000000, 10.333622, 8.559715, 9.942211, 11.164452, -0.749036, 0.553331, 0.137917, -0.375218, -0.671902, 0.453752, 2.832390, 18.400095, 4.230877, 1.124885, -1.888737, 0.163211, 0.001746, 14.297852, 3.961182, 57.983395
-0.078534, -0.146597, 1108.000000, 0.090750, 2000.000000, 1000.000000, 19.932278, 18.796455, 20.291592, 20.979675, -0.455976, 0.635633, 0.111935, -0.392670, -0.732984, 0.453752, 7.411748, 7.618882, 4.042180, 0.465491, -2.046395, 0.231388, 0.002172, 12.915039, 65.441895, 866.516052
-0.075044, -0.125654, 1120.000000, 0.043630, 2000.000000, 1000.000000, 22.268820, 21.175093, 21.706907, 22.849180, -0.559000, 0.278043, -0.012137, -0.375218, -0.628272, 0.218150, 12.038803, -1.560627, 5.358778, 0.729675, -1.268757, 0.285716, 0.001767, 13.215820, 49.279785, 666.686951
-0.068063, -0.102967, 1119.000000, 0.043630, 2000.000000, 1000.000000, 19.891939, 19.313597, 22.196669, 22.597795, -0.244867, 1.397232, 0.044304, -0.340314, -0.514834, 0.218150, 16.408096, -14.025586, 6.863462, 0.113956, -3.334292, 0.131254, 0.002033, 13.309570, 44.760132, 610.229492
-0.064572, -0.055846, 1130.000000, 0.059337, 2000.000000, 1000.000000, 22.984962, 22.947567, 23.182083, 22.885387, 0.064824, 0.033734, 0.083523, -0.322862, -0.279232, 0.296684, 15.348359, -26.725941, 6.839238, -0.500698, -0.384593, 0.120601, 0.001746, 13.172852, 48.800659, 660.583435
-0.062827, 0.029668, 1042.000000, 0.078534, 2000.000000, 1000.000000, 14.038402, 13.147748, 14.110099, 14.703752, -0.371076, 0.406925, 0.074250, -0.314136, 0.148342, 0.392670, 15.836432, -26.665960, 8.112374, 0.394119, -0.637059, 0.254823, 0.002056, 15.930664, 0.000000, 1.281738
-0.047120, 0.031414, 1056.000000, 0.045375, 2000.000000, 1000.000000, 14.340973, 14.459406, 15.630960, 15.568661, 0.045183, 0.599811, -0.014033, -0.235602, 0.157068, 0.226876, 16.605551, -32.450756, 10.115304, -0.346235, -1.055706, 0.297434, 0.001749, 14.036133, 14.239502, 204.833969
-0.064572, 0.031414, 1043.000000, 0.043630, 2000.000000, 1000.000000, 13.772338, 13.878842, 14.186826, 14.161994, 0.032834, 0.174410, -0.020418, -0.322862, 0.157068, 0.218150, 14.810025, -36.328274, 10.716002, -0.417608, -0.178998, 0.297434, 0.002005, 14.188477, 7.080078, 102.783195
-0.020942, 0.066318, 1039.000000, 0.040140, 2000.000000, 1000.000000, 12.974956, 13.309890, 13.014371, 12.700784, 0.162130, -0.142422, -0.005337, -0.104712, 0.331588, 0.200698, 11.238094, -35.064827, 10.125186, -0.437848, 0.664686, 0.240975, 0.001775, 14.208008, 7.479858, 108.825676
-0.090750, 0.153578, 1038.000000, 0.010471, 2000.000000, 1000.000000, 12.957003, 12.550714, 12.993456, 13.498827, -0.227915, 0.246141, -0.024771, -0.453752, 0.767888, 0.052356, 8.807411, -32.688969, 9.838494, -0.049029, 0.352565, 0.121666, 0.001986, 14.176758, 8.120728, 117.797844
-0.089005, 0.155323, 1039.000000, 0.005236, 2000.000000, 1000.000000, 13.129472, 12.989015, 12.868787, 13.012727, -0.071099, -0.059243, -0.000871, -0.445026, 0.776614, 0.026178, 7.501003, -29.094563, 9.533152, -0.352627, 0.987459, 0.032185, 0.001791, 14.184570, 8.239746, 119.689934
-0.092496, 0.094241, 1058.000000, 0.017452, 2000.000000, 1000.000000, 14.844628, 15.678769, 15.234262, 14.242341, 0.456516, -0.261699, 0.039445, -0.462478, 0.471204, 0.087260, 0.256068, -23.831837, 6.466174, -1.404036, 1.027938, 0.001292, 0.002152, 14.094727, 12.200928, 176.025375
-0.082024, 0.099476, 1077.000000, 0.034904, 2000.000000, 1000.000000, 17.314564, 17.296970, 16.864250, 16.524216, 0.080611, -0.305767, 0.089407, -0.410122, 0.497382, 0.174520, -6.799040, -18.032183, 3.643216, -0.621072, 1.177075, -0.029600, 0.001797, 13.899414, 19.601440, 278.991699
-0.061082, 0.090750, 1077.000000, 0.010471, 2000.000000, 1000.000000, 16.873697, 17.166403, 17.209276, 16.750624, 0.187840, -0.020049, 0.041486, -0.305410, 0.453752, 0.052356, -10.333022, -13.024359, 2.455074, -0.706293, 0.543246, -0.045579, 0.002007, 13.891602, 21.319580, 303.222656
-0.020942, 0.160558, 1069.000000, -0.006981, 2000.000000, 1000.000000, 16.005718, 15.868512, 15.966235, 16.159534, -0.082626, 0.062885, -0.014023, -0.104712, 0.802792, -0.034904, -13.372281, -10.432263, 1.845986, 0.047910, 0.769081, -0.002969, 0.001767, 14.086914, 8.599854, 124.084465
-0.020942, 0.148342, 1055.000000, -0.001745, 2000.000000, 1000.000000, 15.875784, 15.446117, 14.155800, 14.522299, -0.199042, -0.660951, 0.015792, -0.104712, 0.741710, -0.008726, -11.593746, -1.605524, 1.846587, 0.283332, 2.142198, -0.046644, 0.001948, 14.129883, 10.119629, 153.381348
-0.012216, 0.143106, 1045.000000, 0.052356, 2000.000000, 1000.000000, 14.726244, 14.100342, 13.541943, 13.631472, -0.178857, -0.413293, 0.134093, -0.061082, 0.715532, 0.261780, -10.529552, 9.747038, 1.594089, 0.298245, 1.645788, -0.044514, 0.001773, 14.165039, 8.959961, 130.004883
-0.027923, 0.050611, 1044.000000, 0.073298, 2000.000000, 1000.000000, 14.755926, 13.828609, 13.535048, 13.880417, -0.318172, -0.292268, 0.145487, -0.139616, 0.253054, 0.366492, -8.298429, 16.421518, 0.984541, 0.464426, 0.842584, 0.051359, 0.002219, 14.157227, 9.521484, 138.122559
-0.064572, -0.003490, 1046.000000, 0.059337, 2000.000000, 1000.000000, 14.486748, 13.985132, 13.632175, 13.895945, -0.191346, -0.235940, 0.059461, -0.322862, -0.017452, 0.296684, -6.765856, 20.021551, 1.215052, 0.030866, 0.461221, 0.184516, 0.001789, 14.161133, 9.680176, 140.319824
-0.047120, 0.008726, 1063.000000, 0.050611, 2000.000000, 1000.000000, 16.061384, 15.825094, 16.034046, 16.079477, -0.070430, 0.056761, 0.047714, -0.235602, 0.043630, 0.253054, -7.402885, 21.472719, 2.565732, -0.111879, -0.062885, 0.164277, 0.001927, 14.012695, 16.040039, 229.980453
-0.064572, 0.022688, 1107.000000, 0.008726, 2000.000000, 1000.000000, 20.228460, 19.918760, 19.730562, 20.122217, -0.175338, -0.073610, -0.020489, -0.322862, 0.113438, 0.043630, -8.089429, 20.579218, 3.603277, -0.010679, 0.274801, 0.103557, 0.001777, 13.243164, 50.201416, 681.701599
-0.068063, 0.017452, 1105.000000, 0.005236, 2000.000000, 1000.000000, 19.616055, 19.923630, 20.425354, 20.034962, 0.174493, 0.230159, 0.020704, -0.340314, 0.087260, 0.026178, -10.457124, 22.888041, 4.782875, -0.718010, -0.354766, -0.020013, 0.002078, 13.567383, 33.319092, 463.012665
-0.061082, 0.015707, 1080.000000, 0.047120, 2000.000000, 1000.000000, 18.533924, 16.835762, 17.780025, 18.850288, -0.692105, 0.315156, 0.156974, -0.305410, 0.078534, 0.235602, -8.415282, 16.482500, 3.829759, 1.071623, -0.563556, -0.132930, 0.001776, 13.891602, 19.720459, 280.395508
-0.015707, -0.026178, 1036.000000, 0.050611, 2000.000000, 1000.000000, 14.065947, 13.230267, 12.222437, 12.481350, -0.273648, -0.648106, 0.144192, -0.078534, -0.130890, 0.253054, -3.520353, 19.993614, 1.880144, 0.469752, 1.136595, -0.073276, 0.002077, 14.231445, 6.640625, 96.679680
-0.015707, -0.054101, 1043.000000, 0.040140, 2000.000000, 1000.000000, 14.229139, 13.470774, 14.008064, 14.292023, -0.260581, 0.150044, 0.118601, -0.078534, -0.270506, 0.200698, -1.109943, 21.979321, 0.660864, 0.449512, -0.607232, -0.076472, 0.001791, 14.083008, 13.839722, 199.584946
-0.024433, 0.020942, 1050.000000, 0.010471, 2000.000000, 1000.000000, 14.659205, 13.926219, 15.466733, 15.947842, -0.303524, 0.707287, 0.062969, -0.122164, 0.104712, 0.052356, 1.637549, 15.602188, -0.773256, 0.468687, -1.274083, -0.095646, 0.002177, 14.110352, 11.401367, 164.794907
-0.055846, -0.012216, 1047.000000, 0.005236, 2000.000000, 1000.000000, 14.480062, 13.465320, 13.614812, 14.439807, -0.459934, 0.027309, 0.047436, -0.279232, -0.061082, 0.026178, 5.209408, 11.701179, -2.117373, 0.642324, -0.124670, -0.092451, 0.001795, 14.137695, 10.519409, 152.282715
-0.045375, 0.010471, 1047.000000, 0.005236, 2000.000000, 1000.000000, 14.199298, 13.513309, 13.917771, 14.369622, -0.284460, 0.143697, 0.058535, -0.226876, 0.052356, 0.026178, 8.203752, 11.044694, -3.290995, 0.312094, -0.229066, -0.115886, 0.002047, 14.145508, 10.079956, 145.996094
-0.071553, -0.120419, 1048.000000, 0.005236, 2000.000000, 1000.000000, 14.011527, 13.943908, 14.063783, 13.980783, 0.003846, 0.022282, 0.037655, -0.357766, -0.602094, 0.026178, 7.210342, 7.962959, -3.687908, -0.406955, -0.716954, -0.066884, 0.001802, 14.145508, 9.921265, 143.676758
-0.061082, -0.113438, 1060.000000, 0.008726, 2000.000000, 1000.000000, 15.925976, 15.553214, 16.156958, 16.363853, -0.144914, 0.260405, 0.041467, -0.305410, -0.567190, 0.043630, 5.475302, 3.780167, -3.669206, -0.055420, -1.130274, -0.051971, 0.002089, 13.993164, 16.879272, 242.126450
-0.064572, -0.080279, 1080.000000, 0.024433, 2000.000000, 1000.000000, 17.899132, 17.267826, 18.283829, 18.549213, -0.224173, 0.416520, 0.091481, -0.322862, -0.401396, 0.122164, 4.509274, -4.096440, -4.076544, 0.100108, -1.303911, -0.094581, 0.001773, 13.692383, 30.639648, 429.809540
-0.048866, 0.029668, 1080.000000, 0.026178, 2000.000000, 1000.000000, 18.120146, 17.080275, 18.026976, 18.772604, -0.446376, 0.399789, 0.073561, -0.244328, 0.148342, 0.130890, 6.623276, -9.464228, -4.283735, 0.621019, -0.629602, -0.035992, 0.002071, 13.805664, 25.360107, 358.276337
-0.043630, 0.045375, 1086.000000, 0.029668, 2000.000000, 1000.000000, 17.788748, 17.484961, 18.370321, 18.355970, -0.072359, 0.363146, 0.079534, -0.218150, 0.226876, 0.148342, 8.249028, -12.539107, -4.014268, -0.092704, -0.494315, -0.033861, 0.001773, 13.829102, 22.561646, 319.580078
-0.024433, 0.057592, 1085.000000, 0.001745, 2000.000000, 1000.000000, 18.301790, 17.924883, 17.769293, 18.004034, -0.152913, -0.113337, 0.035541, -0.122164, 0.287958, 0.008726, 8.365924, -12.599823, -4.488845, 0.174676, 0.544312, -0.079667, 0.002031, 13.848633, 21.801758, 309.082031
-0.115183, 0.027923, 1061.000000, -0.026178, 2000.000000, 1000.000000, 15.943050, 15.914452, 16.022831, 16.119667, -0.031358, 0.071249, -0.017059, -0.575916, 0.139616, -0.130890, 7.582352, -9.618724, -5.086560, -0.572070, 0.011683, -0.106299, 0.001773, 14.032227, 15.121460, 217.407211
-0.097731, 0.031414, 1065.000000, 0.008726, 2000.000000, 1000.000000, 15.529484, 15.749623, 16.702860, 16.018034, 0.226241, 0.360447, 0.116172, -0.488656, 0.157068, 0.043630, 2.729759, -12.093297, -6.957577, -0.984325, -0.548643, -0.239456, 0.002002, 14.012695, 15.560913, 223.327621
-0.076789, 0.033159, 1063.000000, 0.008726, 2000.000000, 1000.000000, 16.076748, 16.043501, 16.242350, 15.637400, 0.142926, -0.060125, 0.159549, -0.383944, 0.165794, 0.043630, -2.802011, -11.640943, -9.804507, -0.715880, 0.304629, -0.358765, 0.001795, 14.008789, 15.560913, 223.205551
-0.064572, 0.033159, 1065.000000, 0.020942, 2000.000000, 1000.000000, 16.119408, 15.476917, 16.228432, 16.175243, -0.147325, 0.201837, 0.173920, -0.322862, 0.165794, 0.104712, -3.743828, -10.986549, -11.911644, -0.058616, -0.216282, -0.311894, 0.002071, 13.985352, 16.558838, 237.121567
-0.020942, 0.095986, 1094.000000, 0.038394, 2000.000000, 1000.000000, 18.607521, 18.964520, 19.793823, 18.634136, 0.379172, 0.213979, 0.200673, -0.104712, 0.479930, 0.191972, -7.345229, -11.158476, -14.314902, -0.902300, 0.088381, -0.294849, 0.001785, 13.633789, 30.880737, 431.091278
-0.050611, 0.120419, 1071.000000, 0.038394, 2000.000000, 1000.000000, 17.150581, 16.754246, 17.231228, 16.863945, -0.007262, 0.047587, 0.190905, -0.253054, 0.602094, 0.191972, -10.452459, -8.413837, -16.329960, -0.265276, 0.568812, -0.255435, 0.002095, 14.028320, 12.521362, 179.931625
-0.045375, 0.127400, 1058.000000, 0.073298, 2000.000000, 1000.000000, 15.565613, 14.670195, 14.927853, 14.836340, -0.200976, -0.117903, 0.246733, -0.226876, 0.636998, 0.366492, -8.438761, -4.338910, -17.325783, 0.161893, 0.943783, -0.214955, 0.001777, 14.165039, 7.800293, 113.098137
-0.019197, 0.123909, 1057.000000, 0.197208, 2000.000000, 1000.000000, 15.046809, 14.850972, 15.845622, 14.256597, 0.348297, 0.051110, 0.446216, -0.095986, 0.619546, 0.986038, -8.749110, 0.320675, -18.174633, -0.780861, 0.574139, 0.004488, 0.002134, 14.083008, 12.039185, 173.583969
-0.020942, 0.071553, 1049.000000, 0.205934, 2000.000000, 1000.000000, 14.138239, 13.905088, 14.644239, 13.312433, 0.274664, -0.021663, 0.391239, -0.104712, 0.357766, 1.029668, -12.413385, 4.392351, -17.335730, -0.681792, 0.444177, 0.168538, 0.001772, 14.079102, 12.600708, 181.579575
-0.041885, 0.036649, 1045.000000, 0.212914, 2000.000000, 1000.000000, 14.428322, 13.814789, 14.214064, 13.542826, 0.014426, -0.121555, 0.321193, -0.209424, 0.183246, 1.064572, -14.074289, 7.334027, -15.543141, -0.256754, 0.438851, 0.396503, 0.002123, 14.149414, 10.479736, 151.672363
-0.043630, 0.031414, 1045.000000, 0.260035, 2000.000000, 1000.000000, 14.793490, 13.691197, 13.916757, 13.598556, -0.196023, -0.242343, 0.355123, -0.218150, 0.157068, 1.300174, -13.578580, 10.337633, -12.896719, 0.146979, 0.670012, 0.572270, 0.001787, 14.161133, 9.240723, 133.972168
-0.022688, 0.027923, 1044.000000, 0.315881, 2000.000000, 1000.000000, 14.952062, 13.407434, 13.947925, 13.692580, -0.322321, -0.179748, 0.449993, -0.113438, 0.139616, 1.579406, -10.881514, 13.552931, -10.047019, 0.520884, 0.511289, 0.653230, 0.002125, 14.110352, 12.039185, 173.889145
-0.020942, 0.027923, 1002.000000, 0.347295, 2000.000000, 1000.000000, 10.731606, 8.921000, 10.124103, 10.223290, -0.477449, 0.173697, 0.427854, -0.104712, 0.139616, 1.736474, -6.856500, 13.677772, -6.696455, 0.860702, -0.200304, 0.883326, 0.001775, 14.793945, 0.000000, 1.770019
-0.068063, 0.027923, 1003.000000, 0.198953, 2000.000000, 1000.000000, 10.651717, 9.352714, 9.508657, 10.486913, -0.569315, -0.002215, 0.080187, -0.340314, 0.139616, 0.994764, -1.759191, 13.054041, -2.595856, 0.756306, 0.156558, 0.914218, 0.002102, 14.309570, 3.640747, 56.213375
-0.071553, 0.027923, 1004.000000, 0.047120, 2000.000000, 1000.000000, 10.044357, 9.823072, 9.516541, 10.616030, -0.330194, 0.066285, -0.219551, -0.357766, 0.139616, 0.235602, 1.143728, 13.775274, 1.577037, 0.279071, 0.021270, 0.835389, 0.001785, 14.309570, 3.759766, 55.114742
-0.073298, 0.027923, 1103.000000, -0.031414, 2000.000000, 1000.000000, 19.753092, 19.874651, 19.547899, 20.824358, -0.288725, 0.186129, -0.349504, -0.366492, 0.139616, -0.157068, 2.074660, 13.011836, 5.678208, 0.166154, -0.213087, 0.676666, 0.002193, 13.254883, 56.961060, 775.085388
-0.071553, 0.027923, 1126.000000, -0.038394, 2000.000000, 1000.000000, 22.108253, 21.259586, 21.322144, 23.310017, -0.709135, 0.316080, -0.284802, -0.357766, 0.139616, -0.191972, 5.899978, 11.968498, 8.322174, 1.048187, -0.488988, 0.515812, 0.001776, 13.157227, 50.640869, 682.617126
-0.068063, 0.027923, 1092.000000, -0.038394, 2000.000000, 1000.000000, 18.635725, 18.360964, 19.027056, 19.976255, -0.305990, 0.501655, -0.168609, -0.340314, 0.139616, -0.191972, 10.480577, 8.522577, 9.529721, 0.230069, -0.837328, 0.199430, 0.002061, 13.532227, 33.639526, 465.637177
-0.068063, 0.027923, 1003.000000, -0.038394, 2000.000000, 1000.000000, 9.910237, 9.988069, 9.773889, 10.327806, -0.119021, 0.050847, -0.157937, -0.340314, 0.139616, -0.191972, 10.317120, 5.805306, 10.365851, -0.125727, 0.048967, 0.186647, 0.001778, 22.043945, 0.000000, 1.770019
-0.071553, 0.027923, 1000.000000, -0.036649, 2000.000000, 1000.000000, 10.062126, 10.208427, 9.716202, 10.013245, -0.037685, -0.135276, -0.110836, -0.357766, 0.139616, -0.183246, 9.154917, 8.346838, 11.002607, -0.313212, 0.418611, 0.066273, 0.002268, 14.387695, 0.640869, 9.399414
-0.068063, 0.027923, 1000.000000, -0.036649, 2000.000000, 1000.000000, 9.372534, 9.757317, 10.387636, 10.482513, 0.072476, 0.435075, -0.119915, -0.340314, 0.139616, -0.183246, 6.991171, 6.363547, 11.697118, -0.529460, -0.736128, 0.099296, 0.001773, 14.301758, 3.518677, 51.513668
-0.075044, 0.027923, 1050.000000, -0.036649, 2000.000000, 1000.000000, 14.467324, 15.014249, 15.162744, 15.355683, 0.088496, 0.259214, -0.184966, -0.375218, 0.139616, -0.183246, 4.751287, 2.266307, 12.863272, -0.581657, -0.356896, 0.246301, 0.002194, 13.821289, 26.919556, 381.103485
-0.073298, 0.027923, 1094.000000, -0.036649, 2000.000000, 1000.000000, 18.860800, 19.386553, 18.883471, 18.869177, 0.135012, -0.123676, -0.127865, -0.366492, 0.139616, -0.183246, 0.698422, 2.296999, 14.276241, -0.681792, 0.407959, 0.121666, 0.001777, 13.629883, 30.001831, 419.189423
-0.064572, 0.027923, 1093.000000, -0.036649, 2000.000000, 1000.000000, 18.516502, 18.521095, 19.361080, 19.601322, -0.058912, 0.481201, -0.061209, -0.322862, 0.139616, -0.183246, -1.027567, -0.107337, 14.371023, -0.236514, -0.811761, -0.054101, 0.001927, 13.758789, 26.400757, 372.131317
-0.055846, 0.027923, 1093.000000, -0.036649, 2000.000000, 1000.000000, 18.650967, 19.065369, 19.310936, 18.972729, 0.188152, 0.141832, -0.019048, -0.279232, 0.139616, -0.183246, -2.899684, -3.479066, 13.682918, -0.696705, -0.132127, -0.160627, 0.001777, 13.743164, 27.279663, 383.789032
-0.052356, 0.027923, 1093.000000, -0.036649, 2000.000000, 1000.000000, 18.921333, 18.416183, 19.118294, 19.544189, -0.232762, 0.331242, 0.019813, -0.261780, 0.139616, -0.183246, -5.014942, -5.068999, 12.369793, 0.169349, -0.498576, -0.251174, 0.002184, 13.754883, 26.239014, 369.384735
-0.045375, 0.027923, 1061.000000, -0.036649, 2000.000000, 1000.000000, 16.032532, 15.285246, 16.042683, 16.639538, -0.336035, 0.341111, 0.037608, -0.226876, 0.139616, -0.183246, -1.674332, -7.066663, 11.229251, 0.433533, -0.539056, -0.306567, 0.001770, 14.157227, 7.641602, 110.717766
-0.048866, 0.027923, 1058.000000, -0.036649, 2000.000000, 1000.000000, 14.497014, 14.541434, 15.714150, 15.247401, 0.127792, 0.480776, 0.105582, -0.244328, 0.139616, -0.183246, -1.795251, -11.703785, 9.026087, -0.518807, -0.798978, -0.463160, 0.002120, 14.106445, 11.480713, 165.832504
-0.045375, 0.029668, 1050.000000, -0.036649, 2000.000000, 1000.000000, 14.850932, 14.870774, 15.458344, 14.819949, 0.164559, 0.139147, 0.154638, -0.226876, 0.148342, -0.183246, -4.679331, -14.804778, 5.180463, -0.584853, -0.119344, -0.608035, 0.001768, 14.098633, 11.361694, 164.123520
-0.043630, 0.033159, 1044.000000, -0.036649, 2000.000000, 1000.000000, 14.229605, 13.833200, 13.959221, 13.977974, -0.103789, -0.031403, 0.094413, -0.218150, 0.165794, -0.183246, -6.559471, -13.822898, 1.581941, -0.028789, 0.248170, -0.441855, 0.002035, 14.165039, 9.039307, 131.103516
-0.038394, 0.064572, 1038.000000, -0.036649, 2000.000000, 1000.000000, 12.830172, 12.468752, 13.339146, 13.361931, -0.096051, 0.350538, 0.084659, -0.191972, 0.322862, -0.183246, -6.153033, -14.329219, -0.719553, -0.010679, -0.359027, -0.430137, 0.001751, 14.235352, 5.560303, 80.993645
-0.024433, 0.075044, 1039.000000, -0.036649, 2000.000000, 1000.000000, 13.331403, 12.586881, 12.850350, 13.231366, -0.281385, 0.040858, 0.090876, -0.122164, 0.375218, -0.183246, -4.965844, -14.542768, -3.027768, 0.431403, 0.331260, -0.434398, 0.001991, 14.192383, 7.681274, 111.694328
-0.022688, 0.092496, 1039.000000, -0.036649, 2000.000000, 1000.000000, 13.173241, 12.640524, 12.990673, 13.195562, -0.184402, 0.093117, 0.081957, -0.113438, 0.462478, -0.183246, -2.451479, -12.302194, -4.813150, 0.250309, 0.326999, -0.422680, 0.001745, 14.188477, 8.200073, 119.201653
-0.041885, 0.116928, 1035.000000, -0.036649, 2000.000000, 1000.000000, 12.991035, 12.636791, 13.191694, 13.180479, -0.085757, 0.186086, 0.091364, -0.209424, 0.584642, -0.183246, -2.445001, -11.248196, -7.174735, -0.060746, 0.269475, -0.430137, 0.002117, 14.184570, 8.441162, 122.619621
-0.041885, 0.106457, 1032.000000, -0.036649, 2000.000000, 1000.000000, 13.520196, 12.843610, 12.669129, 12.967065, -0.243630, -0.181902, 0.094663, -0.209424, 0.532286, -0.183246, -1.080592, -7.643903, -9.420030, 0.267353, 0.968284, -0.454638, 0.001746, 14.211914, 7.040405, 102.478020
-0.020942, 0.132635, 1033.000000, -0.036649, 2000.000000, 1000.000000, 13.123302, 12.722806, 12.990462, 13.163430, -0.143366, 0.076946, 0.056882, -0.104712, 0.663176, -0.183246, 0.910467, -3.160521, -11.459483, 0.174676, 0.576269, -0.348112, 0.002016, 14.188477, 8.718872, 126.708977
-0.022688, 0.130890, 1034.000000, -0.036649, 2000.000000, 1000.000000, 13.026270, 12.690420, 13.076942, 13.206367, -0.116319, 0.141655, 0.051606, -0.113438, 0.654450, -0.183246, 1.984877, -1.293503, -13.352901, 0.113956, 0.438851, -0.344917, 0.001755, 14.196289, 8.279419, 120.422356
-0.069808, 0.031414, 1034.000000, -0.036649, 2000.000000, 1000.000000, 13.648979, 13.141039, 12.411932, 12.798050, -0.223514, -0.395009, 0.030456, -0.349040, 0.157068, -0.183246, 4.122474, 2.883509, -15.253975, 0.063889, 0.951240, -0.279936, 0.002147, 14.188477, 8.880615, 129.028320
-0.090750, 0.026178, 1034.000000, -0.036649, 2000.000000, 1000.000000, 13.186273, 12.498582, 12.867398, 13.447747, -0.317010, 0.157572, 0.026835, -0.453752, 0.130890, -0.183246, 5.173003, 5.238879, -16.938337, 0.142718, -0.174737, -0.279936, 0.001746, 14.200195, 8.160400, 118.591301
-0.066318, 0.029668, 1034.000000, -0.036649, 2000.000000, 1000.000000, 12.862309, 12.257500, 13.154234, 13.725958, -0.294133, 0.440096, 0.008271, -0.331588, 0.148342, -0.183246, 4.640837, 1.925717, -18.369190, 0.217286, -0.707366, -0.224542, 0.002165, 14.204102, 8.279419, 120.422356
-0.083770, 0.029668, 1042.000000, -0.036649, 2000.000000, 1000.000000, 14.586945, 13.447933, 13.253708, 14.711414, -0.649179, -0.017439, -0.079674, -0.418848, 0.148342, -0.183246, 7.262111, -0.622596, -19.111969, 0.860702, 0.198103, -0.005099, 0.001773, 14.122070, 11.999512, 173.522934
-0.078534, 0.029668, 1047.000000, -0.036649, 2000.000000, 1000.000000, 14.100380, 14.040384, 13.424250, 14.434986, -0.267683, -0.070382, -0.237686, -0.392670, 0.148342, -0.183246, 10.954810, 0.114025, -18.040741, 0.109695, 0.305694, 0.384785, 0.002029, 14.153320, 10.241699, 148.376465
-0.075044, 0.029668, 1059.000000, -0.036649, 2000.000000, 1000.000000, 14.486610, 15.519978, 14.923162, 15.070250, 0.221570, -0.003294, -0.295113, -0.375218, 0.148342, -0.183246, 8.524343, 2.095018, -15.057074, -0.880995, 0.169341, 0.552030, 0.001753, 14.067383, 14.480591, 208.496078
-0.069808, 0.029668, 1066.000000, -0.036649, 2000.000000, 1000.000000, 15.365624, 16.380512, 16.024433, 16.229429, 0.202474, 0.126932, -0.304971, -0.349040, 0.148342, -0.183246, 3.614572, 3.594714, -11.797727, -0.781926, -0.088452, 0.541378, 0.002166, 13.977539, 17.721558, 253.723129
-0.068063, 0.029668, 1071.000000, -0.036649, 2000.000000, 1000.000000, 16.528242, 16.970617, 16.968645, 17.532495, -0.030368, 0.250571, -0.251557, -0.340314, 0.148342, -0.183246, 1.067399, 3.096326, -8.840222, -0.308951, -0.340918, 0.438048, 0.001756, 13.985352, 16.479492, 235.900864
-0.066318, 0.029668, 1071.000000, -0.036649, 2000.000000, 1000.000000, 16.047850, 17.184355, 17.306288, 17.461508, 0.245321, 0.383898, -0.322932, -0.331588, 0.148342, -0.183246, -2.713662, 0.339302, -5.938843, -0.838385, -0.588057, 0.583988, 0.002187, 13.915039, 19.879150, 283.386230
-0.062827, 0.029668, 1070.000000, -0.036649, 2000.000000, 1000.000000, 17.168938, 16.800385, 16.225368, 17.805309, -0.487123, 0.015338, -0.302848, -0.314136, 0.148342, -0.183246, -3.613678, -0.857251, -2.597216, 0.648715, 0.133122, 0.572270, 0.001752, 13.950195, 18.441772, 263.488770
-0.057592, 0.029668, 1071.000000, -0.036649, 2000.000000, 1000.000000, 16.725103, 17.177729, 16.513609, 17.583559, -0.154331, 0.048584, -0.380644, -0.287958, 0.148342, -0.183246, -0.381922, 0.339568, 1.182341, 0.005300, 0.070272, 0.729928, 0.002119, 13.954102, 19.000244, 271.606445
-0.048866, 0.029668, 1070.000000, -0.036649, 2000.000000, 1000.000000, 16.614355, 16.695642, 16.841547, 17.848455, -0.231405, 0.345002, -0.272048, -0.244328, 0.148342, -0.183246, -0.515160, -1.303261, 4.474207, 0.203438, -0.539056, 0.489180, 0.001774, 13.981445, 17.199707, 246.276840
-0.052356, 0.029668, 1070.000000, -0.036649, 2000.000000, 1000.000000, 16.976488, 16.892031, 16.572344, 17.559137, -0.267813, 0.065740, -0.225584, -0.261780, 0.148342, -0.183246, 1.113191, -2.890295, 6.930463, 0.244983, 0.029792, 0.350697, 0.002112, 13.973633, 17.959595, 257.019043
-0.048866, 0.029668, 1070.000000, -0.036649, 2000.000000, 1000.000000, 16.885984, 17.109484, 16.754141, 17.250391, -0.068188, 0.002266, -0.179938, -0.244328, 0.148342, -0.183246, 1.780323, -1.321852, 8.655362, -0.135314, 0.166145, 0.252693, 0.001787, 13.965820, 17.321777, 247.680649
-0.047120, 0.029668, 1070.000000, -0.036649, 2000.000000, 1000.000000, 17.027849, 16.631296, 16.826616, 17.514238, -0.271045, 0.170427, -0.072768, -0.235602, 0.148342, -0.183246, 1.178196, -2.292512, 9.006796, 0.276940, -0.172607, -0.024274, 0.002008, 13.989258, 16.519165, 236.633286
-0.047120, 0.029668, 1070.000000, -0.036649, 2000.000000, 1000.000000, 17.303392, 17.205275, 16.539511, 16.951822, -0.127608, -0.254334, -0.078549, -0.235602, 0.148342, -0.183246, 2.795461, -0.378693, 8.938817, -0.000027, 0.685991, -0.008295, 0.001804, 13.915039, 20.199585, 287.780762
-0.043630, 0.029668, 1070.000000, -0.036649, 2000.000000, 1000.000000, 16.646606, 17.019878, 17.224892, 17.108624, 0.122385, 0.166758, -0.064251, -0.218150, 0.148342, -0.183246, 0.248011, 1.972783, 8.817687, -0.482588, -0.172607, -0.046644, 0.001960, 13.942383, 18.679810, 266.723633
-0.041885, 0.029668, 1070.000000, -0.036649, 2000.000000, 1000.000000, 17.290342, 16.231401, 16.571222, 17.907034, -0.598688, 0.239129, -0.069217, -0.209424, 0.148342, -0.183246, 2.197003, -0.617073, 8.489243, 0.993859, -0.312156, -0.032796, 0.001788, 13.954102, 18.240356, 260.375977
-0.045375, 0.029668, 1070.000000, -0.036649, 2000.000000, 1000.000000, 17.189943, 16.671297, 16.624880, 17.513880, -0.351911, 0.069381, -0.092589, -0.226876, 0.148342, -0.183246, 7.176167, 0.232462, 8.541729, 0.461230, 0.025531, 0.024728, 0.001940, 13.954102, 18.121338, 263.488770
-0.041885, 0.029668, 1058.000000, -0.036649, 2000.000000, 1000.000000, 14.795027, 15.199104, 15.048092, 14.957777, 0.123598, 0.002935, -0.078441, -0.209424, 0.148342, -0.183246, 6.152727, 0.189047, 8.628828, -0.495371, 0.167210, -0.008295, 0.001750, 14.141602, 7.958984, 115.295403
-0.038394, 0.029668, 1043.000000, -0.036649, 2000.000000, 1000.000000, 14.524420, 13.885666, 13.308243, 14.281672, -0.403046, -0.205043, -0.083669, -0.191972, 0.148342, -0.183246, 6.107702, 2.969424, 8.607753, 0.581604, 0.565617, 0.000227, 0.002211, 14.172852, 8.959961, 130.126953
-0.038394, 0.029668, 1043.000000, -0.036649, 2000.000000, 1000.000000, 14.209147, 14.224128, 13.624297, 13.942428, -0.075788, -0.216637, -0.083277, -0.191972, 0.148342, -0.183246, 7.349049, 6.479694, 8.639658, -0.059681, 0.613553, 0.005553, 0.001757, 14.149414, 9.759521, 141.418457
-0.041885, 0.029668, 1043.000000, -0.036649, 2000.000000, 1000.000000, 13.956475, 13.982793, 13.965770, 14.094962, -0.025718, 0.030366, -0.038878, -0.209424, 0.148342, -0.183246, 5.430188, 8.342535, 8.755839, -0.187512, 0.103295, -0.107364, 0.002224, 14.133789, 9.881592, 143.310547
-0.043630, 0.029668, 1044.000000, -0.036649, 2000.000000, 1000.000000, 14.111621, 14.188657, 13.882419, 13.817304, 0.035537, -0.150138, -0.002980, -0.218150, 0.148342, -0.183246, 4.315067, 9.132579, 7.794311, -0.307886, 0.471874, -0.202172, 0.001794, 14.129883, 11.480713, 166.198715
-0.068063, 0.029668, 1044.000000, -0.036649, 2000.000000, 1000.000000, 13.929586, 14.155602, 14.087242, 13.827570, 0.121422, -0.042594, 0.008415, -0.340314, 0.148342, -0.183246, 0.658411, 11.342098, 7.184768, -0.622137, 0.249235, -0.227738, 0.001999, 14.145508, 10.760498, 155.883789
-0.064572, 0.027923, 1044.000000, -0.036649, 2000.000000, 1000.000000, 14.333727, 13.739042, 13.658503, 14.268728, -0.301228, -0.036384, -0.003885, -0.322862, 0.139616, -0.183246, -0.340740, 12.294624, 6.165475, 0.249244, 0.226865, -0.200042, 0.001774, 14.153320, 10.079956, 145.996094
-0.043630, 0.029668, 1044.000000, -0.036649, 2000.000000, 1000.000000, 13.832783, 14.363974, 14.192451, 13.610792, 0.278212, -0.098378, 0.012617, -0.218150, 0.148342, -0.183246, -1.659389, 13.861826, 5.293049, -0.788317, 0.357891, -0.236260, 0.002098, 14.133789, 11.441040, 165.588364
-0.043630, 0.029668, 1044.000000, -0.036649, 2000.000000, 1000.000000, 14.158832, 14.069104, 13.946939, 13.825126, 0.008022, -0.113968, 0.052885, -0.218150, 0.148342, -0.183246, -6.015876, 15.437159, 4.790077, -0.271667, 0.397306, -0.344917, 0.001801, 14.118164, 12.799072, 184.997543
-0.041885, 0.027923, 1044.000000, -0.036649, 2000.000000, 1000.000000, 14.240344, 13.679353, 13.957263, 14.123040, -0.181692, 0.040151, 0.098804, -0.209424, 0.139616, -0.183246, -5.183439, 17.059427, 2.448632, 0.142718, 0.075598, -0.450377, 0.002061, 14.141602, 10.360718, 150.085449
-0.052356, -0.029668, 1044.000000, -0.036649, 2000.000000, 1000.000000, 13.788578, 14.129433, 14.486423, 13.595566, 0.307928, 0.040994, 0.137500, -0.261780, -0.148342, -0.183246, -7.700507, 16.496838, 0.252252, -0.916148, -0.249305, -0.563294, 0.001794, 14.141602, 10.958862, 158.691406
-0.050611, -0.038394, 1044.000000, -0.036649, 2000.000000, 1000.000000, 14.040166, 13.115605, 14.385777, 14.458451, -0.249309, 0.422114, 0.212972, -0.253054, -0.191972, -0.183246, -10.400481, 12.757820, -2.758244, 0.213025, -1.053575, -0.737997, 0.001999, 14.153320, 10.519409, 152.404785
-0.054101, 0.027923, 1044.000000, -0.036649, 2000.000000, 1000.000000, 13.856346, 13.074730, 14.477339, 14.591585, -0.223966, 0.534462, 0.166842, -0.270506, 0.139616, -0.183246, -8.583554, 6.475904, -7.105722, 0.166154, -0.940658, -0.639993, 0.001798, 14.180664, 9.759521, 134.704590
-0.055846, 0.027923, 1044.000000, -0.036649, 2000.000000, 1000.000000, 13.868998, 13.788145, 14.542610, 13.800247, 0.165377, 0.171429, 0.205804, -0.279232, 0.139616, -0.183246, -10.754494, 3.675532, -10.732781, -0.638116, -0.188586, -0.720953, 0.001998, 14.176758, 8.920288, 129.516602
-0.055846, 0.027923, 1044.000000, -0.036649, 2000.000000, 1000.000000, 14.302853, 13.402258, 13.967022, 14.327868, -0.315360, 0.147445, 0.134937, -0.279232, 0.139616, -0.183246, -12.342741, 3.637709, -14.325205, 0.331268, -0.147041, -0.557968, 0.001771, 14.157227, 10.241699, 148.498535
-0.054101, 0.027923, 1044.000000, -0.036649, 2000.000000, 1000.000000, 14.181633, 12.732040, 14.174898, 14.911428, -0.546530, 0.543164, 0.178266, -0.270506, 0.139616, -0.183246, -9.243146, -0.314061, -17.950575, 0.802112, -0.938527, -0.658102, 0.001933, 14.149414, 10.559082, 153.015137
-0.054101, 0.027923, 1044.000000, -0.036649, 2000.000000, 1000.000000, 14.303202, 12.850296, 13.945932, 14.900570, -0.601886, 0.423251, 0.124567, -0.270506, 0.139616, -0.183246, -6.713570, -6.743208, -21.108681, 0.923552, -0.714823, -0.532402, 0.001767, 14.165039, 10.000610, 145.080566
-0.055846, 0.027923, 1056.000000, -0.036649, 2000.000000, 1000.000000, 15.562964, 13.876058, 14.843564, 15.717414, -0.640189, 0.280489, 0.203264, -0.279232, 0.139616, -0.183246, -2.886771, -11.441882, -23.798449, 0.971488, -0.411225, -0.717757, 0.001919, 14.188477, 9.201050, 133.605957
-0.055846, 0.027923, 1088.000000, -0.036649, 2000.000000, 1000.000000, 18.476688, 17.062634, 18.079021, 18.381657, -0.429173, 0.230340, 0.277856, -0.279232, 0.139616, -0.183246, 0.190098, -15.229198, -27.898031, 0.577343, -0.319612, -0.926547, 0.001754, 13.852539, 24.600220, 344.909637
-0.055846, 0.027923, 1087.000000, -0.036649, 2000.000000, 1000.000000, 19.055527, 16.808617, 17.729477, 18.406380, -0.730952, 0.067929, 0.392502, -0.279232, 0.139616, -0.183246, 3.923386, -18.154898, -32.690941, 1.145125, 0.013813, -1.182209, 0.002001, 13.856445, 23.760986, 337.219208
-0.054101, 0.027923, 1087.000000, -0.036649, 2000.000000, 1000.000000, 17.979307, 17.045485, 18.776144, 18.199064, -0.089186, 0.487604, 0.377726, -0.270506, 0.139616, -0.183246, 5.872084, -22.135540, -38.947731, -0.112944, -0.841589, -1.182209, 0.001770, 13.852539, 22.601318, 320.617676
-0.055846, 0.027923, 1087.000000, -0.036649, 2000.000000, 1000.000000, 18.007742, 17.514185, 18.647764, 17.830309, 0.080975, 0.239037, 0.327754, -0.279232, 0.139616, -0.183246, -0.005108, -22.712172, -47.477463, -0.463414, -0.321743, -1.004311, 0.002184, 13.903320, 20.321655, 289.184570
-0.055846, 0.027923, 1087.000000, -0.036649, 2000.000000, 1000.000000, 18.787994, 17.193596, 17.626606, 18.391804, -0.589899, 0.009204, 0.207301, -0.279232, 0.139616, -0.183246, 1.645783, -24.684074, -51.608685, 0.889463, 0.130992, -0.743323, 0.001774, 13.872070, 22.161865, 314.575195
-0.054101, 0.027923, 1086.000000, -0.036649, 2000.000000, 1000.000000, 17.217567, 18.207779, 18.940823, 17.633831, 0.574301, 0.287326, 0.079196, -0.270506, 0.139616, -0.183246, 0.267458, -24.868341, -55.572189, -1.432798, -0.419747, -0.402441, 0.002052, 13.907227, 22.640991, 321.289032
-0.054101, 0.027923, 1074.000000, -0.036649, 2000.000000, 1000.000000, 16.553387, 17.470638, 17.444496, 16.531479, 0.457568, -0.012013, -0.001059, -0.270506, 0.139616, -0.183246, -5.482159, -17.209595, -59.259365, -1.247443, 0.183189, -0.208564, 0.001747, 14.008789, 14.041138, 201.477036
-0.054101, 0.027923, 1040.000000, -0.036649, 2000.000000, 1000.000000, 14.068364, 14.318574, 13.925509, 13.687552, 0.122042, -0.193469, -0.003063, -0.270506, 0.139616, -0.183246, -5.993509, -11.959110, -60.360882, -0.539047, 0.537920, -0.195781, 0.002050, 14.204102, 7.958984, 115.783684
-0.054101, 0.027923, 1041.000000, -0.036649, 2000.000000, 1000.000000, 13.650156, 13.676512, 14.427305, 14.246027, 0.051909, 0.336666, 0.038731, -0.270506, 0.139616, -0.183246, -7.296783, -9.295131, -62.157333, -0.416542, -0.534795, -0.308698, 0.001796, 14.145508, 10.720825, 155.212402
-0.055846, 0.027923, 1042.000000, -0.036649, 2000.000000, 1000.000000, 14.043288, 14.455682, 14.075629, 13.425401, 0.265655, -0.249485, 0.059459, -0.279232, 0.139616, -0.183246, -9.435613, -6.887184, -64.346512, -0.831993, 0.642315, -0.352373, 0.002090, 14.133789, 11.041260, 159.729004
-0.055846, 0.027923, 1042.000000, -0.036649, 2000.000000, 1000.000000, 14.223837, 14.845224, 13.960991, 12.969948, 0.403108, -0.534531, 0.092414, -0.279232, 0.139616, -0.183246, -5.778415, 1.019414, -66.417694, -1.148374, 1.251643, -0.447181, 0.001779, 14.137695, 10.879517, 157.531738
-0.055846, 0.027923, 1042.000000, -0.036649, 2000.000000, 1000.000000, 13.660775, 14.393376, 14.498540, 13.447309, 0.445959, -0.027075, 0.079657, -0.279232, 0.139616, -0.183246, -4.865910, 9.103689, -68.572060, -1.199507, 0.207690, -0.403506, 0.002026, 14.145508, 10.198975, 147.827148
-0.055846, 0.027923, 1042.000000, -0.036649, 2000.000000, 1000.000000, 13.390756, 14.196391, 14.860881, 13.551972, 0.528636, 0.206426, 0.125818, -0.279232, 0.139616, -0.183246, -7.919236, 15.538504, -70.631577, -1.393384, -0.265284, -0.534532, 0.001780, 14.149414, 10.641479, 154.113770
-0.054101, 0.027923, 1042.000000, -0.036649, 2000.000000, 1000.000000, 13.383038, 14.429062, 14.923201, 13.264700, 0.676131, 0.093951, 0.153119, -0.270506, 0.139616, -0.183246, -12.157784, 23.493084, -72.486099, -1.621349, -0.034123, -0.580339, 0.002154, 14.153320, 9.960938, 144.409180
-0.054101, 0.027923, 1042.000000, -0.036649, 2000.000000, 1000.000000, 13.888025, 14.171261, 14.505167, 13.435547, 0.338214, -0.029643, 0.196596, -0.270506, 0.139616, -0.183246, -13.373890, 31.028894, -75.674080, -1.006695, 0.214082, -0.718822, 0.001756, 14.157227, 10.400391, 150.695801
-0.054101, 0.027923, 1042.000000, -0.036649, 2000.000000, 1000.000000, 14.601928, 13.965186, 13.744037, 13.688849, -0.145388, -0.283557, 0.172982, -0.270506, 0.139616, -0.183246, -11.656594, 34.718029, -80.606720, -0.027723, 0.706231, -0.625079, 0.002228, 14.157227, 10.760498, 155.883789
