


<<< NEW FLIGHT DATA >>>


-0.001745, -0.001745, 1000.000000, 0.000000, 2000.000000, 1000.000000, 10.009755, 10.000228, 9.990016, 10.000001, -0.004878, -0.004991, -0.000114, -0.008726, -0.008726, 0.000000, -1.454847, -4.313857, 0.027624, -0.000721, -0.000529, 0.000078, 0.001747, 15.547852, 0.518799, 8.300781
-0.001745, -0.001745, 1000.000000, 0.000000, 2000.000000, 1000.000000, 9.991822, 10.009274, 9.973439, 10.025464, -0.008643, -0.000548, -0.017369, -0.008726, -0.008726, 0.000000, -1.438539, -4.293928, 0.007762, 0.005670, -0.007986, 0.011796, 0.001788, 15.360352, 6.961060, 109.497063
-0.001745, -0.001745, 1000.000000, 0.000000, 2000.000000, 1000.000000, 9.996208, 10.010036, 9.981405, 10.012350, -0.004279, -0.003123, -0.011193, -0.008726, -0.008726, 0.000000, -1.419375, -4.265338, -0.041919, -0.001786, -0.003725, 0.007535, 0.002101, 15.450195, 3.759766, 59.509274
-0.001745, -0.001745, 1000.000000, 0.000000, 2000.000000, 1000.000000, 10.017321, 9.938974, 10.014086, 10.029619, -0.023470, 0.021853, 0.015704, -0.008726, -0.008726, 0.000000, -1.324914, -4.300774, -0.095105, 0.030171, -0.045270, -0.010575, 0.002389, 15.305664, 8.560181, 127.990715
-0.001745, -0.001745, 1000.000000, 0.000000, 2000.000000, 1000.000000, 10.026508, 9.996248, 9.992161, 9.985083, -0.005795, -0.011378, 0.009335, -0.008726, -0.008726, 0.000000, -1.259750, -4.270073, -0.162791, 0.000344, 0.010123, -0.006314, 0.002318, 15.399414, 5.239868, 82.580559
-0.001745, 0.000000, 1000.000000, 0.000000, 2000.000000, 1000.000000, 10.005080, 9.995553, 9.994691, 10.004676, -0.004878, -0.000317, -0.000114, -0.008726, 0.000000, 0.000000, -1.210191, -3.990148, -0.382394, -0.000721, 0.000536, 0.000078, 0.001748, 15.540039, 0.479126, 7.629394
-0.001745, 0.000000, 1000.000000, 0.000000, 2000.000000, 1000.000000, 10.003228, 9.994870, 9.996604, 10.005298, -0.004263, 0.000951, -0.000084, -0.008726, 0.000000, 0.000000, -1.179654, -3.945889, -0.428587, -0.001786, -0.001595, 0.000078, 0.002073, 15.481445, 2.120972, 33.630371
-0.001745, 0.000000, 1000.000000, 0.000000, 2000.000000, 1000.000000, 10.022706, 9.957519, 10.014743, 10.005033, -0.013870, 0.009888, 0.018724, -0.008726, 0.000000, 0.000000, -1.169908, -3.954909, -0.425466, 0.014192, -0.016508, -0.012705, 0.002380, 15.258789, 10.360718, 161.987289
-0.001745, 0.000000, 1000.000000, 0.000000, 2000.000000, 1000.000000, 10.008252, 10.001176, 9.997853, 9.992719, -0.000485, -0.004714, 0.003053, -0.008726, 0.000000, 0.000000, -1.123780, -3.916835, -0.459697, -0.008178, 0.007993, -0.002053, 0.002273, 15.383789, 5.520630, 86.975090
-0.001745, 0.000000, 1000.000000, 0.000000, 2000.000000, 1000.000000, 10.004598, 9.977191, 9.995248, 10.022964, -0.013781, 0.009106, -0.000078, -0.008726, 0.000000, 0.000000, -1.085336, -3.941225, -0.469077, 0.014192, -0.015443, 0.000078, 0.001756, 15.434570, 4.238892, 67.016602
-0.001745, -0.001745, 1000.000000, 0.000000, 2000.000000, 1000.000000, 9.998531, 10.007551, 9.985422, 10.008495, -0.003513, -0.003042, -0.008023, -0.008726, -0.008726, 0.000000, -1.072397, -3.927574, -0.471332, -0.002852, -0.003725, 0.005404, 0.001983, 15.422852, 4.278564, 67.626953
-0.001745, -0.001745, 1000.000000, 0.000000, 2000.000000, 1000.000000, 10.001027, 9.995090, 9.992469, 10.011415, -0.006220, 0.001941, -0.003252, -0.008726, -0.008726, 0.000000, -0.975174, -3.925086, -0.485268, 0.001409, -0.012247, 0.002208, 0.002193, 15.426758, 4.238892, 66.894531
-0.001745, -0.001745, 1000.000000, 0.000000, 2000.000000, 1000.000000, 9.993052, 9.992599, 9.984650, 10.029699, -0.011376, 0.007174, -0.011149, -0.008726, -0.008726, 0.000000, -0.937725, -3.902160, -0.546888, 0.009931, -0.020769, 0.007535, 0.002336, 15.411133, 5.081177, 80.200195
-0.001745, -0.001745, 1000.000000, 0.000000, 2000.000000, 1000.000000, 10.016571, 10.017681, 9.973837, 9.991911, -0.004241, -0.017126, -0.004796, -0.008726, -0.008726, 0.000000, -0.933423, -3.885086, -0.545099, -0.001786, 0.019710, 0.003274, 0.002282, 15.426758, 4.199219, 66.284180
-0.001745, -0.001745, 1000.000000, 0.000000, 2000.000000, 1000.000000, 9.996823, 9.982928, 9.999644, 10.020604, -0.008714, 0.010124, -0.001766, -0.008726, -0.008726, 0.000000, -0.935034, -3.889744, -0.569251, 0.005670, -0.026096, 0.001143, 0.001782, 15.422852, 4.559326, 72.021484
-0.001745, -0.001745, 1000.000000, 0.000000, 2000.000000, 1000.000000, 10.011683, 10.009745, 9.988089, 9.990484, -0.001083, -0.010714, -0.000114, -0.008726, -0.008726, 0.000000, -0.962829, -3.854508, -0.596199, -0.007113, 0.009058, 0.000078, 0.001769, 15.418945, 4.238892, 66.894531
-0.001745, -0.001745, 1000.000000, 0.000000, 2000.000000, 1000.000000, 10.003718, 10.006520, 9.992892, 9.996869, -0.000294, -0.005119, -0.001695, -0.008726, -0.008726, 0.000000, -0.958187, -3.871694, -0.611143, -0.008178, -0.000529, 0.001143, 0.001867, 15.422852, 4.360962, 68.908691
-0.001745, -0.001745, 1000.000000, 0.000000, 2000.000000, 1000.000000, 10.010138, 9.995996, 9.992828, 10.001038, -0.005588, -0.003067, 0.001483, -0.008726, -0.008726, 0.000000, -0.972960, -3.874549, -0.623001, 0.000344, -0.003725, -0.000987, 0.002305, 15.418945, 4.519653, 71.411133
-0.001745, -0.001745, 1000.000000, -0.001745, 2000.000000, 1000.000000, 10.002202, 9.993810, 9.981122, 10.022866, -0.012535, 0.001994, -0.008338, -0.008726, -0.008726, -0.008726, -0.976375, -3.826164, -0.657926, 0.012062, -0.012247, -0.003118, 0.002292, 15.450195, 2.481079, 39.306641
-0.001745, -0.001745, 1000.000000, -0.001745, 2000.000000, 1000.000000, 10.003445, 10.020470, 9.979740, 9.996346, 0.000105, -0.011957, -0.008407, -0.008726, -0.008726, -0.008726, -0.956273, -3.833812, -0.668058, -0.009243, 0.011188, -0.003118, 0.002363, 15.422852, 4.119873, 65.124512
-0.001745, -0.001745, 1000.000000, -0.001745, 2000.000000, 1000.000000, 9.989311, 9.999502, 9.978174, 10.033012, -0.011162, 0.005594, -0.016257, -0.008726, -0.008726, -0.008726, -0.961514, -3.771042, -0.726341, 0.009931, -0.018639, 0.002208, 0.001848, 15.426758, 4.440308, 70.129395
-0.001745, -0.001745, 1000.000000, -0.001745, 2000.000000, 1000.000000, 9.996961, 10.032254, 9.970607, 10.000178, 0.001431, -0.014607, -0.016216, -0.008726, -0.008726, -0.008726, -0.889274, -3.724782, -0.760403, -0.011374, 0.015449, 0.002208, 0.002303, 15.442383, 3.201294, 50.598141
-0.001745, -0.001745, 1000.000000, -0.001745, 2000.000000, 1000.000000, 9.997684, 10.040605, 9.963475, 9.998237, 0.002040, -0.019144, -0.019420, -0.008726, -0.008726, -0.008726, -0.885779, -3.681693, -0.806909, -0.012439, 0.022906, 0.004339, 0.002409, 15.418945, 4.159546, 65.673828
-0.001745, -0.001745, 1000.000000, -0.001745, 2000.000000, 1000.000000, 9.990824, 9.998806, 9.973469, 10.036901, -0.013863, 0.005185, -0.017853, -0.008726, -0.008726, -0.008726, -0.805395, -3.689421, -0.829521, 0.014192, -0.017574, 0.003274, 0.002483, 15.442383, 3.158569, 49.987789
-0.001745, -0.001745, 1000.000000, -0.001745, 2000.000000, 1000.000000, 10.004058, 10.008504, 9.976130, 10.011308, -0.007683, -0.006281, -0.009906, -0.008726, -0.008726, -0.008726, -0.768232, -3.677189, -0.821727, 0.003540, 0.001601, -0.002053, 0.002249, 15.434570, 3.921509, 62.011715
-0.001745, -0.001745, 1000.000000, -0.001745, 2000.000000, 1000.000000, 9.999874, 10.020411, 9.977066, 10.002649, -0.001261, -0.010142, -0.011530, -0.008726, -0.008726, -0.008726, -0.749742, -3.672636, -0.851177, -0.007113, 0.007993, -0.000987, 0.001789, 15.442383, 3.720093, 58.776852
-0.001745, -0.001745, 1000.000000, -0.001745, 2000.000000, 1000.000000, 9.993184, 9.992887, 9.977513, 10.036416, -0.014800, 0.006965, -0.014651, -0.008726, -0.008726, -0.008726, -0.693891, -3.643035, -0.882234, 0.016323, -0.020769, 0.001143, 0.001750, 15.422852, 3.961182, 62.622066
-0.001745, -0.001745, 1000.000000, -0.001745, 2000.000000, 1000.000000, 9.991653, 10.023018, 9.982269, 10.003059, 0.002644, -0.007335, -0.013039, -0.008726, -0.008726, -0.008726, -0.663675, -3.616848, -0.901723, -0.013504, 0.003732, 0.000078, 0.001787, 15.426758, 3.240967, 51.208492
-0.001745, -0.001745, 1000.000000, -0.001745, 2000.000000, 1000.000000, 10.006981, 10.033926, 9.970009, 9.989084, 0.001968, -0.020454, -0.011505, -0.008726, -0.008726, -0.008726, -0.618138, -3.615947, -0.908477, -0.012439, 0.025037, -0.000987, 0.002278, 15.411133, 4.278564, 67.504883
-0.001745, -0.001745, 1002.000000, -0.001745, 2000.000000, 1000.000000, 9.997231, 9.987278, 9.973330, 10.042162, -0.019696, 0.007746, -0.014720, -0.008726, -0.008726, -0.008726, -0.604318, -3.558050, -0.971563, 0.023780, -0.021835, 0.001143, 0.002415, 15.446289, 3.320312, 52.490231
-0.001745, -0.001745, 1045.000000, -0.001745, 2000.000000, 1000.000000, 13.985081, 14.033817, 13.973133, 14.007969, 0.003475, -0.009449, -0.020893, -0.008726, -0.008726, -0.008726, -0.591276, -3.565609, -0.951894, -0.014570, 0.006927, 0.005404, 0.001836, 15.430664, 3.759766, 59.387203
-0.001745, -0.001745, 1050.000000, -0.001745, 2000.000000, 1000.000000, 14.950994, 15.001678, 14.916889, 15.130438, -0.040717, 0.023664, -0.066058, -0.008726, -0.008726, -0.008726, -0.517191, -3.605690, -0.914558, 0.058933, -0.048466, 0.036297, 0.001748, 14.840820, 25.320435, 384.887665
-0.001745, -0.001745, 1050.000000, -0.001745, 2000.000000, 1000.000000, 15.083644, 14.552272, 15.128100, 15.235984, -0.159813, 0.182042, 0.105872, -0.008726, -0.008726, -0.008726, -0.193963, -4.045783, -0.969327, 0.258136, -0.313715, -0.080882, 0.001767, 15.180664, 11.840820, 184.082016
-0.001745, -0.001745, 1052.000000, -0.001745, 2000.000000, 1000.000000, 15.212982, 14.292320, 14.830656, 15.664042, -0.438512, 0.247349, 0.021819, -0.008726, -0.008726, -0.008726, 1.502595, -5.733704, -0.952409, 0.714067, -0.419176, -0.023358, 0.002369, 15.102539, 14.761353, 228.332504
-0.001745, -0.001745, 1053.000000, -0.001745, 2000.000000, 1000.000000, 15.064095, 14.339805, 15.063138, 15.532962, -0.298528, 0.298050, 0.063616, -0.008726, -0.008726, -0.008726, 3.289787, -6.938184, -0.858543, 0.495689, -0.509723, -0.052120, 0.001761, 15.129883, 14.559937, 225.280746
-0.001745, -0.001745, 1053.000000, -0.001745, 2000.000000, 1000.000000, 14.869317, 14.552632, 15.330064, 15.247987, -0.058651, 0.289025, 0.099691, -0.008726, -0.008726, -0.008726, 4.060797, -8.408497, -0.937328, 0.089826, -0.495874, -0.076621, 0.001748, 15.114258, 14.559937, 225.402817
-0.001745, -0.001745, 1053.000000, -0.001745, 2000.000000, 1000.000000, 15.161875, 14.910936, 15.145388, 14.781801, 0.028162, -0.036406, 0.153631, -0.008726, -0.008726, -0.008726, 4.004191, -9.080149, -1.188337, -0.053984, 0.050603, -0.112840, 0.002194, 15.125977, 14.001465, 216.674789
-0.001745, -0.001745, 1051.000000, 0.000000, 2000.000000, 1000.000000, 15.681436, 15.146140, 14.684142, 14.488282, -0.084859, -0.413788, 0.182789, -0.008726, -0.008726, 0.000000, 4.511708, -7.035115, -1.526969, 0.131371, 0.676974, -0.123492, 0.002324, 15.110352, 14.361572, 222.228989
-0.001745, -0.001745, 1051.000000, 0.000000, 2000.000000, 1000.000000, 15.538192, 14.599673, 15.138902, 14.723233, -0.130712, -0.068933, 0.338547, -0.008726, -0.008726, 0.000000, 5.036263, -5.897807, -1.980585, 0.207004, 0.107062, -0.228953, 0.002326, 15.102539, 14.880371, 230.224594
-0.001745, 0.000000, 1050.000000, 0.000000, 2000.000000, 1000.000000, 14.978743, 14.407976, 15.365259, 15.248022, -0.113382, 0.306640, 0.172001, -0.008726, 0.000000, 0.000000, 5.529984, -6.556945, -2.407588, 0.181438, -0.515049, -0.117101, 0.001754, 15.071289, 15.359497, 236.999496
-0.001745, -0.001745, 1050.000000, 0.000000, 2000.000000, 1000.000000, 15.064317, 14.481574, 15.462295, 14.991815, -0.028066, 0.227055, 0.263306, -0.008726, -0.008726, 0.000000, 5.739974, -7.954099, -2.735566, 0.035498, -0.390414, -0.178886, 0.001844, 15.110352, 13.681030, 211.730942
-0.001745, -0.001745, 1050.000000, 0.000000, 2000.000000, 1000.000000, 15.488127, 14.953135, 15.287989, 14.270750, 0.120562, -0.220631, 0.388058, -0.008726, -0.008726, 0.000000, 5.314383, -7.956931, -3.489231, -0.213773, 0.360593, -0.264106, 0.001768, 15.110352, 13.879395, 214.782700
-0.001745, -0.001745, 1049.000000, 0.000000, 2000.000000, 1000.000000, 14.775046, 14.319371, 13.923249, 12.982333, 0.121311, -0.547208, 0.349148, -0.008726, -0.008726, 0.000000, 4.225747, -5.003230, -4.473105, -0.213773, 0.901744, -0.236409, 0.002443, 15.247070, 8.560181, 133.728027
-0.001745, -0.001745, 1045.000000, 0.000000, 2000.000000, 1000.000000, 14.807385, 13.837739, 14.127694, 13.227181, -0.017283, -0.322563, 0.467540, -0.008726, -0.008726, 0.000000, 4.033275, -2.984864, -5.204467, 0.020584, 0.531034, -0.317369, 0.002248, 15.145508, 12.078857, 188.110336
-0.001745, -0.001745, 1045.000000, 0.000000, 2000.000000, 1000.000000, 14.956416, 13.104007, 14.255515, 13.684062, -0.320239, -0.030211, 0.605966, -0.008726, -0.008726, 0.000000, 4.897452, -2.432492, -6.148846, 0.531908, 0.043146, -0.413242, 0.001768, 15.176758, 11.361694, 176.574692
-0.001745, -0.001745, 1044.000000, 0.000000, 2000.000000, 1000.000000, 15.094892, 12.911269, 14.172973, 13.820867, -0.457879, -0.003081, 0.633932, -0.008726, -0.008726, 0.000000, 6.639032, -2.659940, -7.257982, 0.756677, -0.003725, -0.430286, 0.002276, 15.153320, 12.399292, 192.382797
-0.001745, -0.001745, 1044.000000, 0.000000, 2000.000000, 1000.000000, 14.610603, 13.477741, 14.096401, 13.815254, -0.212929, -0.044172, 0.353503, -0.008726, -0.008726, 0.000000, 9.104190, -2.841278, -8.369852, 0.344422, 0.064451, -0.239605, 0.002375, 15.176758, 11.639404, 180.908188
-0.001745, -0.001745, 1010.000000, 0.000000, 2000.000000, 1000.000000, 11.312973, 11.092918, 11.223988, 10.370121, 0.158453, -0.202946, 0.268480, -0.008726, -0.008726, 0.000000, 8.979902, -2.384280, -8.885929, -0.275558, 0.329700, -0.182081, 0.002264, 15.454102, 0.119019, 1.892090
-0.001745, -0.001745, 1003.000000, 0.000000, 2000.000000, 1000.000000, 10.485278, 10.380218, 10.404641, 8.729863, 0.392429, -0.432748, 0.444960, -0.008726, -0.008726, 0.000000, 7.820716, -0.718419, -9.539079, -0.672899, 0.723846, -0.303521, 0.001749, 17.372070, 0.000000, 0.000000
-0.001745, -0.001745, 1005.000000, 0.000000, 2000.000000, 1000.000000, 10.651335, 10.297840, 10.360970, 8.689856, 0.329405, -0.474587, 0.506152, -0.008726, -0.008726, 0.000000, 6.549916, 1.725523, -10.415409, -0.565308, 0.793088, -0.345066, 0.001806, 15.454102, 1.440430, 22.827147
-0.001745, -0.001745, 1006.000000, 0.000000, 2000.000000, 1000.000000, 10.487302, 10.127307, 10.419246, 8.966146, 0.273277, -0.307304, 0.453274, -0.008726, -0.008726, 0.000000, 5.534756, 3.715230, -11.255898, -0.466239, 0.505468, -0.307782, 0.002195, 15.387695, 3.439331, 54.199215
-0.001745, -0.001745, 1006.000000, 0.000000, 2000.000000, 1000.000000, 10.248177, 9.852201, 10.452942, 9.446680, 0.152572, -0.050189, 0.350559, -0.008726, -0.008726, 0.000000, 4.143404, 4.909390, -12.315892, -0.265970, 0.075104, -0.238540, 0.002018, 15.375977, 4.119873, 64.880371
-0.001745, -0.001745, 1007.000000, 0.000000, 2000.000000, 1000.000000, 10.515963, 10.072214, 9.750610, 9.661213, -0.088588, -0.294088, 0.133287, -0.008726, -0.008726, 0.000000, 4.144840, 5.591721, -12.723102, 0.138828, 0.482032, -0.090469, 0.002259, 15.387695, 3.878784, 61.096188
-0.001745, -0.001745, 1008.000000, 0.000000, 2000.000000, 1000.000000, 10.840047, 10.112912, 9.423669, 9.623372, -0.231710, -0.476480, 0.131858, -0.008726, -0.008726, 0.000000, 5.314769, 7.185025, -13.091261, 0.377445, 0.785631, -0.089404, 0.002358, 15.375977, 3.878784, 61.096188
-0.001745, -0.001745, 1009.000000, 0.000000, 2000.000000, 1000.000000, 10.958188, 10.007243, 9.325774, 9.708795, -0.333492, -0.482715, 0.141981, -0.008726, -0.008726, 0.000000, 7.025979, 8.952615, -13.568947, 0.555343, 0.808001, -0.096861, 0.001756, 15.368164, 4.040527, 63.598629
-0.001745, -0.001745, 1020.000000, 0.000000, 2000.000000, 1000.000000, 12.942693, 12.109593, 11.141217, 11.806497, -0.374595, -0.526143, 0.041955, -0.008726, -0.008726, 0.000000, 9.214244, 10.723601, -14.166986, 0.625650, 0.881504, -0.028684, 0.001756, 15.133789, 15.719604, 243.530258
-0.001745, -0.001745, 1048.000000, 0.000000, 2000.000000, 1000.000000, 15.179708, 13.959579, 13.015022, 13.845690, -0.512700, -0.569644, 0.097365, -0.008726, -0.008726, 0.000000, 12.960243, 13.789059, -15.045709, 0.847224, 0.942224, -0.065968, 0.002293, 14.918945, 20.681763, 315.979004
-0.001745, -0.001745, 1047.000000, -0.001745, 2000.000000, 1000.000000, 14.746844, 13.821946, 13.418406, 14.012803, -0.379824, -0.284395, 0.082625, -0.008726, -0.008726, -0.008726, 15.722818, 14.889061, -15.909914, 0.626716, 0.464988, -0.064903, 0.002390, 15.180664, 10.360718, 161.010727
-0.001745, -0.001745, 1049.000000, -0.001745, 2000.000000, 1000.000000, 13.818719, 14.543414, 14.220695, 13.417172, 0.382055, -0.181067, 0.019706, -0.008726, -0.008726, -0.008726, 15.997091, 15.826422, -16.118710, -0.646267, 0.294547, -0.022293, 0.002168, 15.165039, 10.800171, 167.785629
-0.001745, -0.001745, 1050.000000, -0.001745, 2000.000000, 1000.000000, 14.133498, 16.209330, 15.755696, 13.901477, 0.982512, -0.171414, -0.055403, -0.008726, -0.008726, -0.008726, 12.741168, 17.391254, -15.137151, -1.658262, 0.278568, 0.028840, 0.001838, 15.157227, 12.078857, 187.377914
-0.001745, -0.001745, 1053.000000, -0.001745, 2000.000000, 1000.000000, 14.338342, 16.328707, 15.723641, 13.609309, 1.026174, -0.333524, 0.030992, -0.008726, -0.008726, -0.008726, 7.937334, 19.733107, -13.564364, -1.732830, 0.550209, -0.029749, 0.001836, 15.036133, 15.841675, 244.018539
-0.001745, -0.001745, 1054.000000, -0.001745, 2000.000000, 1000.000000, 15.573801, 15.395216, 14.866089, 14.164894, 0.130652, -0.484509, 0.219945, -0.008726, -0.008726, -0.008726, 4.282382, 23.345823, -12.628679, -0.226556, 0.793088, -0.157580, 0.002295, 15.036133, 15.921021, 245.178207
-0.001745, -0.001745, 1054.000000, -0.001745, 2000.000000, 1000.000000, 16.081818, 15.185267, 14.562345, 14.170569, -0.126194, -0.633543, 0.322081, -0.008726, -0.008726, -0.008726, 5.086228, 25.610954, -13.452106, 0.202743, 1.041293, -0.226822, 0.002255, 15.032227, 16.641235, 255.981430
-0.003490, -0.001745, 1055.000000, 0.000000, 2000.000000, 1000.000000, 15.865531, 15.323661, 14.998408, 13.812400, 0.161034, -0.594596, 0.431970, -0.017452, -0.008726, 0.000000, 6.146439, 28.251709, -14.680235, -0.286210, 0.992291, -0.293933, 0.001748, 15.094727, 13.760376, 212.707504
-0.026178, -0.001745, 1055.000000, -0.001745, 2000.000000, 1000.000000, 14.475463, 15.896177, 16.027853, 13.600509, 0.962015, -0.185820, 0.251658, -0.130890, -0.008726, -0.008726, 3.534144, 30.663132, -14.032906, -1.750940, 0.303069, -0.179951, 0.001806, 15.071289, 14.801025, 228.210434
-0.031414, -0.003490, 1072.000000, 0.000000, 2000.000000, 1000.000000, 15.774797, 17.616896, 19.031107, 15.577200, 1.324002, 0.304154, 0.402953, -0.157068, -0.017452, 0.000000, -8.578526, 31.900015, -8.335417, -2.378376, -0.525701, -0.273693, 0.001913, 14.860352, 21.960449, 334.289520
-0.010471, -0.001745, 1070.000000, 0.000000, 2000.000000, 1000.000000, 17.261765, 16.377590, 17.487728, 16.872917, -0.067341, 0.180323, 0.374747, -0.052356, -0.008726, 0.000000, -12.648038, 31.011686, -6.917046, 0.053607, -0.307324, -0.253454, 0.002316, 14.879883, 20.080566, 305.908203
-0.003490, -0.001745, 1070.000000, 0.000000, 2000.000000, 1000.000000, 19.458860, 15.009171, 15.850929, 17.681040, -1.569950, -0.234016, 0.654894, -0.017452, -0.008726, 0.000000, -7.924179, 30.745882, -10.260104, 2.585724, 0.378702, -0.443069, 0.002259, 14.801758, 23.800659, 360.778778
-0.001745, -0.006981, 1080.000000, -0.001745, 2000.000000, 1000.000000, 20.068441, 15.492876, 17.533087, 18.905596, -1.487019, 0.219341, 0.800764, -0.008726, -0.034904, -0.008726, 0.737029, 29.258081, -15.967256, 2.495178, -0.404262, -0.553856, 0.001747, 14.551758, 35.919189, 534.912109
-0.001745, -0.036649, 1081.000000, -0.001745, 2000.000000, 1000.000000, 17.426163, 16.479996, 19.869610, 18.224232, 0.174803, 1.046921, 0.647886, -0.008726, -0.183246, -0.008726, 2.942314, 25.221716, -18.385149, -0.300059, -1.945690, -0.449461, 0.001790, 14.938477, 18.200684, 278.320312
-0.001745, -0.015707, 1001.000000, 0.000000, 2000.000000, 1000.000000, 8.360914, 9.316706, 12.898048, 9.424332, 1.107377, 1.161190, 0.629481, -0.008726, -0.078534, 0.000000, -7.256628, 18.283871, -16.384943, -1.860661, -2.020258, -0.427091, 0.002303, 18.547852, 0.000000, 1.525879
-0.001745, -0.038394, 1013.000000, 0.000000, 2000.000000, 1000.000000, 11.958128, 10.235405, 11.036180, 10.770287, -0.364207, -0.096766, 0.497155, -0.008726, -0.191972, 0.000000, -9.935421, 16.146284, -16.615339, 0.595823, -0.036748, -0.337609, 0.002212, 18.329102, 0.119019, 1.892090
-0.003490, -0.073298, 1042.000000, -0.001745, 2000.000000, 1000.000000, 17.188311, 13.151093, 11.551328, 14.109269, -1.648790, -1.169702, 0.369819, -0.017452, -0.366492, -0.008726, -4.112657, 17.024624, -19.082941, 2.763623, 1.596292, -0.260910, 0.001851, 14.942383, 17.999268, 275.390625
-0.005236, -0.083770, 1002.000000, 0.000000, 2000.000000, 1000.000000, 12.579749, 8.706185, 8.294116, 10.419950, -1.499849, -0.642967, 0.436933, -0.026178, -0.418848, 0.000000, 4.746716, 17.464951, -22.495731, 2.515417, 0.659930, -0.298194, 0.001755, 17.047852, 0.000000, 0.671387
-0.003490, -0.001745, 1000.000000, 0.000000, 2000.000000, 1000.000000, 9.845775, 8.559714, 10.767713, 10.826798, -0.336286, 0.797256, 0.306744, -0.017452, -0.008726, 0.000000, 8.395809, 14.713717, -24.212576, 0.551082, -1.347015, -0.208713, 0.002005, 15.364258, 0.759888, 12.023925
-0.003490, -0.001745, 1002.000000, 0.000000, 2000.000000, 1000.000000, 10.391140, 10.763683, 11.747347, 7.097830, 1.255515, -0.577411, 1.069243, -0.017452, -0.008726, 0.000000, 2.613559, 10.873087, -25.451651, -2.114192, 0.948615, -0.728558, 0.002320, 15.075195, 15.039062, 232.116684
-0.003490, -0.001745, 1001.000000, 0.000000, 2000.000000, 1000.000000, 7.991092, 22.384882, 1.112201, 8.511824, 1.748542, -5.187988, -5.448353, -0.017452, -0.008726, 0.000000, 2.060097, 27.818886, -17.566813, -2.937637, 8.650429, 3.696522, 0.002305, 15.391602, 0.759888, 12.023925
-0.001745, -0.001745, 1001.000000, -0.005236, 2000.000000, 1000.000000, 8.810650, 19.099932, 2.995850, 9.093569, 1.047890, -3.955290, -4.096750, -0.008726, -0.008726, -0.026178, 0.494409, 49.724007, -8.107009, -1.782897, 6.688224, 2.768682, 0.001754, 15.325195, 3.961182, 64.697266
-0.001745, -0.001745, 1000.000000, 0.000000, 2000.000000, 1000.000000, 8.394584, 18.209417, 4.745124, 8.650874, 1.477271, -3.302001, -3.430146, -0.008726, -0.008726, 0.000000, -9.177773, 65.940376, 7.041657, -2.508338, 5.581421, 2.340449, 0.001749, 15.387695, 1.760864, 27.709959
-0.001745, -0.001745, 1000.000000, 0.001745, 2000.000000, 1000.000000, 7.405169, 18.882870, 6.355884, 7.356075, 2.619377, -3.144021, -3.119473, -0.008726, -0.008726, 0.008726, -55.491001, 74.404503, 56.986767, -4.432193, 5.306584, 2.135919, 0.001796, 14.286133, 47.521973, 695.922791
-0.001745, -0.001745, 1000.000000, 0.003490, 2000.000000, 1000.000000, 7.227324, 17.410179, 8.147575, 7.214922, 2.778877, -2.318752, -2.312551, -0.008726, -0.008726, 0.017452, -96.255524, 63.057499, 100.641006, -4.714486, 3.919619, 1.595834, 0.001748, 14.985352, 15.121460, 231.933578



<<< NEW FLIGHT DATA >>>


-0.001745, -0.001745, 1000.000000, -0.001745, 2000.000000, 1000.000000, 9.998623, 10.012613, 9.976566, 10.012197, -0.005411, -0.005618, -0.012405, -0.008726, -0.008726, -0.008726, -2.145283, -5.537699, -0.007055, 0.000175, 0.000525, -0.000366, 0.001788, 15.500977, 0.561523, 8.911133
-0.001745, -0.001745, 1000.000000, -0.001745, 2000.000000, 1000.000000, 10.004842, 10.000058, 9.989091, 10.006009, -0.005426, -0.002450, -0.003034, -0.008726, -0.008726, -0.008726, -2.151618, -5.527788, -0.002418, 0.000175, -0.004801, -0.006758, 0.001752, 15.270508, 8.718872, 136.474609
-0.001745, -0.001745, 1000.000000, -0.001745, 2000.000000, 1000.000000, 9.992301, 10.015264, 9.969962, 10.022473, -0.007388, -0.003782, -0.018869, -0.008726, -0.008726, -0.008726, -2.134523, -5.516567, -0.042190, 0.003370, -0.002671, 0.003895, 0.002317, 15.290039, 7.440186, 116.516106
-0.001745, -0.001745, 1000.000000, -0.001745, 2000.000000, 1000.000000, 10.069854, 9.894301, 10.071797, 9.964047, -0.016950, 0.017922, 0.070826, -0.008726, -0.008726, -0.008726, -2.135834, -5.614889, -0.099297, 0.019349, -0.038889, -0.056825, 0.002331, 15.293945, 7.238770, 113.403313
-0.001745, -0.001745, 1000.000000, -0.001745, 2000.000000, 1000.000000, 10.015991, 9.983932, 10.009245, 9.990831, -0.003411, 0.000038, 0.012619, -0.008726, -0.008726, -0.008726, -2.028902, -5.592224, -0.173847, -0.003021, -0.009062, -0.017411, 0.002387, 15.368164, 4.879761, 76.782227
-0.001745, -0.001745, 1000.000000, -0.001745, 2000.000000, 1000.000000, 9.964050, 10.049524, 9.920544, 10.065882, -0.014966, -0.006787, -0.057703, -0.008726, -0.008726, -0.008726, -1.987002, -5.559304, -0.194902, 0.016154, 0.002656, 0.030526, 0.001781, 15.383789, 4.119873, 64.880371
-0.001745, -0.001745, 1000.000000, -0.001745, 2000.000000, 1000.000000, 9.998624, 10.012612, 9.976565, 10.012198, -0.005411, -0.005618, -0.012405, -0.008726, -0.008726, -0.008726, -1.946764, -5.259654, -0.339762, 0.000175, 0.000525, -0.000366, 0.001791, 15.493164, 0.479126, 7.629394
-0.001745, -0.001745, 1000.000000, -0.001745, 2000.000000, 1000.000000, 9.998635, 10.008817, 9.976468, 10.016080, -0.007358, -0.003726, -0.012449, -0.008726, -0.008726, -0.008726, -1.927369, -5.183957, -0.414868, 0.003370, -0.002671, -0.000366, 0.002292, 15.422852, 2.319336, 36.621094
-0.001745, -0.001745, 1000.000000, -0.001745, 2000.000000, 1000.000000, 9.942045, 10.059092, 9.913609, 10.085255, -0.013650, -0.000568, -0.072173, -0.008726, -0.008726, -0.008726, -1.895719, -5.182700, -0.427705, 0.014023, -0.007997, 0.040113, 0.002222, 15.141602, 12.200928, 189.392075
-0.001745, -0.001745, 1000.000000, -0.001745, 2000.000000, 1000.000000, 9.947438, 10.037328, 9.928041, 10.087193, -0.017316, 0.007617, -0.062260, -0.008726, -0.008726, -0.008726, -1.843477, -5.210315, -0.442086, 0.020415, -0.021845, 0.033722, 0.001800, 15.336914, 5.801392, 91.125481
-0.001745, -0.001745, 1000.000000, -0.001745, 2000.000000, 1000.000000, 9.954313, 10.059629, 9.961508, 10.024549, 0.010569, -0.006971, -0.042090, -0.008726, -0.008726, -0.008726, -1.774815, -5.212533, -0.511000, -0.026457, 0.002656, 0.019873, 0.001836, 15.368164, 4.278564, 67.321777
-0.001745, -0.001745, 1000.000000, -0.001745, 2000.000000, 1000.000000, 9.992810, 10.008302, 9.966796, 10.032092, -0.012451, -0.000556, -0.020197, -0.008726, -0.008726, -0.008726, -1.811011, -5.171134, -0.537209, 0.011893, -0.007997, 0.004960, 0.002167, 15.383789, 3.839111, 60.485836
-0.001745, -0.001745, 1000.000000, -0.001745, 2000.000000, 1000.000000, 9.993718, 10.018905, 9.990777, 9.996600, 0.004841, -0.006311, -0.007752, -0.008726, -0.008726, -0.008726, -1.779114, -5.144444, -0.638508, -0.016869, 0.001590, -0.003562, 0.002378, 15.395508, 3.839111, 60.485836
-0.001745, -0.001745, 1000.000000, -0.001745, 2000.000000, 1000.000000, 9.987769, 9.989026, 9.981078, 10.042127, -0.014948, 0.011602, -0.015576, -0.008726, -0.008726, -0.008726, -1.725481, -5.107236, -0.702112, 0.016154, -0.028237, 0.001764, 0.002311, 15.383789, 4.598999, 72.509766
-0.001745, -0.001745, 1000.000000, -0.001745, 2000.000000, 1000.000000, 9.998967, 10.022378, 9.973029, 10.005626, -0.002297, -0.010673, -0.014002, -0.008726, -0.008726, -0.008726, -1.779600, -5.065940, -0.779964, -0.005152, 0.009047, 0.000699, 0.001775, 15.387695, 3.961182, 62.377926
-0.001745, -0.001745, 1000.000000, -0.001745, 2000.000000, 1000.000000, 9.986702, 9.984472, 10.007376, 10.021450, -0.004076, 0.014413, -0.002961, -0.008726, -0.008726, -0.008726, -1.730812, -4.990671, -0.843411, -0.001956, -0.033563, -0.006758, 0.001751, 15.368164, 4.919434, 77.392578
-0.001745, -0.001745, 1000.000000, -0.001745, 2000.000000, 1000.000000, 10.014330, 10.011160, 9.960888, 10.013622, -0.013976, -0.012744, -0.012391, -0.008726, -0.008726, -0.008726, -1.665420, -5.023223, -0.908973, 0.014023, 0.012243, -0.000366, 0.002051, 15.407227, 3.158569, 49.804684
-0.001745, -0.001745, 1000.000000, -0.001745, 2000.000000, 1000.000000, 9.970984, 10.013565, 9.953825, 10.061626, -0.016305, 0.007725, -0.037596, -0.008726, -0.008726, -0.008726, -1.550187, -4.947350, -0.983599, 0.018284, -0.021845, 0.016678, 0.002415, 15.411133, 2.960205, 46.691891
-0.001745, -0.001745, 1000.000000, -0.001745, 2000.000000, 1000.000000, 9.991922, 10.033255, 9.967590, 10.007233, 0.000422, -0.012589, -0.020244, -0.008726, -0.008726, -0.008726, -1.489755, -4.911824, -0.962549, -0.009413, 0.012243, 0.004960, 0.002299, 15.379883, 4.159546, 65.490723
-0.001745, -0.001745, 1000.000000, -0.001745, 2000.000000, 1000.000000, 9.945348, 10.035670, 9.960958, 10.058024, -0.001686, 0.009491, -0.046848, -0.008726, -0.008726, -0.008726, -1.468893, -4.936149, -1.041693, -0.006217, -0.025041, 0.023069, 0.001758, 15.383789, 4.080200, 64.331055
-0.001745, -0.001745, 1000.000000, -0.001745, 2000.000000, 1000.000000, 9.985953, 10.009992, 9.976897, 10.027158, -0.006556, 0.002028, -0.018574, -0.008726, -0.008726, -0.008726, -1.482327, -4.899472, -1.060451, 0.002305, -0.012258, 0.003895, 0.001748, 15.368164, 4.760742, 74.890137
-0.001745, -0.001745, 1000.000000, -0.001745, 2000.000000, 1000.000000, 9.992537, 10.039169, 9.942045, 10.026249, -0.009393, -0.015853, -0.032709, -0.008726, -0.008726, -0.008726, -1.513017, -4.935380, -1.117205, 0.006566, 0.017569, 0.013482, 0.002042, 15.387695, 4.000854, 69.274902
-0.001745, -0.001745, 1000.000000, -0.001745, 2000.000000, 1000.000000, 9.949198, 9.995865, 10.016476, 10.038462, 0.006170, 0.027468, -0.017163, -0.008726, -0.008726, -0.008726, -1.422174, -4.900457, -1.125448, -0.019000, -0.054868, 0.002829, 0.002351, 15.383789, 4.040527, 63.720699
-0.001745, -0.001745, 1000.000000, -0.001745, 2000.000000, 1000.000000, 10.021141, 10.028521, 9.941290, 10.009048, -0.015095, -0.024830, -0.018784, -0.008726, -0.008726, -0.008726, -1.422015, -4.906359, -1.147413, 0.016154, 0.032483, 0.003895, 0.002286, 15.391602, 3.640747, 57.373043
-0.001745, -0.001745, 1000.000000, -0.001745, 2000.000000, 1000.000000, 9.951509, 10.011323, 10.004714, 10.032454, 0.008019, 0.018584, -0.021889, -0.008726, -0.008726, -0.008726, -1.372150, -4.881067, -1.185857, -0.022196, -0.039955, 0.006025, 0.002355, 15.387695, 3.878784, 61.096188
-0.001745, -0.001745, 1000.000000, -0.003490, 2000.000000, 1000.000000, 10.021111, 10.037826, 9.924901, 10.016162, -0.018637, -0.029468, -0.026994, -0.008726, -0.008726, -0.017452, -1.491930, -4.908509, -1.131652, 0.022545, 0.041005, 0.000699, 0.001885, 15.387695, 4.080200, 64.331055
-0.001745, -0.001745, 1000.000000, 0.000000, 2000.000000, 1000.000000, 9.972806, 9.994473, 10.003276, 10.029445, -0.001126, 0.016361, -0.011959, -0.008726, -0.008726, 0.000000, -1.430986, -4.878847, -1.177597, -0.007282, -0.036759, 0.008156, 0.001786, 15.387695, 3.601074, 56.701656
-0.001745, -0.001745, 1000.000000, 0.000000, 2000.000000, 1000.000000, 10.049394, 10.001372, 9.954766, 9.994468, -0.021931, -0.025383, 0.002080, -0.008726, -0.008726, 0.000000, -1.478123, -4.822829, -1.185169, 0.027871, 0.033548, -0.001432, 0.002222, 15.387695, 3.961182, 62.377926
-0.001745, -0.001745, 1000.000000, 0.000000, 2000.000000, 1000.000000, 10.015525, 10.022853, 9.976102, 9.985520, -0.000522, -0.019189, -0.004187, -0.008726, -0.008726, 0.000000, -1.441081, -4.822822, -1.265528, -0.008347, 0.022896, 0.002829, 0.002402, 15.379883, 3.878784, 61.096188
-0.001745, -0.001745, 1000.000000, 0.000000, 2000.000000, 1000.000000, 10.002049, 9.978513, 9.992780, 10.026658, -0.014353, 0.009719, -0.002585, -0.008726, -0.008726, 0.000000, -1.400180, -4.737907, -1.291344, 0.015088, -0.025041, 0.001764, 0.002260, 15.375977, 4.400635, 69.274902
-0.001745, -0.001745, 1000.000000, 0.000000, 2000.000000, 1000.000000, 10.022717, 10.025061, 9.975271, 9.976952, 0.000166, -0.023888, -0.001006, -0.008726, -0.008726, 0.000000, -1.488423, -4.781847, -1.269765, -0.009413, 0.031418, 0.000699, 0.001760, 15.391602, 3.439331, 54.199215
-0.001745, -0.001745, 1000.000000, 0.000000, 2000.000000, 1000.000000, 9.991028, 9.983891, 10.013063, 10.012018, -0.001523, 0.012541, 0.002045, -0.008726, -0.008726, 0.000000, -1.405643, -4.712158, -1.323745, -0.006217, -0.030367, -0.001432, 0.001779, 15.348633, 5.358887, 84.228508
-0.001745, 0.000000, 1000.000000, 0.001745, 2000.000000, 1000.000000, 10.048912, 9.979694, 9.993980, 9.977413, -0.013162, -0.014303, 0.021446, -0.008726, 0.000000, 0.008726, -1.337867, -4.674259, -1.350333, 0.012958, 0.023961, -0.005693, 0.002090, 15.375977, 4.000854, 62.988277
-0.001745, 0.000000, 1000.000000, 0.000000, 2000.000000, 1000.000000, 10.011583, 10.020744, 9.986269, 9.981403, 0.003506, -0.016163, -0.001074, -0.008726, 0.000000, 0.000000, -1.358287, -4.701694, -1.361400, -0.014739, 0.027157, 0.000699, 0.002092, 15.344727, 5.358887, 84.228508
-0.001745, 0.000000, 1001.000000, -0.001745, 2000.000000, 1000.000000, 9.977375, 9.982304, 9.991436, 10.048885, -0.013131, 0.020160, -0.015595, -0.008726, 0.000000, -0.008726, -1.310463, -4.614017, -1.420328, 0.012958, -0.033563, 0.001764, 0.002388, 15.403320, 2.880859, 45.410152
-0.001745, 0.000000, 1002.000000, -0.001745, 2000.000000, 1000.000000, 10.008419, 10.039448, 9.957430, 9.994703, -0.001561, -0.023933, -0.017076, -0.008726, 0.000000, -0.008726, -1.387768, -4.660009, -1.396715, -0.006217, 0.039940, 0.002829, 0.002298, 15.368164, 4.360962, 68.603516
-0.001745, 0.000000, 1006.000000, 0.000000, 2000.000000, 1000.000000, 9.995322, 10.009166, 9.968093, 10.027419, -0.011370, -0.002244, -0.018293, -0.008726, 0.000000, 0.000000, -1.363655, -4.643756, -1.422175, 0.009762, 0.003721, 0.012417, 0.002339, 15.395508, 3.399658, 53.588863
-0.001745, 0.000000, 1008.000000, 0.000000, 2000.000000, 1000.000000, 9.989593, 9.992049, 10.002204, 10.016154, -0.002874, 0.009180, -0.004102, -0.008726, 0.000000, 0.000000, -1.353527, -4.576436, -1.395735, -0.004086, -0.015454, 0.002829, 0.001869, 15.364258, 3.961182, 62.316891
-0.001745, 0.000000, 1009.000000, 0.000000, 2000.000000, 1000.000000, 10.031245, 9.991265, 9.969899, 10.007590, -0.019418, -0.011255, 0.000572, -0.008726, 0.000000, 0.000000, -1.325322, -4.738203, -1.352361, 0.023610, 0.018635, -0.000366, 0.001876, 15.364258, 4.238892, 66.711426
-0.001745, 0.000000, 1009.000000, 0.000000, 2000.000000, 1000.000000, 9.968166, 9.931618, 10.007706, 10.092510, -0.030338, 0.050108, -0.012064, -0.008726, 0.000000, 0.000000, -1.308558, -4.735415, -1.363025, 0.041720, -0.083630, 0.008156, 0.002322, 15.282227, 7.839966, 122.680656
-0.001745, -0.001745, 1010.000000, 0.000000, 2000.000000, 1000.000000, 11.014027, 11.015171, 10.974377, 10.996426, -0.005226, -0.014599, -0.005798, -0.008726, -0.008726, 0.000000, -1.111884, -4.884373, -1.323430, 0.000175, 0.015439, 0.003895, 0.002420, 15.317383, 5.841064, 91.613762
-0.001745, 0.000000, 1009.000000, 0.000000, 2000.000000, 1000.000000, 9.955621, 9.996715, 9.986020, 10.061645, -0.008633, 0.023832, -0.029180, -0.008726, 0.000000, 0.000000, -1.142703, -4.847006, -1.348557, 0.005501, -0.039955, 0.019873, 0.001790, 15.434570, 1.559448, 24.597166
-0.001745, 0.000000, 1009.000000, 0.000000, 2000.000000, 1000.000000, 10.067298, 10.029075, 10.025016, 9.878612, 0.027046, -0.048186, 0.046157, -0.008726, 0.000000, 0.000000, -1.156760, -4.787577, -1.361012, -0.054153, 0.080420, -0.031259, 0.002432, 15.399414, 3.399658, 53.588863
-0.001745, -0.001745, 1009.000000, 0.000000, 2000.000000, 1000.000000, 10.021839, 9.920408, 10.032742, 10.025011, -0.023425, 0.028876, 0.027290, -0.008726, -0.008726, 0.000000, -1.187500, -4.723496, -1.388475, 0.030002, -0.056999, -0.018476, 0.002317, 15.375977, 3.961182, 62.377926
-0.001745, -0.001745, 1006.000000, 0.000000, 2000.000000, 1000.000000, 10.017879, 10.041986, 9.980177, 9.959957, 0.011082, -0.029933, -0.000972, -0.008726, -0.008726, 0.000000, -1.205283, -4.786855, -1.388186, -0.027522, 0.041005, 0.000699, 0.002231, 15.395508, 3.280640, 50.476070
-0.001745, -0.001745, 1028.000000, 0.000000, 2000.000000, 1000.000000, 11.950951, 11.948648, 12.040691, 12.059710, -0.005330, 0.050200, -0.004179, -0.008726, -0.008726, 0.000000, -1.097966, -4.777689, -1.419081, 0.000175, -0.093217, 0.002829, 0.002131, 15.165039, 12.640381, 196.228012
-0.001745, -0.001745, 1034.000000, -0.001745, 2000.000000, 1000.000000, 13.010261, 12.976043, 13.033778, 12.979918, 0.004911, 0.006848, 0.022019, -0.008726, -0.008726, -0.008726, -1.177300, -4.982987, -1.381506, -0.016869, -0.020780, -0.023802, 0.002230, 15.168945, 10.598755, 164.672836
-0.001745, -0.001745, 1042.000000, -0.001745, 2000.000000, 1000.000000, 13.979344, 13.917527, 13.779288, 14.323840, -0.151593, 0.051565, -0.120683, -0.008726, -0.008726, -0.008726, -0.748296, -5.147934, -1.280508, 0.245184, -0.095348, 0.073136, 0.002158, 15.032227, 17.599487, 270.812988
-0.001745, -0.001745, 1042.000000, 0.000000, 2000.000000, 1000.000000, 13.744229, 13.785094, 14.166200, 14.304477, -0.024353, 0.235338, -0.044785, -0.008726, -0.008726, 0.000000, -0.184659, -5.768206, -1.062196, 0.032132, -0.402142, 0.030526, 0.002175, 15.149414, 11.199951, 173.828110
-0.001745, -0.001745, 1042.000000, 0.000000, 2000.000000, 1000.000000, 13.251841, 13.509274, 15.031773, 14.207113, 0.270523, 0.619443, 0.141807, -0.008726, -0.008726, 0.000000, -1.478526, -8.809229, -1.415802, -0.462147, -1.043427, -0.096240, 0.002212, 15.149414, 11.599731, 179.931625
-0.001745, -0.001745, 1041.000000, 0.000000, 2000.000000, 1000.000000, 13.339623, 13.483632, 14.979928, 14.196816, 0.231780, 0.588372, 0.159776, -0.008726, -0.008726, 0.000000, -2.855132, -11.551654, -1.945105, -0.401427, -1.005078, -0.109023, 0.001749, 15.114258, 12.799072, 198.120102
-0.001745, 0.000000, 1041.000000, 0.000000, 2000.000000, 1000.000000, 14.166901, 13.568079, 14.361814, 13.903206, -0.035053, 0.132511, 0.264358, -0.008726, 0.000000, 0.000000, -3.594056, -14.033489, -2.664171, 0.049177, -0.221048, -0.179330, 0.002293, 15.133789, 11.599731, 179.809555
-0.001745, -0.001745, 1041.000000, -0.001745, 2000.000000, 1000.000000, 14.300213, 13.701431, 14.083454, 13.914902, -0.107558, -0.000822, 0.191834, -0.008726, -0.008726, -0.008726, -3.300027, -14.213610, -3.010278, 0.169551, -0.006932, -0.138850, 0.002369, 15.133789, 11.959839, 182.983383
-0.001745, -0.001745, 1041.000000, -0.001745, 2000.000000, 1000.000000, 14.493482, 13.581344, 13.856746, 14.068429, -0.280955, -0.037413, 0.175113, -0.008726, -0.008726, -0.008726, -2.450262, -14.047673, -3.161505, 0.465692, 0.054853, -0.128197, 0.001776, 15.129883, 11.679077, 181.091293
-0.001745, -0.001745, 1041.000000, -0.001745, 2000.000000, 1000.000000, 14.801775, 12.979866, 14.141535, 14.076824, -0.439300, 0.109180, 0.471655, -0.008726, -0.008726, -0.008726, 0.205081, -14.584366, -3.556168, 0.729876, -0.192286, -0.329531, 0.002039, 15.114258, 12.438965, 192.504868
-0.001745, -0.001745, 1041.000000, -0.001745, 2000.000000, 1000.000000, 15.158003, 12.966160, 13.766411, 14.109426, -0.633715, -0.062081, 0.462207, -0.008726, -0.008726, -0.008726, 2.683582, -14.889795, -3.898743, 1.045192, 0.094268, -0.322074, 0.002431, 15.098633, 14.361572, 218.627914
-0.001745, -0.001745, 1041.000000, -0.001745, 2000.000000, 1000.000000, 15.148288, 13.447312, 13.610179, 13.794221, -0.471255, -0.297800, 0.379234, -0.008726, -0.008726, -0.008726, 5.408924, -14.150419, -3.984575, 0.791661, 0.495870, -0.267746, 0.001748, 15.129883, 11.401367, 176.696762
-0.001745, 0.000000, 1041.000000, 0.000000, 2000.000000, 1000.000000, 14.217073, 13.949099, 14.277060, 13.556768, 0.113079, -0.083086, 0.247067, -0.008726, 0.000000, 0.000000, 6.714043, -12.645825, -4.684030, -0.195833, 0.137943, -0.167612, 0.002370, 15.125977, 11.801147, 182.800278
-0.003490, 0.022688, 1041.000000, -0.001745, 2000.000000, 1000.000000, 14.002290, 13.880778, 14.289754, 13.827178, 0.085266, 0.058466, 0.146021, -0.017452, 0.113438, -0.008726, 5.954514, -12.427664, -5.218725, -0.162810, 0.018635, -0.107957, 0.002177, 15.133789, 11.199951, 173.522934
-0.003490, 0.048866, 1043.000000, -0.001745, 2000.000000, 1000.000000, 14.184806, 13.607591, 13.974612, 14.232991, -0.208899, 0.103802, 0.079709, -0.017452, 0.244328, -0.008726, 6.123847, -12.380792, -5.397370, 0.334666, 0.075093, -0.063217, 0.001758, 15.098633, 12.921143, 199.829086
-0.059337, 0.052356, 1054.000000, -0.001745, 2000.000000, 1000.000000, 16.088675, 14.522571, 14.342889, 15.045867, -0.567270, -0.305622, 0.215781, -0.296684, 0.261780, -0.008726, 8.974267, -10.670759, -5.343586, 0.636134, 0.774968, -0.154829, 0.002255, 14.950195, 18.441772, 282.409668
-0.099476, 0.038394, 1054.000000, -0.001745, 2000.000000, 1000.000000, 15.803052, 15.042909, 14.361302, 14.792737, -0.297894, -0.422980, 0.082177, -0.497382, 0.191972, -0.008726, 10.077110, -8.359234, -5.500603, -0.015804, 0.896407, -0.064282, 0.002335, 15.086914, 12.600708, 194.702133
-0.109948, 0.050611, 1054.000000, -0.001745, 2000.000000, 1000.000000, 15.183355, 15.060232, 14.885532, 14.870880, -0.027117, -0.121794, 0.034444, -0.549738, 0.253054, -0.008726, 9.378514, -6.375324, -5.651067, -0.517541, 0.466043, -0.032324, 0.001801, 15.040039, 14.318848, 220.581039
-0.118674, 0.054101, 1054.000000, -0.001745, 2000.000000, 1000.000000, 14.813530, 14.223366, 15.236473, 15.726631, -0.270081, 0.481552, 0.025002, -0.593368, 0.270506, -0.008726, 7.710084, -6.673646, -6.022699, -0.155353, -0.526777, -0.025933, 0.001953, 15.051758, 14.199829, 220.703110
-0.122164, 0.031414, 1054.000000, -0.001745, 2000.000000, 1000.000000, 15.424326, 14.050837, 14.815840, 15.708998, -0.566662, 0.262419, 0.120083, -0.610820, 0.157068, -0.008726, 7.703347, -7.868968, -6.165857, 0.310165, -0.274311, -0.089848, 0.002388, 15.040039, 14.440918, 224.731430
-0.130890, 0.005236, 1054.000000, -0.001745, 2000.000000, 1000.000000, 15.757344, 14.271241, 14.540271, 15.431144, -0.594244, -0.014292, 0.148807, -0.654450, 0.026178, -0.008726, 8.555551, -8.121923, -6.304299, 0.325078, 0.051658, -0.110088, 0.001749, 15.043945, 13.479614, 207.580551
-0.130890, 0.003490, 1054.000000, -0.001745, 2000.000000, 1000.000000, 15.582441, 14.494581, 14.960453, 14.962524, -0.272483, -0.038511, 0.271448, -0.654450, 0.017452, -0.008726, 8.957985, -7.700293, -6.919857, -0.218203, 0.081485, -0.192113, 0.002433, 15.036133, 13.958740, 214.904770
-0.125654, 0.027923, 1054.000000, -0.001745, 2000.000000, 1000.000000, 15.092979, 14.696987, 15.404261, 14.805773, 0.050624, 0.105017, 0.248620, -0.628272, 0.139616, -0.008726, 7.597147, -7.418045, -7.627603, -0.725266, -0.030367, -0.177199, 0.002165, 15.028320, 14.401245, 221.496567
-0.127400, 0.048866, 1054.000000, -0.001745, 2000.000000, 1000.000000, 14.966443, 14.572995, 15.337754, 15.122808, -0.044625, 0.230281, 0.152099, -0.636998, 0.244328, -0.008726, 5.635366, -7.351256, -8.222587, -0.582521, -0.135828, -0.112218, 0.001756, 15.028320, 14.199829, 218.627914
-0.184991, 0.036649, 1053.000000, -0.001745, 2000.000000, 1000.000000, 15.746324, 14.265014, 14.750985, 15.237678, -0.492000, -0.005669, 0.248654, -0.924956, 0.183246, -0.008726, 4.432486, -7.180633, -9.057492, -0.127656, 0.196533, -0.177199, 0.002190, 15.043945, 13.479614, 207.580551
-0.200698, 0.033159, 1053.000000, -0.001745, 2000.000000, 1000.000000, 16.120686, 14.268593, 14.547821, 15.062901, -0.591793, -0.194640, 0.334253, -1.003490, 0.165794, -0.008726, 4.662120, -6.184595, -9.637038, -0.046697, 0.491609, -0.234723, 0.002311, 14.989258, 15.078735, 231.506332
-0.200698, 0.036649, 1054.000000, -0.001745, 2000.000000, 1000.000000, 15.455922, 14.858953, 14.941407, 14.743718, -0.099820, -0.157437, 0.198664, -1.003490, 0.183246, -0.008726, 3.874533, -4.691823, -10.218458, -0.860554, 0.453260, -0.144176, 0.001753, 15.083008, 11.999512, 185.180649
-0.198953, 0.061082, 1053.000000, -0.001745, 2000.000000, 1000.000000, 14.638316, 14.853528, 15.849004, 14.659152, 0.351266, 0.254078, 0.243660, -0.994764, 0.305410, -0.008726, -1.640773, -3.010303, -11.103242, -1.611560, -0.111327, -0.174003, 0.001947, 15.059570, 13.079834, 201.721176
-0.198953, 0.069808, 1053.000000, -0.001745, 2000.000000, 1000.000000, 15.000027, 14.456085, 15.649620, 14.894268, 0.052852, 0.271944, 0.324824, -0.994764, 0.349040, -0.008726, -5.495597, -2.672079, -11.840432, -1.105563, -0.094283, -0.228332, 0.002357, 15.051758, 13.079834, 201.599106
-0.211169, 0.057592, 1053.000000, -0.001745, 2000.000000, 1000.000000, 15.563917, 14.397873, 14.996424, 15.041786, -0.302851, 0.019105, 0.280170, -1.055846, 0.287958, -0.008726, -7.424007, -1.998452, -12.529467, -0.572934, 0.263644, -0.199570, 0.001785, 14.973633, 16.000366, 245.422348
-0.209424, 0.045375, 1053.000000, -0.001745, 2000.000000, 1000.000000, 16.016130, 14.592587, 14.702222, 14.689059, -0.352596, -0.304359, 0.359176, -1.047120, 0.226876, -0.008726, -8.206568, 0.449801, -13.518677, -0.484518, 0.735553, -0.251767, 0.002306, 15.024414, 13.919067, 213.989243
-0.167539, 0.064572, 1054.000000, -0.001745, 2000.000000, 1000.000000, 15.058094, 15.031326, 15.389782, 14.520798, 0.210554, -0.044710, 0.223938, -0.837696, 0.322862, -0.008726, -10.032565, 2.548893, -13.976722, -1.202501, 0.405323, -0.160155, 0.002367, 14.961914, 16.281128, 249.389633
-0.139616, 0.083770, 1054.000000, -0.001745, 2000.000000, 1000.000000, 14.677403, 14.793075, 15.883742, 14.645780, 0.338409, 0.264761, 0.280573, -0.698080, 0.418848, -0.008726, -13.528627, 3.845197, -14.215407, -1.290918, -0.015454, -0.199570, 0.001751, 15.067383, 12.640381, 194.885239
-0.150087, 0.085515, 1054.000000, -0.001745, 2000.000000, 1000.000000, 15.327850, 14.363455, 15.210451, 15.098244, -0.213047, 0.154347, 0.269150, -0.750436, 0.427574, -0.008726, -16.954262, 4.617582, -14.764550, -0.411015, 0.180554, -0.191048, 0.002254, 14.950195, 16.360474, 250.427231
-0.150087, 0.082024, 1053.000000, -0.001745, 2000.000000, 1000.000000, 16.007711, 14.304864, 14.546660, 15.140765, -0.574237, -0.156287, 0.277186, -0.750436, 0.410122, -0.008726, -16.736147, 5.772060, -15.293749, 0.184464, 0.678029, -0.196374, 0.002214, 15.012695, 13.439941, 206.726059
-0.123909, 0.075044, 1053.000000, 0.000000, 2000.000000, 1000.000000, 15.984619, 14.793364, 14.570776, 14.651241, -0.317930, -0.388991, 0.277698, -0.619546, 0.375218, 0.000000, -15.822909, 8.099492, -15.968451, -0.099960, 1.038086, -0.188917, 0.001848, 15.004883, 14.279175, 219.482407
-0.069808, 0.092496, 1053.000000, 0.000000, 2000.000000, 1000.000000, 15.329521, 14.922770, 15.194527, 14.553183, 0.058648, -0.126145, 0.262024, -0.349040, 0.462478, 0.000000, -15.981175, 12.112095, -16.533039, -0.453625, 0.682290, -0.177199, 0.002308, 15.004883, 14.639282, 224.914536
-0.050611, 0.106457, 1053.000000, 0.000000, 2000.000000, 1000.000000, 15.086223, 14.328612, 15.502109, 15.083056, -0.084640, 0.292583, 0.294166, -0.253054, 0.532286, 0.000000, -16.525421, 13.241596, -16.979679, -0.119134, 0.058049, -0.199570, 0.002000, 14.961914, 16.601562, 254.333481
-0.038394, 0.116928, 1054.000000, 0.000000, 2000.000000, 1000.000000, 15.150493, 13.901326, 15.404752, 15.543429, -0.346961, 0.474091, 0.277622, -0.191972, 0.584642, 0.000000, -16.240854, 12.840590, -17.534248, 0.383667, -0.194417, -0.188917, 0.001770, 14.961914, 15.280151, 234.191879
-0.012216, 0.090750, 1054.000000, 0.001745, 2000.000000, 1000.000000, 15.648953, 14.314906, 14.846837, 15.189303, -0.419129, 0.018071, 0.247896, -0.061082, 0.453752, 0.008726, -13.723126, 12.357271, -18.802114, 0.637199, 0.433020, -0.159090, 0.002179, 15.008789, 13.681030, 210.388168
-0.001745, 0.033159, 1054.000000, 0.001745, 2000.000000, 1000.000000, 16.202477, 14.656775, 14.513828, 14.626921, -0.414698, -0.429625, 0.358152, -0.008726, 0.165794, 0.008726, -11.146317, 13.490837, -19.901684, 0.680874, 0.883624, -0.233658, 0.002192, 14.997070, 14.678955, 225.402817
-0.001745, -0.001745, 1054.000000, 0.003490, 2000.000000, 1000.000000, 15.917920, 14.916362, 14.522569, 14.643149, -0.280535, -0.417141, 0.220245, -0.008726, -0.008726, 0.017452, -8.519074, 15.049014, -21.076944, 0.467823, 0.692943, -0.132458, 0.001763, 15.004883, 13.760376, 211.425766
-0.001745, -0.001745, 1054.000000, 0.003490, 2000.000000, 1000.000000, 15.087174, 14.344396, 15.246285, 15.322145, -0.204660, 0.284215, 0.166730, -0.008726, -0.008726, 0.017452, -6.860031, 14.851994, -21.879419, 0.330405, -0.477776, -0.095174, 0.002288, 14.938477, 16.839600, 257.629395
-0.001745, -0.001745, 1054.000000, 0.000000, 2000.000000, 1000.000000, 15.080492, 14.052155, 15.278282, 15.589071, -0.334781, 0.433676, 0.179387, -0.008726, -0.008726, 0.000000, -6.588529, 12.819914, -22.236881, 0.547717, -0.737698, -0.121806, 0.001822, 15.004883, 13.320923, 204.711899
-0.001745, 0.001745, 1053.000000, 0.000000, 2000.000000, 1000.000000, 15.379004, 14.074841, 14.835938, 15.710216, -0.544610, 0.273077, 0.107472, -0.008726, 0.008726, 0.000000, -5.592577, 10.546222, -22.704727, 0.892861, -0.444753, -0.072804, 0.002190, 14.997070, 13.479614, 207.092270
-0.001745, 0.003490, 1050.000000, 0.000000, 2000.000000, 1000.000000, 15.912493, 14.085251, 14.482988, 15.519268, -0.715880, 0.001128, 0.197740, -0.008726, 0.017452, 0.000000, -1.696157, 8.290451, -23.675213, 1.175154, 0.016504, -0.133524, 0.002445, 15.000977, 13.681030, 210.082993
-0.001745, -0.001745, 1049.000000, 0.000000, 2000.000000, 1000.000000, 15.032995, 12.988352, 13.524569, 14.454084, -0.743540, -0.010673, 0.278782, -0.008726, -0.008726, 0.000000, 1.351402, 7.006096, -24.497883, 1.247591, 0.007982, -0.189982, 0.001774, 15.122070, 8.401489, 130.126953
-0.001745, -0.001745, 1048.000000, 0.000000, 2000.000000, 1000.000000, 14.914879, 13.001495, 13.632917, 14.450708, -0.682794, 0.041813, 0.273898, -0.008726, -0.008726, 0.000000, 4.261471, 5.454263, -25.321646, 1.146392, -0.079369, -0.186787, 0.001774, 15.040039, 11.959839, 184.204086
-0.001745, -0.001745, 1048.000000, -0.001745, 2000.000000, 1000.000000, 14.975148, 13.466163, 13.599866, 13.958823, -0.466986, -0.220655, 0.287507, -0.008726, -0.008726, -0.008726, 7.925225, 4.354738, -26.336071, 0.771421, 0.359517, -0.203831, 0.002262, 15.067383, 11.160278, 172.180161
-0.001745, -0.001745, 1047.000000, -0.001745, 2000.000000, 1000.000000, 14.765714, 13.626622, 13.645905, 13.961759, -0.363736, -0.196168, 0.205809, -0.008726, -0.008726, -0.008726, 9.960423, 4.467938, -26.984362, 0.597784, 0.319037, -0.148437, 0.002275, 15.094727, 9.921265, 153.381348
-0.001745, -0.001745, 1048.000000, -0.001745, 2000.000000, 1000.000000, 14.477674, 13.414042, 13.975843, 14.132441, -0.305058, 0.054142, 0.226759, -0.008726, -0.008726, -0.008726, 11.376404, 4.057509, -27.469460, 0.506172, -0.099609, -0.163351, 0.001836, 15.055664, 11.361694, 175.231918
-0.001745, -0.001745, 1047.000000, 0.000000, 2000.000000, 1000.000000, 14.398698, 13.106812, 14.258208, 14.236281, -0.317490, 0.247245, 0.328453, -0.008726, -0.008726, 0.000000, 12.481691, 1.842705, -28.396004, 0.523216, -0.423447, -0.223005, 0.002210, 15.028320, 11.999512, 184.631332
-0.027923, 0.000000, 1047.000000, 0.000000, 2000.000000, 1000.000000, 14.725294, 12.972166, 13.891382, 14.411158, -0.568226, 0.151270, 0.308338, -0.139616, 0.000000, 0.000000, 13.569791, 0.131036, -28.968874, 0.816162, -0.257267, -0.210222, 0.001762, 15.036133, 9.881592, 152.587891
-0.095986, -0.001745, 1046.000000, 0.000000, 2000.000000, 1000.000000, 15.181231, 12.843322, 13.456500, 14.518947, -0.850089, -0.012277, 0.318866, -0.479930, -0.008726, 0.000000, 15.581201, -1.434119, -29.524254, 0.932275, 0.011178, -0.216614, 0.002194, 15.028320, 12.078857, 185.913071
-0.082024, -0.001745, 1045.000000, 0.000000, 2000.000000, 1000.000000, 14.522115, 13.468110, 13.924891, 14.084884, -0.303499, 0.004888, 0.223503, -0.410122, -0.008726, 0.000000, 17.822559, -2.364189, -30.094891, 0.087526, -0.016519, -0.151633, 0.002208, 15.059570, 10.919189, 168.395981
-0.055846, -0.001745, 1046.000000, 0.000000, 2000.000000, 1000.000000, 13.920137, 13.698751, 14.599073, 13.782038, 0.148912, 0.190555, 0.259606, -0.279232, -0.008726, 0.000000, 16.953537, -2.433401, -30.616320, -0.537780, -0.330770, -0.177199, 0.001758, 15.047852, 11.599731, 178.710922
-0.066318, 0.000000, 1046.000000, -0.001745, 2000.000000, 1000.000000, 14.153749, 13.409468, 14.339687, 14.097095, -0.125423, 0.218392, 0.246719, -0.331588, 0.000000, -0.008726, 14.445263, -2.939869, -31.395943, -0.129787, -0.364858, -0.176134, 0.002346, 15.071289, 10.159302, 156.799316
-0.097731, 0.000000, 1046.000000, -0.001745, 2000.000000, 1000.000000, 14.843197, 12.964651, 13.803333, 14.388819, -0.616008, 0.096076, 0.323266, -0.488656, 0.000000, -0.008726, 14.591656, -3.866186, -31.921383, 0.530673, -0.161394, -0.228332, 0.002146, 15.079102, 9.881592, 152.587891
-0.134380, -0.001745, 1046.000000, -0.001745, 2000.000000, 1000.000000, 15.132381, 12.943470, 13.480444, 14.443705, -0.788043, -0.037926, 0.306413, -0.671902, -0.008726, -0.008726, 16.003252, -4.865534, -32.446346, 0.639329, 0.054853, -0.217679, 0.001856, 15.040039, 11.880493, 182.922348
-0.143106, -0.001745, 1045.000000, -0.001745, 2000.000000, 1000.000000, 14.239788, 13.455399, 14.472403, 13.832411, -0.036099, 0.152407, 0.356095, -0.715532, -0.008726, -0.008726, 15.999767, -5.058586, -33.285702, -0.669872, -0.262593, -0.250702, 0.002189, 15.032227, 11.880493, 182.983383
-0.146597, -0.001745, 1046.000000, -0.001745, 2000.000000, 1000.000000, 13.794938, 13.639867, 14.895217, 13.669978, 0.267542, 0.282598, 0.345078, -0.732984, -0.008726, -0.008726, 13.227951, -4.388506, -34.188225, -1.197175, -0.480971, -0.243245, 0.002158, 15.079102, 10.159302, 156.921387
-0.171030, 0.001745, 1046.000000, -0.001745, 2000.000000, 1000.000000, 14.103776, 13.414546, 14.778152, 13.703526, 0.096349, 0.240839, 0.440964, -0.855148, 0.008726, -0.008726, 9.966758, -3.598972, -35.131584, -1.037386, -0.394685, -0.308226, 0.002154, 15.079102, 10.641479, 164.184555
-0.237347, 0.000000, 1047.000000, -0.001745, 2000.000000, 1000.000000, 14.778739, 12.973371, 14.225081, 14.022809, -0.400774, 0.123945, 0.501910, -1.186736, 0.000000, -0.008726, 7.740932, -2.981861, -36.196404, -0.543107, -0.207200, -0.349771, 0.002146, 15.043945, 11.239624, 173.095688
-0.272251, -0.001745, 1046.000000, -0.001745, 2000.000000, 1000.000000, 15.163344, 12.928241, 13.855206, 14.053208, -0.608276, -0.045793, 0.509275, -1.361256, -0.008726, -0.008726, 6.490789, -2.422459, -37.699692, -0.375861, 0.067636, -0.354032, 0.002416, 15.036133, 11.441040, 176.086411
-0.235602, -0.001745, 1046.000000, -0.001745, 2000.000000, 1000.000000, 14.450156, 13.597850, 14.515069, 13.436925, 0.056459, -0.024003, 0.482612, -1.178010, -0.008726, -0.008726, 4.817743, -0.842188, -38.639126, -1.305831, 0.032483, -0.338053, 0.001754, 15.040039, 11.279297, 173.706039
-0.200698, -0.001745, 1046.000000, 0.000000, 2000.000000, 1000.000000, 13.901821, 13.981050, 15.180275, 12.936853, 0.580663, 0.058565, 0.541048, -1.003490, -0.008726, 0.000000, 0.848662, 2.215806, -39.527370, -2.016358, -0.108131, -0.368946, 0.001774, 15.020508, 11.999512, 184.631332
-0.184991, -0.001745, 1046.000000, -0.001745, 2000.000000, 1000.000000, 14.454784, 13.229588, 14.713572, 13.602057, -0.028420, 0.157814, 0.584178, -0.924956, -0.008726, -0.008726, -4.871603, 5.838371, -40.672665, -0.897838, -0.272181, -0.405164, 0.002310, 15.032227, 11.520386, 177.307114
-0.184991, -0.001745, 1046.000000, -0.001745, 2000.000000, 1000.000000, 15.219838, 12.502784, 14.069867, 14.207511, -0.713674, 0.138689, 0.644853, -0.924956, -0.008726, -0.008726, -5.698911, 5.724226, -41.751854, 0.247314, -0.240223, -0.446709, 0.002200, 15.083008, 11.718750, 231.201157
-0.139616, -0.001745, 1046.000000, -0.001745, 2000.000000, 1000.000000, 15.136150, 12.504000, 14.110325, 14.249525, -0.692838, 0.179925, 0.623238, -0.698080, -0.008726, -0.008726, -5.173858, 4.283156, -43.002968, 0.456105, -0.312661, -0.433926, 0.001783, 14.997070, 13.000488, 199.707016
-0.001745, -0.001745, 1045.000000, -0.001745, 2000.000000, 1000.000000, 14.012926, 13.493855, 15.267366, 13.225853, 0.380610, 0.246610, 0.640146, -0.008726, -0.008726, -0.008726, -6.513870, 3.356341, -44.673492, -0.647502, -0.421317, -0.443514, 0.002168, 14.985352, 13.519287, 207.519516
-0.001745, 0.000000, 1045.000000, -0.001745, 2000.000000, 1000.000000, 14.021727, 13.714645, 15.321142, 12.942486, 0.517894, 0.131814, 0.671434, -0.008726, 0.000000, -0.008726, -8.796782, 4.398304, -45.741283, -0.876532, -0.221048, -0.464819, 0.002162, 15.063477, 10.800171, 166.625961
-0.001745, 0.000000, 1045.000000, -0.001745, 2000.000000, 1000.000000, 14.743244, 13.395374, 14.532263, 13.329119, -0.036182, -0.069309, 0.637753, -0.008726, 0.000000, -0.008726, -9.646536, 5.264775, -46.961174, 0.049177, 0.115573, -0.441383, 0.002306, 15.043945, 11.279297, 173.706039
-0.010471, 0.000000, 1045.000000, -0.001745, 2000.000000, 1000.000000, 15.491709, 12.512094, 13.847269, 14.148928, -0.820318, -0.001902, 0.669489, -0.052356, 0.000000, -0.008726, -7.075545, 3.250306, -49.186222, 1.311507, 0.003721, -0.462688, 0.002412, 15.004883, 12.640381, 194.213852
-0.005236, 0.000000, 1045.000000, -0.001745, 2000.000000, 1000.000000, 15.099997, 12.398142, 14.225353, 14.276508, -0.688252, 0.250931, 0.662674, -0.026178, 0.000000, -0.008726, -5.290275, 0.259283, -50.466949, 1.136805, -0.423447, -0.460558, 0.001835, 14.989258, 12.881470, 197.814926
-0.001745, 0.000000, 1046.000000, 0.000000, 2000.000000, 1000.000000, 14.191565, 13.063454, 15.087503, 13.657478, 0.075478, 0.372491, 0.639534, -0.008726, 0.000000, 0.000000, -6.002278, -2.857925, -52.456306, -0.132983, -0.621585, -0.433926, 0.002321, 15.012695, 12.280273, 188.781723
-0.001745, 0.000000, 1046.000000, 0.000000, 2000.000000, 1000.000000, 14.273791, 13.487380, 14.863322, 13.375506, 0.175351, 0.119415, 0.568557, -0.008726, 0.000000, 0.000000, -7.338654, -2.914037, -53.602913, -0.301293, -0.199743, -0.385990, 0.002221, 15.051758, 10.720825, 164.001450
-0.001745, 0.000000, 1046.000000, 0.000000, 2000.000000, 1000.000000, 14.875172, 13.350008, 14.473011, 13.301809, -0.088490, -0.112590, 0.674091, -0.008726, 0.000000, 0.000000, -7.365509, -2.687670, -54.756821, 0.138658, 0.188011, -0.457362, 0.002288, 15.036133, 11.279297, 173.583969
-0.001745, 0.000000, 1046.000000, 0.000000, 2000.000000, 1000.000000, 15.264202, 13.115870, 14.129707, 13.490221, -0.377212, -0.190036, 0.696955, -0.008726, 0.000000, 0.000000, -6.070895, -3.171339, -56.031742, 0.629742, 0.321168, -0.475471, 0.001775, 14.989258, 12.600708, 193.420395
-0.001745, 0.000000, 1046.000000, 0.000000, 2000.000000, 1000.000000, 14.986026, 12.784122, 14.086274, 14.143579, -0.564802, 0.114926, 0.536150, -0.008726, 0.000000, 0.000000, -3.730196, -5.761170, -57.556881, 0.932275, -0.191221, -0.363619, 0.002341, 15.024414, 11.959839, 183.898911
-0.001745, 0.003490, 1046.000000, 0.000000, 2000.000000, 1000.000000, 14.572936, 12.793351, 14.407739, 14.225974, -0.399455, 0.316857, 0.490338, -0.008726, 0.017452, 0.000000, -3.538093, -8.149009, -58.460579, 0.658504, -0.511864, -0.332727, 0.002259, 15.032227, 11.361694, 174.804672
-0.001745, 0.027923, 1047.000000, -0.001745, 2000.000000, 1000.000000, 14.499898, 13.128465, 14.605836, 13.765801, -0.132849, 0.185818, 0.552867, -0.008726, 0.139616, -0.008726, -3.890362, -9.609194, -59.518356, 0.215357, -0.170981, -0.385990, 0.001755, 15.028320, 11.080933, 170.532211
-0.020942, 0.059337, 1054.000000, -0.001745, 2000.000000, 1000.000000, 15.859924, 14.621588, 15.446650, 14.071838, 0.034119, -0.240756, 0.653287, -0.104712, 0.296684, -0.008726, -2.830191, -8.581405, -61.114288, -0.162810, 0.702530, -0.450970, 0.002238, 14.911133, 15.319824, 233.825668
-0.059337, 0.069808, 1056.000000, -0.001745, 2000.000000, 1000.000000, 16.290226, 14.429523, 15.022815, 14.257438, -0.273831, -0.359874, 0.656520, -0.296684, 0.349040, -0.008726, -0.808865, -7.510047, -62.106197, 0.151441, 0.951800, -0.453101, 0.002247, 14.899414, 16.159058, 246.520981
-0.125654, 0.083770, 1056.000000, -0.001745, 2000.000000, 1000.000000, 16.265270, 13.991674, 14.902735, 14.840321, -0.552796, -0.128472, 0.584003, -0.628272, 0.418848, -0.008726, 1.524412, -7.105702, -62.929192, 0.282468, 0.649267, -0.406230, 0.001755, 14.954102, 13.479614, 206.298813
-0.176265, 0.075044, 1055.000000, -0.001745, 2000.000000, 1000.000000, 15.528992, 13.901045, 15.633667, 14.936296, -0.232644, 0.284981, 0.581330, -0.881326, 0.375218, -0.008726, 2.202301, -6.664875, -64.445915, -0.512214, -0.088956, -0.401969, 0.002295, 14.950195, 13.159180, 201.477036
-0.179756, 0.068063, 1056.000000, -0.001745, 2000.000000, 1000.000000, 15.498259, 14.436934, 15.721352, 14.343456, 0.079143, 0.032403, 0.609805, -0.898778, 0.340314, -0.008726, 1.428406, -4.615796, -65.625641, -1.055496, 0.294536, -0.423274, 0.001848, 14.938477, 14.080811, 215.393051
-0.181501, 0.054101, 1057.000000, -0.001745, 2000.000000, 1000.000000, 15.789656, 14.764044, 15.530394, 13.915907, 0.147219, -0.276850, 0.660024, -0.907504, 0.270506, -0.008726, 1.555138, -1.081696, -66.838852, -1.176935, 0.741945, -0.457362, 0.001893, 14.981445, 13.198853, 202.331528
-0.181501, 0.033159, 1056.000000, -0.001745, 2000.000000, 1000.000000, 16.119331, 14.592528, 14.844283, 14.443856, -0.281594, -0.355931, 0.481807, -0.907504, 0.165794, -0.008726, 3.473186, 3.263949, -68.570480, -0.458951, 0.760054, -0.334857, 0.002296, 14.942383, 13.558960, 207.519516
-0.207679, 0.027923, 1057.000000, -0.001745, 2000.000000, 1000.000000, 16.069033, 14.098358, 14.985533, 14.847076, -0.458055, -0.083695, 0.527283, -1.038394, 0.139616, -0.008726, 4.484901, 4.528891, -69.548676, -0.301293, 0.281753, -0.365750, 0.002195, 14.954102, 13.400269, 205.078110
-0.211169, 0.022688, 1058.000000, -0.001745, 2000.000000, 1000.000000, 15.481267, 13.844808, 15.649632, 15.024293, -0.252780, 0.336963, 0.565450, -1.055846, 0.113438, -0.008726, 3.722686, 5.701472, -70.533859, -0.662416, -0.450079, -0.393447, 0.001772, 14.973633, 13.040161, 199.829086
-0.212914, 0.010471, 1057.000000, -0.001745, 2000.000000, 1000.000000, 15.317329, 14.270428, 15.887287, 14.524956, 0.078858, 0.206122, 0.602308, -1.064572, 0.052356, -0.008726, 0.256680, 8.601560, -71.671440, -1.215284, -0.289225, -0.415817, 0.002406, 14.918945, 15.121460, 230.895981
-0.214660, 0.003490, 1057.000000, -0.001745, 2000.000000, 1000.000000, 15.653639, 14.633690, 15.659250, 14.053421, 0.146470, -0.143664, 0.656445, -1.073298, 0.017452, -0.008726, -0.785321, 11.886786, -72.649956, -1.338854, 0.256187, -0.453101, 0.002244, 14.938477, 14.041138, 214.782700
-0.212914, 0.000000, 1059.000000, -0.001745, 2000.000000, 1000.000000, 15.956277, 14.583119, 15.358323, 14.102281, -0.029279, -0.269699, 0.657300, -1.064572, 0.000000, -0.008726, -0.665509, 15.236032, -73.930359, -1.044843, 0.453260, -0.456297, 0.001750, 14.942383, 13.720703, 212.890610
-0.212914, -0.001745, 1064.000000, 0.000000, 2000.000000, 1000.000000, 16.963209, 15.071752, 16.131098, 15.833941, -0.398575, -0.017480, 0.547153, -1.064572, -0.008726, 0.000000, -0.211517, 18.360350, -75.816116, -0.430189, 0.020765, -0.370011, 0.002298, 14.793945, 19.241333, 291.320801
-0.204188, -0.001745, 1064.000000, 0.000000, 2000.000000, 1000.000000, 16.504910, 14.722134, 16.527140, 16.245815, -0.375363, 0.386478, 0.516025, -1.020942, -0.008726, 0.000000, -1.523686, 19.301182, -76.280418, -0.420602, -0.657804, -0.350836, 0.001796, 14.836914, 16.760254, 254.821762
-0.134380, -0.001745, 1076.000000, 0.001745, 2000.000000, 1000.000000, 17.354666, 16.113852, 17.780836, 16.750647, -0.052655, 0.265742, 0.567751, -0.671902, -0.008726, 0.008726, -4.911089, 20.610968, -76.665726, -0.600631, -0.449014, -0.375337, 0.002252, 14.661133, 24.319458, 364.929169
-0.092496, -0.001745, 1077.000000, 0.001745, 2000.000000, 1000.000000, 17.477304, 16.418139, 17.627596, 16.476961, 0.022867, 0.052278, 0.552450, -0.462478, -0.008726, 0.008726, -5.885835, 22.173628, -77.296318, -0.512214, -0.095348, -0.364685, 0.002339, 14.739258, 21.121216, 318.481445
-0.076789, -0.001745, 1077.000000, 0.000000, 2000.000000, 1000.000000, 17.683222, 15.947908, 17.332182, 17.036688, -0.359955, 0.184434, 0.507702, -0.383944, -0.008726, 0.000000, -6.480018, 22.620754, -78.013496, 0.211096, -0.316922, -0.345510, 0.001782, 14.743164, 20.040894, 302.612305
-0.001745, -0.001745, 1077.000000, 0.000000, 2000.000000, 1000.000000, 18.097136, 15.129297, 16.899664, 17.873903, -0.985520, 0.386783, 0.498400, -0.008726, -0.008726, 0.000000, -8.040551, 18.222265, -78.879135, 1.621497, -0.649282, -0.336988, 0.002314, 14.727539, 20.880127, 314.819336
-0.001745, -0.001745, 1074.000000, 0.000000, 2000.000000, 1000.000000, 18.077776, 15.334238, 16.712980, 17.875006, -0.976392, 0.293993, 0.395378, -0.008726, -0.008726, 0.000000, -8.629087, 13.521281, -79.504021, 1.616171, -0.498015, -0.267746, 0.002185, 14.735352, 20.401001, 307.800293
-0.001745, -0.001745, 1075.000000, 0.000000, 2000.000000, 1000.000000, 17.404772, 15.624305, 17.246988, 17.723936, -0.564354, 0.485463, 0.325879, -0.008726, -0.008726, 0.000000, -9.719773, 9.606369, -79.946411, 0.946124, -0.825050, -0.221940, 0.001758, 14.782227, 18.798828, 283.691406
-0.001745, -0.001745, 1074.000000, 0.000000, 2000.000000, 1000.000000, 17.000488, 16.071999, 17.424156, 17.503357, -0.251922, 0.463757, 0.212323, -0.008726, -0.008726, 0.000000, -13.127665, 6.523911, -80.299591, 0.414560, -0.784570, -0.144176, 0.002012, 14.774414, 19.158936, 289.611816
-0.001745, -0.001745, 1072.000000, 0.000000, 2000.000000, 1000.000000, 17.683750, 16.053860, 16.868084, 17.394306, -0.539028, 0.131195, 0.275916, -0.008726, -0.008726, 0.000000, -14.184544, 4.535308, -80.622345, 0.888600, -0.228505, -0.186787, 0.002187, 14.719727, 19.281006, 290.832520
-0.001745, -0.001745, 1068.000000, 0.000000, 2000.000000, 1000.000000, 17.338270, 14.644682, 15.429653, 16.587397, -0.962833, 0.008524, 0.383961, -0.008726, -0.008726, 0.000000, -13.811359, 0.910516, -81.305298, 1.607649, -0.020780, -0.261355, 0.001794, 14.719727, 20.480347, 308.532715
-0.001745, -0.001745, 1055.000000, 0.000000, 2000.000000, 1000.000000, 15.794763, 14.188855, 14.222039, 15.794343, -0.794553, 0.008191, 0.008401, -0.008726, -0.008726, 0.000000, -12.664844, -5.372998, -81.805923, 1.307246, -0.021845, -0.005693, 0.002275, 14.997070, 10.360718, 159.118652
-0.001745, -0.001745, 1050.000000, 0.000000, 2000.000000, 1000.000000, 15.376515, 14.320422, 14.772584, 15.530478, -0.453497, 0.151531, 0.074549, -0.008726, -0.008726, 0.000000, -12.688611, -8.021333, -81.848328, 0.745855, -0.261528, -0.050434, 0.002192, 14.946289, 12.078857, 184.875473
-0.001745, 0.022688, 1046.000000, 0.000000, 2000.000000, 1000.000000, 14.163908, 12.978930, 14.261293, 14.595869, -0.379888, 0.428581, 0.212601, -0.008726, 0.113438, 0.000000, -14.256111, -10.657503, -82.622375, 0.622285, -0.600280, -0.144176, 0.002248, 14.985352, 11.001587, 168.823227
-0.001745, 0.111693, 1045.000000, -0.001745, 2000.000000, 1000.000000, 13.771018, 12.901200, 14.385297, 14.942485, -0.356752, 0.663890, 0.078158, -0.008726, 0.558464, -0.008726, -15.695333, -12.359674, -83.187622, 0.594588, -0.550213, -0.062151, 0.001767, 15.028320, 9.680176, 148.925781
-0.001745, 0.181501, 1043.000000, -0.001745, 2000.000000, 1000.000000, 14.072011, 12.848569, 14.187367, 14.892053, -0.482032, 0.539710, 0.129689, -0.008726, 0.907504, -0.008726, -16.292616, -14.376933, -83.499031, 0.805510, 0.020765, -0.097305, 0.001754, 14.965820, 11.480713, 176.025375
-0.052356, 0.205934, 1043.000000, -0.001745, 2000.000000, 1000.000000, 15.043033, 13.440289, 13.384398, 14.132279, -0.587656, -0.241661, 0.213715, -0.261780, 1.029668, -0.008726, -12.340466, -16.983067, -82.901077, 0.710702, 1.455667, -0.153764, 0.002342, 14.973633, 10.839844, 166.320786
-0.095986, 0.207679, 1042.000000, -0.001745, 2000.000000, 1000.000000, 15.038970, 13.720551, 13.291699, 13.948779, -0.493875, -0.379761, 0.165335, -0.479930, 1.038394, -0.008726, -7.575214, -17.805990, -81.889565, 0.345318, 1.711329, -0.121806, 0.001749, 14.981445, 11.361694, 174.316391
-0.104712, 0.204188, 1043.000000, -0.001745, 2000.000000, 1000.000000, 14.377146, 13.933559, 13.613451, 14.075844, -0.226495, -0.155353, -0.004701, -0.523560, 1.020942, -0.008726, -3.183398, -17.560183, -80.680336, -0.152157, 1.312923, -0.005693, 0.001792, 14.989258, 10.800171, 165.832504
-0.101222, 0.211169, 1043.000000, -0.001745, 2000.000000, 1000.000000, 13.848110, 13.830824, 14.362473, 13.958593, 0.096648, 0.160533, 0.105291, -0.506108, 1.055846, -0.008726, 0.619066, -15.168712, -79.758194, -0.679460, 0.811186, -0.080261, 0.002201, 14.993164, 10.198975, 156.677246
-0.099476, 0.211169, 1043.000000, -0.001745, 2000.000000, 1000.000000, 14.075877, 13.840756, 14.090335, 13.993032, -0.034454, 0.041683, 0.083106, -0.497382, 1.055846, -0.008726, 2.666656, -13.187375, -79.449211, -0.452560, 1.012520, -0.065347, 0.001934, 15.004883, 10.519409, 161.621078
-0.109948, 0.204188, 1043.000000, -0.001745, 2000.000000, 1000.000000, 14.740211, 13.693334, 13.322738, 14.243718, -0.491965, -0.216772, 0.031474, -0.549738, 1.020942, -0.008726, 6.029366, -12.383494, -78.820374, 0.261163, 1.408796, -0.030194, 0.002086, 14.961914, 11.679077, 179.016098
-0.136126, 0.193717, 1044.000000, 0.005236, 2000.000000, 1000.000000, 15.122701, 13.634377, 13.169518, 14.073403, -0.598052, -0.378539, 0.146109, -0.680628, 0.968586, 0.026178, 12.801819, -12.765605, -77.661415, 0.304838, 1.623978, -0.072804, 0.002232, 14.946289, 12.161255, 186.218246
-0.139616, 0.188482, 1048.000000, 0.036649, 2000.000000, 1000.000000, 14.684998, 13.734802, 13.890499, 13.689701, -0.187349, -0.209900, 0.287748, -0.698080, 0.942408, 0.183246, 16.758045, -11.695439, -76.892395, -0.399297, 1.325706, -0.011019, 0.001749, 14.887695, 14.361572, 218.933090
-0.139616, 0.155323, 1054.000000, 0.102967, 2000.000000, 1000.000000, 15.223181, 14.519196, 15.856508, 14.401115, 0.187852, 0.128812, 0.539844, -0.698080, 0.776614, 0.514834, 19.698540, -7.466001, -76.089149, -1.021407, 0.581091, 0.154096, 0.002360, 14.903320, 14.160156, 216.125473
-0.151832, 0.139616, 1054.000000, 0.153578, 2000.000000, 1000.000000, 15.532185, 14.110268, 16.063866, 14.293682, 0.087067, 0.178774, 0.798025, -0.759162, 0.698080, 0.767888, 20.286970, -4.723686, -75.495193, -0.919143, 0.415976, 0.235056, 0.002270, 14.848633, 15.759277, 239.624008
-0.169284, 0.127400, 1054.000000, 0.162304, 2000.000000, 1000.000000, 15.660666, 14.056163, 15.616054, 14.667117, -0.163892, 0.141585, 0.638360, -0.846422, 0.636998, 0.811518, 20.765163, -2.583887, -74.605194, -0.592109, 0.417041, 0.386322, 0.001750, 14.950195, 11.920166, 182.495102
-0.179756, 0.108202, 1053.000000, 0.174520, 2000.000000, 1000.000000, 15.961975, 13.940098, 15.133413, 14.964514, -0.463245, 0.048964, 0.547694, -0.898778, 0.541012, 0.872600, 22.308931, -1.041334, -72.722343, -0.147896, 0.471369, 0.509892, 0.002350, 14.879883, 14.920044, 227.294907
-0.190227, 0.094241, 1054.000000, 0.191972, 2000.000000, 1000.000000, 16.049124, 14.052048, 15.035219, 14.863609, -0.456367, -0.050586, 0.542171, -0.951134, 0.471204, 0.959860, 23.581974, -0.408605, -71.260841, -0.211812, 0.566177, 0.601504, 0.002190, 14.879883, 14.678955, 223.693832
-0.200698, 0.085515, 1053.000000, 0.212914, 2000.000000, 1000.000000, 15.766382, 14.134729, 15.332563, 14.766325, -0.266353, 0.049444, 0.549473, -1.003490, 0.427574, 1.064572, 24.491116, 1.044801, -69.459717, -0.583587, 0.357387, 0.702704, 0.001893, 14.903320, 13.479614, 205.810532
-0.198953, 0.073298, 1053.000000, 0.223386, 2000.000000, 1000.000000, 15.643677, 13.908138, 15.746080, 14.702105, -0.172891, 0.224093, 0.694878, -0.994764, 0.366492, 1.116928, 24.160234, 3.051812, -67.506042, -0.730592, 0.002656, 0.656898, 0.002265, 14.903320, 13.479614, 205.627426
-0.219895, 0.055846, 1054.000000, 0.244328, 2000.000000, 1000.000000, 15.754972, 13.469534, 15.735365, 15.040129, -0.397551, 0.387747, 0.745169, -1.099476, 0.279232, 1.221640, 22.451008, 4.740697, -64.638687, -0.463212, -0.355271, 0.728270, 0.002351, 14.875977, 14.401245, 219.421371
-0.261780, 0.047120, 1054.000000, 0.256544, 2000.000000, 1000.000000, 15.982025, 13.558823, 15.586990, 14.872162, -0.427094, 0.229577, 0.784508, -1.308900, 0.235602, 1.282722, 21.292368, 5.495418, -62.574017, -0.625132, -0.142219, 0.763423, 0.001899, 14.879883, 14.678955, 214.477524
-0.277487, 0.033159, 1054.000000, 0.254799, 2000.000000, 1000.000000, 15.588215, 14.223938, 15.504469, 14.683378, -0.135797, 0.093923, 0.546342, -1.387434, 0.165794, 1.273996, 20.064089, 7.477761, -60.042179, -1.195044, 0.012243, 0.916820, 0.001764, 14.883789, 14.279175, 217.712387
-0.275742, 0.013962, 1054.000000, 0.249564, 2000.000000, 1000.000000, 15.514627, 14.141150, 16.057480, 14.286744, 0.099314, 0.172112, 0.786053, -1.378708, 0.069808, 1.247818, 16.590912, 12.429300, -55.959656, -1.570015, -0.212526, 0.727205, 0.002460, 14.899414, 13.400269, 204.406723
-0.277487, 0.013962, 1054.000000, 0.244328, 2000.000000, 1000.000000, 15.413861, 13.649055, 16.399834, 14.537251, 0.024443, 0.468542, 0.906847, -1.387434, 0.069808, 1.221640, 13.127607, 15.028134, -53.369690, -1.467750, -0.714263, 0.618548, 0.001764, 14.875977, 14.239502, 216.796860
-0.275742, 0.012216, 1054.000000, 0.239092, 2000.000000, 1000.000000, 15.586365, 13.454477, 16.078417, 14.880741, -0.233553, 0.479579, 0.832391, -1.378708, 0.061082, 1.195462, 9.141173, 16.420712, -50.511688, -1.027799, -0.743025, 0.643049, 0.001846, 14.883789, 14.520264, 221.313461
-0.279232, 0.000000, 1054.000000, 0.232112, 2000.000000, 1000.000000, 15.754074, 13.595467, 15.799635, 14.850824, -0.302450, 0.325229, 0.776855, -1.396160, 0.000000, 1.160558, 4.571461, 17.507547, -46.476704, -0.924469, -0.539560, 0.645180, 0.002198, 14.918945, 13.159180, 200.988754
-0.277487, -0.001745, 1053.000000, 0.212914, 2000.000000, 1000.000000, 15.469655, 13.757554, 16.065844, 14.706946, -0.088301, 0.386395, 0.767750, -1.387434, -0.008726, 1.064572, 1.304014, 18.450621, -43.852665, -1.270678, -0.649282, 0.554633, 0.002259, 14.915039, 12.838745, 196.105942
-0.226876, -0.001745, 1054.000000, 0.183246, 2000.000000, 1000.000000, 14.904295, 14.206331, 16.287260, 14.602114, 0.246796, 0.444687, 0.595777, -1.134380, -0.008726, 0.916230, -3.270528, 19.694586, -40.888138, -1.584929, -0.757938, 0.521610, 0.001755, 14.868164, 14.678955, 223.510727
-0.216405, -0.001745, 1054.000000, 0.171030, 2000.000000, 1000.000000, 15.412535, 13.932255, 16.029596, 14.625614, -0.019074, 0.327605, 0.721065, -1.082024, -0.008726, 0.855148, -10.034188, 21.123785, -36.683144, -1.074670, -0.554474, 0.374604, 0.002068, 14.915039, 11.880493, 181.518539
-0.219895, -0.001745, 1055.000000, 0.162304, 2000.000000, 1000.000000, 15.806317, 13.706548, 15.471923, 15.015212, -0.410765, 0.243567, 0.639120, -1.099476, -0.008726, 0.811518, -12.352903, 21.196764, -34.831089, -0.441907, -0.413860, 0.386322, 0.002213, 14.922852, 11.959839, 182.800278
-0.223386, -0.001745, 1054.000000, 0.127400, 2000.000000, 1000.000000, 15.653768, 13.889180, 15.183124, 15.273929, -0.463848, 0.228526, 0.418446, -1.116928, -0.008726, 0.636998, -13.943144, 20.804842, -33.213154, -0.370535, -0.393620, 0.359691, 0.001841, 14.879883, 14.001465, 213.317856
-0.221640, 0.000000, 1053.000000, 0.071553, 2000.000000, 1000.000000, 15.649709, 14.583402, 14.842767, 14.924123, -0.286915, -0.116556, 0.246238, -1.108202, 0.000000, 0.357766, -16.368425, 21.728249, -31.100582, -0.660285, 0.192272, 0.194576, 0.002325, 14.895508, 13.159180, 197.082504
-0.214660, 0.000000, 1054.000000, 0.068063, 2000.000000, 1000.000000, 15.526490, 14.648641, 15.095195, 14.729674, -0.128082, -0.087565, 0.310843, -1.073298, 0.000000, 0.340314, -18.176102, 23.327330, -30.007727, -0.890381, 0.147531, 0.132791, 0.001753, 14.868164, 14.761353, 224.731430
-0.216405, 0.000000, 1054.000000, 0.097731, 2000.000000, 1000.000000, 15.510554, 14.343198, 15.138553, 15.007695, -0.259124, 0.073124, 0.324554, -1.082024, 0.000000, 0.488656, -20.504597, 24.462616, -28.498219, -0.677329, -0.124110, 0.273405, 0.001755, 14.879883, 13.839722, 210.876450
-0.214660, 0.000000, 1054.000000, 0.123909, 2000.000000, 1000.000000, 15.960789, 13.271467, 14.971806, 15.795938, -0.878364, 0.383872, 0.466298, -1.073298, 0.000000, 0.619546, -21.678020, 23.280254, -26.683027, 0.360232, -0.637564, 0.309624, 0.002169, 14.911133, 12.561035, 191.833481
-0.214660, 0.000000, 1054.000000, 0.125654, 2000.000000, 1000.000000, 15.550964, 13.171757, 15.309868, 15.967411, -0.759188, 0.638640, 0.430416, -1.073298, 0.000000, 0.628272, -22.017771, 20.928143, -25.715231, 0.169551, -1.073255, 0.342647, 0.001771, 14.856445, 14.999390, 228.210434
-0.209424, 0.000000, 1054.000000, 0.127400, 2000.000000, 1000.000000, 14.966032, 13.436552, 15.544073, 16.053343, -0.509688, 0.798708, 0.255053, -1.047120, 0.000000, 0.636998, -23.776369, 17.938795, -23.953014, -0.224595, -1.333177, 0.470477, 0.002025, 14.840820, 15.319824, 232.788071
-0.132635, -0.001745, 1054.000000, 0.132635, 2000.000000, 1000.000000, 14.475077, 14.292950, 15.980095, 15.251879, 0.136522, 0.615987, 0.227586, -0.663176, -0.008726, 0.663176, -28.422628, 14.341879, -20.634722, -0.906360, -1.032775, 0.515218, 0.002183, 14.879883, 13.601685, 207.214340
-0.102967, -0.001745, 1054.000000, 0.144852, 2000.000000, 1000.000000, 14.916642, 14.153264, 15.703414, 15.226680, -0.071661, 0.465047, 0.310028, -0.514834, -0.008726, 0.724258, -31.248903, 12.769645, -18.627132, -0.413145, -0.790961, 0.521610, 0.001789, 14.840820, 14.639282, 222.534164
-0.102967, 0.000000, 1054.000000, 0.130890, 2000.000000, 1000.000000, 15.644746, 13.512364, 14.453460, 16.389429, -1.017088, 0.421445, 0.049103, -0.514834, 0.000000, 0.654450, -30.420609, 9.571318, -16.351490, 1.160240, -0.699349, 0.627070, 0.002283, 14.864258, 14.480591, 220.520004
-0.102967, 0.003490, 1053.000000, 0.082024, 2000.000000, 1000.000000, 15.300652, 13.516459, 14.293095, 16.889797, -1.095224, 0.591445, -0.203127, -0.514834, 0.017452, 0.410122, -27.681704, 6.364103, -15.140572, 1.291267, -0.964598, 0.551437, 0.002224, 14.879883, 13.400269, 204.284653
-0.089005, 0.033159, 1053.000000, 0.006981, 2000.000000, 1000.000000, 14.631700, 14.157683, 14.282559, 16.928059, -0.779879, 0.605309, -0.542871, -0.445026, 0.165794, 0.034904, -25.414356, 3.114392, -14.014490, 0.859838, -0.848485, 0.404431, 0.001749, 14.829102, 15.679932, 237.976059
-0.076789, 0.038394, 1053.000000, 0.000000, 2000.000000, 1000.000000, 15.261434, 13.822185, 15.095380, 15.821002, -0.541218, 0.458191, 0.178407, -0.383944, 0.191972, 0.000000, -23.719194, -0.078641, -13.548488, 0.507237, -0.567257, -0.120741, 0.002080, 14.856445, 14.318848, 217.773422
-0.069808, 0.038394, 1053.000000, 0.000000, 2000.000000, 1000.000000, 15.434324, 13.485273, 14.790398, 16.290007, -0.862165, 0.540201, 0.112361, -0.349040, 0.191972, 0.000000, -22.260057, -2.143205, -13.834000, 1.067563, -0.697219, -0.076000, 0.002335, 14.883789, 13.681030, 208.374008
-0.055846, 0.045375, 1053.000000, -0.001745, 2000.000000, 1000.000000, 15.742044, 13.026937, 14.718824, 16.512194, -1.127119, 0.615509, 0.230435, -0.279232, 0.226876, -0.008726, -19.327271, -4.913473, -13.897537, 1.606583, -0.801614, -0.165481, 0.001751, 14.875977, 13.720703, 209.106430
-0.055846, 0.069808, 1053.000000, -0.001745, 2000.000000, 1000.000000, 16.159164, 12.637550, 14.962250, 16.241035, -1.200100, 0.601642, 0.560707, -0.279232, 0.349040, -0.008726, -13.082495, -9.761065, -14.364326, 1.703522, -0.640760, -0.388120, 0.002269, 14.844727, 14.639282, 222.595200
-0.057592, 0.097731, 1053.000000, -0.001745, 2000.000000, 1000.000000, 15.793467, 13.031212, 15.213673, 15.961648, -0.877558, 0.587660, 0.503570, -0.287958, 0.488656, -0.008726, -9.666149, -12.145450, -14.716143, 1.165567, -0.476710, -0.349771, 0.002196, 14.864258, 14.041138, 213.806137
-0.080279, 0.101222, 1054.000000, -0.001745, 2000.000000, 1000.000000, 16.030561, 13.191874, 14.994116, 15.783449, -0.907006, 0.388782, 0.512339, -0.401396, 0.506108, -0.008726, -7.008402, -13.666156, -15.056849, 1.110173, -0.132632, -0.357228, 0.001813, 14.872070, 14.080811, 214.416489
-0.092496, 0.136126, 1054.000000, 0.000000, 2000.000000, 1000.000000, 16.557226, 12.239454, 14.610159, 16.593161, -1.575194, 0.601660, 0.583693, -0.462478, 0.680628, 0.000000, -0.369050, -15.832971, -14.852410, 2.134951, -0.299877, -0.394512, 0.002384, 14.872070, 14.440918, 219.787582
-0.085515, 0.164049, 1054.000000, 0.000000, 2000.000000, 1000.000000, 16.643053, 11.736040, 14.631182, 16.989725, -1.816389, 0.810453, 0.637117, -0.427574, 0.820244, 0.000000, 5.800697, -18.518034, -14.156260, 2.567446, -0.503342, -0.430731, 0.002349, 14.891602, 12.521362, 190.978989
-0.108202, 0.157068, 1053.000000, 0.000000, 2000.000000, 1000.000000, 16.754751, 11.822885, 14.442149, 16.980215, -1.867483, 0.711182, 0.598449, -0.541012, 0.785340, 0.000000, 12.739771, -21.388094, -12.889375, 2.585555, -0.388294, -0.407295, 0.001749, 14.844727, 14.080811, 213.989243
-0.136126, 0.146597, 1053.000000, 0.000000, 2000.000000, 1000.000000, 17.055653, 12.689225, 13.996943, 16.258179, -1.656916, 0.127561, 0.526298, -0.680628, 0.732984, 0.000000, 22.801825, -22.990099, -10.611683, 2.072101, 0.538480, -0.357228, 0.001938, 14.813477, 16.201782, 245.727524
-0.169284, 0.129145, 1053.000000, 0.000000, 2000.000000, 1000.000000, 16.963926, 13.112090, 13.932080, 15.991904, -1.477914, -0.038008, 0.448003, -0.846422, 0.645724, 0.000000, 28.527729, -22.003927, -9.273883, 1.582082, 0.722770, -0.302900, 0.002365, 14.813477, 16.119385, 244.323715
-0.212914, 0.116928, 1053.000000, 0.000000, 2000.000000, 1000.000000, 16.369623, 13.183827, 14.690141, 15.756410, -1.063016, 0.223275, 0.529882, -1.064572, 0.584642, 0.000000, 31.827160, -21.142239, -8.952886, 0.693657, 0.226360, -0.360424, 0.001795, 14.879883, 12.921143, 196.899399
-0.219895, 0.125654, 1053.000000, 0.000000, 2000.000000, 1000.000000, 15.491776, 12.901094, 15.431376, 16.175753, -0.833765, 0.803565, 0.461576, -1.099476, 0.628272, 0.000000, 33.232647, -22.683727, -9.875232, 0.260098, -0.690827, -0.312487, 0.002221, 14.840820, 14.721680, 224.304184
-0.275742, 0.115183, 1053.000000, 0.000000, 2000.000000, 1000.000000, 15.817650, 12.897393, 15.055570, 16.229389, -1.023519, 0.642479, 0.436609, -1.378708, 0.575916, 0.000000, 33.756706, -24.457012, -10.532835, 0.286729, -0.477776, -0.295443, 0.002245, 14.868164, 14.239502, 216.674789
-0.305410, 0.106457, 1053.000000, 0.000000, 2000.000000, 1000.000000, 16.160400, 13.716008, 14.601409, 15.522182, -0.841292, 0.061795, 0.380905, -1.527050, 0.532286, 0.000000, 33.853039, -24.533014, -11.232023, -0.156418, 0.442607, -0.259224, 0.001749, 14.848633, 14.440918, 219.604477
-0.284468, 0.108202, 1054.000000, 0.000000, 2000.000000, 1000.000000, 15.584135, 14.817194, 14.901947, 14.696724, -0.140429, -0.200664, 0.243041, -1.422338, 0.541012, 0.000000, 31.677956, -20.655275, -12.829988, -1.217415, 0.884689, -0.164416, 0.002315, 14.891602, 12.921143, 197.021469
-0.256544, 0.113438, 1054.000000, 0.000000, 2000.000000, 1000.000000, 14.988096, 14.773327, 15.535826, 14.702751, 0.154576, 0.119288, 0.261961, -1.282722, 0.567190, 0.000000, 28.143831, -18.139143, -14.490352, -1.564689, 0.382953, -0.177199, 0.002334, 14.860352, 13.760376, 209.411606
-0.260035, 0.127400, 1053.000000, 0.000000, 2000.000000, 1000.000000, 15.083440, 14.269195, 15.475053, 15.172313, -0.127876, 0.323683, 0.279246, -1.300174, 0.636998, 0.000000, 24.466923, -16.596661, -16.055353, -1.124737, 0.110247, -0.189982, 0.001753, 14.793945, 17.199707, 260.498047
-0.287958, 0.125654, 1054.000000, 0.000000, 2000.000000, 1000.000000, 15.895511, 13.921418, 14.917956, 15.265115, -0.580313, 0.091535, 0.406733, -1.439790, 0.628272, 0.000000, 21.815218, -14.822882, -17.805626, -0.507953, 0.489478, -0.275203, 0.002295, 14.860352, 12.399292, 189.025864
-0.287958, 0.123909, 1054.000000, 0.000000, 2000.000000, 1000.000000, 16.169180, 14.386934, 14.804588, 14.639297, -0.404239, -0.278057, 0.486884, -1.439790, 0.619546, 0.000000, 20.962170, -12.253382, -18.810413, -0.800899, 1.093480, -0.329531, 0.002239, 14.844727, 14.199829, 215.698227
-0.280977, 0.127400, 1054.000000, 0.000000, 2000.000000, 1000.000000, 15.628172, 14.810160, 15.434643, 14.127026, 0.122401, -0.219165, 0.531407, -1.404886, 0.636998, 0.000000, 18.715906, -8.266199, -20.123013, -1.652040, 1.024238, -0.361489, 0.001749, 14.844727, 14.361572, 218.383774
-0.246073, 0.134380, 1056.000000, 0.000000, 2000.000000, 1000.000000, 14.881950, 14.546186, 16.373524, 14.198339, 0.459855, 0.285932, 0.627737, -1.230366, 0.671902, 0.000000, 11.580574, -2.777401, -22.286419, -2.019554, 0.213577, -0.424339, 0.002350, 14.875977, 13.040161, 198.730453
-0.258290, 0.132635, 1054.000000, 0.000000, 2000.000000, 1000.000000, 15.486358, 13.659511, 15.761298, 15.092834, -0.289595, 0.427066, 0.623828, -1.291448, 0.663176, 0.000000, 7.984354, -1.193643, -23.521391, -0.842444, -0.031433, -0.422208, 0.002219, 14.829102, 14.559937, 221.008286
-0.298429, 0.122164, 1054.000000, 0.000000, 2000.000000, 1000.000000, 16.294338, 12.980488, 15.162384, 15.562790, -0.928564, 0.362587, 0.728362, -1.492146, 0.610820, 0.000000, 7.338379, -0.942151, -24.780046, 0.028937, 0.019700, -0.495711, 0.001774, 14.797852, 15.521240, 235.229477
-0.305410, 0.066318, 1054.000000, 0.000000, 2000.000000, 1000.000000, 15.606518, 13.876543, 15.434277, 15.082663, -0.344590, 0.258470, 0.520397, -1.527050, 0.331588, 0.000000, 6.476960, -0.461055, -26.570211, -0.988384, -0.088956, -0.351901, 0.002302, 14.868164, 13.641357, 207.519516
-0.253054, 0.047120, 1054.000000, 0.000000, 2000.000000, 1000.000000, 14.557243, 14.824247, 16.422993, 14.195517, 0.623620, 0.309255, 0.490118, -1.265270, 0.235602, 0.000000, 2.238737, 1.127040, -27.426838, -2.322087, -0.272181, -0.331662, 0.002276, 14.844727, 14.801025, 224.914536
-0.235602, 0.050611, 1066.000000, 0.000000, 2000.000000, 1000.000000, 15.081889, 16.049236, 17.781616, 15.087258, 0.915426, 0.434437, 0.431753, -1.178010, 0.253054, 0.000000, -4.527521, 3.451574, -28.035410, -2.741799, -0.466058, -0.293312, 0.001906, 14.641602, 22.119141, 331.726044
-0.256544, 0.054101, 1070.000000, 0.000000, 2000.000000, 1000.000000, 17.052794, 16.438330, 17.707209, 16.801668, 0.072770, 0.254439, 0.380002, -1.282722, 0.270506, 0.000000, -13.140770, 6.537669, -28.435989, -1.431532, -0.145415, -0.257094, 0.002319, 14.668945, 19.281006, 289.794922
-0.280977, 0.052356, 1071.000000, 0.000000, 2000.000000, 1000.000000, 17.625935, 16.071335, 17.067532, 17.235199, -0.430567, 0.151366, 0.346734, -1.404886, 0.261780, 0.000000, -15.540170, 7.813731, -28.796865, -0.724201, 0.016504, -0.234723, 0.002188, 14.598633, 23.559570, 351.928680
-0.277487, 0.052356, 1071.000000, 0.000000, 2000.000000, 1000.000000, 17.372946, 16.083250, 17.373652, 17.170153, -0.271549, 0.271902, 0.373300, -1.387434, 0.261780, 0.000000, -17.680635, 8.721891, -29.118608, -0.975601, -0.188025, -0.253898, 0.001756, 14.637695, 21.560669, 323.425262
-0.219895, 0.071553, 1070.000000, 0.001745, 2000.000000, 1000.000000, 16.142101, 16.827858, 18.363590, 16.666451, 0.595724, 0.515020, 0.252845, -1.099476, 0.357766, 0.008726, -24.377527, 10.806032, -28.857487, -2.110101, -0.488428, -0.162286, 0.002306, 14.657227, 20.361328, 306.884766
-0.204188, 0.087260, 1070.000000, 0.000000, 2000.000000, 1000.000000, 16.232779, 16.713736, 18.007734, 17.045752, 0.360734, 0.526743, 0.120256, -1.020942, 0.436300, 0.000000, -29.724897, 12.161915, -28.095661, -1.639257, -0.425578, -0.081326, 0.002365, 14.668945, 19.601440, 294.311523
-0.200698, 0.083770, 1070.000000, 0.000000, 2000.000000, 1000.000000, 17.358667, 16.107000, 17.119074, 17.415258, -0.386963, 0.267166, 0.238871, -1.003490, 0.418848, 0.000000, -32.361637, 12.853738, -27.777237, -0.383318, -0.018649, -0.162286, 0.001845, 14.649414, 20.120239, 300.903320
-0.165794, 0.094241, 1062.000000, 0.000000, 2000.000000, 1000.000000, 16.869667, 14.803949, 15.988590, 16.337795, -0.603730, 0.163192, 0.429128, -0.828970, 0.471204, 0.000000, -31.579140, 13.309283, -29.038027, 0.154637, 0.211446, -0.290117, 0.002342, 14.825195, 13.601685, 206.481918
-0.089005, 0.118674, 1045.000000, 0.000000, 2000.000000, 1000.000000, 13.883800, 13.197179, 14.958924, 13.960097, 0.078051, 0.459511, 0.421362, -0.445026, 0.593368, 0.000000, -32.096767, 13.699066, -29.652317, -0.584652, -0.158198, -0.285856, 0.002311, 14.899414, 10.360718, 158.081055
-0.008726, 0.150087, 1032.000000, 0.001745, 2000.000000, 1000.000000, 12.336211, 12.479970, 14.567801, 12.616017, 0.523886, 0.591909, 0.452007, -0.043630, 0.750436, 0.008726, -34.442734, 14.294550, -29.909662, -0.928730, -0.229570, -0.299704, 0.001748, 15.141602, 2.841187, 44.006344
-0.003490, 0.162304, 1035.000000, 0.001745, 2000.000000, 1000.000000, 13.685585, 11.914095, 12.887590, 13.512730, -0.599157, 0.200160, 0.286588, -0.017452, 0.811518, 0.008726, -34.251987, 14.705960, -30.972523, 0.982342, 0.494805, -0.185721, 0.002269, 14.973633, 8.920288, 136.718750
-0.001745, 0.162304, 1035.000000, 0.003490, 2000.000000, 1000.000000, 14.513014, 11.540195, 12.004524, 13.942266, -1.227640, -0.026605, 0.258769, -0.008726, 0.811518, 0.017452, -29.461411, 14.076874, -32.636501, 2.042274, 0.874036, -0.158025, 0.002243, 14.958008, 9.078979, 139.099121
-0.001745, 0.167539, 1036.000000, 0.022688, 2000.000000, 1000.000000, 14.570510, 11.405190, 12.033051, 13.991248, -1.280879, 0.012150, 0.301781, -0.008726, 0.837696, 0.113438, -23.138308, 12.870389, -34.379910, 2.151995, 0.839948, -0.090913, 0.001873, 14.965820, 9.320068, 142.822266
-0.001745, 0.164049, 1043.000000, 0.047120, 2000.000000, 1000.000000, 14.681839, 12.790430, 14.158188, 14.369543, -0.525691, 0.263865, 0.420014, -0.008726, 0.820244, 0.235602, -16.514591, 11.336328, -36.181698, 0.867294, 0.397866, -0.047238, 0.002385, 14.797852, 16.760254, 254.028305
-0.015707, 0.153578, 1050.000000, 0.047120, 2000.000000, 1000.000000, 15.161647, 14.197150, 15.362702, 15.278501, -0.220074, 0.320601, 0.262174, -0.078534, 0.767888, 0.235602, -15.015018, 11.186924, -36.418289, 0.284598, 0.252991, 0.060353, 0.002335, 14.668945, 20.199585, 303.527832
-0.034904, 0.143106, 1053.000000, 0.045375, 2000.000000, 1000.000000, 15.613716, 13.927570, 14.927965, 15.530748, -0.572232, 0.229356, 0.270841, -0.174520, 0.715532, 0.226876, -13.516037, 11.064300, -36.573238, 0.778878, 0.348864, 0.045440, 0.001774, 14.809570, 14.559937, 220.825180
-0.045375, 0.151832, 1064.000000, 0.022688, 2000.000000, 1000.000000, 17.014965, 14.502177, 15.169650, 17.313210, -1.164086, 0.241430, 0.092308, -0.226876, 0.759162, 0.113438, -8.246877, 9.026637, -37.266811, 1.699261, 0.376561, 0.051831, 0.002241, 14.633789, 21.600342, 323.425262
-0.061082, 0.151832, 1064.000000, 0.017452, 2000.000000, 1000.000000, 16.912918, 14.599606, 15.234945, 17.252529, -1.082724, 0.243737, 0.073932, -0.305410, 0.759162, 0.087260, -3.992995, 7.112626, -37.755264, 1.480883, 0.372300, 0.037983, 0.002336, 14.715820, 18.121338, 272.888184
-0.061082, 0.139616, 1065.000000, 0.026178, 2000.000000, 1000.000000, 16.755171, 14.975211, 15.689017, 16.580603, -0.667886, 0.134809, 0.222094, -0.305410, 0.698080, 0.130890, -0.960639, 6.158881, -38.051853, 0.804444, 0.490544, -0.018476, 0.001823, 14.805664, 14.199829, 215.332016
-0.069808, 0.113438, 1070.000000, 0.024433, 2000.000000, 1000.000000, 17.812151, 16.262625, 16.844622, 17.080603, -0.446377, -0.037387, 0.328387, -0.349040, 0.567190, 0.122164, 2.147881, 7.076299, -38.546890, 0.390059, 0.645006, -0.099435, 0.001960, 14.797852, 14.199829, 215.209946
-0.069808, 0.099476, 1070.000000, 0.015707, 2000.000000, 1000.000000, 18.098104, 15.599546, 16.759130, 17.543219, -0.820662, 0.151175, 0.428618, -0.349040, 0.497382, 0.078534, 4.401204, 6.933164, -39.251411, 0.996191, 0.258318, -0.210222, 0.002453, 14.801758, 13.919067, 210.998520
-0.071553, 0.095986, 1070.000000, 0.012216, 2000.000000, 1000.000000, 17.630392, 15.062991, 16.899382, 18.407232, -1.018813, 0.653307, 0.264887, -0.357766, 0.479930, 0.061082, 6.567011, 4.483241, -39.939278, 1.347726, -0.605606, -0.118610, 0.001755, 14.602539, 22.680664, 338.928192
-0.073298, 0.099476, 1070.000000, 0.022688, 2000.000000, 1000.000000, 17.415987, 14.792428, 17.278250, 18.513334, -0.964660, 0.895793, 0.347119, -0.366492, 0.497382, 0.113438, 7.745068, 0.211001, -40.369427, 1.230547, -0.980577, -0.120741, 0.002136, 14.625977, 21.640015, 324.035614
-0.111693, 0.097731, 1070.000000, 0.076789, 2000.000000, 1000.000000, 18.246044, 15.815288, 16.729527, 17.209141, -0.727593, -0.030667, 0.487786, -0.558464, 0.488656, 0.383944, 9.882951, -3.194847, -40.305393, 0.641460, 0.549133, 0.057157, 0.002196, 14.708008, 19.961548, 299.194336
-0.136126, 0.083770, 1070.000000, 0.104712, 2000.000000, 1000.000000, 18.665440, 16.058678, 16.403351, 16.872532, -0.768986, -0.362058, 0.534396, -0.680628, 0.418848, 0.523560, 12.729839, -2.411410, -39.921329, 0.590327, 1.041282, 0.165814, 0.001749, 14.629883, 20.559692, 307.922363
-0.141361, 0.087260, 1070.000000, 0.120419, 2000.000000, 1000.000000, 18.042284, 15.686784, 16.904043, 17.366888, -0.704587, 0.135466, 0.473164, -0.706806, 0.436300, 0.602094, 14.986270, -1.715565, -39.211746, 0.446518, 0.223164, 0.287253, 0.002262, 14.684570, 18.161011, 273.132324
-0.127400, 0.099476, 1070.000000, 0.153578, 2000.000000, 1000.000000, 17.114656, 14.905821, 18.008314, 17.971209, -0.542933, 0.989762, 0.561485, -0.636998, 0.497382, 0.767888, 14.515564, -4.572018, -37.839344, 0.249445, -1.130779, 0.394844, 0.002304, 14.672852, 18.560791, 278.930664
-0.120419, 0.130890, 1062.000000, 0.157068, 2000.000000, 1000.000000, 16.148117, 14.210771, 16.662861, 16.978252, -0.563185, 0.820557, 0.405488, -0.602094, 0.654450, 0.785340, 13.487967, -7.118736, -36.735363, 0.331470, -0.708936, 0.518414, 0.001760, 14.754883, 16.000366, 250.732407
-0.134380, 0.129145, 1049.000000, 0.162304, 2000.000000, 1000.000000, 15.360660, 12.518910, 13.895194, 14.225236, -0.792948, 0.060215, 0.627927, -0.671902, 0.645724, 0.811518, 15.042810, -8.550466, -34.627502, 0.637199, 0.557655, 0.392714, 0.002321, 14.946289, 8.801270, 134.887695
-0.191972, 0.113438, 1048.000000, 0.179756, 2000.000000, 1000.000000, 15.888820, 12.516530, 13.658193, 13.936458, -0.912639, -0.202675, 0.773507, -0.959860, 0.567190, 0.898778, 17.673185, -7.707750, -33.206753, 0.546652, 0.919843, 0.382061, 0.002156, 14.954102, 8.840942, 135.314941
-0.209424, 0.111693, 1046.000000, 0.193717, 2000.000000, 1000.000000, 15.660513, 12.654062, 13.942369, 13.743055, -0.701784, -0.157287, 0.801441, -1.047120, 0.558464, 0.968586, 19.766762, -6.139791, -31.877623, 0.108831, 0.839948, 0.433193, 0.001822, 14.922852, 10.321045, 157.592773
-0.209424, 0.118674, 1046.000000, 0.197208, 2000.000000, 1000.000000, 15.026660, 12.932782, 14.170289, 13.870269, -0.448464, 0.020279, 0.598475, -1.047120, 0.593368, 0.986038, 20.426544, -4.254630, -30.409161, -0.321533, 0.572569, 0.588721, 0.002195, 14.883789, 11.041260, 168.273911
-0.197208, 0.120419, 1047.000000, 0.195462, 2000.000000, 1000.000000, 14.609826, 12.997548, 14.432445, 13.960181, -0.285004, 0.196313, 0.521135, -0.986038, 0.602094, 0.977312, 19.408186, -1.967951, -27.744637, -0.530324, 0.288145, 0.632397, 0.002284, 14.887695, 11.199951, 170.715317
-0.198953, 0.125654, 1046.000000, 0.184991, 2000.000000, 1000.000000, 14.944494, 12.755262, 14.171993, 14.128250, -0.536372, 0.150122, 0.558244, -0.994764, 0.628272, 0.924956, 19.009708, -0.732778, -26.224968, -0.119134, 0.392540, 0.554633, 0.001895, 14.918945, 10.119629, 154.602051
-0.214660, 0.123909, 1047.000000, 0.167539, 2000.000000, 1000.000000, 15.130116, 12.762324, 13.632329, 14.475230, -0.802673, 0.053779, 0.381222, -1.073298, 0.619546, 0.837696, 19.780043, 0.308643, -24.645672, 0.246249, 0.543807, 0.586591, 0.002135, 14.879883, 11.761475, 179.077133
-0.246073, 0.111693, 1047.000000, 0.158813, 2000.000000, 1000.000000, 14.735629, 13.017150, 13.800042, 14.447179, -0.591404, 0.123611, 0.267835, -1.230366, 0.558464, 0.794066, 20.780149, 2.113121, -22.183985, -0.270401, 0.364843, 0.619614, 0.002221, 14.915039, 11.718750, 178.710922
-0.246073, 0.101222, 1047.000000, 0.144852, 2000.000000, 1000.000000, 14.201405, 13.294682, 14.392195, 14.111719, -0.156562, 0.251957, 0.296800, -1.230366, 0.506108, 0.724258, 19.228226, 3.377624, -20.562374, -1.000102, 0.094268, 0.530132, 0.001768, 14.856445, 11.801147, 179.504379
-0.239092, 0.076789, 1046.000000, 0.073298, 2000.000000, 1000.000000, 13.792629, 13.585991, 14.195944, 14.425436, -0.109033, 0.310690, -0.005713, -1.195462, 0.383944, 0.366492, 14.748798, 4.773547, -18.300161, -1.039517, -0.126240, 0.373539, 0.002348, 14.899414, 11.199951, 170.898422
-0.228621, 0.066318, 1044.000000, 0.027923, 2000.000000, 1000.000000, 13.876600, 13.455263, 13.984095, 14.684042, -0.280321, 0.334068, -0.069653, -1.143106, 0.331588, 0.139616, 12.362050, 5.055483, -17.361111, -0.700765, -0.218918, 0.188184, 0.002200, 14.903320, 10.958862, 167.114243
-0.214660, 0.066318, 1045.000000, 0.052356, 2000.000000, 1000.000000, 14.450912, 12.778140, 14.314305, 14.456643, -0.453777, 0.385474, 0.382608, -1.073298, 0.331588, 0.261780, 10.900496, 4.836144, -17.018936, -0.336447, -0.310530, 0.003895, 0.001783, 14.875977, 11.599731, 176.818832
-0.218150, 0.068063, 1045.000000, 0.080279, 2000.000000, 1000.000000, 14.453862, 12.436423, 14.615195, 14.494519, -0.474190, 0.554857, 0.534529, -1.090750, 0.340314, 0.401396, 9.678523, 3.859790, -16.861042, -0.322598, -0.580040, 0.042244, 0.002226, 14.891602, 10.958862, 163.513168
-0.223386, 0.068063, 1046.000000, 0.087260, 2000.000000, 1000.000000, 14.128476, 12.548316, 14.953542, 14.369666, -0.249071, 0.661604, 0.541009, -1.116928, 0.340314, 0.436300, 6.861552, 1.697885, -16.482639, -0.725266, -0.755808, 0.073136, 0.002337, 14.887695, 11.401367, 173.828110
-0.225131, 0.069808, 1046.000000, 0.083770, 2000.000000, 1000.000000, 13.849980, 12.878497, 15.133721, 14.137801, 0.006110, 0.635761, 0.491851, -1.125654, 0.349040, 0.418848, 3.825300, 0.548815, -16.229288, -1.167348, -0.717458, 0.088050, 0.001749, 14.875977, 11.761475, 179.199203
-0.225131, 0.071553, 1046.000000, 0.083770, 2000.000000, 1000.000000, 14.028828, 13.159458, 14.900520, 13.911194, 0.029989, 0.405857, 0.464674, -1.125654, 0.357766, 0.418848, 0.164956, 0.085938, -15.951094, -1.201436, -0.313726, 0.107225, 0.002198, 14.930664, 9.399414, 143.798828
-0.223386, 0.073298, 1045.000000, 0.083770, 2000.000000, 1000.000000, 14.607413, 12.799598, 14.240527, 14.352462, -0.479938, 0.296495, 0.423971, -1.116928, 0.366492, 0.418848, -2.887853, 0.557716, -15.520964, -0.340708, -0.120914, 0.134921, 0.002279, 14.899414, 10.559082, 161.132797
-0.225131, 0.076789, 1045.000000, 0.094241, 2000.000000, 1000.000000, 14.566236, 12.423400, 14.382775, 14.627589, -0.596913, 0.505182, 0.474506, -1.125654, 0.383944, 0.471204, -3.588352, -0.103533, -15.139781, -0.147896, -0.459666, 0.153031, 0.001764, 14.899414, 10.800171, 164.794907
-0.223386, 0.090750, 1046.000000, 0.113438, 2000.000000, 1000.000000, 14.279817, 12.459237, 14.801932, 14.459014, -0.369415, 0.630473, 0.540875, -1.116928, 0.453752, 0.567190, -5.512360, -1.954238, -14.464469, -0.524997, -0.587497, 0.205228, 0.002351, 14.891602, 10.879517, 165.893539
-0.230366, 0.094241, 1046.000000, 0.111693, 2000.000000, 1000.000000, 14.191842, 12.728370, 14.853377, 14.226411, -0.209126, 0.539894, 0.522609, -1.151832, 0.471204, 0.558464, -7.621209, -2.733820, -14.029018, -0.830726, -0.427708, 0.208424, 0.001786, 14.883789, 11.279297, 171.874985
-0.228621, 0.094241, 1046.000000, 0.078534, 2000.000000, 1000.000000, 13.923070, 13.322190, 14.658803, 14.095937, -0.009503, 0.377370, 0.290936, -1.143106, 0.471204, 0.392670, -10.522354, -2.831410, -13.617627, -1.158826, -0.153937, 0.198837, 0.001833, 14.879883, 11.639404, 178.527817
-0.216405, 0.092496, 1046.000000, 0.066318, 2000.000000, 1000.000000, 14.236750, 13.289509, 14.411209, 14.062532, -0.149641, 0.236870, 0.323979, -1.082024, 0.462478, 0.331588, -14.911456, -1.802197, -13.334444, -0.857358, 0.078289, 0.114681, 0.002314, 14.887695, 11.560059, 176.086411
-0.204188, 0.101222, 1049.000000, 0.048866, 2000.000000, 1000.000000, 14.292290, 13.151958, 13.942032, 14.613720, -0.453005, 0.277876, 0.117161, -1.020942, 0.506108, 0.244328, -16.313055, -1.213412, -12.980233, -0.287445, 0.053788, 0.166879, 0.002284, 14.860352, 12.521362, 190.490707
-0.198953, 0.127400, 1052.000000, 0.024433, 2000.000000, 1000.000000, 15.299879, 13.852940, 14.769135, 16.078047, -0.688963, 0.423591, 0.034506, -0.994764, 0.636998, 0.122164, -16.336374, -1.142504, -12.594401, 0.135462, -0.055933, 0.099768, 0.001759, 14.782227, 15.161133, 229.431137
-0.200698, 0.136126, 1051.000000, 0.001745, 2000.000000, 1000.000000, 14.797085, 14.135914, 15.242636, 15.824366, -0.310725, 0.533501, 0.019860, -1.003490, 0.680628, 0.008726, -16.507465, -1.804688, -12.407855, -0.507953, -0.186960, -0.004627, 0.002433, 14.778320, 16.040039, 242.675766
-0.200698, 0.134380, 1051.000000, 0.001745, 2000.000000, 1000.000000, 14.835766, 14.562744, 15.474836, 15.126654, 0.018791, 0.300745, 0.155301, -1.003490, 0.671902, 0.008726, -18.765648, -1.282001, -12.649695, -1.057626, 0.188011, -0.096240, 0.002265, 14.817383, 14.001465, 212.402328
-0.197208, 0.134380, 1052.000000, 0.001745, 2000.000000, 1000.000000, 15.359655, 14.571814, 15.108898, 14.959633, -0.159645, 0.034265, 0.234277, -0.986038, 0.671902, 0.008726, -21.051765, 0.455887, -13.054831, -0.746571, 0.632223, -0.150568, 0.001783, 14.801758, 14.440918, 218.933090
-0.181501, 0.137871, 1052.000000, 0.000000, 2000.000000, 1000.000000, 15.586410, 14.044066, 14.861489, 15.508035, -0.547222, 0.184762, 0.223950, -0.907504, 0.689354, 0.000000, -21.791759, 3.058062, -13.511703, -0.019000, 0.398932, -0.151633, 0.002212, 14.825195, 14.160156, 214.721664
-0.181501, 0.144852, 1051.000000, 0.000000, 2000.000000, 1000.000000, 15.564519, 13.659867, 15.153720, 15.621894, -0.593206, 0.387807, 0.359119, -0.907504, 0.724258, 0.000000, -21.630201, 3.649402, -14.073318, 0.060894, 0.092137, -0.244310, 0.001752, 14.805664, 14.761353, 223.693832
-0.181501, 0.148342, 1052.000000, 0.003490, 2000.000000, 1000.000000, 15.304483, 14.433208, 14.818298, 15.444010, -0.374247, 0.131154, 0.061391, -0.907504, 0.741710, 0.017452, -22.225374, 4.688272, -14.568195, -0.308750, 0.539546, -0.023802, 0.002334, 14.821289, 13.519287, 205.200180
-0.179756, 0.144852, 1052.000000, 0.010471, 2000.000000, 1000.000000, 15.598922, 14.756263, 14.608562, 15.036254, -0.317588, -0.177592, 0.103742, -0.898778, 0.724258, 0.052356, -22.584410, 7.025685, -14.553279, -0.391840, 1.034890, -0.017411, 0.002141, 14.825195, 13.400269, 203.430161
-0.150087, 0.143106, 1053.000000, 0.026178, 2000.000000, 1000.000000, 15.532860, 14.985001, 14.785782, 14.696358, -0.114609, -0.258930, 0.159321, -0.750436, 0.715532, 0.130890, -22.942768, 10.222878, -14.517041, -0.573999, 1.160591, 0.024135, 0.002260, 14.848633, 12.838745, 195.129379
-0.146597, 0.141361, 1068.000000, 0.055846, 2000.000000, 1000.000000, 16.438053, 15.650967, 15.891960, 16.019020, -0.228537, -0.044509, 0.165007, -0.732984, 0.706806, 0.279232, -23.477879, 13.244838, -14.118517, -0.369470, 0.797338, 0.170075, 0.002175, 14.665039, 19.400024, 291.381836
-0.136126, 0.141361, 1069.000000, 0.092496, 2000.000000, 1000.000000, 16.202875, 14.390588, 16.557047, 16.849489, -0.526183, 0.703268, 0.379961, -0.680628, 0.706806, 0.462478, -23.517799, 14.034111, -13.283238, 0.178073, -0.443687, 0.209489, 0.002184, 14.481445, 25.479126, 378.295868
-0.120419, 0.132635, 1069.000000, 0.113438, 2000.000000, 1000.000000, 16.387081, 13.957877, 16.609509, 17.045532, -0.716307, 0.827521, 0.498296, -0.602094, 0.663176, 0.567190, -22.690702, 11.978003, -12.836116, 0.578610, -0.698284, 0.235056, 0.002152, 14.540039, 26.721191, 397.521942
-0.106457, 0.116928, 1071.000000, 0.120419, 2000.000000, 1000.000000, 17.976295, 15.507646, 17.004902, 17.511158, -0.743727, 0.258029, 0.490598, -0.532286, 0.584642, 0.602094, -20.987120, 10.579103, -12.486286, 0.690462, 0.166705, 0.275535, 0.002159, 14.598633, 21.319580, 318.725586
-0.104712, 0.094241, 1070.000000, 0.122164, 2000.000000, 1000.000000, 18.253592, 16.641554, 16.321917, 16.782938, -0.518265, -0.447573, 0.287753, -0.523560, 0.471204, 0.610820, -18.029419, 13.771316, -11.631173, 0.330405, 1.225572, 0.421476, 0.002182, 14.637695, 19.158936, 287.231445
-0.097731, 0.087260, 1070.000000, 0.122164, 2000.000000, 1000.000000, 17.794733, 16.145960, 16.616720, 17.442587, -0.618660, 0.029654, 0.205727, -0.488656, 0.436300, 0.610820, -16.444246, 15.803073, -10.833823, 0.533869, 0.399997, 0.477934, 0.001750, 14.563477, 21.960449, 345.031708
-0.097731, 0.085515, 1070.000000, 0.090750, 2000.000000, 1000.000000, 16.976925, 15.458896, 17.155136, 18.409042, -0.692984, 0.782089, 0.066031, -0.488656, 0.427574, 0.453752, -14.413966, 13.562696, -9.597079, 0.651047, -0.859138, 0.412954, 0.002307, 14.508789, 24.520874, 364.379852
-0.092496, 0.075044, 1066.000000, 0.048866, 2000.000000, 1000.000000, 16.500196, 14.815311, 15.294441, 17.390051, -0.945124, 0.342246, -0.102681, -0.462478, 0.375218, 0.244328, -12.207470, 11.597056, -9.091846, 1.097390, -0.185895, 0.316015, 0.002249, 14.778320, 12.600708, 190.673813
-0.082024, 0.082024, 1044.000000, 0.001745, 2000.000000, 1000.000000, 14.934378, 13.502537, 12.577288, 14.985798, -0.960088, -0.218457, -0.244167, -0.410122, 0.410122, 0.008726, -8.762225, 12.055767, -9.114083, 1.203916, 0.790946, 0.175401, 0.001783, 15.012695, 5.599976, 86.120598
-0.062827, 0.092496, 1041.000000, 0.001745, 2000.000000, 1000.000000, 15.003351, 13.584621, 13.092722, 14.319305, -0.661328, -0.293987, 0.048037, -0.314136, 0.462478, 0.008726, -5.375557, 14.264461, -9.730700, 0.786335, 0.964583, -0.023802, 0.002237, 14.887695, 10.879517, 165.832504
-0.076789, 0.102967, 1042.000000, 0.045375, 2000.000000, 1000.000000, 14.355567, 12.664094, 14.411530, 14.568809, -0.462188, 0.490170, 0.383548, -0.383944, 0.514834, 0.226876, -2.731583, 15.205604, -10.532393, 0.381537, -0.292421, -0.031259, 0.002294, 14.875977, 11.318970, 172.302231
-0.076789, 0.106457, 1042.000000, 0.050611, 2000.000000, 1000.000000, 14.097650, 12.263139, 14.499002, 15.140210, -0.618930, 0.819606, 0.298325, -0.383944, 0.532286, 0.253054, -1.705635, 13.256890, -10.724469, 0.641460, -0.827180, 0.052896, 0.002178, 14.825195, 13.000488, 197.326645
-0.095986, 0.104712, 1043.000000, 0.057592, 2000.000000, 1000.000000, 14.501929, 12.045197, 14.348643, 15.104230, -0.803080, 0.726436, 0.425287, -0.479930, 0.523560, 0.287958, 0.079143, 10.604340, -10.985462, 0.855577, -0.682305, 0.001764, 0.002139, 14.852539, 12.200928, 185.485825
-0.127400, 0.089005, 1043.000000, 0.062827, 2000.000000, 1000.000000, 15.422942, 12.305398, 13.618861, 14.652799, -1.037871, 0.135830, 0.520902, -0.636998, 0.445026, 0.314136, 3.836325, 8.844804, -11.691040, 1.082477, 0.227425, -0.036585, 0.002206, 14.883789, 10.479736, 159.729004
-0.137871, 0.082024, 1043.000000, 0.062827, 2000.000000, 1000.000000, 15.303221, 12.600368, 13.470573, 14.625837, -0.964529, 0.048205, 0.386897, -0.689354, 0.410122, 0.314136, 6.599911, 9.154055, -12.021821, 0.921623, 0.339277, 0.053962, 0.001782, 14.875977, 11.199951, 170.593246
-0.136126, 0.064572, 1045.000000, 0.062827, 2000.000000, 1000.000000, 14.883396, 12.646513, 13.718569, 14.751522, -0.817459, 0.235045, 0.300983, -0.680628, 0.322862, 0.314136, 8.743151, 9.058106, -12.084937, 0.678744, -0.064456, 0.112551, 0.001892, 14.907227, 9.399414, 143.493652
-0.136126, 0.054101, 1047.000000, 0.073298, 2000.000000, 1000.000000, 14.619679, 12.383061, 14.135196, 14.862063, -0.740871, 0.498630, 0.377438, -0.680628, 0.270506, 0.366492, 10.535687, 7.012047, -11.911413, 0.542391, -0.556605, 0.113616, 0.002312, 14.879883, 11.199951, 170.593246
-0.132635, 0.045375, 1050.000000, 0.071553, 2000.000000, 1000.000000, 15.910952, 13.326500, 14.634655, 16.127892, -1.019422, 0.381274, 0.272803, -0.663176, 0.226876, 0.357766, 12.319103, 5.242187, -11.685857, 1.012170, -0.401077, 0.176466, 0.002259, 14.852539, 11.560059, 175.109848
-0.132635, 0.048866, 1050.000000, 0.076789, 2000.000000, 1000.000000, 16.199751, 13.125314, 14.614055, 16.060883, -1.130316, 0.337469, 0.406903, -0.663176, 0.244328, 0.383944, 15.346367, 3.690464, -11.536781, 1.217764, -0.314791, 0.111486, 0.001862, 14.852539, 11.639404, 177.124008
-0.137871, 0.052356, 1050.000000, 0.106457, 2000.000000, 1000.000000, 15.865237, 13.064065, 15.207475, 15.863222, -0.864230, 0.535349, 0.536356, -0.689354, 0.261780, 0.532286, 19.303947, 0.941596, -11.179648, 0.729876, -0.620520, 0.174336, 0.002244, 14.770508, 15.438843, 233.398422
-0.137871, 0.059337, 1053.000000, 0.137871, 2000.000000, 1000.000000, 15.663953, 13.020997, 15.709733, 15.605317, -0.634635, 0.657525, 0.686843, -0.689354, 0.296684, 0.689354, 19.975512, -1.202897, -10.623607, 0.346383, -0.787766, 0.230794, 0.002221, 14.813477, 13.360596, 202.697739
-0.136126, 0.069808, 1053.000000, 0.150087, 2000.000000, 1000.000000, 15.851192, 12.950562, 15.686206, 15.512040, -0.681616, 0.599123, 0.768698, -0.680628, 0.349040, 0.750436, 20.524231, -3.376547, -9.954902, 0.446518, -0.647151, 0.236121, 0.001847, 14.844727, 11.761475, 178.710922
-0.165794, 0.082024, 1054.000000, 0.171030, 2000.000000, 1000.000000, 16.075315, 13.066868, 15.314510, 15.543307, -0.809311, 0.428909, 0.694913, -0.828970, 0.410122, 0.855148, 22.555542, -5.544354, -8.610312, 0.492324, -0.291355, 0.392714, 0.002312, 14.774414, 15.121460, 228.820786
-0.191972, 0.089005, 1053.000000, 0.169284, 2000.000000, 1000.000000, 15.706660, 13.553451, 15.414348, 15.325541, -0.516101, 0.369945, 0.560504, -0.959860, 0.445026, 0.846422, 23.038103, -6.209619, -7.363703, -0.121265, -0.160329, 0.474739, 0.002165, 14.813477, 13.558960, 205.810532
-0.191972, 0.094241, 1054.000000, 0.146597, 2000.000000, 1000.000000, 15.241241, 14.077938, 15.655533, 15.025288, -0.133264, 0.340410, 0.448387, -0.959860, 0.471204, 0.732984, 21.776064, -6.401088, -6.285572, -0.762550, -0.086826, 0.436389, 0.001911, 14.805664, 15.719604, 237.731918
-0.197208, 0.102967, 1054.000000, 0.120419, 2000.000000, 1000.000000, 14.622631, 14.171282, 16.236206, 14.969881, 0.203744, 0.603043, 0.429419, -0.986038, 0.514834, 0.602094, 16.870422, -6.791168, -5.321986, -1.345246, -0.471384, 0.317080, 0.002349, 14.790039, 14.318848, 216.796860
-0.198953, 0.106457, 1052.000000, 0.101222, 2000.000000, 1000.000000, 14.656484, 13.812020, 15.833676, 15.697820, -0.177152, 0.765748, 0.245080, -0.994764, 0.532286, 0.506108, 13.769962, -8.227625, -4.828519, -0.724201, -0.724915, 0.344777, 0.002313, 14.844727, 11.599731, 176.330551
-0.197208, 0.101222, 1052.000000, 0.092496, 2000.000000, 1000.000000, 15.292030, 13.379936, 15.310957, 16.017075, -0.654553, 0.664016, 0.301494, -0.986038, 0.506108, 0.462478, 12.831861, -9.977234, -4.170498, 0.084330, -0.596019, 0.262752, 0.001757, 14.793945, 14.199829, 215.087875
-0.198953, 0.099476, 1053.000000, 0.069808, 2000.000000, 1000.000000, 15.162243, 13.953880, 15.231009, 15.652868, -0.407556, 0.441938, 0.196625, -0.994764, 0.497382, 0.349040, 12.950924, -11.723899, -3.189047, -0.340708, -0.224244, 0.219077, 0.002283, 14.817383, 13.241577, 200.927719
-0.198953, 0.095986, 1053.000000, 0.050611, 2000.000000, 1000.000000, 14.690837, 14.700187, 15.435328, 15.173648, 0.067757, 0.304488, 0.063083, -0.994764, 0.479930, 0.253054, 10.845950, -11.813804, -3.045646, -1.128998, -0.013323, 0.212685, 0.002331, 14.809570, 13.720703, 208.007797
-0.183246, 0.095986, 1052.000000, 0.008726, 2000.000000, 1000.000000, 14.184308, 15.250791, 15.727366, 14.837535, 0.489078, 0.282450, -0.044163, -0.916230, 0.479930, 0.043630, 6.620495, -11.479771, -3.559267, -1.761762, 0.018635, 0.074202, 0.001845, 14.786133, 14.559937, 220.520004
-0.162304, 0.102967, 1052.000000, -0.001745, 2000.000000, 1000.000000, 14.346542, 14.117741, 16.040037, 15.495680, 0.078889, 0.767859, 0.193290, -0.811518, 0.514834, -0.008726, 0.041539, -12.373655, -5.160528, -0.966014, -0.753677, -0.139915, 0.001986, 14.758789, 15.078735, 227.905258
-0.160558, 0.115183, 1052.000000, -0.001745, 2000.000000, 1000.000000, 14.910536, 13.385038, 15.644056, 16.060369, -0.485453, 0.852213, 0.277296, -0.802792, 0.575916, -0.008726, -1.345437, -14.550551, -5.936008, -0.014739, -0.822919, -0.196374, 0.002310, 14.840820, 12.039185, 220.703110
-0.153578, 0.120419, 1052.000000, -0.001745, 2000.000000, 1000.000000, 15.704280, 13.367578, 15.307467, 15.620675, -0.662477, 0.464072, 0.505873, -0.767888, 0.602094, -0.008726, -0.632255, -15.951070, -6.517530, 0.327209, -0.161394, -0.352967, 0.001795, 14.805664, 13.198853, 200.195297
-0.157068, 0.122164, 1052.000000, 0.000000, 2000.000000, 1000.000000, 15.894142, 14.060110, 15.242344, 14.803404, -0.348773, 0.022874, 0.568243, -0.785340, 0.610820, 0.000000, -0.080129, -15.294056, -7.417858, -0.220334, 0.586417, -0.384924, 0.002171, 14.813477, 13.439941, 203.674301
-0.132635, 0.137871, 1052.000000, 0.010471, 2000.000000, 1000.000000, 15.927099, 14.341005, 15.829201, 13.902695, 0.085103, -0.134052, 0.878150, -0.663176, 0.689354, 0.052356, -1.963589, -11.453620, -9.731987, -0.820074, 0.926234, -0.541517, 0.002199, 14.793945, 13.519287, 204.895004
-0.108202, 0.157068, 1052.000000, 0.010471, 2000.000000, 1000.000000, 15.737013, 14.071629, 16.129023, 14.062336, 0.100326, 0.095679, 0.933018, -0.541012, 0.785340, 0.052356, -3.779221, -9.052655, -11.597527, -0.727396, 0.646071, -0.581997, 0.001748, 14.754883, 16.000366, 241.699203
-0.089005, 0.162304, 1052.000000, 0.010471, 2000.000000, 1000.000000, 16.182022, 13.606674, 15.583565, 14.627739, -0.404881, 0.105652, 0.882793, -0.445026, 0.811518, 0.052356, -4.591889, -6.650984, -14.035937, 0.212161, 0.652463, -0.543648, 0.002398, 14.786133, 15.481567, 234.313950
-0.104712, 0.162304, 1052.000000, 0.013962, 2000.000000, 1000.000000, 16.409189, 13.678898, 15.224577, 14.687336, -0.548262, -0.044044, 0.816883, -0.523560, 0.811518, 0.069808, -3.097295, -4.791307, -15.310764, 0.377276, 0.902798, -0.482928, 0.002154, 14.797852, 13.641357, 206.603989
-0.109948, 0.158813, 1052.000000, 0.022688, 2000.000000, 1000.000000, 16.005257, 13.861217, 15.494158, 14.639368, -0.322313, 0.066763, 0.749707, -0.549738, 0.794066, 0.113438, -2.019032, -2.788962, -16.433149, -0.023261, 0.704661, -0.395577, 0.001752, 14.801758, 13.601685, 205.993637
-0.118674, 0.153578, 1052.000000, 0.024433, 2000.000000, 1000.000000, 15.295311, 14.135731, 16.078129, 14.490829, 0.106930, 0.284479, 0.686720, -0.593368, 0.767888, 0.122164, -3.270493, -0.352620, -17.832462, -0.782790, 0.313711, -0.341249, 0.002291, 14.786133, 14.599609, 220.886215
-0.118674, 0.157068, 1052.000000, 0.029668, 2000.000000, 1000.000000, 15.426711, 13.887341, 16.033306, 14.652642, -0.039677, 0.342973, 0.730009, -0.593368, 0.785340, 0.148342, -4.838295, 0.865926, -18.798077, -0.543107, 0.233817, -0.344445, 0.002196, 14.790039, 14.239502, 215.576157
-0.116928, 0.162304, 1052.000000, 0.034904, 2000.000000, 1000.000000, 15.778448, 13.936222, 15.326967, 14.958363, -0.368405, 0.142665, 0.552708, -0.584642, 0.811518, 0.174520, -5.225451, 2.164476, -19.475395, 0.015088, 0.593874, -0.199570, 0.001754, 14.821289, 12.240601, 185.791000
-0.120419, 0.157068, 1052.000000, 0.034904, 2000.000000, 1000.000000, 16.161001, 14.020360, 14.871625, 14.947015, -0.554008, -0.090680, 0.516313, -0.602094, 0.785340, 0.174520, -3.385871, 5.106424, -20.265005, 0.301643, 0.951800, -0.172938, 0.002350, 14.782227, 13.879395, 211.975082
-0.116928, 0.153578, 1052.000000, 0.045375, 2000.000000, 1000.000000, 15.737147, 13.903413, 15.299979, 15.059461, -0.398304, 0.179720, 0.518564, -0.584642, 0.767888, 0.226876, -2.035807, 6.698008, -20.807291, 0.065155, 0.487348, -0.121806, 0.002308, 14.754883, 14.239502, 215.209946
-0.120419, 0.153578, 1052.000000, 0.048866, 2000.000000, 1000.000000, 15.252024, 14.361746, 15.625502, 14.760729, -0.006376, 0.193115, 0.438763, -0.602094, 0.767888, 0.244328, -2.305707, 7.892118, -20.963156, -0.607022, 0.463912, -0.051499, 0.001749, 14.774414, 14.401245, 218.017563
-0.115183, 0.148342, 1052.000000, 0.052356, 2000.000000, 1000.000000, 15.500492, 14.969318, 15.244144, 14.286045, 0.106732, -0.234905, 0.372318, -0.575916, 0.741710, 0.261780, -4.245351, 12.238763, -20.699278, -0.764680, 1.144612, 0.012417, 0.002327, 14.805664, 12.881470, 195.190414
-0.116928, 0.139616, 1052.000000, 0.052356, 2000.000000, 1000.000000, 15.821378, 14.866099, 14.746284, 14.566239, -0.193809, -0.343739, 0.283831, -0.584642, 0.698080, 0.261780, -4.383674, 15.794897, -20.537695, -0.275727, 1.283095, 0.072071, 0.002299, 14.829102, 12.438965, 188.781723
-0.111693, 0.122164, 1049.000000, 0.057592, 2000.000000, 1000.000000, 15.093246, 13.537786, 13.589931, 13.779038, -0.436142, -0.315515, 0.341588, -0.558464, 0.610820, 0.287958, -3.076803, 18.911293, -20.747284, 0.165290, 1.160591, 0.058223, 0.001855, 14.782227, 14.279175, 216.003403
-0.101222, 0.113438, 1045.000000, 0.087260, 2000.000000, 1000.000000, 14.745517, 12.605922, 14.402850, 14.245711, -0.495614, 0.324281, 0.574184, -0.506108, 0.567190, 0.436300, -0.792190, 20.793940, -21.152166, 0.312295, 0.035679, 0.050766, 0.001966, 14.872070, 10.958862, 166.931137
-0.101222, 0.101222, 1044.000000, 0.097731, 2000.000000, 1000.000000, 14.406041, 12.474631, 14.853879, 14.265449, -0.335745, 0.559664, 0.629960, -0.506108, 0.506108, 0.488656, -0.787421, 19.949387, -21.016441, 0.040654, -0.417056, 0.065680, 0.002337, 14.868164, 11.080933, 168.701157
-0.099476, 0.082024, 1015.000000, 0.092496, 2000.000000, 1000.000000, 11.331386, 10.081866, 11.660535, 10.926213, -0.128800, 0.293374, 0.495961, -0.497382, 0.410122, 0.462478, -1.522675, 19.358818, -20.478756, -0.291706, -0.074043, 0.129595, 0.001870, 17.090820, 0.039673, 0.671387
-0.097731, 0.064572, 1018.000000, 0.092496, 2000.000000, 1000.000000, 11.612455, 10.578363, 11.229881, 10.579300, -0.095877, -0.095409, 0.421168, -0.488656, 0.322862, 0.462478, -2.175184, 20.356297, -19.842161, -0.339643, 0.489478, 0.180727, 0.002189, 15.114258, 2.481079, 38.391113
-0.094241, 0.059337, 1019.000000, 0.094241, 2000.000000, 1000.000000, 11.593674, 10.584677, 10.992632, 10.829018, -0.211346, -0.089176, 0.293153, -0.471204, 0.296684, 0.471204, -2.426504, 22.755983, -18.816133, -0.128722, 0.453260, 0.276601, 0.002181, 15.063477, 4.199219, 64.208984
-0.099476, 0.061082, 1020.000000, 0.094241, 2000.000000, 1000.000000, 12.303166, 11.321734, 12.167768, 12.207332, -0.255249, 0.187550, 0.235467, -0.497382, 0.305410, 0.471204, -2.500408, 23.412956, -18.026661, -0.079720, -0.002671, 0.316015, 0.001762, 14.883789, 11.279297, 171.874985
-0.099476, 0.064572, 1022.000000, 0.094241, 2000.000000, 1000.000000, 12.103605, 11.055267, 12.286121, 12.555006, -0.329306, 0.420564, 0.194863, -0.497382, 0.322862, 0.471204, -2.776682, 22.820518, -17.003155, 0.044916, -0.378707, 0.343712, 0.001816, 14.946289, 8.401489, 128.601074
-0.101222, 0.068063, 1048.000000, 0.101222, 2000.000000, 1000.000000, 14.144492, 13.012385, 14.083783, 14.759339, -0.451916, 0.421561, 0.114137, -0.506108, 0.340314, 0.506108, -2.633616, 21.015602, -15.545924, 0.238792, -0.357401, 0.433193, 0.002221, 14.700195, 17.160034, 258.422852
-0.102967, 0.068063, 1054.000000, 0.106457, 2000.000000, 1000.000000, 15.322246, 14.159059, 14.924657, 15.594039, -0.458142, 0.259348, 0.123451, -0.514834, 0.340314, 0.532286, -2.061070, 20.273073, -14.505315, 0.243053, -0.086826, 0.454499, 0.001749, 14.692383, 17.678833, 265.991211
-0.104712, 0.064572, 1057.000000, 0.104712, 2000.000000, 1000.000000, 15.304540, 13.950322, 15.376637, 15.368501, -0.336520, 0.372569, 0.340589, -0.523560, 0.322862, 0.523560, -1.627136, 19.343342, -13.226847, 0.021480, -0.287094, 0.297906, 0.002438, 14.790039, 14.199829, 215.026840
-0.108202, 0.055846, 1057.000000, 0.104712, 2000.000000, 1000.000000, 15.314534, 13.996713, 15.360091, 15.328662, -0.321598, 0.344376, 0.337312, -0.541012, 0.279232, 0.523560, -1.904395, 18.568001, -12.279399, -0.019000, -0.287094, 0.300036, 0.002201, 14.762695, 14.678955, 221.923813
-0.104712, 0.054101, 1058.000000, 0.102967, 2000.000000, 1000.000000, 15.329239, 13.931467, 15.263210, 15.476084, -0.402661, 0.369647, 0.296224, -0.523560, 0.270506, 0.514834, -2.095533, 17.741842, -11.413971, 0.133332, -0.342488, 0.319211, 0.001860, 14.750977, 15.280151, 230.712875
-0.104712, 0.047120, 1058.000000, 0.104712, 2000.000000, 1000.000000, 15.250484, 13.658406, 15.275992, 15.815118, -0.532801, 0.545555, 0.263238, -0.523560, 0.235602, 0.523560, -1.804031, 16.312258, -10.538337, 0.351710, -0.666326, 0.350103, 0.002102, 14.793945, 13.360596, 202.514633
-0.104712, 0.029668, 1059.000000, 0.101222, 2000.000000, 1000.000000, 15.253618, 13.196388, 15.262405, 16.287588, -0.770603, 0.774997, 0.258012, -0.523560, 0.148342, 0.506108, 0.041432, 12.026011, -9.506940, 0.745855, -1.135040, 0.336255, 0.002184, 14.774414, 14.080811, 213.012680
-0.104712, 0.031414, 1058.000000, 0.101222, 2000.000000, 1000.000000, 15.406734, 13.414324, 15.379425, 15.799517, -0.603125, 0.589471, 0.393079, -0.523560, 0.157068, 0.506108, 1.322278, 9.163234, -8.979413, 0.475280, -0.829311, 0.244643, 0.001782, 14.801758, 12.640381, 191.589340
-0.104712, 0.031414, 1058.000000, 0.101222, 2000.000000, 1000.000000, 15.570068, 13.942762, 15.112392, 15.374777, -0.472423, 0.243585, 0.341230, -0.523560, 0.157068, 0.506108, 1.898754, 7.609969, -8.364589, 0.252641, -0.248745, 0.279796, 0.001761, 14.813477, 12.960815, 196.594223
-0.097731, 0.034904, 1057.000000, 0.104712, 2000.000000, 1000.000000, 15.574998, 14.175010, 15.014586, 15.235406, -0.405202, 0.124996, 0.294792, -0.488656, 0.174520, 0.523560, 2.570523, 7.460759, -7.093451, 0.173812, -0.028237, 0.328798, 0.002286, 14.805664, 13.119507, 198.913559
-0.095986, 0.040140, 1057.000000, 0.104712, 2000.000000, 1000.000000, 15.198569, 13.873067, 15.341193, 15.587171, -0.392870, 0.464181, 0.269881, -0.479930, 0.200698, 0.523560, 3.143044, 6.597532, -6.309266, 0.169551, -0.572583, 0.345842, 0.001749, 14.793945, 13.879395, 209.716782
-0.097731, 0.038394, 1058.000000, 0.102967, 2000.000000, 1000.000000, 14.859048, 13.943156, 15.332585, 15.865211, -0.362130, 0.598898, 0.095817, -0.488656, 0.191972, 0.514834, 3.345247, 4.576956, -5.221130, 0.106700, -0.810136, 0.455564, 0.001784, 14.825195, 11.880493, 180.297836
-0.104712, 0.040140, 1055.000000, 0.094241, 2000.000000, 1000.000000, 15.104134, 13.911907, 15.165951, 15.818008, -0.461071, 0.491979, 0.135042, -0.523560, 0.200698, 0.471204, 3.713019, 1.452243, -3.469515, 0.231336, -0.613063, 0.384192, 0.002174, 14.786133, 14.401245, 218.017563
-0.120419, 0.033159, 1048.000000, 0.085515, 2000.000000, 1000.000000, 14.340886, 13.049792, 13.713687, 14.895635, -0.618261, 0.304660, 0.027287, -0.602094, 0.165794, 0.427574, 4.622423, 0.149917, -2.410076, 0.417756, -0.340357, 0.412954, 0.002261, 14.918945, 8.761597, 133.789062
-0.129145, 0.022688, 1046.000000, 0.083770, 2000.000000, 1000.000000, 14.330334, 12.990170, 13.872486, 14.807011, -0.568672, 0.339749, 0.101410, -0.645724, 0.113438, 0.418848, 5.508609, -0.870506, -1.335152, 0.294186, -0.455405, 0.354364, 0.001911, 14.887695, 10.519409, 160.278320
-0.130890, 0.003490, 1046.000000, 0.087260, 2000.000000, 1000.000000, 13.919441, 12.755178, 14.446732, 14.878649, -0.399045, 0.662690, 0.183087, -0.654450, 0.017452, 0.436300, 5.980592, -4.142349, -0.075428, -0.003021, -1.089234, 0.316015, 0.002256, 14.872070, 10.400391, 158.386230
-0.109948, -0.001745, 1046.000000, 0.087260, 2000.000000, 1000.000000, 13.797377, 12.809223, 14.678373, 14.715027, -0.256201, 0.696701, 0.237875, -0.549738, -0.008726, 0.436300, 5.694610, -7.255193, 0.700066, -0.135113, -1.169128, 0.278731, 0.002431, 14.879883, 10.400391, 158.508301
-0.106457, -0.001745, 1047.000000, 0.085515, 2000.000000, 1000.000000, 14.199308, 12.857498, 14.495272, 14.447922, -0.323615, 0.471596, 0.347290, -0.532286, -0.008726, 0.427574, 5.457292, -9.909128, 1.275159, -0.001956, -0.804810, 0.195641, 0.001838, 14.887695, 10.321045, 157.287598
-0.085515, -0.001745, 1047.000000, 0.083770, 2000.000000, 1000.000000, 14.798140, 13.255066, 13.927212, 14.019583, -0.408861, -0.026603, 0.362676, -0.427574, -0.008726, 0.418848, 6.044974, -11.193419, 2.110805, 0.247314, 0.035679, 0.176466, 0.002205, 14.872070, 10.598755, 161.376938
-0.082024, -0.001745, 1047.000000, 0.083770, 2000.000000, 1000.000000, 14.996222, 12.963009, 14.005610, 14.035160, -0.515691, 0.020384, 0.500916, -0.410122, -0.008726, 0.418848, 7.034011, -11.009811, 2.630868, 0.441191, -0.042085, 0.082724, 0.002256, 14.903320, 9.680176, 145.874023
-0.083770, 0.000000, 1047.000000, 0.085515, 2000.000000, 1000.000000, 14.582282, 12.836495, 14.361781, 14.219441, -0.400862, 0.290611, 0.472031, -0.418848, 0.000000, 0.427574, 8.016632, -11.686359, 3.018209, 0.247314, -0.490559, 0.110420, 0.001763, 14.852539, 11.480713, 174.621567
-0.085515, 0.000000, 1050.000000, 0.085515, 2000.000000, 1000.000000, 15.130581, 14.128502, 15.537861, 15.203056, -0.166819, 0.370459, 0.334221, -0.427574, 0.000000, 0.427574, 8.178809, -13.255863, 3.502223, -0.159614, -0.614128, 0.205228, 0.002277, 14.836914, 12.039185, 182.983383
-0.085515, 0.001745, 1072.000000, 0.052356, 2000.000000, 1000.000000, 16.625032, 16.261637, 17.870699, 17.242632, 0.066167, 0.556666, 0.247865, -0.427574, 0.008726, 0.261780, 6.596703, -16.333551, 3.745893, -0.547368, -0.913466, 0.096572, 0.002268, 14.461914, 25.521851, 377.807587
-0.085515, 0.000000, 1071.000000, 0.048866, 2000.000000, 1000.000000, 16.979881, 15.939250, 17.914055, 17.166813, -0.073347, 0.540434, 0.446969, -0.427574, 0.000000, 0.244328, 5.384438, -18.949253, 3.434081, -0.318337, -0.910270, -0.056825, 0.001790, 14.583008, 21.240234, 317.199707
-0.094241, 0.000000, 1071.000000, 0.048866, 2000.000000, 1000.000000, 17.336687, 15.792582, 17.663137, 17.207594, -0.272140, 0.435366, 0.499912, -0.471204, 0.000000, 0.244328, 4.992899, -21.295313, 3.032112, -0.027522, -0.733437, -0.093044, 0.001757, 14.598633, 19.961548, 298.278809
-0.094241, 0.001745, 1072.000000, 0.054101, 2000.000000, 1000.000000, 17.198803, 16.443352, 17.596275, 16.761570, 0.019814, 0.178923, 0.397539, -0.471204, 0.008726, 0.270506, 4.210750, -23.368784, 2.626351, -0.511149, -0.289225, 0.003895, 0.002186, 14.618164, 19.760132, 295.593262
-0.092496, 0.001745, 1071.000000, 0.055846, 2000.000000, 1000.000000, 16.987463, 16.464529, 17.600397, 16.947611, 0.032462, 0.274003, 0.293929, -0.462478, 0.008726, 0.279232, 2.670232, -24.365582, 2.098071, -0.527128, -0.446883, 0.082724, 0.002174, 14.633789, 18.679810, 280.029297
-0.090750, 0.010471, 1071.000000, 0.057592, 2000.000000, 1000.000000, 16.998289, 15.945157, 17.674479, 17.382074, -0.190181, 0.528277, 0.336384, -0.453752, 0.052356, 0.287958, 1.594917, -26.316668, 1.916537, -0.150027, -0.833572, 0.062484, 0.001757, 14.586914, 19.961548, 298.217773
-0.073298, 0.045375, 1064.000000, 0.064572, 2000.000000, 1000.000000, 16.182680, 15.128139, 16.696150, 15.993032, -0.087856, 0.344591, 0.439415, -0.366492, 0.226876, 0.322862, 1.345230, -28.979557, 1.879273, -0.225660, -0.340357, 0.028396, 0.002299, 14.750977, 15.200806, 229.492172
-0.061082, 0.080279, 1051.000000, 0.062827, 2000.000000, 1000.000000, 15.208826, 14.482222, 15.698593, 14.610359, 0.090407, 0.154476, 0.453710, -0.305410, 0.401396, 0.314136, 0.146231, -29.152102, 1.362381, -0.470669, 0.152857, 0.009221, 0.001775, 14.856445, 10.879517, 165.527328
-0.062827, 0.109948, 1047.000000, 0.064572, 2000.000000, 1000.000000, 14.083248, 13.603024, 14.971521, 13.342207, 0.287273, 0.156864, 0.527385, -0.314136, 0.549738, 0.322862, -2.083802, -28.453047, 0.262325, -0.801964, 0.299863, -0.032324, 0.002167, 14.911133, 8.761597, 133.728027
-0.073298, 0.130890, 1047.000000, 0.071553, 2000.000000, 1000.000000, 14.316637, 13.363716, 15.056358, 13.263288, 0.210037, 0.159823, 0.686498, -0.366492, 0.654450, 0.357766, -5.873459, -27.094524, -1.885443, -0.725266, 0.402127, -0.104762, 0.002329, 14.836914, 11.480713, 174.499496
-0.073298, 0.132635, 1046.000000, 0.071553, 2000.000000, 1000.000000, 14.935333, 13.212429, 14.670687, 13.181551, -0.058442, -0.073881, 0.803010, -0.366492, 0.663176, 0.357766, -7.311344, -25.324024, -2.944014, -0.278923, 0.806925, -0.185721, 0.001788, 14.864258, 10.519409, 160.095215
-0.075044, 0.130890, 1046.000000, 0.071553, 2000.000000, 1000.000000, 15.561180, 12.998545, 14.306837, 13.133438, -0.347309, -0.279862, 0.934008, -0.375218, 0.654450, 0.357766, -7.212330, -22.521824, -3.633662, 0.201508, 1.146742, -0.275203, 0.001764, 14.817383, 12.200928, 185.180649
-0.073298, 0.118674, 1046.000000, 0.075044, 2000.000000, 1000.000000, 15.703734, 13.043458, 13.890912, 13.361896, -0.532815, -0.373597, 0.797323, -0.366492, 0.593368, 0.375218, -4.959768, -17.660151, -3.892193, 0.513629, 1.228767, -0.162286, 0.002321, 14.848633, 11.679077, 177.490219
-0.069808, 0.120419, 1052.000000, 0.076789, 2000.000000, 1000.000000, 16.124773, 14.306733, 15.361564, 14.206931, -0.165851, -0.215753, 0.743168, -0.349040, 0.602094, 0.383944, -4.086728, -14.614827, -4.068337, -0.079720, 0.973105, -0.115414, 0.002292, 14.649414, 19.079590, 286.132812
-0.055846, 0.123909, 1063.000000, 0.078534, 2000.000000, 1000.000000, 16.395929, 15.462402, 16.936474, 15.205195, 0.199438, 0.070835, 0.666201, -0.279232, 0.619546, 0.392670, -4.973779, -12.473609, -4.536735, -0.621936, 0.518240, -0.055760, 0.001854, 14.536133, 24.600220, 366.210907
-0.026178, 0.122164, 1068.000000, 0.078534, 2000.000000, 1000.000000, 15.833174, 15.709446, 17.074474, 15.382908, 0.391959, 0.228690, 0.453823, -0.130890, 0.610820, 0.392670, -8.074018, -10.928116, -5.190030, -0.783855, 0.245534, 0.089115, 0.002249, 14.680664, 16.079712, 241.882309
-0.024433, 0.109948, 1069.000000, 0.078534, 2000.000000, 1000.000000, 16.507870, 15.779632, 16.206881, 15.505619, -0.006744, -0.143750, 0.357375, -0.122164, 0.549738, 0.392670, -9.245768, -9.438680, -5.054625, -0.117004, 0.806925, 0.154096, 0.001808, 14.704102, 16.439819, 247.497543
-0.036649, 0.099476, 1069.000000, 0.080279, 2000.000000, 1000.000000, 17.281971, 15.721087, 15.425049, 15.571892, -0.426932, -0.501529, 0.353510, -0.183246, 0.497382, 0.401396, -8.313309, -6.308986, -4.470379, 0.520020, 1.341685, 0.165814, 0.002209, 14.688477, 16.799927, 252.624496
-0.038394, 0.097731, 1068.000000, 0.082024, 2000.000000, 1000.000000, 16.465921, 15.736507, 15.866880, 15.930688, -0.198306, -0.101216, 0.166402, -0.191972, 0.488656, 0.410122, -6.220379, -1.901989, -3.371595, 0.134397, 0.668442, 0.301102, 0.002348, 14.750977, 14.520264, 219.299301
-0.027923, 0.095986, 1065.000000, 0.083770, 2000.000000, 1000.000000, 15.693174, 15.645351, 16.638737, 16.022736, 0.142044, 0.330737, 0.165956, -0.139616, 0.479930, 0.418848, -6.520017, -1.155183, -2.563545, -0.380122, -0.061260, 0.310689, 0.001764, 14.684570, 16.079712, 241.882309
-0.001745, 0.101222, 1050.000000, 0.083770, 2000.000000, 1000.000000, 14.924034, 14.588713, 15.652565, 14.834688, 0.120639, 0.243627, 0.288299, -0.008726, 0.506108, 0.418848, -8.407134, -1.524819, -1.512839, -0.211812, 0.113443, 0.227599, 0.002314, 14.848633, 10.720825, 163.024887
-0.001745, 0.089005, 1049.000000, 0.083770, 2000.000000, 1000.000000, 14.745894, 13.549314, 13.866561, 13.838231, -0.292063, -0.147604, 0.306228, -0.008726, 0.445026, 0.418848, -8.070412, -0.440190, -0.912167, 0.478475, 0.700400, 0.214816, 0.002157, 14.743164, 15.481567, 233.825668
-0.003490, 0.071553, 1051.000000, 0.087260, 2000.000000, 1000.000000, 16.255705, 14.398793, 14.281474, 15.064027, -0.659866, -0.327249, 0.268590, -0.017452, 0.357766, 0.436300, -5.799860, 1.813442, -0.269301, 1.086738, 0.915582, 0.258491, 0.001922, 14.723633, 15.881348, 239.318832
-0.010471, 0.054101, 1050.000000, 0.083770, 2000.000000, 1000.000000, 16.007643, 14.329452, 14.427529, 15.235377, -0.621509, -0.168547, 0.217586, -0.052356, 0.270506, 0.418848, -2.629181, 3.921980, 0.367695, 0.983408, 0.558720, 0.275535, 0.002027, 14.731445, 15.240479, 229.797348
-0.005236, 0.052356, 1052.000000, 0.087260, 2000.000000, 1000.000000, 15.065326, 14.647597, 15.541469, 14.745608, 0.094533, 0.143539, 0.303397, -0.026178, 0.261780, 0.436300, -1.198125, 4.827222, 1.342764, -0.185180, 0.029287, 0.235056, 0.002279, 14.774414, 13.720703, 207.519516
-0.003490, 0.047120, 1054.000000, 0.087260, 2000.000000, 1000.000000, 15.295544, 14.674740, 15.175629, 14.854088, -0.074815, 0.014858, 0.235587, -0.017452, 0.235602, 0.436300, -2.148386, 4.992004, 2.657618, 0.104570, 0.215707, 0.280862, 0.002188, 14.770508, 13.439941, 203.186020
-0.003490, 0.048866, 1054.000000, 0.085515, 2000.000000, 1000.000000, 15.854913, 14.310838, 14.609134, 15.225116, -0.540014, -0.082876, 0.232023, -0.017452, 0.244328, 0.427574, -0.752675, 5.943840, 3.289841, 0.881143, 0.388279, 0.274470, 0.002149, 14.762695, 13.800049, 208.496078
-0.003490, 0.054101, 1054.000000, 0.083770, 2000.000000, 1000.000000, 16.248924, 13.858689, 14.593677, 15.298709, -0.773817, -0.053807, 0.421301, -0.017452, 0.270506, 0.418848, 2.452306, 7.144116, 3.464308, 1.282745, 0.368039, 0.137052, 0.001867, 14.758789, 13.681030, 206.787094
-0.003490, 0.057592, 1054.000000, 0.082024, 2000.000000, 1000.000000, 15.855419, 14.107231, 14.783329, 15.254021, -0.554720, 0.018674, 0.319374, -0.017452, 0.287958, 0.410122, 5.723431, 8.161565, 3.525380, 0.904578, 0.262579, 0.197772, 0.002160, 14.762695, 13.839722, 209.289536
-0.003490, 0.059337, 1054.000000, 0.071553, 2000.000000, 1000.000000, 15.215650, 14.635022, 15.436608, 14.712720, 0.035815, 0.074664, 0.326129, -0.017452, 0.296684, 0.357766, 6.861107, 8.895141, 4.033529, -0.077589, 0.179488, 0.140248, 0.002327, 14.778320, 13.079834, 197.875961
-0.003490, 0.055846, 1053.000000, 0.048866, 2000.000000, 1000.000000, 15.051536, 15.010644, 15.046029, 14.891791, 0.028337, -0.031089, 0.048782, -0.017452, 0.279232, 0.244328, 6.533247, 9.530496, 4.584438, -0.063741, 0.337147, 0.213750, 0.001918, 14.778320, 13.800049, 208.801254
-0.003490, 0.050611, 1046.000000, 0.041885, 2000.000000, 1000.000000, 14.443710, 13.664026, 13.803167, 14.089096, -0.266403, -0.053868, 0.123439, -0.017452, 0.253054, 0.209424, 6.908229, 10.486556, 5.058920, 0.432669, 0.352060, 0.127465, 0.001749, 14.911133, 7.919312, 120.910637
-0.003490, 0.045375, 1046.000000, 0.041885, 2000.000000, 1000.000000, 15.050806, 13.342033, 13.764677, 13.842484, -0.446644, -0.196419, 0.407741, -0.017452, 0.226876, 0.209424, 9.591334, 12.515426, 4.566252, 0.728811, 0.559785, -0.065347, 0.002282, 14.840820, 11.840820, 179.931625
-0.003490, 0.040140, 1045.000000, 0.036649, 2000.000000, 1000.000000, 14.723807, 13.668466, 13.712405, 13.895322, -0.309564, -0.196137, 0.218107, -0.017452, 0.200698, 0.183246, 11.166862, 14.203327, 4.168387, 0.498715, 0.533154, 0.036918, 0.002276, 14.883789, 9.521484, 145.080566
-0.013962, 0.036649, 1045.000000, 0.029668, 2000.000000, 1000.000000, 14.240467, 13.760546, 14.025898, 13.973089, -0.106778, -0.000507, 0.133183, -0.069808, 0.183246, 0.148342, 11.814935, 15.160348, 4.184666, 0.107766, 0.189076, 0.059288, 0.001762, 14.836914, 12.161255, 184.692368
-0.054101, 0.022688, 1046.000000, 0.017452, 2000.000000, 1000.000000, 14.034959, 13.688376, 14.097104, 14.179561, -0.107260, 0.138333, 0.066032, -0.270506, 0.113438, 0.087260, 11.657957, 14.803901, 4.562672, -0.096764, -0.115588, 0.043309, 0.002243, 14.825195, 12.600708, 191.223129
-0.087260, 0.005236, 1054.000000, 0.013962, 2000.000000, 1000.000000, 15.466352, 14.701982, 14.878921, 14.952746, -0.209549, -0.084166, 0.172636, -0.436300, 0.026178, 0.069808, 11.442557, 14.863605, 4.609439, -0.099960, 0.165640, -0.046173, 0.002415, 14.711914, 15.560913, 234.374985
-0.095986, 0.003490, 1057.000000, 0.015707, 2000.000000, 1000.000000, 15.144767, 14.922326, 15.321946, 14.610961, 0.122136, -0.033547, 0.233356, -0.479930, 0.017452, 0.078534, 10.292669, 15.174743, 4.762811, -0.695439, 0.075093, -0.079195, 0.001902, 14.750977, 14.001465, 211.486801
-0.094241, 0.001745, 1056.000000, 0.017452, 2000.000000, 1000.000000, 14.832177, 14.893767, 15.365787, 14.908269, 0.129777, 0.137028, 0.098982, -0.471204, 0.008726, 0.087260, 7.059062, 14.428935, 5.582352, -0.695439, -0.218918, 0.020939, 0.002173, 14.809570, 11.999512, 182.006821
-0.102967, 0.001745, 1057.000000, 0.019197, 2000.000000, 1000.000000, 15.511285, 14.389812, 14.735494, 15.363410, -0.437348, 0.049452, 0.123389, -0.514834, 0.008726, 0.095986, 6.415676, 13.863520, 5.797396, 0.196182, -0.074043, 0.013482, 0.002245, 14.758789, 14.361572, 216.979965
-0.104712, -0.001745, 1071.000000, 0.015707, 2000.000000, 1000.000000, 17.763903, 16.351641, 16.492823, 17.391634, -0.577768, -0.057772, 0.128363, -0.523560, -0.008726, 0.078534, 7.496215, 14.047616, 5.553406, 0.427343, 0.087876, -0.007823, 0.002178, 14.633789, 18.920898, 283.386230
-0.102967, -0.003490, 1081.000000, 0.010471, 2000.000000, 1000.000000, 18.645479, 17.532980, 17.595602, 18.225939, -0.435709, -0.089229, 0.120541, -0.514834, -0.017452, 0.052356, 8.560950, 14.507421, 5.206050, 0.203639, 0.131552, -0.029128, 0.001791, 14.461914, 24.441528, 362.182587
-0.085515, -0.001745, 1081.000000, 0.034904, 2000.000000, 1000.000000, 17.875938, 18.082577, 18.355434, 17.686050, 0.219006, 0.020743, 0.115686, -0.427574, -0.008726, 0.174520, 7.384945, 14.533097, 5.596608, -0.800899, -0.043150, 0.097637, 0.001991, 14.493164, 21.600342, 320.800781
-0.076789, -0.001745, 1081.000000, 0.033159, 2000.000000, 1000.000000, 17.884447, 18.274607, 18.180182, 17.660765, 0.227394, -0.079528, 0.032314, -0.383944, -0.008726, 0.165794, 5.026856, 14.334005, 6.580446, -0.768941, 0.123030, 0.145574, 0.002169, 14.458008, 25.201416, 373.107880
-0.080279, -0.001745, 1080.000000, 0.022688, 2000.000000, 1000.000000, 18.645844, 17.674698, 17.432575, 18.246883, -0.446363, -0.160271, 0.039209, -0.401396, -0.008726, 0.113438, 4.415990, 14.890470, 7.011158, 0.336796, 0.261513, 0.088050, 0.001783, 14.481445, 24.719238, 366.699188
-0.097731, -0.001745, 1071.000000, 0.001745, 2000.000000, 1000.000000, 17.759008, 16.154467, 16.381449, 17.705076, -0.732041, 0.043262, 0.070228, -0.488656, -0.008726, 0.008726, 7.249454, 15.668439, 6.343629, 0.710702, -0.080434, -0.038716, 0.002345, 14.665039, 16.360474, 245.605453
-0.108202, -0.001745, 1053.000000, 0.000000, 2000.000000, 1000.000000, 15.311618, 14.328702, 14.930842, 15.428838, -0.370228, 0.179840, 0.121230, -0.541012, -0.008726, 0.000000, 8.289731, 15.153574, 5.900245, 0.067286, -0.312661, -0.082391, 0.001824, 14.891602, 6.921387, 105.590813
-0.113438, -0.001745, 1048.000000, 0.000000, 2000.000000, 1000.000000, 13.974632, 13.523647, 14.488489, 14.013231, 0.006069, 0.250861, 0.231561, -0.567190, -0.008726, 0.000000, 7.601062, 13.876477, 5.755057, -0.592109, -0.434100, -0.158025, 0.001749, 14.954102, 6.240845, 95.520012
-0.123909, -0.001745, 1045.000000, 0.005236, 2000.000000, 1000.000000, 14.659110, 13.865865, 14.026202, 13.448823, -0.053967, -0.262488, 0.342656, -0.619546, -0.008726, 0.026178, 4.796908, 13.460855, 5.543516, -0.543107, 0.428759, -0.205961, 0.002390, 14.852539, 10.119629, 153.930664
-0.132635, -0.001745, 1047.000000, 0.003490, 2000.000000, 1000.000000, 14.976071, 13.975421, 13.641709, 13.406798, -0.191434, -0.475746, 0.308890, -0.663176, -0.008726, 0.017452, 3.476764, 15.088840, 5.374287, -0.357752, 0.786685, -0.192113, 0.002179, 14.864258, 10.119629, 153.991699
-0.155323, -0.003490, 1046.000000, 0.003490, 2000.000000, 1000.000000, 14.852550, 13.900674, 13.775920, 13.470857, -0.161704, -0.376612, 0.314235, -0.776614, -0.017452, 0.017452, 2.072736, 16.960608, 5.226444, -0.526063, 0.618375, -0.196374, 0.001843, 14.864258, 9.240723, 140.625000
-0.171030, -0.013962, 1046.000000, 0.003490, 2000.000000, 1000.000000, 14.055469, 13.816136, 14.468200, 13.660195, 0.142168, 0.064198, 0.261834, -0.855148, -0.069808, 0.017452, -1.822506, 17.411768, 5.671085, -1.113020, -0.178438, -0.160155, 0.002235, 14.836914, 10.919189, 165.832504
-0.172775, -0.019197, 1046.000000, 0.001745, 2000.000000, 1000.000000, 13.891814, 13.642257, 14.590194, 13.875735, 0.116226, 0.232965, 0.241004, -0.863874, -0.095986, 0.008726, -4.851506, 16.131012, 6.154889, -1.077866, -0.487363, -0.154829, 0.002245, 14.860352, 10.198975, 155.090332
-0.172775, -0.031414, 1046.000000, 0.001745, 2000.000000, 1000.000000, 14.167867, 13.325988, 14.358489, 14.147656, -0.157762, 0.253073, 0.263178, -0.863874, -0.157068, 0.008726, -7.055332, 14.453303, 6.277301, -0.623001, -0.588562, -0.170808, 0.001748, 14.786133, 13.800049, 208.801254
-0.150087, -0.041885, 1023.000000, 0.001745, 2000.000000, 1000.000000, 12.413593, 11.026466, 12.109734, 12.450207, -0.431900, 0.279970, 0.261664, -0.750436, -0.209424, 0.008726, -7.911216, 11.795114, 5.819312, -0.045631, -0.681240, -0.168677, 0.002309, 14.922852, 0.878906, 6.774902
-0.150087, -0.059337, 1018.000000, 0.001745, 2000.000000, 1000.000000, 11.370358, 10.074677, 11.004824, 11.550142, -0.460250, 0.277483, 0.187591, -0.750436, -0.296684, 0.008726, -7.721319, 9.871982, 5.365701, 0.002305, -0.767526, -0.118610, 0.002199, 15.125977, 0.961304, 14.892577
-0.141361, -0.073298, 1022.000000, 0.001745, 2000.000000, 1000.000000, 12.198551, 11.288605, 12.109694, 12.403151, -0.300851, 0.256422, 0.154123, -0.706806, -0.366492, 0.008726, -7.782301, 7.760938, 5.100502, -0.218203, -0.809071, -0.096240, 0.001863, 14.930664, 7.800293, 119.201653
-0.109948, -0.083770, 1040.000000, 0.003490, 2000.000000, 1000.000000, 13.711439, 13.548677, 14.593019, 14.146864, 0.070848, 0.369942, 0.152229, -0.549738, -0.418848, 0.017452, -9.335224, 3.833395, 4.911461, -0.679460, -1.044493, -0.085587, 0.002361, 14.829102, 11.679077, 177.307114
-0.095986, -0.087260, 1042.000000, 0.003490, 2000.000000, 1000.000000, 13.701355, 13.721199, 14.637581, 13.939865, 0.179390, 0.288723, 0.169468, -0.479930, -0.436300, 0.017452, -11.153084, 0.976966, 4.742626, -0.789181, -0.928380, -0.097305, 0.002349, 14.805664, 11.599731, 175.903305
-0.090750, -0.099476, 1041.000000, 0.003490, 2000.000000, 1000.000000, 13.877658, 13.905583, 14.268527, 13.948232, 0.087056, 0.108379, 0.073092, -0.453752, -0.497382, 0.017452, -12.901046, -1.344290, 4.547423, -0.614479, -0.696153, -0.032324, 0.001750, 14.840820, 10.598755, 161.132797
-0.092496, -0.094241, 1049.000000, 0.006981, 2000.000000, 1000.000000, 14.384229, 13.886880, 13.607604, 14.121287, -0.252759, -0.135554, -0.004083, -0.462478, -0.471204, 0.034904, -13.865182, -3.359150, 4.556297, -0.049892, -0.256202, 0.037983, 0.002243, 14.657227, 18.759155, 281.494141
-0.092496, -0.090750, 1070.000000, 0.005236, 2000.000000, 1000.000000, 17.266813, 16.813478, 16.850473, 17.069235, -0.168024, -0.040145, 0.058644, -0.462478, -0.453752, 0.026178, -14.074074, -4.170331, 4.575943, -0.195833, -0.396816, -0.013150, 0.002266, 14.555664, 27.639771, 406.616180
-0.090750, -0.089005, 1083.000000, 0.003490, 2000.000000, 1000.000000, 17.604475, 17.916189, 18.470060, 18.009275, 0.193125, 0.239668, 0.037267, -0.453752, -0.445026, 0.017452, -15.353690, -5.945659, 4.399334, -0.790247, -0.860203, -0.007823, 0.001783, 14.317383, 31.240845, 458.435028
-0.075044, -0.087260, 1082.000000, 0.000000, 2000.000000, 1000.000000, 18.045317, 17.327139, 18.160585, 18.466959, -0.256137, 0.313772, 0.102952, -0.375218, -0.436300, 0.000000, -17.208174, -10.433666, 4.089905, 0.040654, -0.970990, -0.069608, 0.002092, 14.434570, 24.319458, 359.680145
-0.017452, -0.092496, 1082.000000, 0.000000, 2000.000000, 1000.000000, 18.654928, 17.024950, 17.670950, 18.649172, -0.652051, 0.160061, 0.162940, -0.087260, -0.462478, 0.000000, -15.598631, -12.556390, 4.180395, 0.986603, -0.736633, -0.110088, 0.002374, 14.461914, 23.400879, 347.595184
-0.006981, -0.111693, 1079.000000, 0.000000, 2000.000000, 1000.000000, 17.657034, 15.825630, 16.644281, 17.873056, -0.765044, 0.258668, 0.150657, -0.034904, -0.558464, 0.000000, -12.217377, -14.551822, 4.667897, 1.256114, -1.010404, -0.102631, 0.001749, 14.684570, 15.481567, 232.727036
-0.001745, -0.113438, 1073.000000, 0.001745, 2000.000000, 1000.000000, 17.017826, 15.762128, 17.182625, 18.037422, -0.527624, 0.610024, 0.100225, -0.008726, -0.567190, 0.008726, -6.552691, -19.823540, 6.056203, 0.866229, -1.590970, -0.058956, 0.002318, 14.536133, 21.920776, 325.988739
-0.001745, -0.109948, 1050.000000, 0.000000, 2000.000000, 1000.000000, 14.551361, 14.319532, 15.525091, 15.604015, -0.077688, 0.564553, 0.038226, -0.008726, -0.549738, 0.000000, -4.710394, -23.939034, 6.601846, 0.122679, -1.501488, -0.025933, 0.002183, 14.879883, 8.480835, 129.211426
-0.001745, -0.092496, 1042.000000, 0.000000, 2000.000000, 1000.000000, 13.818949, 13.458212, 14.475893, 14.246946, -0.032947, 0.361419, 0.147421, -0.008726, -0.462478, 0.000000, -4.128140, -27.339401, 6.697770, 0.048111, -1.086038, -0.100501, 0.001830, 14.899414, 8.200073, 124.999992
-0.003490, -0.068063, 1042.000000, 0.000000, 2000.000000, 1000.000000, 14.823304, 12.986701, 13.687221, 14.502774, -0.663040, 0.094997, 0.255262, -0.017452, -0.340314, 0.000000, -0.912013, -30.009563, 7.535190, 1.085672, -0.505472, -0.172938, 0.002434, 14.852539, 10.040283, 152.709961
-0.003490, -0.055846, 1043.000000, 0.000000, 2000.000000, 1000.000000, 14.989385, 12.775733, 13.501023, 14.733859, -0.861622, 0.117441, 0.245204, -0.017452, -0.279232, 0.000000, 3.317636, -30.733130, 9.179214, 1.423359, -0.482037, -0.166547, 0.002227, 14.793945, 12.481689, 189.086899
-0.006981, -0.020942, 1043.000000, 0.000000, 2000.000000, 1000.000000, 14.591033, 12.718568, 13.707049, 14.983350, -0.787191, 0.345200, 0.149041, -0.034904, -0.104712, 0.000000, 7.890612, -31.546869, 11.177698, 1.294463, -0.690827, -0.101566, 0.001794, 14.848633, 10.241699, 153.930664
-0.020942, 0.003490, 1043.000000, 0.000000, 2000.000000, 1000.000000, 14.059043, 12.818896, 14.420772, 14.701289, -0.380166, 0.561030, 0.239907, -0.104712, 0.017452, 0.000000, 13.126583, -34.199200, 13.413177, 0.532804, -0.925184, -0.163351, 0.001952, 14.817383, 11.160278, 169.311508
-0.008726, 0.047120, 1046.000000, -0.001745, 2000.000000, 1000.000000, 13.857854, 13.188489, 14.475865, 14.477792, -0.167823, 0.476829, 0.166859, -0.043630, 0.235602, -0.008726, 14.820823, -35.942268, 14.037516, 0.235597, -0.554474, -0.121806, 0.002460, 14.817383, 11.441040, 173.583969
-0.003490, 0.075044, 1045.000000, 0.000000, 2000.000000, 1000.000000, 14.450193, 13.071438, 14.238298, 14.240070, -0.345132, 0.239184, 0.344246, -0.017452, 0.375218, 0.000000, 16.194084, -36.447266, 14.365821, 0.564761, -0.019715, -0.234723, 0.001760, 14.805664, 11.880493, 180.114731
-0.003490, 0.125654, 1046.000000, -0.001745, 2000.000000, 1000.000000, 14.884561, 12.893426, 13.805371, 14.416642, -0.650601, 0.111007, 0.344966, -0.017452, 0.628272, -0.008726, 18.712908, -35.229286, 15.157488, 1.071824, 0.456455, -0.243245, 0.002146, 14.872070, 8.920288, 135.803223
-0.026178, 0.123909, 1046.000000, -0.001745, 2000.000000, 1000.000000, 15.238610, 13.307363, 13.153665, 14.300363, -0.769486, -0.272986, 0.196137, -0.130890, 0.619546, -0.008726, 23.503635, -30.567587, 16.911463, 1.154914, 1.089218, -0.142046, 0.002225, 14.778320, 12.359619, 187.194809
-0.038394, 0.122164, 1045.000000, -0.001745, 2000.000000, 1000.000000, 14.935072, 13.528189, 13.493019, 14.043720, -0.489396, -0.231631, 0.214046, -0.191972, 0.610820, -0.008726, 25.143927, -27.140720, 17.321194, 0.631872, 1.019977, -0.154829, 0.001761, 14.836914, 10.440063, 158.630371
-0.073298, 0.120419, 1044.000000, -0.001745, 2000.000000, 1000.000000, 14.754648, 13.474039, 13.867584, 13.903728, -0.329188, -0.114344, 0.311117, -0.366492, 0.602094, -0.008726, 25.300653, -24.501095, 16.860365, 0.179138, 0.813317, -0.220875, 0.001819, 14.860352, 9.921265, 150.878906
-0.115183, 0.118674, 1055.000000, -0.001745, 2000.000000, 1000.000000, 15.897880, 14.167207, 14.908608, 15.026305, -0.462092, -0.032543, 0.403244, -0.575916, 0.593368, -0.008726, 24.800732, -21.427608, 15.615663, 0.177007, 0.660985, -0.281594, 0.002248, 14.676758, 16.720581, 251.525864
-0.143106, 0.113438, 1071.000000, -0.001745, 2000.000000, 1000.000000, 18.002630, 15.894762, 16.957888, 17.144720, -0.573675, 0.051303, 0.480259, -0.715532, 0.567190, -0.008726, 24.946329, -19.749113, 14.827144, 0.219618, 0.495870, -0.333792, 0.002246, 14.372070, 27.841187, 409.728973
-0.143106, 0.106457, 1072.000000, -0.001745, 2000.000000, 1000.000000, 17.574949, 16.578665, 17.076105, 16.770281, -0.172615, -0.076806, 0.325528, -0.715532, 0.532286, -0.008726, 24.431313, -18.190611, 13.851492, -0.446168, 0.678029, -0.230462, 0.001763, 14.567383, 19.000244, 283.508301
-0.141361, 0.089005, 1072.000000, 0.000000, 2000.000000, 1000.000000, 17.263105, 17.717562, 17.115484, 15.903850, 0.416523, -0.490333, 0.189294, -0.706806, 0.445026, 0.000000, 18.807566, -15.452225, 11.540366, -1.415553, 1.268182, -0.128197, 0.002155, 14.571289, 19.000244, 283.630371
-0.144852, 0.078534, 1072.000000, -0.001745, 2000.000000, 1000.000000, 17.679171, 17.411280, 16.730471, 16.179079, 0.070875, -0.545226, 0.204821, -0.724258, 0.392670, -0.008726, 14.955992, -12.590109, 10.275476, -0.859488, 1.306531, -0.147372, 0.002184, 14.594727, 19.201660, 286.926270
-0.144852, 0.085515, 1085.000000, -0.001745, 2000.000000, 1000.000000, 18.954361, 17.372871, 18.085415, 17.587353, -0.270856, -0.163617, 0.519888, -0.724258, 0.427574, -0.008726, 13.059530, -10.042509, 9.188823, -0.289575, 0.717444, -0.362554, 0.001758, 14.418945, 27.239990, 401.794403
-0.144852, 0.095986, 1087.000000, -0.001745, 2000.000000, 1000.000000, 18.448006, 17.230923, 18.437389, 17.883682, -0.165843, 0.160537, 0.442697, -0.724258, 0.479930, -0.008726, 11.832245, -8.649014, 7.489723, -0.465343, 0.223164, -0.308226, 0.002282, 14.442383, 25.119019, 374.633759
-0.123909, 0.118674, 1079.000000, 0.000000, 2000.000000, 1000.000000, 17.328281, 16.700348, 17.553917, 16.417454, 0.127133, -0.014315, 0.441100, -0.619546, 0.593368, 0.000000, 9.811498, -7.889399, 6.416816, -0.852031, 0.631158, -0.299704, 0.001841, 14.458008, 24.359131, 360.412567
-0.116928, 0.123909, 1063.000000, 0.000000, 2000.000000, 1000.000000, 16.371502, 16.277775, 16.572071, 14.778650, 0.424923, -0.324639, 0.471786, -0.584642, 0.619546, 0.000000, 6.548535, -5.677295, 5.204915, -1.313288, 1.184026, -0.321009, 0.001770, 14.766602, 10.000610, 151.306152
-0.115183, 0.129145, 1050.000000, 0.000000, 2000.000000, 1000.000000, 15.549594, 15.163224, 15.511907, 13.775275, 0.337565, -0.356409, 0.530750, -0.575916, 0.645724, 0.000000, 0.811504, -0.719970, 3.485314, -1.152434, 1.254333, -0.359358, 0.002173, 14.817383, 10.559082, 160.217285
-0.116928, 0.127400, 1048.000000, 0.000000, 2000.000000, 1000.000000, 14.631348, 13.779648, 14.497395, 13.091610, 0.138521, -0.205498, 0.564371, -0.584642, 0.636998, 0.000000, -2.013871, 2.189181, 2.540814, -0.837118, 1.002933, -0.384924, 0.001772, 14.934570, 6.838989, 104.492180
-0.123909, 0.123909, 1049.000000, 0.000000, 2000.000000, 1000.000000, 14.512529, 13.555334, 14.609732, 13.322405, 0.082533, -0.033932, 0.561130, -0.619546, 0.619546, 0.000000, -4.238791, 4.384005, 1.646114, -0.776398, 0.695073, -0.382794, 0.001761, 14.836914, 9.881592, 150.085449
-0.123909, 0.109948, 1046.000000, 0.000000, 2000.000000, 1000.000000, 14.301458, 13.843946, 15.060242, 12.794353, 0.452094, -0.072702, 0.680850, -0.619546, 0.549738, 0.000000, -8.569197, 6.778345, 0.420472, -1.386791, 0.682290, -0.461623, 0.002366, 14.860352, 9.521484, 144.775391
-0.123909, 0.089005, 1046.000000, 0.000000, 2000.000000, 1000.000000, 14.238223, 14.506745, 14.889878, 12.365153, 0.698311, -0.372485, 0.564050, -0.619546, 0.445026, 0.000000, -13.015834, 9.059687, -0.087893, -1.799046, 1.075370, -0.382794, 0.002287, 14.805664, 10.198975, 154.724121
-0.095986, 0.052356, 1046.000000, 0.001745, 2000.000000, 1000.000000, 14.629463, 14.683023, 14.749121, 11.938393, 0.716072, -0.656243, 0.689292, -0.479930, 0.261780, 0.008726, -17.942108, 12.502869, -0.282193, -1.701042, 1.375773, -0.460558, 0.001880, 14.860352, 9.078979, 145.385742
-0.075044, 0.015707, 1046.000000, 0.001745, 2000.000000, 1000.000000, 14.598936, 14.084940, 14.860849, 12.455275, 0.472895, -0.341938, 0.729893, -0.375218, 0.078534, 0.008726, -24.032894, 17.076633, -0.629237, -1.172674, 0.650332, -0.486124, 0.002369, 14.817383, 11.199951, 169.921860
-0.017452, 0.001745, 1049.000000, 0.001745, 2000.000000, 1000.000000, 14.067970, 13.587286, 15.320808, 13.023935, 0.454047, 0.172371, 0.694389, -0.087260, 0.008726, 0.008726, -26.812859, 17.517473, -1.081979, -0.848836, -0.277507, -0.462688, 0.002216, 14.797852, 11.920166, 180.725082
-0.001745, -0.001745, 1052.000000, 0.001745, 2000.000000, 1000.000000, 14.997270, 14.343438, 16.169783, 14.489511, 0.256610, 0.329646, 0.583526, -0.008726, -0.008726, 0.008726, -28.676016, 16.181984, -1.609916, -0.440842, -0.562996, -0.388120, 0.001778, 14.645508, 17.599487, 263.977051
-0.001745, -0.017452, 1052.000000, 0.001745, 2000.000000, 1000.000000, 15.951002, 14.290228, 15.331305, 14.427465, -0.189233, -0.120615, 0.641153, -0.008726, -0.087260, 0.008726, -28.920250, 15.483614, -2.666225, 0.303773, 0.110247, -0.425404, 0.002147, 14.727539, 13.641357, 205.688461
-0.001745, -0.045375, 1053.000000, 0.001745, 2000.000000, 1000.000000, 16.889774, 14.217447, 14.667242, 14.225536, -0.557656, -0.553610, 0.778509, -0.008726, -0.226876, 0.008726, -25.523457, 17.500992, -5.572652, 0.918427, 0.687616, -0.518082, 0.002252, 14.735352, 13.601685, 205.200180
-0.001745, -0.041885, 1053.000000, 0.008726, 2000.000000, 1000.000000, 16.650301, 13.936452, 15.174624, 14.238624, -0.444462, -0.293376, 0.912462, -0.008726, -0.209424, 0.043630, -22.915474, 18.555824, -7.804576, 0.736268, 0.278557, -0.576671, 0.001761, 14.723633, 13.958740, 210.632309
0.000000, -0.013962, 1054.000000, 0.012216, 2000.000000, 1000.000000, 15.829498, 14.071424, 15.804319, 14.294758, -0.062128, 0.049539, 0.816909, 0.000000, -0.069808, 0.061082, -21.793421, 18.421423, -9.619710, 0.103505, -0.152872, -0.491450, 0.002187, 14.711914, 14.761353, 222.412094
0.003490, 0.000000, 1054.000000, 0.017452, 2000.000000, 1000.000000, 15.925198, 14.047958, 16.027664, 13.999180, 0.037811, 0.013422, 0.976431, 0.017452, 0.000000, 0.087260, -22.510649, 17.853930, -11.492716, -0.047762, -0.022910, -0.572410, 0.002267, 14.715820, 14.041138, 211.608871
0.003490, 0.000000, 1054.000000, 0.019197, 2000.000000, 1000.000000, 16.783442, 13.792171, 15.229412, 14.194975, -0.489208, -0.287807, 1.006427, 0.017452, 0.000000, 0.095986, -21.403801, 18.300863, -13.400111, 0.836402, 0.482022, -0.587323, 0.001810, 14.750977, 13.479614, 203.491196
0.001745, 0.000000, 1054.000000, 0.017452, 2000.000000, 1000.000000, 17.048918, 13.575371, 14.669790, 14.705921, -0.877419, -0.312144, 0.859354, 0.008726, 0.000000, 0.087260, -15.340896, 19.066862, -17.606657, 1.463839, 0.518240, -0.493581, 0.002258, 14.731445, 14.160156, 213.500961
0.001745, 0.000000, 1053.000000, 0.027923, 2000.000000, 1000.000000, 16.349354, 13.683948, 15.210290, 14.756408, -0.552881, -0.016651, 0.779822, 0.008726, 0.000000, 0.139616, -11.732089, 18.678736, -19.911554, 0.929079, 0.028222, -0.387055, 0.002211, 14.739258, 14.120483, 213.073715
0.001745, 0.000000, 1053.000000, 0.036649, 2000.000000, 1000.000000, 15.853009, 13.879579, 15.543618, 14.723794, -0.288401, 0.133706, 0.698313, 0.008726, 0.000000, 0.183246, -10.181817, 17.650696, -21.287781, 0.488063, -0.223179, -0.287986, 0.002148, 14.782227, 11.999512, 181.579575
0.001745, 0.000000, 1053.000000, 0.048866, 2000.000000, 1000.000000, 16.113312, 14.039285, 15.250585, 14.596818, -0.355065, -0.076299, 0.681948, 0.008726, 0.000000, 0.244328, -8.957482, 16.892948, -22.308947, 0.598849, 0.127291, -0.215548, 0.002076, 14.680664, 17.160034, 257.934570
-0.001745, 0.000000, 1053.000000, 0.043630, 2000.000000, 1000.000000, 16.919346, 13.825348, 14.201832, 15.053474, -0.986410, -0.372347, 0.560589, -0.008726, 0.000000, 0.218150, -4.025735, 17.070105, -24.447205, 1.623627, 0.618375, -0.159090, 0.002290, 14.774414, 11.761475, 177.978500
-0.003490, 0.000000, 1053.000000, 0.024433, 2000.000000, 1000.000000, 16.834337, 13.538845, 14.019857, 15.606962, -1.220649, -0.186591, 0.427097, -0.017452, 0.000000, 0.122164, 1.357488, 16.051968, -26.407057, 2.002859, 0.309450, -0.165481, 0.002402, 14.762695, 13.479614, 203.674301
-0.003490, 0.000000, 1053.000000, 0.024433, 2000.000000, 1000.000000, 16.601355, 13.501608, 14.408506, 15.488529, -1.044942, -0.051482, 0.504931, -0.017452, 0.000000, 0.122164, 6.514247, 14.013225, -28.299290, 1.737610, 0.086811, -0.219810, 0.001857, 14.727539, 14.160156, 213.623032
-0.003490, -0.001745, 1053.000000, 0.019197, 2000.000000, 1000.000000, 15.685828, 14.090194, 14.940196, 15.283782, -0.484805, 0.111989, 0.313013, -0.017452, -0.008726, 0.095986, 10.973650, 11.291857, -29.933544, 0.791661, -0.196547, -0.115414, 0.001967, 14.735352, 13.558960, 204.589828
-0.003490, -0.001745, 1053.000000, 0.015707, 2000.000000, 1000.000000, 15.430536, 14.028236, 15.382168, 15.159060, -0.294798, 0.270614, 0.406352, -0.017452, -0.008726, 0.078534, 11.833467, 9.712646, -30.528866, 0.469953, -0.455405, -0.195309, 0.002474, 14.739258, 13.439941, 202.819809
-0.020942, -0.001745, 1053.000000, 0.005236, 2000.000000, 1000.000000, 15.538896, 13.951865, 14.987422, 15.521817, -0.530356, 0.254620, 0.263159, -0.104712, -0.008726, 0.026178, 12.693901, 7.730134, -31.112507, 0.784204, -0.437296, -0.152698, 0.001789, 14.747070, 13.119507, 198.425278
-0.034904, -0.001745, 1053.000000, 0.005236, 2000.000000, 1000.000000, 16.088602, 13.685248, 14.446916, 15.779235, -0.933918, 0.113076, 0.267759, -0.174520, -0.008726, 0.026178, 14.932935, 5.303605, -31.755016, 1.373292, -0.196547, -0.154829, 0.002141, 14.719727, 14.678955, 221.191391
-0.024433, -0.001745, 1053.000000, 0.001745, 2000.000000, 1000.000000, 15.552619, 14.016025, 14.547328, 15.884028, -0.718324, 0.215678, 0.049973, -0.122164, -0.008726, 0.008726, 19.082827, 1.908631, -32.312904, 1.064367, -0.365923, -0.024867, 0.002246, 14.731445, 13.519287, 204.101547
-0.001745, -0.001745, 1052.000000, 0.001745, 2000.000000, 1000.000000, 15.019803, 13.972587, 15.358169, 15.649442, -0.334623, 0.503805, 0.188986, -0.008726, -0.008726, 0.008726, 19.819090, -0.537104, -32.500973, 0.554109, -0.855942, -0.119675, 0.001766, 14.692383, 15.359497, 231.018051
-0.001745, -0.001745, 1050.000000, 0.001745, 2000.000000, 1000.000000, 15.182486, 13.814617, 15.033556, 15.969341, -0.575913, 0.501448, 0.108021, -0.008726, -0.008726, 0.008726, 19.810480, -5.488036, -32.872448, 0.941862, -0.838898, -0.064282, 0.002409, 14.840820, 10.040283, 152.587891
-0.001745, -0.001745, 1049.000000, 0.001745, 2000.000000, 1000.000000, 14.671026, 13.041473, 13.371996, 14.915504, -0.793265, 0.143750, 0.021511, -0.008726, -0.008726, 0.008726, 21.651279, -8.312965, -32.710434, 1.317899, -0.249810, -0.005693, 0.002158, 14.754883, 8.599854, 130.615234
-0.001745, -0.001745, 1048.000000, 0.001745, 2000.000000, 1000.000000, 14.828341, 13.189312, 13.308226, 14.674122, -0.751231, -0.008826, 0.068283, -0.008726, -0.008726, 0.008726, 24.517361, -10.368161, -32.260712, 1.260375, 0.005851, -0.037650, 0.001817, 14.829102, 10.159302, 156.127930
-0.001745, 0.000000, 1047.000000, 0.001745, 2000.000000, 1000.000000, 14.815660, 12.908822, 13.787324, 14.488194, -0.651927, 0.137759, 0.301492, -0.008726, 0.000000, 0.008726, 28.568323, -13.241282, -31.978867, 1.088868, -0.231701, -0.196374, 0.001930, 14.848633, 9.881592, 150.207520
-0.003490, 0.000000, 1048.000000, 0.000000, 2000.000000, 1000.000000, 14.564179, 13.018147, 14.109485, 14.308188, -0.436184, 0.208837, 0.336832, -0.017452, 0.000000, 0.000000, 30.254770, -15.271851, -32.138367, 0.710702, -0.348879, -0.228332, 0.002345, 14.829102, 10.241699, 155.090332
-0.019197, 0.005236, 1047.000000, 0.000000, 2000.000000, 1000.000000, 14.349816, 13.251908, 14.366942, 14.031333, -0.190574, 0.199137, 0.358380, -0.095986, 0.026178, 0.000000, 30.749584, -16.670979, -32.621288, 0.223879, -0.309465, -0.244310, 0.001801, 14.778320, 11.999512, 179.199203
-0.057592, 0.003490, 1048.000000, -0.001745, 2000.000000, 1000.000000, 14.503210, 13.269476, 14.203241, 14.024073, -0.263642, 0.113657, 0.353226, -0.287958, 0.017452, -0.008726, 30.706964, -17.406151, -33.335938, 0.142919, -0.172047, -0.248571, 0.002264, 14.817383, 10.919189, 165.405258
-0.104712, 0.003490, 1047.000000, -0.001745, 2000.000000, 1000.000000, 14.651081, 13.151419, 14.144384, 14.053116, -0.352099, 0.098750, 0.397733, -0.523560, 0.017452, -0.008726, 30.816214, -18.214214, -34.376705, 0.053438, -0.147546, -0.278399, 0.002436, 14.790039, 11.761475, 178.100571
-0.111693, 0.003490, 1048.000000, 0.000000, 2000.000000, 1000.000000, 14.559624, 13.264311, 14.203373, 13.972692, -0.266158, 0.088033, 0.381498, -0.558464, 0.017452, 0.000000, 30.515257, -18.506144, -35.209587, -0.123395, -0.131567, -0.260289, 0.001762, 14.825195, 9.921265, 150.573730
-0.134380, 0.003490, 1047.000000, -0.001745, 2000.000000, 1000.000000, 14.063599, 13.508224, 14.247505, 14.180672, -0.122135, 0.214089, 0.155552, -0.671902, 0.017452, -0.008726, 28.793577, -18.479656, -36.558270, -0.482387, -0.339292, -0.114349, 0.002356, 14.786133, 12.399292, 187.683090
-0.136126, 0.003490, 1048.000000, -0.001745, 2000.000000, 1000.000000, 13.674482, 13.634668, 14.498331, 14.192518, 0.066500, 0.345425, 0.086406, -0.680628, 0.017452, -0.008726, 26.564505, -18.346390, -37.488922, -0.806225, -0.557670, -0.067478, 0.002293, 14.821289, 10.681152, 162.109360
-0.136126, 0.003490, 1048.000000, -0.001745, 2000.000000, 1000.000000, 13.394729, 13.851199, 14.695861, 14.058211, 0.273530, 0.377036, 0.045294, -0.680628, 0.017452, -0.008726, 23.317633, -17.973970, -38.667332, -1.163087, -0.620520, -0.039781, 0.001749, 14.813477, 10.598755, 160.827621
-0.141361, 0.001745, 1047.000000, -0.001745, 2000.000000, 1000.000000, 13.170300, 14.293535, 14.641317, 13.894848, 0.467426, 0.268082, -0.094192, -0.706806, 0.008726, -0.008726, 17.302893, -16.017891, -40.368721, -1.502904, -0.438361, 0.055027, 0.002234, 14.821289, 10.479736, 158.996582
-0.146597, 0.001745, 1047.000000, -0.001745, 2000.000000, 1000.000000, 13.183510, 14.191019, 14.537209, 14.088263, 0.364114, 0.312736, -0.139641, -0.732984, 0.008726, -0.008726, 13.273181, -14.284309, -41.253887, -1.358029, -0.513994, 0.085919, 0.002273, 14.782227, 12.719727, 192.504868
-0.144852, 0.001745, 1048.000000, -0.001745, 2000.000000, 1000.000000, 13.180381, 13.959455, 14.707274, 14.152890, 0.333365, 0.430082, -0.056172, -0.724258, 0.008726, -0.008726, 9.458537, -13.143539, -42.008446, -1.309027, -0.717458, 0.029461, 0.001774, 14.790039, 12.240601, 185.424789
-0.146597, 0.001745, 1047.000000, -0.001745, 2000.000000, 1000.000000, 12.926454, 14.129586, 14.985950, 13.958011, 0.557768, 0.471980, -0.043799, -0.732984, 0.008726, -0.008726, 4.885568, -11.967486, -42.978012, -1.680802, -0.780309, 0.020939, 0.002265, 14.782227, 11.959839, 181.091293
-0.115183, 0.001745, 1047.000000, -0.001745, 2000.000000, 1000.000000, 12.432858, 14.754417, 15.463732, 13.348993, 1.109074, 0.406363, -0.051705, -0.575916, 0.008726, -0.008726, -3.565950, -8.068509, -44.408524, -2.444592, -0.671652, 0.026265, 0.002188, 14.817383, 10.760498, 163.330063
-0.094241, -0.001745, 1047.000000, -0.001745, 2000.000000, 1000.000000, 12.668468, 14.812792, 15.209993, 13.308746, 1.011393, 0.259370, -0.060769, -0.471204, -0.008726, -0.008726, -9.134605, -4.689420, -44.988712, -2.194256, -0.446883, 0.032657, 0.001825, 14.817383, 10.879517, 162.109360
-0.001745, -0.001745, 1049.000000, 0.000000, 2000.000000, 1000.000000, 13.398765, 14.823369, 14.749969, 13.027898, 0.786669, -0.111067, 0.074367, -0.008726, -0.008726, 0.000000, -14.686830, 0.315511, -45.232735, -1.322875, 0.176293, -0.050434, 0.002358, 14.817383, 11.239624, 170.532211
-0.001745, -0.001745, 1051.000000, 0.001745, 2000.000000, 1000.000000, 15.002240, 15.388923, 15.411956, 14.196881, 0.400439, -0.195582, 0.207098, -0.008726, -0.008726, 0.008726, -15.819756, 2.650206, -45.509907, -0.674133, 0.315841, -0.131393, 0.002188, 14.680664, 19.320679, 289.306641
-0.001745, -0.001745, 1052.000000, 0.001745, 2000.000000, 1000.000000, 14.772117, 15.040082, 15.573627, 14.614175, 0.306854, 0.093900, 0.172871, -0.008726, -0.008726, 0.008726, -16.487989, 3.853101, -45.826225, -0.521802, -0.165655, -0.109023, 0.001749, 14.731445, 13.760376, 207.580551
-0.001745, -0.001745, 1053.000000, 0.001745, 2000.000000, 1000.000000, 14.292487, 14.350965, 16.056227, 15.300323, 0.203595, 0.678274, 0.174357, -0.008726, -0.008726, 0.008726, -20.021383, 2.898390, -46.095722, -0.346034, -1.131844, -0.109023, 0.002374, 14.688477, 15.719604, 236.389145
-0.001745, -0.001745, 1053.000000, 0.001745, 2000.000000, 1000.000000, 14.799717, 14.560389, 15.457529, 15.182365, 0.008959, 0.319948, 0.128623, -0.008726, -0.008726, 0.008726, -22.241610, 1.559879, -46.239361, -0.024326, -0.539560, -0.078130, 0.002346, 14.762695, 13.000488, 196.411118
-0.001745, -0.001745, 1054.000000, 0.001745, 2000.000000, 1000.000000, 15.942082, 15.197289, 14.291360, 14.569268, -0.255676, -0.569686, 0.116721, -0.008726, -0.008726, 0.008726, -17.518963, 2.783147, -47.102360, 0.422017, 0.950735, -0.070673, 0.001755, 14.708008, 15.161133, 228.393539
-0.001745, -0.001745, 1055.000000, 0.001745, 2000.000000, 1000.000000, 15.051443, 14.828806, 15.085434, 15.034317, -0.042880, 0.059875, 0.068439, -0.008726, -0.008726, 0.008726, -16.270250, 3.040307, -47.313763, 0.065155, -0.108131, -0.037650, 0.002186, 14.747070, 14.041138, 211.975082
-0.001745, -0.001745, 1054.000000, 0.000000, 2000.000000, 1000.000000, 14.111417, 14.571597, 15.606021, 15.710965, 0.088809, 0.658493, -0.141281, -0.008726, -0.008726, 0.000000, -17.831186, 1.803156, -47.140232, -0.155353, -1.099886, 0.095507, 0.002247, 14.735352, 13.439941, 202.880844
-0.001745, -0.001745, 1053.000000, 0.000000, 2000.000000, 1000.000000, 14.392573, 14.954902, 15.226953, 15.425572, 0.090927, 0.326262, -0.190237, -0.008726, -0.008726, 0.000000, -21.063229, -0.473323, -46.664833, -0.157483, -0.550213, 0.128530, 0.002374, 14.747070, 13.519287, 204.101547
-0.001745, -0.001745, 1053.000000, 0.000000, 2000.000000, 1000.000000, 15.093845, 15.442196, 14.587585, 14.876373, 0.014891, -0.268020, -0.159285, -0.008726, -0.008726, 0.000000, -21.283585, -0.349087, -46.345737, -0.034979, 0.440477, 0.108290, 0.001832, 14.739258, 13.760376, 207.702621
-0.001745, -0.001745, 1053.000000, 0.000000, 2000.000000, 1000.000000, 15.791729, 15.500807, 14.159103, 14.548361, -0.170045, -0.646268, -0.024584, -0.008726, -0.008726, 0.000000, -17.960775, 2.103584, -46.261841, 0.272881, 1.061522, 0.016678, 0.002335, 14.750977, 13.281250, 200.500473
-0.001745, -0.001745, 1052.000000, 0.000000, 2000.000000, 1000.000000, 15.807749, 14.832047, 14.269270, 15.090935, -0.449342, -0.319898, 0.038510, -0.008726, -0.008726, 0.000000, -15.546273, 2.705809, -46.366543, 0.733072, 0.522501, -0.025933, 0.002253, 14.797852, 11.480713, 177.490219
-0.001745, -0.001745, 1052.000000, -0.001745, 2000.000000, 1000.000000, 15.698999, 14.227291, 14.389315, 15.684395, -0.691697, 0.036855, 0.044157, -0.008726, -0.008726, -0.008726, -13.510061, 1.229492, -46.503410, 1.152784, -0.071912, -0.038716, 0.001764, 14.747070, 13.198853, 199.218735
-0.001745, -0.001745, 1037.000000, 0.000000, 2000.000000, 1000.000000, 13.921830, 12.045430, 12.201829, 13.830911, -0.876370, 0.016370, 0.061830, -0.008726, -0.008726, 0.000000, -10.136671, -3.164232, -46.649208, 1.452121, -0.036759, -0.041911, 0.002301, 14.829102, 11.080933, 168.273911
-0.001745, -0.001745, 1030.000000, 0.000000, 2000.000000, 1000.000000, 14.118438, 12.290601, 11.772677, 13.818284, -0.968361, -0.204519, -0.054442, -0.008726, -0.008726, 0.000000, -7.063051, -5.889103, -46.459389, 1.611910, 0.332886, 0.036918, 0.002166, 14.907227, 7.281494, 111.206047
-0.001745, -0.001745, 1025.000000, 0.000000, 2000.000000, 1000.000000, 12.879861, 11.780526, 10.624528, 12.715085, -0.797473, -0.330193, -0.247806, -0.008726, -0.008726, 0.000000, -3.207165, -7.876919, -45.701775, 1.342399, 0.550198, 0.169010, 0.001754, 14.989258, 4.800415, 73.730469
-0.001745, -0.001745, 1000.000000, -0.001745, 2000.000000, 1000.000000, 9.908108, 10.069191, 9.479908, 10.542793, -0.225451, 0.011350, -0.305992, -0.008726, -0.008726, -0.008726, -0.024823, -9.494596, -44.370564, 0.367689, -0.027172, 0.198837, 0.002302, 16.004883, 0.000000, 1.281738
-0.001745, -0.001745, 1000.000000, 0.013962, 2000.000000, 1000.000000, 9.917735, 9.730990, 10.061620, 10.289655, -0.103695, 0.175638, -0.010323, -0.008726, -0.008726, 0.069808, 0.020167, -10.347933, -44.010536, 0.164224, -0.302008, 0.077397, 0.002372, 15.086914, 1.480103, 22.888182
-0.001745, -0.001745, 1000.000000, 0.000000, 2000.000000, 1000.000000, 10.011574, 9.999670, 9.989502, 9.999254, -0.005414, -0.005622, 0.000538, -0.008726, -0.008726, 0.000000, 0.261785, 1.182775, -24.562380, 0.000175, 0.000525, -0.000366, 0.001829, 15.215820, 0.439453, 6.774902
-0.001745, -0.001745, 1000.000000, 0.000000, 2000.000000, 1000.000000, 9.996029, 10.014120, 9.973726, 10.016125, -0.006077, -0.005074, -0.015122, -0.008726, -0.008726, 0.000000, 0.191922, 1.121432, -24.470898, 0.001240, -0.000540, 0.010286, 0.002428, 15.071289, 5.480957, 84.594719
-0.001745, -0.001745, 1000.000000, 0.000000, 2000.000000, 1000.000000, 9.991148, 10.017649, 9.969034, 10.022169, -0.006658, -0.004399, -0.019908, -0.008726, -0.008726, 0.000000, 0.154276, 1.101817, -24.445637, 0.002305, -0.001605, 0.013482, 0.001963, 14.793945, 15.960693, 242.004379
-0.001745, -0.001745, 1000.000000, 0.000000, 2000.000000, 1000.000000, 9.992978, 9.993045, 9.970843, 10.043134, -0.018056, 0.006989, -0.018089, -0.008726, -0.008726, 0.000000, 0.116874, 1.026603, -24.403868, 0.021480, -0.020780, 0.012417, 0.001807, 14.997070, 7.879639, 120.971672
-0.001745, -0.001745, 1000.000000, 0.000000, 2000.000000, 1000.000000, 10.018398, 9.995417, 9.966948, 10.019238, -0.018818, -0.006907, -0.007327, -0.008726, -0.008726, 0.000000, 0.099360, 0.891439, -24.344034, 0.022545, 0.002656, 0.004960, 0.002353, 15.047852, 5.841064, 90.026848
-0.001745, -0.001745, 1000.000000, 0.000000, 2000.000000, 1000.000000, 10.001755, 9.986492, 10.008770, 10.002983, -0.002369, 0.005877, 0.005262, -0.008726, -0.008726, 0.000000, 0.028217, 0.831202, -24.299002, -0.005152, -0.018649, -0.003562, 0.002241, 15.075195, 5.358887, 82.702629
-0.001745, -0.001745, 1000.000000, 0.000000, 2000.000000, 1000.000000, 10.010167, 10.001250, 9.987782, 10.000800, -0.005484, -0.005709, -0.001025, -0.008726, -0.008726, 0.000000, 0.030400, 0.816562, -24.280796, 0.000175, 0.000525, 0.000699, 0.001829, 15.043945, 6.961060, 107.299797
-0.001745, -0.001745, 1000.000000, 0.000000, 2000.000000, 1000.000000, 10.018611, 9.997695, 9.988833, 9.994861, -0.006736, -0.008153, 0.003722, -0.008726, -0.008726, 0.000000, -0.068285, 0.710003, -24.174915, 0.002305, 0.004786, -0.002497, 0.002318, 15.071289, 5.758667, 88.928215
-0.001745, -0.001745, 1000.000000, 0.000000, 2000.000000, 1000.000000, 10.031291, 9.990352, 9.979241, 9.999116, -0.015204, -0.010821, 0.005266, -0.008726, -0.008726, 0.000000, -0.134858, 0.657137, -24.130962, 0.016154, 0.009047, -0.003562, 0.002357, 15.075195, 5.441284, 83.984367
-0.001745, -0.001745, 1000.000000, 0.000000, 2000.000000, 1000.000000, 9.996966, 10.002931, 9.997848, 10.002255, 0.000389, 0.000052, -0.002593, -0.008726, -0.008726, 0.000000, -0.146419, 0.615785, -24.090927, -0.009413, -0.009062, 0.001764, 0.001983, 15.051758, 6.439209, 93.811028
-0.001745, -0.001745, 1000.000000, 0.000000, 2000.000000, 1000.000000, 10.002572, 10.009992, 9.963983, 10.023454, -0.013013, -0.006281, -0.016722, -0.008726, -0.008726, 0.000000, -0.215702, 0.509417, -23.998030, 0.012958, 0.001590, 0.011351, 0.002340, 15.051758, 6.079102, 93.688957
-0.001745, -0.001745, 1000.000000, 0.000000, 2000.000000, 1000.000000, 10.019122, 9.992209, 10.000741, 9.987927, -0.003525, -0.005666, 0.009931, -0.008726, -0.008726, 0.000000, -0.258755, 0.494230, -23.972340, -0.003021, 0.000525, -0.006758, 0.001972, 15.059570, 6.161499, 95.031731
-0.001745, -0.001745, 1000.000000, 0.000000, 2000.000000, 1000.000000, 10.012195, 10.000300, 9.988879, 9.998626, -0.005410, -0.006247, 0.000537, -0.008726, -0.008726, 0.000000, -0.489408, 0.683462, -23.893810, 0.000175, 0.001590, -0.000366, 0.001781, 15.227539, 0.479126, 7.507324
-0.001745, -0.001745, 1000.000000, 0.000000, 2000.000000, 1000.000000, 10.011908, 9.996740, 9.992231, 9.999121, -0.005514, -0.004324, 0.002069, -0.008726, -0.008726, 0.000000, -0.531033, 0.691326, -23.865328, 0.000175, -0.001605, -0.001432, 0.002322, 15.098633, 4.638672, 71.716309
-0.001745, -0.001745, 1000.000000, 0.000000, 2000.000000, 1000.000000, 10.007190, 10.004182, 9.978505, 10.010123, -0.008656, -0.005685, -0.007153, -0.008726, -0.008726, 0.000000, -0.548857, 0.682126, -23.829432, 0.005501, 0.000525, 0.004960, 0.002375, 14.833008, 15.039062, 228.698715
-0.001745, -0.001745, 1000.000000, 0.000000, 2000.000000, 1000.000000, 10.044529, 9.944019, 10.028486, 9.982965, -0.013747, 0.005726, 0.036507, -0.008726, -0.008726, 0.000000, -0.540862, 0.613842, -23.807575, 0.014023, -0.018649, -0.024867, 0.001799, 15.024414, 7.479858, 115.112297
-0.001745, -0.001745, 1000.000000, 0.000000, 2000.000000, 1000.000000, 10.025747, 9.979424, 10.000629, 9.994200, -0.009973, -0.002586, 0.013188, -0.008726, -0.008726, 0.000000, -0.513874, 0.514180, -23.803532, 0.007631, -0.004801, -0.008888, 0.002368, 15.094727, 4.800415, 74.218750
-0.001745, -0.001745, 1000.000000, 0.000000, 2000.000000, 1000.000000, 10.022081, 9.987909, 10.004038, 9.985971, -0.004027, -0.004995, 0.013060, -0.008726, -0.008726, 0.000000, -0.565191, 0.434207, -23.734024, -0.001956, -0.000540, -0.008888, 0.002424, 15.059570, 6.561279, 101.196281
-0.001745, -0.001745, 1000.000000, 0.000000, 2000.000000, 1000.000000, 10.029181, 9.984903, 9.993956, 9.991961, -0.010571, -0.007042, 0.011568, -0.008726, -0.008726, 0.000000, -0.599832, 0.421700, -23.703100, 0.008697, 0.002656, -0.007823, 0.001859, 15.086914, 5.041504, 77.880859
-0.001745, -0.001745, 1000.000000, -0.001745, 2000.000000, 1000.000000, 9.998619, 10.013868, 9.976576, 10.010937, -0.004778, -0.006244, -0.012402, -0.008726, -0.008726, -0.008726, -0.829129, 1.667493, -24.404087, -0.000891, 0.001590, -0.000366, 0.001750, 15.329102, 0.399780, 6.286621
-0.001745, -0.001745, 1000.000000, -0.001745, 2000.000000, 1000.000000, 10.001756, 10.004449, 9.985963, 10.007833, -0.004794, -0.003103, -0.006141, -0.008726, -0.008726, -0.008726, -0.826154, 1.661166, -24.393148, -0.000891, -0.003736, -0.004627, 0.002332, 15.188477, 5.041504, 78.430176
-0.001745, -0.001745, 1000.000000, -0.001745, 2000.000000, 1000.000000, 9.966256, 10.037314, 9.958283, 10.038146, -0.002201, -0.001785, -0.037730, -0.008726, -0.008726, -0.008726, -0.835560, 1.647022, -24.388350, -0.005152, -0.005866, 0.016678, 0.002426, 14.997070, 12.640381, 194.213852
-0.001745, -0.001745, 1000.000000, -0.001745, 2000.000000, 1000.000000, 9.969882, 10.009919, 9.974158, 10.046041, -0.007961, 0.010100, -0.027980, -0.008726, -0.008726, -0.008726, -0.875950, 1.610590, -24.370729, 0.004436, -0.026106, 0.010286, 0.001752, 15.012695, 11.999512, 184.631332
-0.001745, -0.001745, 1000.000000, -0.001745, 2000.000000, 1000.000000, 9.962781, 10.025622, 9.974771, 10.036826, 0.000196, 0.005798, -0.031224, -0.008726, -0.008726, -0.008726, -0.947183, 1.460993, -24.321760, -0.009413, -0.018649, 0.012417, 0.002122, 15.208008, 5.160522, 80.322258
-0.001745, -0.001745, 1000.000000, -0.001745, 2000.000000, 1000.000000, 9.988020, 10.011745, 9.984045, 10.016190, -0.002105, 0.000118, -0.013968, -0.008726, -0.008726, -0.008726, -0.968353, 1.410847, -24.279898, -0.005152, -0.009062, 0.000699, 0.002356, 15.211914, 4.199219, 65.429688
-0.001745, -0.001745, 1000.000000, -0.001745, 2000.000000, 1000.000000, 10.012896, 9.992077, 9.990482, 10.004545, -0.008720, -0.002486, 0.001689, -0.008726, -0.008726, -0.008726, -0.951920, 1.308070, -24.226276, 0.005501, -0.004801, -0.009954, 0.001774, 15.208008, 4.479980, 69.824219
-0.001745, -0.001745, 1000.000000, -0.001745, 2000.000000, 1000.000000, 9.997848, 10.013741, 9.980380, 10.008031, -0.002939, -0.005795, -0.010886, -0.008726, -0.008726, -0.008726, -0.962028, 1.228445, -24.155533, -0.004086, 0.000525, -0.001432, 0.002024, 15.215820, 4.199219, 65.429688
-0.001745, -0.001745, 1000.000000, -0.001745, 2000.000000, 1000.000000, 10.006580, 10.014893, 9.965414, 10.013113, -0.009847, -0.010737, -0.014002, -0.008726, -0.008726, -0.008726, -0.920147, 1.165241, -24.126371, 0.007631, 0.009047, 0.000699, 0.002252, 15.200195, 4.919434, 76.477051
-0.001745, -0.001745, 1000.000000, -0.001745, 2000.000000, 1000.000000, 10.005254, 10.006011, 9.976296, 10.012439, -0.008846, -0.005633, -0.009225, -0.008726, -0.008726, -0.008726, -0.958405, 1.122855, -24.073534, 0.005501, 0.000525, -0.002497, 0.001749, 15.227539, 3.759766, 58.593746
-0.001745, -0.001745, 1000.000000, -0.001745, 2000.000000, 1000.000000, 9.998490, 10.006328, 9.982892, 10.012290, -0.005390, -0.002409, -0.009309, -0.008726, -0.008726, -0.008726, -0.962468, 1.102498, -24.050339, 0.000175, -0.004801, -0.002497, 0.002314, 15.223633, 3.878784, 60.485836
-0.001745, -0.001745, 1000.000000, -0.001745, 2000.000000, 1000.000000, 9.986678, 10.016973, 9.975774, 10.020576, -0.003627, -0.001826, -0.018774, -0.008726, -0.008726, -0.008726, -0.993470, 1.061949, -24.018864, -0.003021, -0.005866, 0.003895, 0.002345, 15.215820, 3.759766, 58.593746
-0.001745, -0.001745, 1000.000000, -0.001745, 2000.000000, 1000.000000, 9.996725, 10.022200, 9.965845, 10.015230, -0.005978, -0.009463, -0.018715, -0.008726, -0.008726, -0.008726, -1.013774, 1.026020, -23.979311, 0.001240, 0.006917, 0.003895, 0.001849, 15.200195, 4.998779, 77.819824
-0.001745, -0.001745, 1000.000000, -0.001745, 2000.000000, 1000.000000, 9.992197, 10.022875, 9.963938, 10.020990, -0.006594, -0.007536, -0.021933, -0.008726, -0.008726, -0.008726, -0.972950, 0.940509, -23.916338, 0.002305, 0.003721, 0.006025, 0.002391, 15.200195, 4.800415, 74.707031
-0.001745, -0.001745, 1000.000000, -0.001745, 2000.000000, 1000.000000, 9.997752, 10.013587, 9.980407, 10.008254, -0.003003, -0.005669, -0.010921, -0.008726, -0.008726, -0.008726, -1.055176, 0.918415, -23.888176, -0.004086, 0.000525, -0.001432, 0.002323, 15.219727, 3.961182, 61.706539
-0.001745, -0.001745, 1000.000000, -0.001745, 2000.000000, 1000.000000, 9.991314, 10.008640, 9.999638, 10.000408, 0.004139, 0.000023, -0.004524, -0.008726, -0.008726, -0.008726, -1.059858, 0.925560, -23.892824, -0.015804, -0.009062, -0.005693, 0.001848, 15.223633, 3.961182, 61.096188
-0.001745, -0.001745, 1000.000000, -0.001745, 2000.000000, 1000.000000, 9.985388, 10.013325, 9.989769, 10.011518, 0.001547, 0.000643, -0.012422, -0.008726, -0.008726, -0.008726, -1.105735, 0.867098, -23.833157, -0.011543, -0.010127, -0.000366, 0.002313, 15.223633, 3.680420, 57.373043
-0.001745, -0.001745, 1000.000000, -0.001745, 2000.000000, 1000.000000, 9.992136, 10.020386, 9.976635, 10.010843, -0.001490, -0.006261, -0.015615, -0.008726, -0.008726, -0.008726, -1.080732, 0.823979, -23.825331, -0.006217, 0.001590, 0.001764, 0.002255, 15.192383, 5.319214, 82.824699
-0.001745, -0.001745, 1000.000000, -0.001745, 2000.000000, 1000.000000, 9.993404, 10.012627, 9.981674, 10.012295, -0.002849, -0.003016, -0.012460, -0.008726, -0.008726, -0.008726, -1.053881, 0.796906, -23.794910, -0.004086, -0.003736, -0.000366, 0.002223, 15.204102, 4.519653, 70.312500
-0.001745, -0.001745, 1006.000000, 0.000000, 2000.000000, 1000.000000, 10.011044, 10.005663, 9.987047, 9.996246, -0.003645, -0.008354, -0.000954, -0.008726, -0.008726, 0.000000, -1.058137, 0.773579, -23.787378, -0.003021, 0.004786, 0.000699, 0.001807, 15.223633, 3.280640, 51.208492
-0.001745, -0.001745, 1006.000000, 0.000000, 2000.000000, 1000.000000, 10.007260, 9.993678, 10.009435, 9.989627, 0.001556, -0.000469, 0.008348, -0.008726, -0.008726, 0.000000, -1.025519, 0.722236, -23.752754, -0.011543, -0.007997, -0.005693, 0.001951, 15.211914, 3.759766, 58.593746
-0.001745, -0.001745, 1006.000000, -0.001745, 2000.000000, 1000.000000, 10.000992, 10.030727, 9.945656, 10.022625, -0.011808, -0.015859, -0.026676, -0.008726, -0.008726, -0.008726, -1.079928, 0.725790, -23.735834, 0.010827, 0.017569, 0.009221, 0.002287, 15.215820, 4.559326, 70.983887
-0.001745, -0.001745, 1005.000000, -0.001745, 2000.000000, 1000.000000, 9.979015, 10.017103, 9.974489, 10.029392, -0.004204, 0.001941, -0.023247, -0.008726, -0.008726, -0.008726, -1.080327, 0.708946, -23.700691, -0.001956, -0.012258, 0.007090, 0.001775, 15.219727, 4.400635, 68.481445
-0.001745, -0.001745, 1033.000000, -0.001745, 2000.000000, 1000.000000, 12.977232, 13.017448, 12.928730, 13.076590, -0.026911, 0.002660, -0.047019, -0.008726, -0.008726, -0.008726, -1.025685, 0.641916, -23.655554, 0.036393, -0.013323, 0.023069, 0.001922, 14.934570, 13.601685, 208.129868
-0.001745, -0.001745, 1034.000000, -0.001745, 2000.000000, 1000.000000, 12.947311, 12.796942, 12.983435, 13.272312, -0.109811, 0.127873, -0.034627, -0.008726, -0.008726, -0.008726, -0.927420, 0.252445, -23.658096, 0.173812, -0.222114, 0.014547, 0.002314, 15.040039, 10.720825, 165.100082
-0.001745, -0.001745, 1043.000000, -0.003490, 2000.000000, 1000.000000, 14.117380, 13.623623, 13.622223, 14.636774, -0.377077, 0.129499, -0.130199, -0.008726, -0.008726, -0.017452, -0.187181, -0.797034, -23.552223, 0.627611, -0.227440, 0.071006, 0.001833, 14.911133, 15.039062, 229.797348
-0.001745, -0.001745, 1041.000000, -0.001745, 2000.000000, 1000.000000, 14.044852, 13.352166, 13.607133, 14.995849, -0.520351, 0.301491, -0.174008, -0.008726, -0.008726, -0.008726, 1.417124, -2.499714, -23.196892, 0.859838, -0.511864, 0.109355, 0.002222, 14.985352, 11.318970, 173.706039
-0.001745, -0.001745, 1042.000000, -0.001745, 2000.000000, 1000.000000, 13.809373, 12.683278, 14.357417, 15.149932, -0.479652, 0.753675, 0.083395, -0.008726, -0.008726, -0.008726, 3.214449, -7.341579, -22.927675, 0.794857, -1.270327, -0.065347, 0.002215, 14.989258, 11.999512, 184.020981
-0.001745, -0.001745, 1042.000000, -0.001745, 2000.000000, 1000.000000, 13.583372, 13.201017, 14.463280, 14.752331, -0.167851, 0.607805, 0.023326, -0.008726, -0.008726, -0.008726, 3.195448, -10.836083, -23.074793, 0.276076, -1.038101, -0.024867, 0.001749, 14.993164, 11.361694, 174.377426
-0.001745, 0.000000, 1041.000000, -0.001745, 2000.000000, 1000.000000, 13.812882, 14.107764, 14.055604, 14.023749, 0.081684, 0.039677, -0.065756, -0.008726, 0.000000, -0.008726, 2.297146, -12.905667, -23.261683, -0.145766, -0.066586, 0.035852, 0.002373, 14.958008, 13.198853, 202.209457
-0.001745, 0.003490, 1042.000000, -0.001745, 2000.000000, 1000.000000, 14.180328, 14.279394, 13.870106, 13.670172, 0.074750, -0.229861, 0.025217, -0.008726, 0.017452, -0.008726, 2.186928, -12.154856, -23.280457, -0.132983, 0.402127, -0.025933, 0.002344, 14.977539, 11.999512, 184.020981
-0.001745, 0.003490, 1041.000000, -0.001745, 2000.000000, 1000.000000, 14.044980, 13.984157, 14.067773, 13.903090, 0.025964, -0.014568, 0.056376, -0.008726, 0.017452, -0.008726, 2.326122, -11.332498, -23.350838, -0.054153, 0.043135, -0.047238, 0.001757, 14.993164, 11.361694, 174.499496
-0.003490, 0.003490, 1040.000000, -0.001745, 2000.000000, 1000.000000, 13.287006, 13.515429, 14.747738, 14.449827, 0.131583, 0.598783, 0.017372, -0.017452, 0.017452, -0.008726, 0.565525, -13.369081, -23.882969, -0.240574, -0.991230, -0.020606, 0.001890, 14.997070, 10.958862, 168.273911
-0.001745, 0.010471, 1040.000000, -0.001745, 2000.000000, 1000.000000, 13.345700, 13.712098, 14.623157, 14.319045, 0.167628, 0.471100, -0.015572, -0.008726, 0.052356, -0.008726, -1.184468, -15.242312, -24.366966, -0.288510, -0.732372, 0.001764, 0.002444, 14.989258, 11.639404, 178.588852
-0.001745, 0.033159, 1040.000000, -0.001745, 2000.000000, 1000.000000, 13.766287, 14.013891, 14.190258, 14.029564, 0.102074, 0.109911, -0.021728, -0.008726, 0.165794, -0.008726, -2.247691, -15.849522, -24.670305, -0.181984, -0.016519, 0.006025, 0.001803, 15.000977, 11.441040, 175.598129
-0.003490, 0.101222, 1040.000000, -0.001745, 2000.000000, 1000.000000, 14.859044, 13.860656, 13.382943, 13.897357, -0.378200, -0.359850, 0.120994, -0.017452, 0.506108, -0.008726, -0.377737, -13.692872, -24.387796, 0.612698, 1.116915, -0.090913, 0.002410, 15.000977, 9.921265, 152.526855
-0.003490, 0.139616, 1040.000000, -0.001745, 2000.000000, 1000.000000, 14.904630, 13.347377, 13.296445, 14.451549, -0.678089, -0.126003, 0.100537, -0.017452, 0.698080, -0.008726, 3.073899, -12.073726, -23.868286, 1.114434, 0.926234, -0.077065, 0.002213, 14.981445, 11.279297, 173.095688
-0.012216, 0.150087, 1040.000000, 0.000000, 2000.000000, 1000.000000, 14.613672, 13.357773, 13.559193, 14.469362, -0.541517, 0.014277, 0.086433, -0.061082, 0.750436, 0.000000, 6.519426, -11.117312, -23.382328, 0.852381, 0.746206, -0.058956, 0.001864, 14.985352, 10.919189, 167.602524
-0.005236, 0.144852, 1039.000000, 0.000000, 2000.000000, 1000.000000, 13.183000, 12.917050, 13.040891, 12.859059, -0.021030, -0.050025, 0.111945, -0.026178, 0.724258, 0.000000, 9.362087, -8.810038, -23.167622, 0.008697, 0.823969, -0.076000, 0.002204, 14.973633, 11.920166, 182.678207
-0.005236, 0.143106, 1039.000000, 0.000000, 2000.000000, 1000.000000, 12.806668, 13.352109, 13.238343, 12.602880, 0.295226, -0.079389, 0.022506, -0.026178, 0.715532, 0.000000, 9.544909, -6.398218, -23.278866, -0.518606, 0.863384, -0.015280, 0.002291, 15.075195, 7.479858, 115.417473
-0.003490, 0.144852, 1039.000000, 0.000000, 2000.000000, 1000.000000, 12.855987, 13.107747, 13.373721, 12.662545, 0.240735, 0.018133, 0.114854, -0.017452, 0.724258, 0.000000, 9.101917, -3.935757, -23.408155, -0.424863, 0.714248, -0.078130, 0.001838, 15.051758, 9.399414, 144.775391
-0.031414, 0.139616, 1039.000000, 0.000000, 2000.000000, 1000.000000, 13.324058, 12.429442, 12.969264, 13.277236, -0.300647, 0.123250, 0.146661, -0.157068, 0.698080, 0.000000, 10.013195, -1.516821, -23.874701, 0.341057, 0.507588, -0.099435, 0.002330, 15.016602, 9.921265, 152.526855
-0.057592, 0.127400, 1039.000000, 0.000000, 2000.000000, 1000.000000, 13.504105, 12.201607, 12.908222, 13.386066, -0.445085, 0.147145, 0.206164, -0.287958, 0.636998, 0.000000, 11.586220, -0.903701, -24.117813, 0.449713, 0.405323, -0.139915, 0.002246, 15.043945, 8.959961, 138.000488
-0.052356, 0.116928, 1039.000000, 0.000000, 2000.000000, 1000.000000, 13.135745, 12.513301, 13.398202, 12.952752, -0.044249, 0.175477, 0.266973, -0.261780, 0.584642, 0.000000, 12.346786, -0.227761, -24.570488, -0.192637, 0.304124, -0.181460, 0.002087, 15.016602, 9.960938, 153.198242
-0.040140, 0.101222, 1048.000000, 0.000000, 2000.000000, 1000.000000, 13.591875, 14.158960, 14.709938, 13.539227, 0.434449, 0.124583, 0.150906, -0.200698, 0.506108, 0.000000, 11.120649, 1.195958, -24.962847, -0.932991, 0.309450, -0.102631, 0.002120, 14.934570, 13.558960, 207.275375
-0.038394, 0.062827, 1080.000000, 0.000000, 2000.000000, 1000.000000, 18.150072, 17.995031, 18.632147, 17.222750, 0.313589, -0.072553, 0.391109, -0.191972, 0.314136, 0.000000, 7.967618, 4.383359, -25.431799, -0.721005, 0.441542, -0.264550, 0.002200, 14.696289, 20.761108, 312.500000
-0.038394, 0.061082, 1091.000000, 0.000000, 2000.000000, 1000.000000, 19.566484, 18.519175, 19.242617, 18.671724, -0.119104, -0.042830, 0.404551, -0.191972, 0.305410, 0.000000, 7.636463, 5.888371, -26.184950, 0.000175, 0.388279, -0.275203, 0.001772, 14.239258, 38.879395, 567.199707
-0.040140, 0.062827, 1095.000000, 0.000000, 2000.000000, 1000.000000, 19.775253, 18.297852, 18.770809, 19.156086, -0.465669, -0.036553, 0.273031, -0.200698, 0.314136, 0.000000, 8.824393, 6.442474, -26.919760, 0.571153, 0.382953, -0.185721, 0.001825, 14.500977, 27.520752, 408.630341
-0.040140, 0.047120, 1095.000000, 0.000000, 2000.000000, 1000.000000, 18.917927, 18.053558, 20.231796, 18.796719, 0.142678, 0.514258, 0.574861, -0.200698, 0.235602, 0.000000, 9.676177, 5.582078, -28.202358, -0.438711, -0.611998, -0.389185, 0.002218, 14.551758, 26.559448, 395.202606
-0.020942, 0.050611, 1094.000000, 0.000000, 2000.000000, 1000.000000, 18.270741, 18.866199, 20.681156, 18.181904, 0.773678, 0.431531, 0.475949, -0.104712, 0.253054, 0.000000, 6.491346, 5.458176, -28.848928, -1.391052, -0.459666, -0.322074, 0.002232, 14.426758, 29.281616, 451.110809
-0.027923, 0.048866, 1072.000000, 0.000000, 2000.000000, 1000.000000, 17.899792, 16.902599, 17.056938, 16.140671, -0.020231, -0.401195, 0.478366, -0.139616, 0.244328, 0.000000, 3.754339, 8.409041, -29.897285, -0.108482, 0.917712, -0.324205, 0.002128, 14.833008, 14.801025, 224.914536
-0.069808, 0.034904, 1043.000000, 0.000000, 2000.000000, 1000.000000, 15.166553, 13.002631, 13.418159, 14.412658, -0.789605, -0.084592, 0.292355, -0.349040, 0.174520, 0.000000, 6.029368, 9.309301, -30.974169, 0.962102, 0.320103, -0.198504, 0.002217, 15.180664, 1.321411, 20.507811
-0.102967, 0.022688, 1019.000000, 0.000000, 2000.000000, 1000.000000, 11.310133, 9.653564, 11.066080, 11.970222, -0.640178, 0.518151, 0.188106, -0.514834, 0.113438, 0.000000, 7.544783, 7.431774, -31.600080, 0.551978, -0.756873, -0.128197, 0.001874, 18.672852, 0.079346, 1.525879
-0.102967, 0.012216, 1026.000000, 0.000000, 2000.000000, 1000.000000, 11.509702, 11.259093, 12.745221, 12.485984, 0.002157, 0.615603, 0.127462, -0.514834, 0.061082, 0.000000, 6.027912, 5.174049, -31.719608, -0.530324, -0.972055, -0.086652, 0.002015, 15.122070, 5.200195, 80.505363
-0.076789, 0.022688, 1027.000000, 0.000000, 2000.000000, 1000.000000, 11.534449, 12.178930, 12.805473, 11.481148, 0.492202, 0.143310, 0.169961, -0.383944, 0.113438, 0.000000, 1.365971, 5.319154, -31.854136, -1.215284, -0.125175, -0.115414, 0.002242, 15.055664, 8.081055, 124.511711
-0.073298, 0.015707, 1027.000000, 0.000000, 2000.000000, 1000.000000, 12.069490, 12.147970, 12.425447, 11.357092, 0.286709, -0.108730, 0.247469, -0.366492, 0.078534, 0.000000, -0.881169, 7.082946, -31.941385, -0.861619, 0.264709, -0.168677, 0.001819, 15.063477, 7.080078, 109.191887
-0.068063, 0.013962, 1027.000000, 0.000000, 2000.000000, 1000.000000, 12.561308, 11.453600, 12.086792, 11.898300, -0.229804, -0.007454, 0.324050, -0.340314, 0.069808, 0.000000, -1.582137, 8.745731, -32.787449, 0.035328, 0.084681, -0.219810, 0.002351, 15.063477, 7.080078, 109.191887
-0.068063, 0.027923, 1027.000000, 0.000000, 2000.000000, 1000.000000, 12.486789, 11.158753, 12.113616, 12.240842, -0.363816, 0.177229, 0.300202, -0.340314, 0.139616, 0.000000, -1.234991, 8.391566, -33.373859, 0.260098, -0.152872, -0.203831, 0.002206, 15.043945, 7.559204, 116.394035
-0.064572, 0.027923, 1027.000000, 0.000000, 2000.000000, 1000.000000, 12.427648, 11.118814, 12.307528, 12.146010, -0.286829, 0.226769, 0.367588, -0.322862, 0.139616, 0.000000, -1.035078, 7.586948, -34.013618, 0.153572, -0.240223, -0.250702, 0.001777, 15.043945, 7.479858, 115.173332
-0.055846, 0.017452, 1027.000000, 0.001745, 2000.000000, 1000.000000, 12.180089, 11.427184, 12.688024, 11.704703, 0.057603, 0.196364, 0.434056, -0.279232, 0.087260, 0.008726, -1.892041, 7.051695, -35.092319, -0.381188, -0.239158, -0.285856, 0.002232, 15.067383, 6.921387, 106.811516
-0.041885, 0.013962, 1028.000000, 0.000000, 2000.000000, 1000.000000, 11.743675, 11.501511, 13.006956, 11.747858, 0.254233, 0.377407, 0.375316, -0.209424, 0.069808, 0.000000, -3.640077, 7.047932, -35.588482, -0.640045, -0.559800, -0.254963, 0.002155, 15.086914, 5.920410, 91.491692
-0.038394, 0.012216, 1042.000000, 0.000000, 2000.000000, 1000.000000, 13.528375, 13.384049, 15.223517, 13.864058, 0.303783, 0.543788, 0.375946, -0.191972, 0.061082, 0.000000, -6.327410, 6.546147, -35.972122, -0.708222, -0.853812, -0.256028, 0.001921, 14.766602, 21.759033, 328.613251
-0.048866, 0.005236, 1044.000000, 0.000000, 2000.000000, 1000.000000, 13.878799, 13.111927, 14.884295, 14.124979, -0.001889, 0.504636, 0.381547, -0.244328, 0.026178, 0.000000, -8.865833, 5.372303, -36.361736, -0.248030, -0.819723, -0.259224, 0.002090, 14.848633, 14.520264, 220.886215
-0.071553, 0.001745, 1055.000000, 0.000000, 2000.000000, 1000.000000, 15.704147, 14.032482, 15.283920, 14.979450, -0.341799, 0.131685, 0.494034, -0.357766, 0.008726, 0.000000, -9.668139, 3.560926, -37.632256, 0.199378, -0.209331, -0.333792, 0.002415, 14.778320, 17.761230, 268.798828
-0.066318, 0.001745, 1054.000000, 0.000000, 2000.000000, 1000.000000, 15.329741, 14.303164, 15.551003, 14.816093, -0.072917, 0.183548, 0.440371, -0.331588, 0.008726, 0.000000, -9.986748, 3.167272, -38.466457, -0.216073, -0.298812, -0.299704, 0.001782, 14.856445, 14.239502, 216.491684
-0.047120, 0.006981, 1055.000000, 0.000000, 2000.000000, 1000.000000, 14.709744, 14.138347, 16.114950, 15.036958, 0.126649, 0.575955, 0.412347, -0.235602, 0.034904, 0.000000, -11.695270, 2.443074, -39.215935, -0.455756, -0.930510, -0.280529, 0.001788, 14.840820, 14.959717, 227.416977
-0.041885, 0.047120, 1054.000000, 0.000000, 2000.000000, 1000.000000, 14.428969, 13.693885, 16.431273, 15.445874, 0.062578, 0.938573, 0.430121, -0.209424, 0.235602, 0.000000, -16.329674, -0.497050, -40.252777, -0.317272, -1.318264, -0.291182, 0.002195, 14.864258, 13.879395, 211.181625
-0.047120, 0.059337, 1054.000000, 0.000000, 2000.000000, 1000.000000, 14.918171, 14.099392, 15.888376, 15.094061, -0.006116, 0.491219, 0.403273, -0.235602, 0.296684, 0.000000, -18.395195, -2.040269, -41.109726, -0.227790, -0.512929, -0.273072, 0.002225, 14.864258, 13.281250, 211.975082
-0.027923, 0.082024, 1054.000000, 0.000000, 2000.000000, 1000.000000, 15.703946, 14.501117, 15.343246, 14.451692, -0.077819, -0.102531, 0.523596, -0.139616, 0.410122, 0.000000, -18.304211, -1.707526, -41.998199, -0.011543, 0.592808, -0.356162, 0.001780, 14.856445, 13.641357, 207.580551
-0.001745, 0.134380, 1046.000000, 0.001745, 2000.000000, 1000.000000, 14.701549, 13.316501, 14.599557, 13.382394, -0.041971, -0.009025, 0.650552, -0.008726, 0.671902, 0.008726, -15.742204, 0.483713, -43.602287, 0.064090, 0.703595, -0.432861, 0.002253, 14.981445, 9.161377, 140.625000
-0.001745, 0.144852, 1046.000000, 0.001745, 2000.000000, 1000.000000, 14.683838, 12.805748, 14.919304, 13.591110, -0.137474, 0.255207, 0.801571, -0.008726, 0.724258, 0.008726, -14.415471, 1.127156, -44.952190, 0.221748, 0.313711, -0.535126, 0.002283, 14.981445, 9.201050, 141.113281
-0.001745, 0.139616, 1046.000000, 0.000000, 2000.000000, 1000.000000, 14.621039, 12.565564, 15.044665, 13.768731, -0.194885, 0.406698, 0.832852, -0.008726, 0.698080, 0.000000, -13.638945, 0.874348, -46.484261, 0.317621, 0.031418, -0.567084, 0.001909, 14.918945, 11.999512, 183.288559
-0.001745, 0.134380, 1046.000000, 0.000000, 2000.000000, 1000.000000, 15.077145, 12.734756, 14.482885, 13.705214, -0.391179, 0.094049, 0.780015, -0.008726, 0.671902, 0.000000, -11.770977, 0.087914, -48.677364, 0.643590, 0.527828, -0.528734, 0.002429, 14.950195, 10.119629, 154.907227
-0.001745, 0.132635, 1047.000000, 0.000000, 2000.000000, 1000.000000, 15.404055, 12.750090, 14.213722, 13.632133, -0.518094, -0.077072, 0.808889, -0.008726, 0.663176, 0.000000, -8.940392, -0.273512, -50.175739, 0.863033, 0.811186, -0.551105, 0.001852, 14.907227, 12.039185, 183.776840
-0.001745, 0.136126, 1048.000000, 0.000000, 2000.000000, 1000.000000, 15.095271, 12.906196, 14.472926, 13.525607, -0.310439, -0.000734, 0.784099, -0.008726, 0.680628, 0.000000, -6.079360, -0.348533, -51.653778, 0.514694, 0.700400, -0.534061, 0.001867, 14.915039, 11.639404, 177.795395
-0.001745, 0.144852, 1048.000000, 0.000000, 2000.000000, 1000.000000, 14.672047, 12.823032, 15.241356, 13.263565, 0.032194, 0.252460, 0.956701, -0.008726, 0.724258, 0.000000, -4.104336, 0.546130, -53.921978, -0.064806, 0.319037, -0.649108, 0.002266, 14.907227, 12.280273, 187.377914
-0.005236, 0.136126, 1048.000000, 0.000000, 2000.000000, 1000.000000, 14.915858, 12.785140, 15.015256, 13.283746, -0.099802, 0.149501, 0.965557, -0.026178, 0.680628, 0.000000, -3.341651, 1.070910, -55.749756, 0.140789, 0.445803, -0.655500, 0.002232, 14.911133, 11.880493, 181.274399
-0.013962, 0.120419, 1056.000000, 0.003490, 2000.000000, 1000.000000, 16.621901, 13.798115, 15.205595, 14.374390, -0.498145, -0.210008, 0.913748, -0.069808, 0.602094, 0.017452, -0.883537, 0.968340, -57.567783, 0.768225, 0.972040, -0.604368, 0.001752, 14.793945, 15.759277, 238.830551
-0.033159, 0.099476, 1068.000000, 0.020942, 2000.000000, 1000.000000, 17.830099, 14.590132, 16.274263, 15.305506, -0.567802, -0.210116, 1.052181, -0.165794, 0.497382, 0.104712, 4.574598, 0.019146, -59.977940, 0.772487, 0.858058, -0.606498, 0.002203, 14.711914, 19.000244, 286.193848
-0.031414, 0.092496, 1068.000000, 0.031414, 2000.000000, 1000.000000, 17.191622, 14.621767, 16.963997, 15.222612, -0.207118, 0.093305, 1.077811, -0.157068, 0.462478, 0.157068, 6.479717, -0.290423, -61.565960, 0.184464, 0.317972, -0.571345, 0.002179, 14.747070, 17.559814, 265.075684
-0.029668, 0.090750, 1068.000000, 0.050611, 2000.000000, 1000.000000, 16.818932, 14.530578, 17.429798, 15.220691, -0.019811, 0.325245, 1.124366, -0.148342, 0.453752, 0.253054, 6.591055, -0.079398, -63.032822, -0.124460, -0.079369, -0.508494, 0.001821, 14.750977, 17.401123, 267.089844
-0.020942, 0.089005, 1068.000000, 0.090750, 2000.000000, 1000.000000, 17.613394, 14.426982, 16.959894, 14.999731, -0.306562, -0.020188, 1.286644, -0.104712, 0.445026, 0.453752, 7.108493, 0.282193, -64.920654, 0.399646, 0.488413, -0.412621, 0.002279, 14.727539, 17.321777, 261.413574
-0.020942, 0.083770, 1069.000000, 0.111693, 2000.000000, 1000.000000, 18.197910, 14.252441, 16.429766, 15.119881, -0.658896, -0.225176, 1.313838, -0.104712, 0.418848, 0.558464, 9.627740, -0.594230, -65.836662, 0.995125, 0.809056, -0.328466, 0.001830, 14.762695, 17.199707, 260.009766
-0.061082, 0.068063, 1069.000000, 0.158813, 2000.000000, 1000.000000, 17.823832, 13.937625, 17.174656, 15.063891, -0.443860, 0.119273, 1.499242, -0.305410, 0.340314, 0.794066, 13.390576, -2.896264, -66.984169, 0.427343, 0.150727, -0.213418, 0.002229, 14.739258, 17.678833, 266.723633
-0.062827, 0.068063, 1057.000000, 0.184991, 2000.000000, 1000.000000, 15.853481, 13.145643, 17.076012, 13.924864, 0.110828, 0.500438, 1.464747, -0.314136, 0.340314, 0.924956, 12.783099, -3.023725, -67.353424, -0.509018, -0.490559, -0.061086, 0.001757, 14.708008, 17.959595, 270.385742
-0.073298, 0.075044, 1054.000000, 0.223386, 2000.000000, 1000.000000, 16.232409, 13.177155, 16.882975, 13.707462, 0.030065, 0.295219, 1.557692, -0.366492, 0.375218, 1.116928, 10.068070, -0.759205, -67.418404, -0.425928, -0.106001, 0.073136, 0.002284, 14.836914, 13.720703, 208.374008
-0.106457, 0.066318, 1052.000000, 0.254799, 2000.000000, 1000.000000, 17.331329, 12.730039, 15.936711, 14.001920, -0.666625, -0.030685, 1.634021, -0.532286, 0.331588, 1.273996, 10.635896, -0.781888, -67.087936, 0.559435, 0.389344, 0.179662, 0.002215, 14.793945, 15.841675, 239.929184
-0.122164, 0.052356, 1048.000000, 0.256544, 2000.000000, 1000.000000, 16.065033, 11.872904, 14.547646, 13.514418, -0.789725, 0.031031, 1.306339, -0.610820, 0.261780, 1.282722, 12.247260, -2.142442, -66.227432, 0.706441, 0.217838, 0.406562, 0.001767, 14.938477, 10.040283, 153.625488
-0.125654, 0.047120, 1047.000000, 0.256544, 2000.000000, 1000.000000, 14.407178, 12.477193, 15.794618, 13.321012, 0.135905, 0.557815, 1.100898, -0.628272, 0.235602, 1.282722, 11.181183, -2.337428, -64.182419, -0.868010, -0.688697, 0.547176, 0.002374, 14.903320, 11.441040, 174.499496
-0.125654, 0.047120, 1037.000000, 0.256544, 2000.000000, 1000.000000, 12.752066, 11.878710, 15.235859, 12.133366, 0.557284, 0.684612, 0.993963, -0.628272, 0.235602, 1.282722, 7.564805, -0.232656, -62.701466, -1.575341, -0.904944, 0.619614, 0.002184, 14.883789, 11.001587, 167.724594
-0.125654, 0.041885, 1015.000000, 0.254799, 2000.000000, 1000.000000, 11.127221, 10.141257, 12.703574, 10.027947, 0.422416, 0.365761, 0.915398, -0.628272, 0.209424, 1.273996, 3.888528, 2.547332, -60.843143, -1.359094, -0.403207, 0.664354, 0.001857, 16.567383, 0.000000, 1.281738
-0.127400, 0.043630, 1016.000000, 0.265270, 2000.000000, 1000.000000, 12.214539, 9.876268, 11.965780, 9.943413, -0.078976, -0.045404, 1.090159, -0.636998, 0.218150, 1.326352, 2.611300, 4.836886, -59.068085, -0.520736, 0.298797, 0.598308, 0.002059, 15.125977, 3.439331, 53.283688
-0.129145, 0.050611, 1026.000000, 0.277487, 2000.000000, 1000.000000, 13.231274, 10.512312, 12.408689, 11.847725, -0.539499, 0.128207, 0.819982, -0.645724, 0.253054, 1.387434, 3.587232, 5.357982, -56.167892, 0.240923, 0.045266, 0.843318, 0.002282, 14.981445, 8.239746, 126.525871
-0.123909, 0.057592, 1036.000000, 0.280977, 2000.000000, 1000.000000, 13.571975, 11.445548, 14.009383, 12.973094, -0.272534, 0.491239, 0.790679, -0.619546, 0.287958, 1.404886, 3.120666, 4.861534, -53.806217, -0.175593, -0.533169, 0.881667, 0.001838, 14.922852, 10.479736, 160.095215
-0.115183, 0.066318, 1035.000000, 0.277487, 2000.000000, 1000.000000, 12.831463, 11.575588, 14.654802, 12.938147, 0.115195, 0.796474, 0.743132, -0.575916, 0.331588, 1.387434, -1.203736, 4.296965, -49.864609, -0.780659, -0.992295, 0.895515, 0.002280, 14.965820, 8.920288, 136.779785
-0.116928, 0.064572, 1040.000000, 0.277487, 2000.000000, 1000.000000, 14.149053, 12.706634, 15.321580, 13.822734, 0.014107, 0.572157, 0.735316, -0.584642, 0.322862, 1.387434, -4.166910, 4.294669, -47.254738, -0.620871, -0.626912, 0.900842, 0.002272, 14.938477, 9.881592, 151.123047
-0.116928, 0.064572, 1047.000000, 0.277487, 2000.000000, 1000.000000, 14.571061, 12.765195, 14.675094, 13.988650, -0.279855, 0.331872, 0.623078, -0.584642, 0.322862, 1.387434, -5.606626, 4.277070, -44.670902, -0.128722, -0.229570, 0.978605, 0.001751, 14.887695, 11.560059, 176.330551
-0.118674, 0.064572, 1055.000000, 0.242583, 2000.000000, 1000.000000, 15.646749, 13.848204, 15.188442, 15.316605, -0.481677, 0.252524, 0.417596, -0.593368, 0.322862, 1.212914, -5.600530, 3.880301, -42.000679, 0.198313, -0.091087, 0.942387, 0.001877, 14.739258, 17.279053, 260.803223
-0.115183, 0.064572, 1071.000000, 0.157068, 2000.000000, 1000.000000, 16.835661, 16.312773, 17.527365, 17.324202, -0.079931, 0.425783, 0.181513, -0.575916, 0.322862, 0.785340, -6.097852, 3.365941, -38.706287, -0.451495, -0.376576, 0.669681, 0.002185, 14.547852, 22.921753, 341.735809
-0.104712, 0.064572, 1071.000000, 0.129145, 2000.000000, 1000.000000, 16.681421, 15.924653, 18.112745, 17.281179, 0.018699, 0.696962, 0.397084, -0.523560, 0.322862, 0.645724, -8.299465, 2.952482, -37.182987, -0.568673, -0.827180, 0.383126, 0.002209, 14.622070, 20.919800, 313.293457
-0.099476, 0.064572, 1071.000000, 0.095986, 2000.000000, 1000.000000, 16.523937, 15.959729, 17.999092, 17.517242, -0.020589, 0.758167, 0.261514, -0.497382, 0.322862, 0.479930, -11.027582, 1.748246, -36.202759, -0.474930, -0.939032, 0.307493, 0.001855, 14.610352, 21.920776, 327.880829
-0.095986, 0.068063, 1071.000000, 0.106457, 2000.000000, 1000.000000, 17.526400, 16.247896, 17.498800, 16.726904, -0.126652, 0.112851, 0.512600, -0.479930, 0.340314, 0.532286, -12.830392, 1.187273, -35.018742, -0.277858, 0.160314, 0.190315, 0.002376, 14.622070, 20.239258, 303.222656
-0.095986, 0.075044, 1071.000000, 0.092496, 2000.000000, 1000.000000, 17.501133, 16.407482, 17.469814, 16.621571, -0.061352, 0.045692, 0.485473, -0.479930, 0.375218, 0.462478, -13.018559, 2.254647, -34.622620, -0.387579, 0.308385, 0.137052, 0.001758, 14.637695, 19.839478, 297.424316
-0.092496, 0.099476, 1065.000000, 0.078534, 2000.000000, 1000.000000, 16.190378, 15.203711, 16.636627, 15.969282, -0.079831, 0.302955, 0.413503, -0.462478, 0.497382, 0.392670, -13.557355, 3.100440, -34.261841, -0.340708, 0.001590, 0.115747, 0.001760, 14.809570, 14.080811, 213.378891
-0.059337, 0.132635, 1045.000000, 0.071553, 2000.000000, 1000.000000, 13.979468, 12.992307, 15.012706, 14.015519, 0.002506, 0.514113, 0.496087, -0.296684, 0.663176, 0.357766, -14.816211, 3.148143, -33.953796, -0.307685, -0.182699, 0.024135, 0.002137, 14.981445, 7.800293, 119.689934
-0.064572, 0.130890, 1047.000000, 0.071553, 2000.000000, 1000.000000, 14.162925, 13.527480, 14.804263, 13.505332, 0.165871, 0.154797, 0.483594, -0.322862, 0.654450, 0.357766, -15.784078, 4.011378, -33.836403, -0.607022, 0.409584, 0.032657, 0.002195, 14.918945, 10.281372, 156.982422
-0.071553, 0.132635, 1049.000000, 0.108202, 2000.000000, 1000.000000, 15.280331, 13.586636, 14.135979, 12.997055, -0.138693, -0.433483, 0.708155, -0.357766, 0.663176, 0.541012, -14.666641, 8.576112, -33.785534, -0.135113, 1.400274, 0.065680, 0.002363, 14.836914, 13.360596, 202.880844
-0.059337, 0.132635, 1048.000000, 0.106457, 2000.000000, 1000.000000, 15.203549, 13.637033, 13.865048, 13.294370, -0.248960, -0.420291, 0.534299, -0.296684, 0.663176, 0.532286, -12.427534, 11.754289, -33.865253, 0.113092, 1.382164, 0.174336, 0.002158, 14.887695, 10.958862, 166.992172
-0.040140, 0.139616, 1045.000000, 0.104712, 2000.000000, 1000.000000, 14.670583, 13.423368, 14.299512, 13.606538, -0.138560, -0.046975, 0.485048, -0.200698, 0.698080, 0.523560, -10.490627, 13.998423, -33.782166, 0.028937, 0.796273, 0.198837, 0.001995, 14.883789, 11.120605, 169.494614
-0.038394, 0.137871, 1045.000000, 0.106457, 2000.000000, 1000.000000, 14.488641, 12.943360, 14.583669, 13.984330, -0.236485, 0.284000, 0.536155, -0.191972, 0.689354, 0.532286, -9.496703, 14.930317, -33.493019, 0.198313, 0.230621, 0.173271, 0.002175, 14.883789, 10.958862, 167.114243
-0.036649, 0.129145, 1045.000000, 0.123909, 2000.000000, 1000.000000, 14.897657, 12.571760, 14.424723, 14.105860, -0.501759, 0.265292, 0.661190, -0.183246, 0.645724, 0.619546, -7.605689, 14.254955, -33.265343, 0.651047, 0.215707, 0.176466, 0.002351, 14.883789, 11.239624, 171.203598
-0.036649, 0.120419, 1046.000000, 0.139616, 2000.000000, 1000.000000, 15.274168, 12.877506, 14.116358, 13.731968, -0.503068, -0.075837, 0.695263, -0.183246, 0.602094, 0.698080, -5.298707, 14.285114, -33.319477, 0.662765, 0.747271, 0.231860, 0.001752, 14.864258, 12.359619, 187.988266
-0.036649, 0.094241, 1050.000000, 0.157068, 2000.000000, 1000.000000, 16.207695, 14.429852, 14.760396, 14.602057, -0.404876, -0.318773, 0.484045, -0.183246, 0.471204, 0.785340, -2.457249, 15.630433, -33.011097, 0.490193, 1.021042, 0.465151, 0.001759, 14.879883, 11.401367, 173.706039
-0.034904, 0.036649, 1053.000000, 0.155323, 2000.000000, 1000.000000, 15.336946, 14.317469, 15.383797, 14.961788, -0.149367, 0.172793, 0.360371, -0.174520, 0.183246, 0.776614, -0.318362, 16.870834, -31.442801, 0.070482, -0.098544, 0.539719, 0.002275, 14.743164, 15.921021, 232.727036
-0.033159, 0.013962, 1052.000000, 0.151832, 2000.000000, 1000.000000, 15.319662, 13.752096, 15.371176, 15.557066, -0.438364, 0.464121, 0.345419, -0.165794, 0.069808, 0.759162, -0.163370, 15.292089, -30.013433, 0.558370, -0.698284, 0.532262, 0.002267, 14.793945, 14.599609, 220.397934
-0.012216, 0.005236, 1052.000000, 0.134380, 2000.000000, 1000.000000, 15.604384, 13.780488, 14.794522, 15.820606, -0.712495, 0.307564, 0.199453, -0.061082, 0.026178, 0.671902, 1.151655, 12.386726, -28.818415, 1.132544, -0.490559, 0.543980, 0.001786, 14.836914, 12.319946, 187.194809
-0.019197, 0.001745, 1053.000000, 0.127400, 2000.000000, 1000.000000, 16.228968, 14.368167, 14.122563, 15.280301, -0.754635, -0.298568, 0.175766, -0.095986, 0.008726, 0.636998, 5.612261, 10.428793, -27.438507, 1.150653, 0.503327, 0.523740, 0.002311, 14.747070, 16.159058, 244.079575
-0.026178, 0.000000, 1053.000000, 0.125654, 2000.000000, 1000.000000, 15.785374, 14.443399, 14.408409, 15.362818, -0.574095, -0.114386, 0.096891, -0.130890, 0.000000, 0.628272, 8.456595, 10.241100, -26.480330, 0.827880, 0.192272, 0.569546, 0.001810, 14.805664, 13.800049, 209.228500
-0.024433, 0.001745, 1052.000000, 0.120419, 2000.000000, 1000.000000, 15.025674, 14.046206, 15.241181, 15.686938, -0.356306, 0.464060, 0.133427, -0.122164, 0.008726, 0.602094, 9.462805, 8.806751, -25.114466, 0.463562, -0.760069, 0.517349, 0.002230, 14.801758, 13.800049, 209.106430
-0.047120, 0.017452, 1053.000000, 0.066318, 2000.000000, 1000.000000, 14.524342, 13.950659, 15.127243, 16.397757, -0.461049, 0.762500, -0.174208, -0.235602, 0.087260, 0.331588, 8.921809, 3.955042, -23.116941, 0.522151, -1.174454, 0.452368, 0.002288, 14.778320, 14.559937, 220.397934
-0.080279, 0.008726, 1047.000000, 0.029668, 2000.000000, 1000.000000, 14.124245, 13.503342, 13.357941, 15.014473, -0.569359, 0.186207, -0.258908, -0.401396, 0.043630, 0.148342, 9.527641, 1.486876, -22.054369, 0.553043, -0.272181, 0.326668, 0.001773, 14.883789, 10.919189, 166.381821
-0.090750, 0.005236, 1045.000000, 0.026178, 2000.000000, 1000.000000, 14.721830, 14.030333, 12.967684, 14.280153, -0.500992, -0.376081, -0.155243, -0.453752, 0.026178, 0.130890, 11.093915, 1.635640, -21.390558, 0.382602, 0.663116, 0.238251, 0.001755, 14.895508, 10.641479, 162.292465
-0.089005, 0.012216, 1046.000000, 0.022688, 2000.000000, 1000.000000, 14.587903, 13.892781, 13.505660, 14.013656, -0.300780, -0.240342, 0.046781, -0.445026, 0.061082, 0.113438, 12.991842, 4.113365, -20.781942, 0.049177, 0.463912, 0.082724, 0.002243, 14.860352, 11.639404, 177.124008
-0.095986, 0.036649, 1045.000000, 0.020942, 2000.000000, 1000.000000, 13.992655, 13.248392, 14.106407, 14.652546, -0.322600, 0.379476, 0.049531, -0.479930, 0.183246, 0.104712, 13.059199, 4.048511, -20.607430, 0.048111, -0.445818, 0.072071, 0.002190, 14.836914, 12.680054, 192.626938
-0.109948, 0.047120, 1045.000000, 0.006981, 2000.000000, 1000.000000, 13.424656, 13.021214, 14.229889, 15.324242, -0.374449, 0.777065, -0.172728, -0.549738, 0.235602, 0.034904, 12.363118, 1.936784, -20.247620, 0.067286, -1.070059, 0.153031, 0.001823, 14.821289, 13.320923, 202.209457
-0.150087, 0.038394, 1046.000000, 0.031414, 2000.000000, 1000.000000, 14.249818, 12.728038, 14.011167, 15.010978, -0.630398, 0.511072, 0.130492, -0.750436, 0.191972, 0.157068, 11.681773, -2.009992, -19.795158, 0.285664, -0.657804, 0.069941, 0.002273, 14.833008, 12.960815, 199.829086
-0.165794, 0.029668, 1046.000000, 0.045375, 2000.000000, 1000.000000, 14.713471, 13.151986, 13.701764, 14.432778, -0.573125, 0.067272, 0.207618, -0.828970, 0.148342, 0.226876, 11.891366, -2.801097, -19.580820, 0.108831, 0.038874, 0.088050, 0.002194, 14.899414, 9.881592, 150.817871
-0.167539, 0.022688, 1046.000000, 0.054101, 2000.000000, 1000.000000, 14.648573, 13.547640, 14.033245, 13.770542, -0.209558, -0.098106, 0.340909, -0.837696, 0.113438, 0.270506, 11.525469, -2.035676, -19.383619, -0.505823, 0.281753, 0.041179, 0.001769, 14.903320, 10.119629, 154.418945
-0.167539, 0.017452, 1046.000000, 0.048866, 2000.000000, 1000.000000, 13.794905, 13.581421, 14.530813, 14.092861, 0.056117, 0.311837, 0.162859, -0.837696, 0.087260, 0.244328, 8.356194, -1.138495, -19.216768, -0.952166, -0.433035, 0.135987, 0.002114, 14.872070, 11.160278, 169.921860
-0.167539, 0.020942, 1046.000000, 0.048866, 2000.000000, 1000.000000, 13.555694, 13.323916, 14.773261, 14.347129, 0.048589, 0.560195, 0.164477, -0.837696, 0.104712, 0.244328, 5.318891, -2.017184, -18.897036, -0.937252, -0.829311, 0.134921, 0.002258, 14.860352, 11.679077, 177.673325
-0.164049, 0.020942, 1046.000000, 0.048866, 2000.000000, 1000.000000, 13.715186, 13.146247, 14.788972, 14.349595, -0.032391, 0.569284, 0.252079, -0.820244, 0.104712, 0.244328, 2.374296, -3.447080, -18.772617, -0.789181, -0.853812, 0.075267, 0.001797, 14.875977, 11.199951, 170.593246
-0.167539, 0.020942, 1046.000000, 0.047120, 2000.000000, 1000.000000, 13.939622, 13.233687, 14.586062, 14.240628, -0.090125, 0.413346, 0.262842, -0.837696, 0.104712, 0.235602, -0.213429, -4.615304, -18.802456, -0.705026, -0.584301, 0.059288, 0.002254, 14.864258, 11.318970, 172.302231
-0.167539, 0.017452, 1046.000000, 0.054101, 2000.000000, 1000.000000, 14.221539, 13.397176, 14.222949, 14.158336, -0.189938, 0.190642, 0.222244, -0.837696, 0.087260, 0.270506, -3.008671, -5.222587, -18.806620, -0.539911, -0.228505, 0.122138, 0.002352, 14.844727, 12.200928, 185.424789
-0.164049, 0.010471, 1049.000000, 0.052356, 2000.000000, 1000.000000, 13.917856, 13.727541, 14.200451, 14.154152, -0.036004, 0.177302, 0.059153, -0.820244, 0.052356, 0.261780, -4.891695, -5.160553, -18.528879, -0.782790, -0.245549, 0.224403, 0.001755, 14.872070, 10.958862, 166.809067
-0.169284, 0.013962, 1048.000000, 0.057592, 2000.000000, 1000.000000, 13.837835, 13.933380, 14.348328, 13.880457, 0.140854, 0.114392, 0.093081, -0.846422, 0.069808, 0.287958, -7.625600, -4.829642, -18.153526, -1.102367, -0.120914, 0.227599, 0.002089, 14.899414, 10.119629, 154.418945
-0.141361, 0.033159, 1048.000000, 0.052356, 2000.000000, 1000.000000, 13.832467, 14.034925, 14.215865, 13.916743, 0.125395, 0.066305, 0.024167, -0.706806, 0.165794, 0.261780, -11.750464, -3.426949, -17.482576, -0.931926, 0.059114, 0.247839, 0.002215, 14.848633, 11.959839, 181.884750
-0.127400, 0.047120, 1048.000000, 0.052356, 2000.000000, 1000.000000, 14.104342, 13.506064, 14.048413, 14.341180, -0.222761, 0.194796, 0.076378, -0.636998, 0.235602, 0.261780, -13.251057, -2.976778, -16.966904, -0.279988, -0.086826, 0.212685, 0.001841, 14.817383, 12.881470, 195.495590
-0.094241, 0.092496, 1048.000000, 0.059337, 2000.000000, 1000.000000, 13.668482, 13.531225, 14.185404, 14.614889, -0.141686, 0.400146, -0.073057, -0.471204, 0.462478, 0.296684, -13.853431, -3.330724, -15.806635, -0.243769, -0.194417, 0.349038, 0.002279, 14.860352, 11.880493, 180.725082
-0.080279, 0.106457, 1048.000000, 0.064572, 2000.000000, 1000.000000, 13.392892, 13.788938, 14.366265, 14.451905, 0.077602, 0.409085, -0.120421, -0.401396, 0.532286, 0.322862, -14.971884, -3.464603, -14.904909, -0.539911, -0.140089, 0.407627, 0.002177, 14.864258, 11.318970, 172.180161
-0.078534, 0.109948, 1048.000000, 0.078534, 2000.000000, 1000.000000, 13.529866, 13.916572, 14.297988, 14.255574, 0.107279, 0.276781, -0.086073, -0.392670, 0.549738, 0.392670, -16.447456, -3.183707, -13.852132, -0.583587, 0.096398, 0.455564, 0.001916, 14.868164, 11.239624, 172.180161
-0.076789, 0.101222, 1048.000000, 0.087260, 2000.000000, 1000.000000, 13.815419, 14.128232, 13.904626, 14.151723, 0.016429, 0.028174, -0.139978, -0.383944, 0.506108, 0.436300, -18.210388, -1.414637, -11.825338, -0.419537, 0.470304, 0.535458, 0.002199, 14.856445, 11.279297, 171.630844
-0.076789, 0.094241, 1048.000000, 0.083770, 2000.000000, 1000.000000, 14.125446, 13.540997, 13.841103, 14.492455, -0.308950, 0.166779, -0.016726, -0.383944, 0.471204, 0.418848, -18.343903, -0.304157, -10.555814, 0.122679, 0.203989, 0.434259, 0.002131, 14.856445, 10.958862, 166.809067
-0.076789, 0.094241, 1049.000000, 0.083770, 2000.000000, 1000.000000, 13.780012, 13.055027, 13.991604, 15.173357, -0.476684, 0.582481, -0.114192, -0.383944, 0.471204, 0.418848, -17.538694, -0.780840, -9.325147, 0.409234, -0.498015, 0.501370, 0.001833, 14.856445, 11.679077, 177.612289
-0.071553, 0.097731, 1051.000000, 0.083770, 2000.000000, 1000.000000, 14.404098, 13.771811, 15.410270, 16.413822, -0.408959, 0.912046, -0.092816, -0.357766, 0.488656, 0.418848, -16.868874, -3.204173, -7.981647, 0.311230, -1.013600, 0.485391, 0.002259, 14.875977, 10.479736, 159.606934
-0.041885, 0.090750, 1050.000000, 0.041885, 2000.000000, 1000.000000, 14.371464, 15.063749, 14.862320, 15.702467, -0.036966, 0.282393, -0.383108, -0.209424, 0.453752, 0.209424, -16.985989, -5.871641, -6.002673, -0.154288, -0.005866, 0.470477, 0.002284, 14.747070, 15.841675, 239.196762
-0.026178, 0.076789, 1051.000000, 0.020942, 2000.000000, 1000.000000, 15.246869, 15.414514, 14.317491, 15.021127, -0.133998, -0.330691, -0.217821, -0.130890, 0.383944, 0.104712, -17.241903, -4.383211, -5.009289, 0.086461, 0.950735, 0.254230, 0.001756, 14.754883, 15.319824, 231.384262
-0.013962, 0.069808, 1050.000000, 0.003490, 2000.000000, 1000.000000, 16.066336, 14.546586, 13.804433, 15.582644, -0.824490, -0.306461, -0.064615, -0.069808, 0.349040, 0.017452, -14.247427, -0.236486, -4.308326, 1.290202, 0.863384, 0.061419, 0.002397, 14.813477, 12.319946, 186.889633
-0.013962, 0.073298, 1050.000000, 0.000000, 2000.000000, 1000.000000, 15.883872, 13.999197, 13.994282, 16.122646, -1.003260, 0.058465, -0.060923, -0.069808, 0.366492, 0.000000, -10.149400, 1.001337, -4.239522, 1.593800, 0.278557, 0.041179, 0.002191, 14.829102, 11.880493, 180.297836
-0.008726, 0.082024, 1050.000000, -0.001745, 2000.000000, 1000.000000, 15.129334, 13.958640, 14.717160, 16.194866, -0.662100, 0.456013, -0.076753, -0.043630, 0.410122, -0.008726, -6.614778, 0.476459, -4.181200, 1.065432, -0.343553, 0.043309, 0.001852, 14.774414, 14.080811, 213.012680
-0.005236, 0.089005, 1050.000000, -0.001745, 2000.000000, 1000.000000, 14.553030, 14.566206, 15.305828, 15.574936, -0.063983, 0.440382, -0.070571, -0.026178, 0.445026, -0.008726, -5.135506, -0.719702, -4.035677, 0.080069, -0.276442, 0.039048, 0.002200, 14.778320, 13.760376, 208.190903
-0.005236, 0.087260, 1050.000000, 0.000000, 2000.000000, 1000.000000, 15.223283, 14.727921, 14.730584, 15.318212, -0.270748, 0.024398, -0.023066, -0.026178, 0.436300, 0.000000, -5.127418, -0.284784, -3.899066, 0.420951, 0.404258, 0.015612, 0.002350, 14.758789, 15.121460, 228.515610
-0.006981, 0.083770, 1050.000000, -0.001745, 2000.000000, 1000.000000, 15.938790, 13.848689, 14.201846, 16.010674, -0.974733, 0.106260, 0.070319, -0.034904, 0.418848, -0.008726, -2.222109, 0.524157, -3.960333, 1.606583, 0.252991, -0.056825, 0.001751, 14.793945, 13.119507, 198.791489
-0.019197, 0.075044, 1050.000000, -0.001745, 2000.000000, 1000.000000, 16.457056, 12.845224, 14.131540, 16.566179, -1.511617, 0.348860, 0.294298, -0.095986, 0.375218, -0.008726, 3.658592, 0.027510, -4.392392, 2.416179, -0.196547, -0.208092, 0.002161, 14.786133, 13.281250, 201.110825
-0.045375, 0.055846, 1050.000000, 0.000000, 2000.000000, 1000.000000, 16.367153, 13.360765, 14.454778, 15.817307, -1.092229, 0.136042, 0.410965, -0.226876, 0.279232, 0.000000, 12.450060, -1.361308, -5.284948, 1.587409, 0.059114, -0.278399, 0.002107, 14.750977, 15.121460, 228.332504
-0.048866, 0.055846, 1050.000000, 0.000000, 2000.000000, 1000.000000, 15.947466, 14.447676, 14.908361, 14.696497, -0.321981, -0.197571, 0.427913, -0.244328, 0.279232, 0.000000, 14.933495, -0.597926, -5.994624, 0.292055, 0.619440, -0.291182, 0.001761, 14.774414, 14.520264, 219.482407
-0.066318, 0.052356, 1051.000000, 0.000000, 2000.000000, 1000.000000, 15.411544, 14.373038, 15.739257, 14.476161, 0.056148, 0.107709, 0.575400, -0.331588, 0.261780, 0.000000, 14.081983, 1.443497, -7.362140, -0.431255, 0.090007, -0.389185, 0.002329, 14.782227, 13.360596, 202.331528
-0.083770, 0.045375, 1051.000000, 0.000000, 2000.000000, 1000.000000, 15.716591, 13.528538, 15.794561, 14.960310, -0.338450, 0.377436, 0.755576, -0.418848, 0.226876, 0.000000, 13.570230, 1.036837, -8.560538, 0.133332, -0.395751, -0.511690, 0.002160, 14.809570, 12.319946, 186.828598
-0.097731, 0.040140, 1051.000000, -0.001745, 2000.000000, 1000.000000, 16.121534, 12.876848, 15.744596, 15.257021, -0.689278, 0.500809, 0.933066, -0.488656, 0.200698, -0.008726, 14.415979, -0.652781, -10.055878, 0.653178, -0.634368, -0.642717, 0.001873, 14.735352, 15.679932, 236.633286
-0.104712, 0.040140, 1051.000000, -0.001745, 2000.000000, 1000.000000, 16.202526, 13.036403, 15.698890, 15.062182, -0.632354, 0.380536, 0.950708, -0.523560, 0.200698, -0.008726, 15.950289, -2.531016, -11.825953, 0.516825, -0.426643, -0.652304, 0.002232, 14.762695, 14.080811, 213.073715
-0.115183, 0.034904, 1051.000000, -0.001745, 2000.000000, 1000.000000, 16.197844, 13.860488, 15.837853, 14.103814, -0.150830, -0.029167, 1.017849, -0.575916, 0.174520, -0.008726, 16.256153, -2.975085, -14.519032, -0.337512, 0.226360, -0.697045, 0.002330, 14.770508, 14.401245, 217.712387
-0.120419, 0.033159, 1051.000000, -0.001745, 2000.000000, 1000.000000, 16.171453, 14.175734, 15.870501, 13.782312, 0.023117, -0.173593, 1.020977, -0.602094, 0.165794, -0.008726, 15.191210, -1.647986, -16.417398, -0.659220, 0.462847, -0.703436, 0.001763, 14.758789, 14.279175, 215.698227
-0.120419, 0.033159, 1051.000000, -0.001745, 2000.000000, 1000.000000, 15.777740, 13.743442, 16.071142, 14.407678, -0.092709, 0.239409, 0.924441, -0.602094, 0.165794, -0.008726, 12.918246, -0.024238, -19.295536, -0.462147, -0.226375, -0.634195, 0.002272, 14.762695, 14.401245, 217.712387
-0.123909, 0.031414, 1051.000000, -0.001745, 2000.000000, 1000.000000, 16.072548, 13.313667, 15.688606, 14.925179, -0.498863, 0.306892, 0.880577, -0.619546, 0.157068, -0.008726, 12.242790, -0.787996, -20.877764, 0.191921, -0.348879, -0.604368, 0.002279, 14.747070, 15.359497, 221.130356
-0.125654, 0.031414, 1050.000000, -0.001745, 2000.000000, 1000.000000, 16.280247, 13.340582, 15.370775, 15.008396, -0.644321, 0.189586, 0.825511, -0.628272, 0.157068, -0.008726, 12.916464, -1.761205, -22.443600, 0.435865, -0.158198, -0.570279, 0.001802, 14.774414, 13.641357, 206.298813
-0.134380, 0.026178, 1051.000000, -0.001745, 2000.000000, 1000.000000, 15.529019, 13.843947, 15.924605, 14.702428, -0.115724, 0.313517, 0.726812, -0.671902, 0.130890, -0.008726, 12.699322, -2.828346, -24.686871, -0.494105, -0.388294, -0.502103, 0.001975, 14.793945, 13.360596, 202.331528
-0.139616, 0.020942, 1051.000000, -0.001745, 2000.000000, 1000.000000, 15.217661, 14.245026, 16.115280, 14.422033, 0.180153, 0.268657, 0.666470, -0.698080, 0.104712, -0.008726, 10.307527, -2.800453, -26.079414, -1.011820, -0.338227, -0.459493, 0.002313, 14.715820, 15.481567, 233.215317
-0.139616, 0.013962, 1051.000000, -0.001745, 2000.000000, 1000.000000, 15.331742, 14.357551, 15.846084, 14.464623, 0.101817, 0.155353, 0.588913, -0.698080, 0.069808, -0.008726, 7.516772, -2.165632, -27.333036, -0.891446, -0.189091, -0.409425, 0.001778, 14.782227, 12.799072, 193.786606
-0.136126, 0.003490, 1051.000000, -0.001745, 2000.000000, 1000.000000, 15.735232, 13.730765, 15.593741, 14.940261, -0.337747, 0.267002, 0.664487, -0.680628, 0.017452, -0.008726, 5.306602, -2.097316, -29.210625, -0.135113, -0.423447, -0.458427, 0.002278, 14.805664, 12.039185, 182.617172
-0.139616, 0.003490, 1051.000000, -0.001745, 2000.000000, 1000.000000, 15.695988, 13.541004, 15.589207, 15.173801, -0.434894, 0.381504, 0.642597, -0.698080, 0.017452, -0.008726, 4.676408, -3.387906, -30.429665, 0.008697, -0.614128, -0.443514, 0.002283, 14.762695, 14.239502, 215.209946
-0.136126, 0.005236, 1051.000000, -0.001745, 2000.000000, 1000.000000, 15.616343, 13.808734, 15.730680, 14.844243, -0.230293, 0.287462, 0.673512, -0.680628, 0.026178, -0.008726, 3.657588, -4.478761, -31.755754, -0.311946, -0.455405, -0.466949, 0.001800, 14.809570, 12.121582, 183.715805
-0.137871, 0.019197, 1051.000000, -0.001745, 2000.000000, 1000.000000, 15.423790, 14.304518, 15.896235, 14.375458, 0.100376, 0.135846, 0.660012, -0.689354, 0.095986, -0.008726, 1.779718, -4.095633, -33.175350, -0.875467, -0.127306, -0.456297, 0.002046, 14.762695, 13.958740, 210.998520
-0.120419, 0.040140, 1051.000000, -0.001745, 2000.000000, 1000.000000, 15.011395, 14.607426, 16.103468, 14.277712, 0.355447, 0.190590, 0.557431, -0.602094, 0.200698, -0.008726, -2.240759, -1.899164, -35.195938, -1.202501, -0.111327, -0.385990, 0.002285, 14.731445, 15.200806, 229.186996
-0.122164, 0.054101, 1051.000000, -0.001745, 2000.000000, 1000.000000, 15.222275, 14.504854, 15.608780, 14.664091, 0.056817, 0.136435, 0.415527, -0.610820, 0.270506, -0.008726, -4.333664, -0.524637, -36.137936, -0.723135, 0.049527, -0.291182, 0.001865, 14.793945, 13.281250, 201.110825
-0.122164, 0.069808, 1051.000000, -0.001745, 2000.000000, 1000.000000, 15.544338, 14.193525, 15.319715, 14.942421, -0.243380, 0.131068, 0.432027, -0.610820, 0.349040, -0.008726, -4.997428, 0.376017, -36.943157, -0.217138, 0.139009, -0.302900, 0.001757, 14.762695, 14.239502, 215.209946
-0.136126, 0.071553, 1051.000000, -0.001745, 2000.000000, 1000.000000, 15.725630, 13.905087, 15.198347, 15.170937, -0.448283, 0.184642, 0.461988, -0.680628, 0.357766, -0.008726, -4.856236, 0.501860, -38.212357, 0.045981, 0.058049, -0.321009, 0.002368, 14.770508, 13.519287, 204.406723
-0.143106, 0.069808, 1051.000000, -0.001745, 2000.000000, 1000.000000, 15.516422, 14.509296, 15.041353, 14.932928, -0.224675, -0.012859, 0.278888, -0.715532, 0.349040, -0.008726, -4.844778, 1.080529, -38.897465, -0.356687, 0.376561, -0.197439, 0.002311, 14.731445, 15.521240, 234.130844
-0.137871, 0.064572, 1051.000000, -0.001745, 2000.000000, 1000.000000, 15.261991, 15.197511, 15.020057, 14.520442, 0.108784, -0.229750, 0.141023, -0.689354, 0.322862, -0.008726, -5.114074, 3.380381, -39.326870, -0.886120, 0.716378, -0.104762, 0.001880, 14.801758, 11.999512, 181.823715
-0.115183, 0.062827, 1051.000000, -0.001745, 2000.000000, 1000.000000, 15.129821, 14.952064, 15.402955, 14.515161, 0.177510, -0.040943, 0.266388, -0.575916, 0.314136, -0.008726, -6.322031, 7.874942, -39.707825, -0.886120, 0.390409, -0.188917, 0.002238, 14.731445, 14.440918, 217.895493
-0.095986, 0.062827, 1051.000000, -0.001745, 2000.000000, 1000.000000, 14.947330, 14.422902, 15.663634, 14.966134, 0.043268, 0.314884, 0.305482, -0.479930, 0.314136, -0.008726, -7.852607, 9.432405, -40.021610, -0.566542, -0.200809, -0.215548, 0.002189, 14.801758, 12.240601, 185.607895
-0.090750, 0.062827, 1051.000000, -0.001745, 2000.000000, 1000.000000, 15.146253, 13.959210, 15.672360, 15.222177, -0.184214, 0.447268, 0.409307, -0.453752, 0.314136, -0.008726, -9.368203, 9.352365, -40.399002, -0.159614, -0.428774, -0.286921, 0.001817, 14.700195, 16.760254, 252.380356
-0.054101, 0.043630, 1051.000000, -0.001745, 2000.000000, 1000.000000, 15.592291, 14.393616, 15.400629, 14.613464, -0.102877, 0.007046, 0.496460, -0.270506, 0.218150, -0.008726, -9.812386, 8.858879, -41.711521, -0.105286, 0.210381, -0.344445, 0.002347, 14.758789, 14.080811, 205.688461
-0.041885, 0.036649, 1051.000000, -0.001745, 2000.000000, 1000.000000, 15.661082, 14.843589, 15.244775, 14.250554, 0.044182, -0.252336, 0.452928, -0.209424, 0.183246, -0.008726, -9.497053, 10.201316, -42.634892, -0.291706, 0.610918, -0.316748, 0.001826, 14.758789, 13.519287, 204.406723
-0.019197, 0.036649, 1051.000000, -0.001745, 2000.000000, 1000.000000, 15.641661, 14.918669, 15.297752, 14.141918, 0.108210, -0.280165, 0.469707, -0.095986, 0.183246, -0.008726, -8.915583, 12.173822, -43.613995, -0.278923, 0.658854, -0.328466, 0.001784, 14.770508, 13.320923, 201.416000
-0.013962, 0.040140, 1051.000000, -0.001745, 2000.000000, 1000.000000, 15.639562, 14.348601, 15.142539, 14.869298, -0.254430, 0.005918, 0.391051, -0.069808, 0.200698, -0.008726, -7.512901, 13.333397, -45.176327, 0.347449, 0.196533, -0.273072, 0.002382, 14.762695, 13.681030, 206.726059
-0.010471, 0.040140, 1051.000000, -0.001745, 2000.000000, 1000.000000, 15.775318, 13.957293, 14.952805, 15.314585, -0.544952, 0.133695, 0.364062, -0.052356, 0.200698, -0.008726, -6.195965, 12.327721, -46.136574, 0.847055, -0.016519, -0.254963, 0.002283, 14.754883, 13.720703, 207.275375
-0.012216, 0.040140, 1051.000000, -0.001745, 2000.000000, 1000.000000, 15.840507, 13.811311, 15.118344, 15.229838, -0.535172, 0.174091, 0.479425, -0.061082, 0.200698, -0.008726, -4.690277, 10.430812, -47.250282, 0.835337, -0.086826, -0.334857, 0.001821, 14.750977, 13.919067, 210.205063
-0.013962, 0.040140, 1051.000000, -0.001745, 2000.000000, 1000.000000, 15.542783, 14.570567, 15.109731, 14.776919, -0.159851, -0.056675, 0.326256, -0.069808, 0.200698, -0.008726, -3.085368, 9.145261, -48.624069, 0.194052, 0.298797, -0.229397, 0.002331, 14.750977, 14.199829, 214.477524
-0.013962, 0.034904, 1051.000000, -0.001745, 2000.000000, 1000.000000, 15.551215, 14.605353, 14.924535, 14.918897, -0.235056, -0.078284, 0.237875, -0.069808, 0.174520, -0.008726, -1.980182, 9.331820, -49.314335, 0.316556, 0.309450, -0.169742, 0.002222, 14.790039, 11.520386, 174.499496
-0.013962, 0.031414, 1051.000000, -0.001745, 2000.000000, 1000.000000, 15.634520, 14.213127, 14.967064, 15.185289, -0.409904, 0.076177, 0.300792, -0.069808, 0.157068, -0.008726, -0.715298, 8.685178, -49.986378, 0.618024, 0.033548, -0.213418, 0.001780, 14.727539, 14.520264, 219.116196
-0.013962, 0.027923, 1051.000000, -0.001745, 2000.000000, 1000.000000, 15.504412, 13.858931, 15.444105, 15.192553, -0.348482, 0.318328, 0.474259, -0.069808, 0.139616, -0.008726, 0.063446, 5.926567, -51.336361, 0.507237, -0.385098, -0.329531, 0.002307, 14.750977, 13.760376, 207.824692
-0.013962, 0.026178, 1051.000000, -0.001745, 2000.000000, 1000.000000, 15.428305, 14.370287, 15.364613, 14.836796, -0.132550, 0.100704, 0.396459, -0.069808, 0.130890, -0.008726, 0.188647, 4.762730, -52.132969, 0.151441, -0.034628, -0.278399, 0.001814, 14.723633, 15.359497, 231.506332
-0.012216, 0.027923, 1051.000000, -0.001745, 2000.000000, 1000.000000, 15.443404, 14.745238, 15.340396, 14.470962, 0.042817, -0.094321, 0.391900, -0.061082, 0.139616, -0.008726, 0.511729, 5.175647, -52.939499, -0.135113, 0.301993, -0.275203, 0.001863, 14.758789, 13.360596, 202.026352
-0.019197, 0.026178, 1051.000000, -0.001745, 2000.000000, 1000.000000, 15.493172, 14.732410, 14.989470, 14.784948, -0.139060, -0.112791, 0.241321, -0.095986, 0.130890, -0.008726, 1.611223, 6.179460, -53.945869, 0.131201, 0.321168, -0.171873, 0.002396, 14.754883, 13.879395, 209.594711
-0.031414, 0.026178, 1051.000000, -0.001745, 2000.000000, 1000.000000, 15.653632, 14.317685, 14.740859, 15.287824, -0.470728, 0.014341, 0.197246, -0.157068, 0.130890, -0.008726, 2.696250, 5.701889, -54.414089, 0.615894, 0.110247, -0.142046, 0.002361, 14.739258, 14.559937, 219.726547
-0.034904, 0.027923, 1051.000000, -0.001745, 2000.000000, 1000.000000, 15.727292, 13.811555, 15.047023, 15.414130, -0.570711, 0.230577, 0.387158, -0.174520, 0.139616, -0.008726, 3.674613, 4.039963, -55.067207, 0.775682, -0.242354, -0.272007, 0.001839, 14.719727, 15.280151, 230.407700
-0.029668, 0.029668, 1051.000000, -0.001745, 2000.000000, 1000.000000, 15.328080, 14.120561, 15.022128, 15.529231, -0.428656, 0.275679, 0.175104, -0.148342, 0.148342, -0.008726, 3.894673, 1.102822, -55.938290, 0.557304, -0.304139, -0.127132, 0.002415, 14.727539, 15.319824, 230.895981
-0.027923, 0.027923, 1051.000000, -0.001745, 2000.000000, 1000.000000, 15.568130, 14.246503, 14.785359, 15.400008, -0.484068, 0.092684, 0.176744, -0.139616, 0.139616, -0.008726, 4.443581, -0.378625, -56.200577, 0.657439, -0.010127, -0.128197, 0.002360, 14.750977, 13.360596, 201.904282
-0.022688, 0.027923, 1051.000000, -0.001745, 2000.000000, 1000.000000, 15.867404, 13.950471, 14.881326, 15.300799, -0.584101, 0.091063, 0.374365, -0.113438, 0.139616, -0.008726, 5.589931, -1.999864, -56.696693, 0.865164, -0.010127, -0.263485, 0.001750, 14.770508, 12.640381, 191.223129
-0.019197, 0.024433, 1051.000000, -0.001745, 2000.000000, 1000.000000, 15.658771, 13.855775, 15.095498, 15.389956, -0.524363, 0.242727, 0.377135, -0.095986, 0.122164, -0.008726, 6.832462, -5.286363, -57.809826, 0.766095, -0.275377, -0.263485, 0.002472, 14.739258, 14.160156, 213.684067
-0.019197, 0.022688, 1051.000000, -0.001745, 2000.000000, 1000.000000, 15.601886, 14.178836, 14.965304, 15.253974, -0.427929, 0.109639, 0.283595, -0.095986, 0.113438, -0.008726, 7.375364, -7.050017, -58.319145, 0.620155, -0.067651, -0.201700, 0.001769, 14.743164, 13.760376, 207.824692
-0.015707, 0.019197, 1051.000000, -0.001745, 2000.000000, 1000.000000, 15.951530, 13.862215, 15.166334, 15.019920, -0.485725, 0.093128, 0.558932, -0.078534, 0.095986, -0.008726, 8.915204, -9.418014, -59.290932, 0.726680, -0.055933, -0.387055, 0.002247, 14.672852, 17.041016, 253.723129
-0.013962, 0.019197, 1051.000000, -0.001745, 2000.000000, 1000.000000, 15.560337, 13.845602, 15.315962, 15.278099, -0.419218, 0.297030, 0.438150, -0.069808, 0.095986, -0.008726, 9.324370, -11.384604, -60.169022, 0.629742, -0.396816, -0.306095, 0.002026, 14.762695, 13.079834, 197.631821
-0.013962, 0.020942, 1051.000000, -0.001745, 2000.000000, 1000.000000, 15.274327, 14.036139, 15.227321, 15.462213, -0.368270, 0.344766, 0.250824, -0.069808, 0.104712, -0.008726, 9.033535, -13.486020, -60.886528, 0.546652, -0.470319, -0.179330, 0.001854, 14.715820, 15.841675, 238.586411
-0.013962, 0.033159, 1051.000000, -0.001745, 2000.000000, 1000.000000, 15.461950, 14.036428, 15.035826, 15.465796, -0.463873, 0.250811, 0.248888, -0.069808, 0.165794, -0.008726, 9.037542, -16.353756, -61.549042, 0.698984, -0.246615, -0.177199, 0.002292, 14.754883, 12.799072, 193.420395
-0.027923, 0.034904, 1051.000000, -0.001745, 2000.000000, 1000.000000, 15.498075, 13.948608, 15.062412, 15.490904, -0.494490, 0.276658, 0.280244, -0.139616, 0.174520, -0.008726, 9.367675, -18.429813, -62.010170, 0.688331, -0.283899, -0.199570, 0.001807, 14.747070, 13.681030, 208.923325
-0.055846, 0.034904, 1051.000000, -0.001745, 2000.000000, 1000.000000, 15.434502, 14.504028, 15.197701, 14.863770, -0.149136, 0.030735, 0.316101, -0.279232, 0.174520, -0.008726, 9.967477, -20.044010, -62.541744, -0.036044, 0.128356, -0.223005, 0.002104, 14.727539, 14.401245, 217.224106
-0.062827, 0.027923, 1051.000000, -0.001745, 2000.000000, 1000.000000, 15.048461, 14.905602, 15.577937, 14.467999, 0.241770, 0.022969, 0.313199, -0.314136, 0.139616, -0.008726, 9.874683, -18.998035, -63.229141, -0.718874, 0.104920, -0.220875, 0.002234, 14.754883, 13.400269, 203.613266
-0.064572, 0.022688, 1051.000000, -0.001745, 2000.000000, 1000.000000, 14.730427, 14.927988, 15.910158, 14.431427, 0.419073, 0.170792, 0.320292, -0.322862, 0.113438, -0.008726, 8.739134, -16.909876, -64.157959, -1.029929, -0.167786, -0.226201, 0.001973, 14.778320, 12.161255, 184.020981
-0.064572, 0.026178, 1051.000000, -0.001745, 2000.000000, 1000.000000, 14.725828, 14.548887, 16.121048, 14.604237, 0.334968, 0.362642, 0.423438, -0.322862, 0.130890, -0.008726, 6.597800, -14.808182, -65.501854, -0.886120, -0.469253, -0.295443, 0.002213, 14.715820, 13.919067, 209.777817
-0.066318, 0.027923, 1051.000000, -0.001745, 2000.000000, 1000.000000, 15.414921, 13.942852, 15.445885, 15.196342, -0.305632, 0.321114, 0.430403, -0.331588, 0.139616, -0.008726, 4.215550, -14.278394, -67.283134, 0.166355, -0.389359, -0.299704, 0.002350, 14.692383, 15.719604, 224.487289
-0.082024, 0.029668, 1051.000000, -0.001745, 2000.000000, 1000.000000, 15.365853, 13.948747, 15.455081, 15.230319, -0.298086, 0.342700, 0.410467, -0.410122, 0.148342, -0.008726, 3.386230, -15.266161, -68.318100, 0.081134, -0.422382, -0.287986, 0.001835, 14.750977, 13.400269, 202.392563
-0.094241, 0.027923, 1051.000000, -0.001745, 2000.000000, 1000.000000, 14.933768, 14.573203, 15.714332, 14.778697, 0.143767, 0.246514, 0.324050, -0.471204, 0.139616, -0.008726, 2.228117, -14.987289, -69.353157, -0.716744, -0.266854, -0.228332, 0.002196, 14.715820, 14.559937, 219.299301
-0.097731, 0.031414, 1051.000000, -0.001745, 2000.000000, 1000.000000, 14.388031, 15.141132, 16.229330, 14.241507, 0.685231, 0.235419, 0.308681, -0.488656, 0.157068, -0.008726, -0.358663, -10.648495, -70.864044, -1.633931, -0.229570, -0.217679, 0.002293, 14.692383, 15.319824, 230.529770
-0.097731, 0.038394, 1051.000000, -0.001745, 2000.000000, 1000.000000, 14.844293, 14.903235, 15.897738, 14.354733, 0.400487, 0.126236, 0.371016, -0.488656, 0.191972, -0.008726, -1.978461, -7.097513, -71.757057, -1.175870, -0.015454, -0.261355, 0.001750, 14.711914, 15.039062, 226.501450
-0.073298, 0.038394, 1051.000000, -0.001745, 2000.000000, 1000.000000, 15.688412, 14.500019, 15.020613, 14.790956, -0.239684, -0.094215, 0.354512, -0.366492, 0.191972, -0.008726, -1.719798, -5.159917, -72.902679, 0.023610, 0.350995, -0.248571, 0.002342, 14.735352, 13.681030, 206.420883
-0.031414, 0.036649, 1051.000000, -0.001745, 2000.000000, 1000.000000, 15.386692, 14.655533, 15.252367, 14.705408, -0.046050, -0.021113, 0.319530, -0.157068, 0.183246, -0.008726, -0.958507, -5.041059, -73.464378, -0.081850, 0.222099, -0.225136, 0.002236, 14.739258, 13.601685, 205.322250
-0.017452, 0.033159, 1051.000000, -0.001745, 2000.000000, 1000.000000, 15.119355, 14.753547, 15.576118, 14.550981, 0.164832, 0.063549, 0.347736, -0.087260, 0.165794, -0.008726, -0.841398, -4.430467, -74.072571, -0.365209, 0.062310, -0.245376, 0.001785, 14.739258, 13.879395, 209.533676
-0.008726, 0.033159, 1051.000000, -0.001745, 2000.000000, 1000.000000, 14.678842, 14.854562, 16.108429, 14.358167, 0.481496, 0.233298, 0.393635, -0.043630, 0.165794, -0.008726, -1.509377, -2.929902, -74.830696, -0.842444, -0.216787, -0.275203, 0.002250, 14.711914, 14.880371, 224.182114
-0.001745, 0.027923, 1051.000000, -0.001745, 2000.000000, 1000.000000, 15.065582, 15.031630, 15.942991, 13.959797, 0.487310, -0.048606, 0.504287, -0.008726, 0.139616, -0.008726, -2.842893, 0.623208, -76.146729, -0.816878, 0.222099, -0.349771, 0.002305, 14.715820, 14.279175, 215.209946
-0.001745, 0.019197, 1051.000000, -0.001745, 2000.000000, 1000.000000, 15.666892, 14.796226, 15.457540, 14.079343, 0.126883, -0.231558, 0.562216, -0.008726, 0.095986, -0.008726, -2.053021, 2.173272, -77.189705, -0.221399, 0.487348, -0.391316, 0.001797, 14.747070, 13.079834, 197.631821
-0.001745, -0.001745, 1051.000000, -0.001745, 2000.000000, 1000.000000, 15.732827, 14.358239, 15.520791, 14.388143, -0.060485, -0.045533, 0.626809, -0.008726, -0.008726, -0.008726, -0.963389, 2.411471, -78.940247, 0.088591, 0.066571, -0.432861, 0.002247, 14.743164, 13.400269, 202.331528
-0.001745, -0.001745, 1051.000000, -0.001745, 2000.000000, 1000.000000, 15.467979, 14.381140, 15.848438, 14.302443, 0.114789, 0.075440, 0.658209, -0.008726, -0.008726, -0.008726, -1.108304, 2.607551, -80.118004, -0.200094, -0.133697, -0.454166, 0.002254, 14.731445, 14.199829, 214.233383
-0.001745, -0.001745, 1051.000000, -0.001745, 2000.000000, 1000.000000, 15.222323, 14.456618, 16.056374, 14.264686, 0.256496, 0.160529, 0.639348, -0.008726, -0.008726, -0.008726, -1.852270, 3.457037, -81.292366, -0.440842, -0.279638, -0.443514, 0.001829, 14.680664, 16.000366, 246.520981
-0.001745, -0.001745, 1051.000000, -0.001745, 2000.000000, 1000.000000, 15.124674, 14.681992, 15.757172, 14.436163, 0.219582, 0.096667, 0.440923, -0.008726, -0.008726, -0.008726, -3.293411, 5.479373, -82.671005, -0.374796, -0.169916, -0.307161, 0.002237, 14.747070, 13.879395, 209.533676
-0.001745, -0.001745, 1051.000000, -0.001745, 2000.000000, 1000.000000, 15.246963, 14.694428, 15.667121, 14.391488, 0.180774, 0.029305, 0.457042, -0.008726, -0.008726, -0.008726, -3.651640, 6.347448, -83.487503, -0.308750, -0.056999, -0.317813, 0.002337, 14.731445, 13.479614, 203.308090
-0.001745, -0.001745, 1051.000000, -0.001745, 2000.000000, 1000.000000, 15.210414, 14.699258, 15.769736, 14.320592, 0.234497, 0.045164, 0.490075, -0.008726, -0.008726, -0.008726, -3.928102, 7.284516, -84.347008, -0.403558, -0.086826, -0.342314, 0.001758, 14.727539, 14.041138, 213.684067
-0.001745, -0.001745, 1051.000000, -0.001745, 2000.000000, 1000.000000, 14.924856, 14.775217, 16.052567, 14.247360, 0.413892, 0.149964, 0.488711, -0.008726, -0.008726, -0.008726, -4.972020, 9.668611, -85.601631, -0.699700, -0.259398, -0.340184, 0.002049, 14.719727, 13.879395, 211.120590
-0.001745, -0.001745, 1051.000000, -0.001745, 2000.000000, 1000.000000, 15.229336, 14.770208, 15.690357, 14.310099, 0.230283, 0.000228, 0.459846, -0.008726, -0.008726, -0.008726, -5.542536, 11.270525, -86.380829, -0.392905, -0.009062, -0.319944, 0.002271, 14.719727, 14.318848, 215.820297
-0.001745, -0.001745, 1051.000000, -0.001745, 2000.000000, 1000.000000, 15.683864, 14.817660, 15.140244, 14.358232, -0.021047, -0.250762, 0.412054, -0.008726, -0.008726, -0.008726, -4.883245, 11.638734, -87.345009, 0.026806, 0.407454, -0.287986, 0.002132, 14.727539, 14.041138, 211.730942
-0.001745, -0.001745, 1017.000000, -0.001745, 2000.000000, 1000.000000, 11.675878, 10.781314, 11.103375, 10.439433, -0.057655, -0.228596, 0.389626, -0.008726, -0.008726, -0.008726, -2.967874, 11.028227, -88.866943, 0.088591, 0.373365, -0.273072, 0.002376, 14.875977, 8.041382, 122.497551
-0.001745, -0.001745, 1000.000000, -0.001745, 2000.000000, 1000.000000, 10.388375, 9.836982, 10.239202, 9.535441, 0.038092, -0.112678, 0.313788, -0.008726, -0.008726, -0.008726, -2.215763, 10.992694, -89.729080, -0.072263, 0.180554, -0.221940, 0.002201, 17.735352, 0.000000, 0.000000
-0.001745, -0.001745, 1001.000000, -0.001745, 2000.000000, 1000.000000, 10.246445, 10.030914, 10.031473, 9.691168, 0.031194, -0.138680, 0.138959, -0.008726, -0.008726, -0.008726, -1.668768, 11.210152, -90.254158, -0.061610, 0.225295, -0.103696, 0.001796, 15.145508, 0.439453, 4.272461
-0.001745, -0.001745, 1000.000000, -0.001745, 2000.000000, 1000.000000, 10.441728, 9.661187, 10.089322, 9.807763, -0.124745, -0.051457, 0.265525, -0.008726, -0.008726, -0.008726, -0.769140, 10.906208, -90.966339, 0.199378, 0.077224, -0.188917, 0.002292, 15.016602, 3.839111, 59.020992
-0.001745, -0.001745, 1000.000000, -0.001745, 2000.000000, 1000.000000, 10.194374, 9.587135, 10.094534, 10.123957, -0.159165, 0.109245, 0.144454, -0.008726, -0.008726, -0.008726, -0.988970, 10.294843, -91.327026, 0.256902, -0.191221, -0.106892, 0.002269, 14.985352, 5.200195, 79.772949
-0.001745, -0.001745, 1000.000000, -0.001745, 2000.000000, 1000.000000, 10.140524, 9.576889, 10.043949, 10.238638, -0.189581, 0.141294, 0.092236, -0.008726, -0.008726, -0.008726, -1.667897, 9.541685, -91.424713, 0.311230, -0.247680, -0.071739, 0.001813, 14.989258, 4.800415, 73.730469
-0.001745, -0.001745, 1001.000000, -0.001745, 2000.000000, 1000.000000, 10.331062, 9.680410, 10.064529, 9.923998, -0.127530, -0.005736, 0.197796, -0.008726, -0.008726, -0.008726, -2.241057, 8.360777, -91.691010, 0.204704, 0.000525, -0.143111, 0.002210, 14.989258, 4.721069, 72.509766
-0.001745, -0.001745, 1003.000000, -0.001745, 2000.000000, 1000.000000, 10.257309, 9.905460, 10.072315, 9.764915, -0.011113, -0.081385, 0.164812, -0.008726, -0.008726, -0.008726, -2.049761, 8.122138, -92.121490, 0.009762, 0.127291, -0.120741, 0.002205, 15.016602, 3.799438, 58.410641
-0.001745, -0.001745, 1009.000000, -0.001745, 2000.000000, 1000.000000, 10.270830, 9.956224, 9.901386, 9.871559, -0.071194, -0.113527, 0.086108, -0.008726, -0.008726, -0.008726, -1.611991, 7.984503, -92.393173, 0.110961, 0.182684, -0.067478, 0.001828, 15.032227, 3.280640, 50.476070
-0.001745, -0.001745, 1012.000000, -0.001745, 2000.000000, 1000.000000, 11.374653, 10.752262, 10.967489, 10.905596, -0.140124, -0.063458, 0.171071, -0.008726, -0.008726, -0.008726, -1.227961, 7.492649, -92.707657, 0.226009, 0.097464, -0.125002, 0.002099, 14.961914, 5.801392, 88.928215
-0.001745, -0.001745, 1013.000000, -0.001745, 2000.000000, 1000.000000, 11.595731, 10.384604, 10.966693, 11.052972, -0.324352, 0.009833, 0.281212, -0.008726, -0.008726, -0.008726, -1.293571, 6.014568, -93.323517, 0.532804, -0.025041, -0.199570, 0.002267, 14.961914, 5.841064, 89.477531
-0.001745, -0.001745, 1014.000000, -0.001745, 2000.000000, 1000.000000, 11.932592, 10.165237, 10.995764, 10.906406, -0.419499, -0.048914, 0.464178, -0.008726, -0.008726, -0.008726, -1.330010, 4.288401, -94.031242, 0.700049, 0.074028, -0.325270, 0.001801, 15.004883, 4.400635, 67.626953
-0.001745, -0.001745, 1019.000000, -0.001745, 2000.000000, 1000.000000, 12.029266, 10.118071, 10.976938, 10.875725, -0.452496, -0.073669, 0.503103, -0.008726, -0.008726, -0.008726, -1.167902, 2.251081, -95.009117, 0.756508, 0.115573, -0.351901, 0.001791, 14.977539, 5.120850, 78.491211
-0.001745, -0.001745, 1049.000000, -0.001745, 2000.000000, 1000.000000, 14.757704, 12.954704, 14.322327, 13.965265, -0.361485, 0.143796, 0.540015, -0.008726, -0.008726, -0.008726, -1.813992, -0.447077, -96.395805, 0.595654, -0.249810, -0.375337, 0.002219, 14.711914, 14.361572, 216.308578
-0.001745, -0.001745, 1048.000000, -0.001745, 2000.000000, 1000.000000, 15.391663, 12.496349, 14.092569, 14.019419, -0.705540, 0.055994, 0.742116, -0.008726, -0.008726, -0.008726, -2.677350, -2.716842, -97.629196, 1.171958, -0.102805, -0.512755, 0.002197, 14.770508, 12.680054, 220.886215
-0.001745, -0.001745, 1052.000000, -0.001745, 2000.000000, 1000.000000, 16.897463, 13.593832, 15.172544, 14.336161, -0.616812, -0.245648, 1.035004, -0.008726, -0.008726, -0.008726, -2.612550, -8.168015, -100.171249, 1.015365, 0.397866, -0.708763, 0.002323, 14.856445, 9.161377, 139.404297
-0.001745, -0.001745, 1050.000000, -0.001745, 2000.000000, 1000.000000, 16.095383, 14.060197, 16.083370, 13.761050, 0.071784, -0.077790, 1.089376, -0.008726, -0.008726, -0.008726, -2.070832, -9.537062, -102.094452, -0.127656, 0.121965, -0.746047, 0.002236, 14.676758, 16.439819, 247.131332
-0.001745, -0.001745, 1066.000000, -0.001745, 2000.000000, 1000.000000, 16.274466, 15.605457, 17.804104, 14.315970, 0.704781, 0.060038, 1.039285, -0.008726, -0.008726, -0.008726, -1.605024, -7.504441, -103.994629, -1.191849, -0.109196, -0.716220, 0.001765, 14.532227, 21.359253, 318.115234
-0.001745, -0.001745, 1070.000000, -0.001745, 2000.000000, 1000.000000, 17.684376, 16.395283, 18.152607, 15.767734, 0.273945, -0.039829, 0.918492, -0.008726, -0.008726, -0.008726, -1.025197, -4.951749, -105.814980, -0.465343, 0.056984, -0.630999, 0.002164, 14.426758, 25.881958, 382.385223
-0.001745, -0.001745, 1083.000000, -0.001745, 2000.000000, 1000.000000, 20.240540, 16.322140, 17.768604, 17.668716, -0.954629, -0.281340, 1.004572, -0.008726, -0.008726, -0.008726, -0.779395, -8.094097, -108.393234, 1.574626, 0.457521, -0.688523, 0.002252, 14.270508, 31.759644, 467.590302
-0.001745, -0.001745, 1085.000000, -0.001745, 2000.000000, 1000.000000, 19.542086, 16.514910, 18.398756, 17.544249, -0.543168, -0.028497, 0.970422, -0.008726, -0.008726, -0.008726, -1.197115, -11.863018, -110.289742, 0.906709, 0.039940, -0.669348, 0.001761, 14.426758, 24.319458, 359.313934
-0.001745, -0.001745, 1085.000000, -0.001745, 2000.000000, 1000.000000, 18.262545, 16.824800, 19.913374, 16.999281, 0.369087, 0.456327, 1.087958, -0.008726, -0.008726, -0.008726, -3.087746, -10.374912, -113.639641, -0.625132, -0.766460, -0.744982, 0.002247, 14.434570, 24.319458, 359.313934
-0.001745, -0.001745, 1085.000000, -0.001745, 2000.000000, 1000.000000, 18.695673, 17.149652, 19.145624, 17.009050, 0.147638, 0.077338, 0.920648, -0.008726, -0.008726, -0.008726, -3.642591, -8.595185, -115.579422, -0.253357, -0.136893, -0.630999, 0.002415, 14.422852, 25.039673, 369.628876
-0.001745, -0.001745, 1085.000000, -0.001745, 2000.000000, 1000.000000, 19.405710, 17.062098, 18.168936, 17.363256, -0.384483, -0.233903, 0.787322, -0.008726, -0.008726, -0.008726, -3.467644, -9.382356, -117.081284, 0.640395, 0.384018, -0.544713, 0.001754, 14.391602, 25.479126, 375.610321
-0.001745, -0.001745, 1086.000000, -0.001745, 2000.000000, 1000.000000, 18.497711, 17.263092, 18.094486, 18.144711, -0.321211, 0.119599, 0.296098, -0.008726, -0.008726, -0.008726, -4.544152, -12.525620, -118.887848, 0.522151, -0.206135, -0.209157, 0.002279, 14.375977, 26.400757, 388.488739
-0.001745, -0.001745, 1085.000000, -0.001745, 2000.000000, 1000.000000, 17.598753, 17.601027, 18.779352, 18.020868, 0.190190, 0.400111, 0.189053, -0.008726, -0.008726, -0.008726, -5.686534, -11.930567, -119.582832, -0.326859, -0.671652, -0.136719, 0.002267, 14.450195, 22.479248, 332.702606
-0.001745, -0.001745, 1085.000000, -0.001745, 2000.000000, 1000.000000, 17.401783, 18.167915, 18.864323, 17.565979, 0.516119, 0.215151, 0.133053, -0.008726, -0.008726, -0.008726, -6.097410, -9.611684, -120.016052, -0.873337, -0.372315, -0.099435, 0.001787, 14.403320, 25.881958, 381.896942
-0.001745, -0.001745, 1085.000000, 0.000000, 2000.000000, 1000.000000, 18.001894, 18.011145, 18.310816, 17.676146, 0.160979, -0.006519, 0.156355, -0.008726, -0.008726, 0.000000, -5.574673, -7.809812, -120.204048, -0.281053, 0.001590, -0.105827, 0.002175, 14.422852, 24.801636, 366.210907
-0.001745, -0.001745, 1063.000000, 0.000000, 2000.000000, 1000.000000, 16.569370, 15.603782, 15.453923, 16.372925, -0.471148, -0.086576, 0.011647, -0.008726, -0.008726, 0.000000, -5.947281, -9.089292, -120.501556, 0.769291, 0.133682, -0.007823, 0.002250, 14.739258, 11.480713, 173.278793
-0.001745, -0.001745, 1056.000000, 0.000000, 2000.000000, 1000.000000, 15.382186, 14.920833, 14.784463, 14.912519, -0.147352, -0.151509, 0.083324, -0.008726, -0.008726, 0.000000, -6.358711, -10.673911, -120.670364, 0.244119, 0.245534, -0.056825, 0.001764, 14.684570, 14.599609, 219.482407
-0.001745, -0.001745, 1052.000000, 0.000000, 2000.000000, 1000.000000, 15.064535, 15.296942, 15.232416, 14.406107, 0.264679, -0.180738, 0.148476, -0.008726, -0.008726, 0.000000, -5.507511, -10.814113, -120.737968, -0.449364, 0.291341, -0.100501, 0.002176, 14.708008, 14.401245, 216.918930
-0.001745, -0.001745, 1052.000000, 0.000000, 2000.000000, 1000.000000, 14.886937, 14.998328, 15.681510, 14.433225, 0.339919, 0.057367, 0.284224, -0.008726, -0.008726, 0.000000, -3.717138, -8.423390, -120.947342, -0.577195, -0.103870, -0.192113, 0.002239, 14.719727, 13.198853, 198.913559
-0.001745, -0.001745, 1052.000000, 0.000000, 2000.000000, 1000.000000, 15.196095, 14.478044, 15.493516, 14.832345, -0.014220, 0.162930, 0.344806, -0.008726, -0.008726, 0.000000, -3.733334, -7.303086, -121.533997, 0.012958, -0.283899, -0.234723, 0.001754, 14.711914, 13.281250, 200.073227
-0.001745, -0.001745, 1044.000000, 0.000000, 2000.000000, 1000.000000, 14.214389, 13.280332, 14.035073, 14.470206, -0.342297, 0.252640, 0.124731, -0.008726, -0.008726, 0.000000, -5.837916, -7.757847, -122.388672, 0.559435, -0.428774, -0.084522, 0.002410, 14.801758, 10.681152, 161.804184
-0.001745, -0.001745, 1045.000000, 0.000000, 2000.000000, 1000.000000, 14.048129, 13.583890, 14.078216, 14.289765, -0.168947, 0.183991, 0.063172, -0.008726, -0.008726, 0.000000, -7.279710, -8.205336, -122.764771, 0.275011, -0.315856, -0.042977, 0.002242, 14.782227, 11.318970, 171.325668
-0.001745, -0.001745, 1044.000000, 0.000000, 2000.000000, 1000.000000, 13.919003, 14.044386, 14.128740, 13.907871, 0.086563, 0.018305, 0.023872, -0.008726, -0.008726, 0.000000, -7.763074, -8.112997, -122.922798, -0.154288, -0.039955, -0.016345, 0.001814, 14.825195, 9.280396, 140.319824
-0.001745, -0.001745, 1044.000000, 0.000000, 2000.000000, 1000.000000, 14.121311, 14.282080, 14.108969, 13.487640, 0.195525, -0.201696, 0.115140, -0.008726, -0.008726, 0.000000, -6.917276, -7.663580, -122.900612, -0.336447, 0.328625, -0.078130, 0.002156, 14.766602, 13.040161, 197.021469
-0.001745, -0.001745, 1044.000000, 0.001745, 2000.000000, 1000.000000, 14.519657, 13.793520, 13.959898, 13.726925, -0.123291, -0.156588, 0.239777, -0.008726, -0.008726, 0.008726, -5.444622, -8.251388, -123.205910, 0.196182, 0.252991, -0.153764, 0.002325, 14.817383, 10.000610, 151.794434
-0.001745, -0.001745, 1045.000000, 0.062827, 2000.000000, 1000.000000, 14.598877, 13.139788, 14.664040, 13.597296, -0.098086, 0.130667, 0.631458, -0.008726, -0.008726, 0.314136, -5.756160, -8.756912, -123.624161, 0.158898, -0.229570, -0.112218, 0.001749, 14.774414, 11.361694, 171.874985
-0.001745, -0.001745, 1006.000000, 0.136126, 2000.000000, 1000.000000, 10.579510, 8.709419, 11.275358, 9.435713, -0.007612, 0.355536, 0.927434, -0.008726, -0.008726, 0.680628, -6.944420, -8.309796, -123.917191, 0.003370, -0.603476, 0.057157, 0.002164, 15.879883, 0.000000, 1.281738
-0.001745, -0.001745, 1004.000000, 0.172775, 2000.000000, 1000.000000, 10.339391, 9.459117, 10.746070, 9.455422, 0.102594, 0.100746, 0.542731, -0.008726, -0.008726, 0.863874, -8.183620, -6.755596, -122.821747, -0.180919, -0.178438, 0.503500, 0.002190, 15.063477, 1.400757, 21.606443
-0.001745, -0.001745, 1004.000000, 0.198953, 2000.000000, 1000.000000, 10.792075, 9.381707, 10.738345, 9.087873, 0.060026, -0.086892, 0.765211, -0.008726, -0.008726, 0.994764, -7.947728, -6.450549, -121.456924, -0.110612, 0.137943, 0.484326, 0.001754, 15.008789, 3.518677, 54.077145
-0.001745, 0.001745, 1007.000000, 0.221640, 2000.000000, 1000.000000, 10.968747, 9.290841, 10.863780, 8.876632, 0.077310, -0.129794, 0.916263, -0.008726, 0.008726, 1.108202, -7.292778, -6.450809, -120.083458, -0.139374, 0.228490, 0.496044, 0.001813, 15.012695, 3.320312, 51.025387
-0.001745, 0.026178, 1034.000000, 0.260035, 2000.000000, 1000.000000, 13.883718, 11.988364, 14.087462, 12.040456, 0.037913, 0.063960, 0.985590, -0.008726, 0.130890, 1.300174, -6.519686, -6.364710, -117.577843, -0.072263, 0.027157, 0.643049, 0.002373, 14.465820, 27.401733, 405.700653
-0.001745, 0.036649, 1034.000000, 0.279232, 2000.000000, 1000.000000, 13.749620, 11.935541, 14.183083, 12.131756, 0.059312, 0.157419, 0.966352, -0.008726, 0.183246, 1.396160, -6.533718, -6.070343, -115.753807, -0.108482, -0.075108, 0.752771, 0.002311, 14.770508, 11.679077, 176.696762
-0.001745, 0.094241, 1044.000000, 0.294939, 2000.000000, 1000.000000, 14.678118, 13.235979, 15.099564, 12.986340, 0.167771, 0.042952, 0.888840, -0.008726, 0.471204, 1.474694, -5.963264, -5.756211, -113.376236, -0.288510, 0.411715, 0.884863, 0.002187, 14.657227, 17.599487, 264.099121
-0.001745, 0.151832, 1052.000000, 0.298429, 2000.000000, 1000.000000, 15.677957, 14.464095, 16.033600, 13.824347, 0.248848, -0.071026, 0.855779, -0.008726, 0.759162, 1.492146, -2.572920, -5.433800, -109.371765, -0.420602, 0.892146, 0.926408, 0.002418, 14.610352, 21.359253, 319.091797
-0.001745, 0.155323, 1054.000000, 0.298429, 2000.000000, 1000.000000, 15.785949, 14.280065, 15.885779, 14.048207, 0.082922, -0.033007, 0.835864, -0.008726, 0.776614, 1.492146, -0.057086, -5.369762, -106.605392, -0.147896, 0.851666, 0.940256, 0.001948, 14.715820, 13.958740, 210.205063
-0.001745, 0.164049, 1068.000000, 0.333333, 2000.000000, 1000.000000, 16.860245, 14.617750, 17.476681, 15.045327, 0.047215, 0.261003, 1.168462, -0.008726, 0.820244, 1.666666, 1.645355, -5.778353, -103.884308, -0.085046, 0.406388, 0.891254, 0.002143, 14.500977, 25.921631, 384.521454
-0.001745, 0.158813, 1071.000000, 0.343804, 2000.000000, 1000.000000, 17.200008, 16.701450, 18.372200, 15.726340, 0.536825, 0.049270, 0.786105, -0.008726, 0.794066, 1.719022, 3.728355, -4.479148, -99.601715, -0.895707, 0.728096, 1.202309, 0.002302, 14.469727, 22.879028, 338.928192
-0.001745, 0.150087, 1071.000000, 0.342059, 2000.000000, 1000.000000, 17.252871, 17.104033, 18.101469, 15.541629, 0.602750, -0.178451, 0.677169, -0.008726, 0.750436, 1.710296, 6.651495, -2.174127, -96.062874, -1.024603, 1.074305, 1.269421, 0.001750, 14.481445, 21.960449, 325.500458
-0.001745, 0.123909, 1079.000000, 0.347295, 2000.000000, 1000.000000, 17.737656, 16.107574, 17.905674, 16.249096, 0.006625, 0.077385, 0.821666, -0.008726, 0.619546, 1.736474, 10.317751, -0.144062, -90.959030, -0.019000, 0.503327, 1.195918, 0.002382, 14.563477, 19.201660, 286.315918
-0.001745, 0.108202, 1083.000000, 0.345550, 2000.000000, 1000.000000, 19.066456, 16.584675, 18.709457, 17.639412, -0.352934, 0.174434, 0.887957, -0.008726, 0.541012, 1.727748, 11.242763, -1.171448, -87.816322, 0.574349, 0.263644, 1.142655, 0.002227, 14.375977, 25.921631, 381.530731
-0.001745, 0.080279, 1081.000000, 0.317626, 2000.000000, 1000.000000, 18.371395, 17.490871, 18.679634, 17.458099, 0.085252, 0.068866, 0.525514, -0.008726, 0.401396, 1.588132, 12.014286, -1.932345, -84.593895, -0.146831, 0.296667, 1.248116, 0.001901, 14.418945, 24.200439, 357.177704
-0.001745, 0.033159, 1075.000000, 0.293194, 2000.000000, 1000.000000, 16.876474, 17.317617, 17.845049, 15.960859, 0.581333, -0.097047, 0.360761, -0.008726, 0.165794, 1.465968, 12.710114, -0.240619, -81.132858, -0.973471, 0.329690, 1.235332, 0.002199, 14.579102, 17.761230, 265.075684
-0.001745, -0.001745, 1064.000000, 0.296684, 2000.000000, 1000.000000, 15.724676, 16.043577, 17.094534, 15.137215, 0.569055, 0.115873, 0.409604, -0.008726, -0.008726, 1.483420, 12.074766, 4.203613, -76.168625, -0.951100, -0.199743, 1.219354, 0.002347, 14.641602, 16.680908, 249.877914
-0.001745, -0.001745, 1068.000000, 0.321117, 2000.000000, 1000.000000, 16.551762, 15.331617, 16.601240, 15.515376, -0.033570, 0.058309, 0.576503, -0.008726, -0.008726, 1.605584, 11.184916, 5.253164, -72.820587, 0.044916, -0.108131, 1.232137, 0.001811, 14.637695, 15.438843, 231.628403
-0.001745, 0.000000, 1070.000000, 0.331588, 2000.000000, 1000.000000, 18.071745, 16.295446, 17.038305, 16.594503, -0.333124, -0.183597, 0.555026, -0.008726, 0.000000, 1.657940, 11.877832, 4.341085, -69.410873, 0.554109, 0.309450, 1.299248, 0.001762, 14.336914, 27.719116, 407.226532
-0.001745, 0.003490, 1071.000000, 0.307155, 2000.000000, 1000.000000, 17.367407, 16.720984, 17.103918, 16.807692, -0.087549, -0.044196, 0.235662, -0.008726, 0.017452, 1.535776, 14.040324, 3.090222, -64.033333, 0.134397, 0.092137, 1.389795, 0.002292, 14.512695, 20.919800, 311.096191
-0.001745, 0.015707, 1065.000000, 0.296684, 2000.000000, 1000.000000, 15.442648, 15.822061, 16.735449, 15.999839, 0.278756, 0.367645, 0.089049, -0.008726, 0.078534, 1.483420, 13.096153, 3.309517, -60.217659, -0.474930, -0.537430, 1.439862, 0.001770, 14.723633, 11.880493, 179.077133
-0.001745, 0.019197, 1055.000000, 0.296684, 2000.000000, 1000.000000, 14.370152, 14.716114, 15.889175, 15.024559, 0.302645, 0.456867, 0.129663, -0.008726, 0.095986, 1.483420, 10.837987, 3.409206, -56.150944, -0.514345, -0.670587, 1.412165, 0.001770, 14.786133, 9.201050, 139.282227
-0.017452, 0.008726, 1052.000000, 0.291448, 2000.000000, 1000.000000, 14.915524, 14.969371, 15.329251, 14.785853, 0.149311, 0.057552, 0.122388, -0.087260, 0.043630, 1.457242, 8.501911, 3.815433, -50.407253, -0.337512, -0.051672, 1.387664, 0.002229, 14.813477, 12.359619, 186.889633
-0.038394, 0.001745, 1050.000000, 0.280977, 2000.000000, 1000.000000, 15.325262, 15.189894, 14.595278, 14.889566, -0.107414, -0.257578, -0.039730, -0.191972, 0.008726, 1.404886, 8.618932, 4.639536, -46.618145, -0.019000, 0.436216, 1.444123, 0.002305, 14.680664, 14.239502, 214.599594
-0.041885, 0.000000, 1051.000000, 0.253054, 2000.000000, 1000.000000, 15.198481, 14.957378, 14.382748, 15.461393, -0.329937, -0.077929, -0.209386, -0.209424, 0.000000, 1.265270, 9.693712, 4.985438, -42.730091, 0.339992, 0.131552, 1.421753, 0.001810, 14.770508, 15.600586, 234.802231
-0.015707, 0.001745, 1041.000000, 0.204188, 2000.000000, 1000.000000, 13.244108, 13.699419, 13.969044, 15.087429, -0.165768, 0.528237, -0.393424, -0.078534, 0.008726, 1.020942, 9.748350, 2.757611, -37.222672, 0.197247, -0.871921, 1.297117, 0.002268, 14.790039, 10.479736, 158.691406
-0.003490, 0.003490, 1042.000000, 0.207679, 2000.000000, 1000.000000, 13.220568, 13.732719, 14.488487, 14.558226, 0.110603, 0.523356, -0.145472, -0.017452, 0.017452, 1.038394, 8.283065, 0.780171, -33.963669, -0.202224, -0.859138, 1.146916, 0.002196, 14.782227, 10.800171, 163.513168
-0.001745, 0.001745, 1042.000000, 0.228621, 2000.000000, 1000.000000, 13.459465, 13.968105, 14.427294, 14.145136, 0.197699, 0.286214, -0.056620, -0.008726, 0.008726, 1.143106, 6.542615, -0.318508, -30.774891, -0.339643, -0.469253, 1.191657, 0.002282, 14.774414, 11.080933, 167.602524
-0.001745, 0.001745, 1042.000000, 0.232112, 2000.000000, 1000.000000, 14.289126, 14.224181, 13.751285, 13.735408, -0.012268, -0.256654, 0.020206, -0.008726, 0.008726, 1.160558, 5.777916, 0.179268, -25.992031, 0.011893, 0.437281, 1.157569, 0.002195, 14.762695, 11.718750, 177.001938
-0.001745, 0.003490, 1042.000000, 0.235602, 2000.000000, 1000.000000, 14.599035, 13.833471, 13.547012, 14.020481, -0.309758, -0.216253, 0.073024, -0.008726, 0.017452, 1.178010, 6.997142, 1.024914, -22.957361, 0.513629, 0.382953, 1.141590, 0.001806, 14.770508, 10.839844, 168.212875
-0.001745, 0.027923, 1042.000000, 0.184991, 2000.000000, 1000.000000, 13.683340, 13.599503, 13.822866, 14.894291, -0.288815, 0.358579, -0.246897, -0.008726, 0.139616, 0.924956, 9.151217, -0.175219, -18.248043, 0.473149, -0.455405, 1.100045, 0.002435, 14.813477, 9.881592, 149.902344
-0.001745, 0.048866, 1042.000000, 0.155323, 2000.000000, 1000.000000, 13.212550, 13.706986, 14.126805, 14.953658, -0.083104, 0.540232, -0.330322, -0.008726, 0.244328, 0.776614, 9.414016, -2.020325, -15.413272, 0.131201, -0.655674, 1.008433, 0.002156, 14.719727, 13.040161, 196.533188
-0.001745, 0.054101, 1042.000000, 0.146597, 2000.000000, 1000.000000, 13.336371, 14.179603, 14.056853, 14.427173, 0.118228, 0.242013, -0.303388, -0.008726, 0.270506, 0.732984, 8.993958, -3.083625, -12.850775, -0.206485, -0.127306, 0.945582, 0.002234, 14.743164, 12.438965, 187.805161
-0.001745, 0.054101, 1042.000000, 0.146597, 2000.000000, 1000.000000, 14.028004, 14.419519, 13.801571, 13.750906, 0.110545, -0.223762, -0.085213, -0.008726, 0.270506, 0.732984, 8.487381, -2.123336, -10.495318, -0.196898, 0.654593, 0.799642, 0.001785, 14.809570, 9.759521, 148.010254
-0.003490, 0.048866, 1042.000000, 0.157068, 2000.000000, 1000.000000, 14.501081, 14.060387, 13.844893, 13.593639, -0.047361, -0.280734, 0.172987, -0.017452, 0.244328, 0.785340, 8.822964, 1.170733, -7.631450, 0.061960, 0.718509, 0.675007, 0.002289, 14.774414, 11.160278, 160.400391
-0.010471, 0.048866, 1042.000000, 0.157068, 2000.000000, 1000.000000, 14.172626, 13.577762, 14.245233, 14.004380, -0.088503, 0.124806, 0.208929, -0.052356, 0.244328, 0.785340, 9.207768, 2.130076, -5.901590, 0.094983, 0.041005, 0.651571, 0.001877, 14.770508, 11.441040, 172.973618
-0.010471, 0.057592, 1042.000000, 0.143106, 2000.000000, 1000.000000, 13.520343, 13.490041, 14.538846, 14.450770, 0.014443, 0.494808, 0.029594, -0.052356, 0.287958, 0.715532, 9.096067, 1.294580, -4.005102, -0.078654, -0.539560, 0.703769, 0.001756, 14.778320, 11.160278, 168.884262
-0.005236, 0.064572, 1042.000000, 0.115183, 2000.000000, 1000.000000, 13.561093, 13.990645, 14.422553, 14.025708, 0.206600, 0.224131, -0.008177, -0.026178, 0.322862, 0.575916, 7.956221, -0.144819, -1.355744, -0.371600, -0.044216, 0.586591, 0.002295, 14.786133, 10.839844, 164.184555
-0.006981, 0.062827, 1042.000000, 0.076789, 2000.000000, 1000.000000, 13.747527, 14.689078, 13.911063, 13.652331, 0.300070, -0.218303, -0.170705, -0.034904, 0.314136, 0.383944, 6.724486, 0.802028, 0.086545, -0.542041, 0.690812, 0.504566, 0.001837, 14.801758, 9.960938, 150.878906
-0.012216, 0.059337, 1042.000000, 0.052356, 2000.000000, 1000.000000, 13.997293, 14.799237, 13.676463, 13.527007, 0.237850, -0.398264, -0.163122, -0.061082, 0.296684, 0.261780, 5.266619, 3.251066, 1.326580, -0.464278, 0.976301, 0.375670, 0.001858, 14.758789, 11.599731, 175.415024
-0.013962, 0.061082, 1042.000000, 0.026178, 2000.000000, 1000.000000, 13.583701, 14.306062, 13.949845, 14.160392, 0.127954, 0.055118, -0.233227, -0.069808, 0.305410, 0.130890, 3.578334, 5.830714, 2.874883, -0.285314, 0.221034, 0.290449, 0.002230, 14.801758, 10.159302, 153.930664
-0.012216, 0.061082, 1042.000000, 0.001745, 2000.000000, 1000.000000, 13.438237, 13.840049, 14.055816, 14.665898, -0.052068, 0.360857, -0.252973, -0.061082, 0.305410, 0.008726, 3.288908, 5.591007, 3.583483, 0.024676, -0.291355, 0.180727, 0.002206, 14.754883, 11.560059, 174.804672
-0.008726, 0.064572, 1042.000000, 0.000000, 2000.000000, 1000.000000, 13.462553, 13.800270, 13.904457, 14.832720, -0.147636, 0.368588, -0.316495, -0.043630, 0.322862, 0.000000, 3.675297, 4.629418, 4.059394, 0.203639, -0.291355, 0.215881, 0.001755, 14.778320, 11.001587, 163.513168
-0.005236, 0.062827, 1042.000000, -0.001745, 2000.000000, 1000.000000, 14.156983, 14.479352, 13.369681, 13.993983, -0.075484, -0.318168, -0.236667, -0.026178, 0.314136, -0.008726, 4.328761, 5.821687, 4.915874, 0.100309, 0.851666, 0.151965, 0.002183, 14.731445, 12.960815, 195.617661
-0.005236, 0.057592, 1042.000000, -0.001745, 2000.000000, 1000.000000, 14.166789, 14.870473, 13.406375, 13.556363, 0.138423, -0.518631, -0.213418, -0.026178, 0.287958, -0.008726, 3.904546, 8.585230, 5.325622, -0.256552, 1.161656, 0.135987, 0.002219, 14.786133, 10.681152, 161.682114
-0.005236, 0.057592, 1043.000000, -0.003490, 2000.000000, 1000.000000, 13.541549, 14.816321, 14.176433, 13.465697, 0.496377, -0.178935, -0.141009, -0.026178, 0.287958, -0.017452, 1.043699, 12.316171, 6.416940, -0.863749, 0.599200, 0.078463, 0.001883, 14.805664, 10.119629, 153.503418
-0.003490, 0.057592, 1043.000000, -0.005236, 2000.000000, 1000.000000, 13.294556, 14.515083, 14.628948, 13.561413, 0.572016, 0.095180, -0.038248, -0.017452, 0.287958, -0.026178, -1.677432, 12.906952, 7.104102, -0.972406, 0.135813, -0.000366, 0.002375, 14.778320, 11.120605, 168.212875
-0.003490, 0.052356, 1043.000000, -0.010471, 2000.000000, 1000.000000, 13.453156, 14.300344, 14.464324, 13.782176, 0.382334, 0.123250, -0.041259, -0.017452, 0.261780, -0.052356, -3.994543, 12.755459, 7.610510, -0.662416, 0.061245, -0.024867, 0.001867, 14.782227, 10.641479, 161.132797
-0.003490, 0.027923, 1043.000000, -0.012216, 2000.000000, 1000.000000, 14.491879, 14.036837, 13.669992, 13.801292, -0.146585, -0.264357, 0.080936, -0.017452, 0.139616, -0.061082, -4.907296, 13.899568, 7.532862, 0.226009, 0.583221, -0.116480, 0.002416, 14.793945, 10.198975, 154.479980
-0.003490, 0.003490, 1043.000000, -0.013962, 2000.000000, 1000.000000, 14.767456, 14.119646, 13.417101, 13.695797, -0.231627, -0.443551, 0.092278, -0.017452, 0.017452, -0.069808, -4.131379, 15.885846, 7.027556, 0.375145, 0.766445, -0.133524, 0.001815, 14.790039, 10.479736, 158.630371
-0.001745, 0.001745, 1043.000000, -0.012216, 2000.000000, 1000.000000, 14.452372, 14.046257, 13.758413, 13.742958, -0.097665, -0.249314, 0.105393, -0.008726, 0.008726, -0.061082, -3.496934, 17.626980, 6.514513, 0.156768, 0.429824, -0.133524, 0.001831, 14.797852, 10.681152, 161.804184
-0.001745, -0.001745, 1043.000000, -0.006981, 2000.000000, 1000.000000, 13.355318, 14.080290, 14.667511, 13.896881, 0.373901, 0.282196, 0.011415, -0.008726, -0.008726, -0.034904, -4.575574, 17.196932, 6.521873, -0.632588, -0.479906, -0.042977, 0.002298, 14.786133, 10.519409, 159.301758
-0.001745, -0.001745, 1043.000000, -0.005236, 2000.000000, 1000.000000, 13.262065, 13.954574, 14.840070, 13.943292, 0.397322, 0.391680, 0.051067, -0.008726, -0.008726, -0.026178, -6.316734, 15.298815, 6.909967, -0.674133, -0.664196, -0.061086, 0.002224, 14.817383, 9.561157, 145.019531
-0.001745, -0.001745, 1043.000000, -0.005236, 2000.000000, 1000.000000, 13.440135, 14.013656, 14.554885, 13.991324, 0.284270, 0.273105, -0.002490, -0.008726, -0.008726, -0.026178, -7.729988, 13.493257, 7.159746, -0.489844, -0.470319, -0.024867, 0.001775, 14.770508, 11.920166, 180.297836
-0.001745, -0.001745, 1053.000000, -0.005236, 2000.000000, 1000.000000, 15.345762, 14.775200, 14.753731, 15.125307, -0.235534, -0.060481, 0.049747, -0.008726, -0.008726, -0.026178, -8.040716, 12.628681, 7.204716, 0.380472, 0.090007, -0.060021, 0.002273, 14.762695, 11.761475, 177.795395
-0.001745, -0.001745, 1055.000000, -0.003490, 2000.000000, 1000.000000, 15.717802, 14.865053, 14.221889, 15.195255, -0.456529, -0.291428, -0.030155, -0.008726, -0.008726, -0.017452, -6.376835, 13.591337, 6.769573, 0.757573, 0.479891, 0.002829, 0.001840, 14.645508, 16.000366, 239.929184
-0.001745, -0.001745, 1053.000000, -0.001745, 2000.000000, 1000.000000, 15.860554, 15.235424, 14.177662, 14.726360, -0.293457, -0.547989, 0.019108, -0.008726, -0.008726, -0.008726, -4.728332, 15.664865, 6.388123, 0.479541, 0.899603, -0.021672, 0.002217, 14.684570, 14.401245, 216.491684
-0.001745, -0.001745, 1065.000000, 0.000000, 2000.000000, 1000.000000, 17.049973, 15.923112, 15.568619, 15.458300, -0.254135, -0.486541, 0.309295, -0.008726, -0.008726, 0.000000, -3.704048, 19.615778, 5.592217, 0.411364, 0.798403, -0.209157, 0.002254, 14.520508, 20.639038, 307.006836
-0.001745, -0.001745, 1065.000000, 0.000000, 2000.000000, 1000.000000, 16.609186, 15.191669, 16.052496, 16.146650, -0.377917, 0.099573, 0.330840, -0.008726, -0.008726, 0.000000, -2.251708, 20.630651, 4.519146, 0.626546, -0.174177, -0.225136, 0.001764, 14.614258, 17.080688, 255.615219
-0.001745, -0.001745, 1065.000000, 0.000000, 2000.000000, 1000.000000, 16.082857, 14.475825, 16.967377, 16.473944, -0.278400, 0.720660, 0.525116, -0.008726, -0.008726, 0.000000, 0.636055, 17.244070, 2.204029, 0.451844, -1.201086, -0.355097, 0.002336, 14.618164, 16.000366, 239.685043
-0.001745, -0.001745, 1065.000000, 0.000000, 2000.000000, 1000.000000, 16.049603, 14.942262, 17.021622, 15.986516, -0.018059, 0.504069, 0.535611, -0.008726, -0.008726, 0.000000, 1.354719, 14.438692, 1.045023, 0.022545, -0.847420, -0.362554, 0.002214, 14.571289, 19.360352, 288.513184
-0.001745, -0.001745, 1066.000000, 0.000000, 2000.000000, 1000.000000, 15.952962, 15.451828, 16.922144, 15.673062, 0.186988, 0.297604, 0.437554, -0.008726, -0.008726, 0.000000, 0.852318, 12.799047, 0.322962, -0.321533, -0.507603, -0.297573, 0.001804, 14.633789, 16.680908, 249.877914
-0.001745, -0.001745, 1064.000000, 0.001745, 2000.000000, 1000.000000, 16.197227, 14.861776, 16.911289, 16.029705, -0.113467, 0.470497, 0.554259, -0.008726, -0.008726, 0.008726, 0.697928, 11.117075, -0.586691, 0.180203, -0.792027, -0.366815, 0.002101, 14.625977, 16.159058, 241.882309
-0.001745, -0.001745, 1047.000000, 0.001745, 2000.000000, 1000.000000, 13.522988, 12.080279, 15.549045, 14.847688, -0.185338, 1.198366, 0.536017, -0.008726, -0.008726, 0.008726, 2.122444, 5.250430, -2.309866, 0.301643, -2.011747, -0.355097, 0.002239, 14.887695, 6.240845, 95.092766
-0.001745, -0.001745, 1045.000000, 0.000000, 2000.000000, 1000.000000, 13.751168, 12.371650, 15.465598, 14.411584, -0.081376, 0.938591, 0.608383, -0.008726, -0.008726, 0.000000, 2.381327, 0.252994, -3.354429, 0.126940, -1.596296, -0.414752, 0.001792, 14.801758, 9.838867, 149.108887
-0.001745, -0.003490, 1042.000000, 0.001745, 2000.000000, 1000.000000, 14.319268, 12.841643, 14.924844, 13.914245, -0.116756, 0.419544, 0.622056, -0.008726, -0.017452, 0.008726, 2.448521, -2.860397, -4.515221, 0.186595, -0.721720, -0.413686, 0.002172, 14.774414, 10.839844, 164.001450
-0.001745, -0.001745, 1044.000000, 0.001745, 2000.000000, 1000.000000, 14.807754, 13.184834, 13.860053, 14.147359, -0.477556, 0.003706, 0.333903, -0.008726, -0.008726, 0.008726, 4.352159, -4.118856, -5.532424, 0.788465, -0.015454, -0.217679, 0.002358, 14.774414, 9.561157, 144.714355
-0.001745, -0.001745, 1045.000000, 0.001745, 2000.000000, 1000.000000, 14.813670, 12.877940, 14.081534, 14.226855, -0.520263, 0.154195, 0.447603, -0.008726, -0.008726, 0.008726, 6.672518, -4.615498, -6.056183, 0.872621, -0.270050, -0.296508, 0.001749, 14.805664, 9.719849, 147.277832
-0.001745, -0.001745, 1045.000000, 0.000000, 2000.000000, 1000.000000, 13.621834, 13.013859, 14.947535, 14.416773, -0.019303, 0.682154, 0.284684, -0.008726, -0.008726, 0.000000, 8.190495, -7.783596, -7.133637, 0.023610, -1.145692, -0.193178, 0.002343, 14.809570, 9.478760, 143.676758
-0.001745, -0.001745, 1045.000000, 0.000000, 2000.000000, 1000.000000, 13.100032, 13.076644, 15.233821, 14.589503, 0.155233, 0.911662, 0.166927, -0.008726, -0.008726, 0.000000, 7.214378, -11.298930, -7.713260, -0.268270, -1.530250, -0.113284, 0.002309, 14.735352, 12.640381, 190.795883
-0.001745, -0.001745, 1045.000000, 0.000000, 2000.000000, 1000.000000, 13.246331, 13.155206, 14.754340, 14.844123, -0.045227, 0.799231, 0.000335, -0.008726, -0.008726, 0.000000, 6.306325, -15.180975, -8.111497, 0.068351, -1.356613, -0.000366, 0.001893, 14.793945, 10.321045, 156.311035
-0.001745, -0.001745, 1045.000000, 0.000000, 2000.000000, 1000.000000, 13.669450, 12.949700, 14.190410, 15.190440, -0.429945, 0.690425, -0.070070, -0.008726, -0.008726, 0.000000, 7.062098, -18.708818, -7.855481, 0.709636, -1.162736, 0.047570, 0.002246, 14.754883, 11.761475, 168.701157
-0.001745, 0.010471, 1077.000000, 0.000000, 2000.000000, 1000.000000, 16.951616, 16.618406, 16.586920, 17.843058, -0.397336, 0.214989, -0.230732, -0.008726, 0.052356, 0.000000, 9.600456, -22.216475, -6.550523, 0.648917, -0.304139, 0.156226, 0.002185, 14.512695, 20.520020, 305.114746
-0.001745, 0.069808, 1119.000000, 0.000000, 2000.000000, 1000.000000, 20.560938, 21.281004, 20.487658, 21.670401, -0.115670, 0.079029, -0.475702, -0.008726, 0.349040, 0.000000, 10.990095, -22.424002, -5.371885, 0.187660, 0.224229, 0.323472, 0.001809, 13.387695, 64.801025, 888.610779
-0.003490, 0.101222, 1117.000000, 0.000000, 2000.000000, 1000.000000, 21.986557, 21.565628, 22.141094, 18.306721, 0.853362, -0.776093, 1.063825, -0.017452, 0.506108, 0.000000, 9.230953, -19.318123, -6.419781, -1.437923, 1.809333, -0.720481, 0.002130, 13.825195, 45.361328, 642.089844
-0.003490, 0.099476, 1063.000000, 0.000000, 2000.000000, 1000.000000, 15.057668, 15.553218, 17.955454, 15.433661, 0.754336, 0.694557, 0.506561, -0.017452, 0.497382, 0.000000, 2.644966, -14.182111, -10.865297, -1.274939, -0.643956, -0.343379, 0.002147, 14.719727, 6.921387, 104.309074
-0.001745, 0.000000, 1003.000000, 0.000000, 2000.000000, 1000.000000, 9.170369, 7.865491, 11.648820, 11.315320, -0.242845, 1.482070, 0.409594, -0.008726, 0.000000, 0.000000, 0.425094, -18.609997, -12.233842, 0.399646, -2.509222, -0.279464, 0.001753, 21.747070, 0.000000, 1.770019
-0.001745, 0.000000, 1000.000000, 0.008726, 2000.000000, 1000.000000, 11.659957, 8.373954, 8.706319, 11.259770, -1.459863, -0.016956, 0.183138, -0.008726, 0.000000, 0.043630, 6.737751, -27.059412, -10.347668, 2.427897, 0.026091, -0.080261, 0.002317, 17.090820, 0.079346, 1.403808
-0.001745, 0.000000, 1000.000000, 0.008726, 2000.000000, 1000.000000, 12.073117, 10.206439, 8.223821, 9.496623, -0.784870, -1.139778, 0.148469, -0.008726, 0.000000, 0.043630, 13.067403, -24.806971, -7.659963, 1.306181, 1.907336, -0.056825, 0.002175, 14.997070, 2.481079, 38.085938
-0.001745, 0.000000, 1000.000000, 0.029668, 2000.000000, 1000.000000, 11.133280, 11.279430, 9.402803, 8.184486, 0.341117, -1.206355, 0.268042, -0.008726, 0.000000, 0.148342, 14.664659, -19.300261, -7.125935, -0.578260, 2.019189, -0.032324, 0.002193, 14.961914, 3.680420, 56.396481
-0.001745, 0.000000, 1000.000000, 0.043630, 2000.000000, 1000.000000, 9.791070, 11.247579, 10.760913, 8.200438, 1.004246, -0.519324, 0.275992, -0.008726, 0.000000, 0.218150, 11.608197, -14.807802, -8.043366, -1.690389, 0.870841, 0.032657, 0.002153, 14.961914, 3.479004, 53.283688
-0.001745, 0.000000, 1000.000000, 0.020942, 2000.000000, 1000.000000, 9.035771, 9.901567, 11.430791, 9.631871, 0.666179, 0.531331, 0.233281, -0.008726, 0.000000, 0.104712, 5.048862, -14.385961, -9.607096, -1.121542, -0.885769, -0.052564, 0.002330, 14.958008, 3.640747, 57.006832
-0.001745, 0.000000, 1000.000000, 0.034904, 2000.000000, 1000.000000, 9.579907, 9.121472, 11.060763, 10.237857, 0.091117, 0.649310, 0.320335, -0.008726, 0.000000, 0.174520, 2.909436, -16.874207, -10.345303, -0.163875, -1.096690, -0.041911, 0.001827, 14.934570, 5.081177, 77.697754
-0.001745, 0.000000, 1000.000000, 0.000000, 2000.000000, 1000.000000, 10.006259, 9.994363, 9.994815, 10.004563, -0.005411, -0.000311, 0.000537, -0.008726, 0.000000, 0.000000, 0.883611, 1.188887, -24.785542, 0.000175, 0.000525, -0.000366, 0.001792, 15.118164, 0.360107, 5.615234
-0.001745, 0.000000, 1000.000000, 0.000000, 2000.000000, 1000.000000, 10.027673, 9.971679, 10.017398, 9.983251, -0.005462, 0.000324, 0.022535, -0.008726, 0.000000, 0.000000, 0.852297, 1.192534, -24.765976, 0.000175, -0.000540, -0.015280, 0.002381, 15.024414, 3.118896, 47.973629
-0.001745, 0.000000, 1000.000000, 0.000000, 2000.000000, 1000.000000, 10.014949, 9.989257, 9.998708, 9.997087, -0.006017, -0.002103, 0.006828, -0.008726, 0.000000, 0.000000, 0.831164, 1.190939, -24.747843, 0.001240, 0.003721, -0.004627, 0.001893, 14.907227, 7.641602, 116.699211
-0.001745, -0.001745, 1000.000000, 0.000000, 2000.000000, 1000.000000, 10.044948, 9.952365, 10.033938, 9.968749, -0.006848, 0.001344, 0.039443, -0.008726, -0.008726, 0.000000, 0.793148, 1.240204, -24.771715, 0.002305, -0.011193, -0.026998, 0.001749, 14.907227, 7.479858, 114.318840
-0.001745, -0.001745, 1000.000000, 0.000000, 2000.000000, 1000.000000, 10.006407, 9.978352, 10.007322, 10.007919, -0.007163, 0.007621, 0.006865, -0.008726, -0.008726, 0.000000, 0.815873, 1.056331, -24.752079, 0.003370, -0.021845, -0.004627, 0.002376, 15.012695, 4.000854, 61.523434
-0.001745, 0.000000, 1000.000000, 0.000000, 2000.000000, 1000.000000, 10.016337, 9.987844, 10.009925, 9.985894, -0.001115, -0.002090, 0.013131, -0.008726, 0.000000, 0.000000, 0.754306, 1.059904, -24.717632, -0.007282, 0.003721, -0.008888, 0.002173, 15.020508, 4.199219, 64.575195
-0.001745, 0.000000, 1000.000000, 0.000000, 2000.000000, 1000.000000, 10.042865, 9.927508, 10.017583, 10.012044, -0.027455, 0.014813, 0.030224, -0.008726, 0.000000, 0.000000, 0.781781, 0.988637, -24.729042, 0.037459, -0.025041, -0.020606, 0.001756, 15.004883, 4.840088, 75.012207
-0.001745, -0.001745, 1000.000000, 0.000000, 2000.000000, 1000.000000, 10.022636, 9.972027, 10.006790, 9.998547, -0.010591, 0.002668, 0.014713, -0.008726, -0.008726, 0.000000, 0.670503, 0.993556, -24.698702, 0.008697, -0.013323, -0.009954, 0.002309, 15.020508, 4.159546, 64.025879
-0.001745, 0.000000, 1000.000000, -0.001745, 2000.000000, 1000.000000, 10.009496, 10.000194, 9.990661, 9.999650, -0.004573, -0.004845, 0.000078, -0.008726, 0.000000, -0.008726, 0.648835, 0.931395, -24.676441, -0.000891, 0.007982, -0.008888, 0.002222, 15.020508, 4.159546, 64.025879
-0.001745, -0.001745, 1002.000000, -0.001745, 2000.000000, 1000.000000, 9.964656, 10.047902, 9.919375, 10.068067, -0.016362, -0.006279, -0.057985, -0.008726, -0.008726, -0.008726, 0.583061, 0.940191, -24.645689, 0.018284, 0.001590, 0.030526, 0.002307, 15.036133, 3.601074, 55.419918
-0.001745, 0.000000, 1009.000000, -0.001745, 2000.000000, 1000.000000, 9.987575, 9.994008, 9.993926, 10.024491, -0.006033, 0.009209, -0.009249, -0.008726, 0.000000, -0.008726, 0.554294, 0.848150, -24.606894, 0.001240, -0.015454, -0.002497, 0.002204, 15.047852, 3.240967, 49.926754
-0.001745, -0.001745, 1013.000000, -0.003490, 2000.000000, 1000.000000, 10.988772, 10.976604, 10.998136, 11.036489, -0.012631, 0.017312, -0.006546, -0.008726, -0.008726, -0.017452, 0.484717, 0.826008, -24.606806, 0.011893, -0.037824, -0.013150, 0.002187, 14.958008, 6.118774, 93.688957
-0.001745, -0.001745, 1020.000000, -0.003490, 2000.000000, 1000.000000, 11.992374, 11.978432, 11.972586, 12.056608, -0.024491, 0.014597, -0.017520, -0.008726, -0.008726, -0.017452, 0.464351, 0.694564, -24.613272, 0.032132, -0.033563, -0.005693, 0.002340, 14.918945, 10.400391, 158.691406
-0.001745, -0.001745, 1035.000000, -0.001745, 2000.000000, 1000.000000, 12.995624, 13.056132, 12.989072, 12.959172, 0.022602, -0.025878, -0.007652, -0.008726, -0.008726, -0.008726, 0.431824, 0.660796, -24.570915, -0.046697, 0.034613, -0.003562, 0.001881, 14.735352, 15.039062, 226.989731
-0.001745, -0.001745, 1044.000000, -0.001745, 2000.000000, 1000.000000, 13.913490, 13.656942, 13.961521, 14.468046, -0.190768, 0.214784, -0.062494, -0.008726, -0.008726, -0.008726, 0.571057, 0.131037, -24.515696, 0.309099, -0.366989, 0.033722, 0.002320, 14.805664, 11.840820, 172.790512
-0.001745, -0.001745, 1053.000000, -0.001745, 2000.000000, 1000.000000, 15.018661, 14.035235, 15.357482, 15.588622, -0.303642, 0.473052, 0.188071, -0.008726, -0.008726, -0.008726, 0.879472, -1.800351, -24.689003, 0.500846, -0.803744, -0.136719, 0.001759, 14.797852, 11.959839, 181.274399
-0.001745, -0.001745, 1056.000000, -0.001745, 2000.000000, 1000.000000, 14.972785, 13.966294, 15.293344, 15.767577, -0.370181, 0.530460, 0.133064, -0.008726, -0.008726, -0.008726, 1.373734, -4.591999, -25.054260, 0.613763, -0.900683, -0.099435, 0.001766, 14.708008, 15.600586, 234.924301
-0.001745, -0.001745, 1053.000000, -0.001745, 2000.000000, 1000.000000, 14.903965, 14.424664, 15.174973, 15.496399, -0.200182, 0.335686, 0.039468, -0.008726, -0.008726, -0.008726, 1.532703, -8.143203, -25.131134, 0.325078, -0.568322, -0.035520, 0.002121, 14.758789, 13.320923, 201.293930
-0.001745, -0.001745, 1054.000000, -0.001745, 2000.000000, 1000.000000, 15.399871, 14.502666, 14.904286, 15.193177, -0.296524, 0.048732, 0.152078, -0.008726, -0.008726, -0.008726, 2.168656, -9.440224, -25.266865, 0.486997, -0.092152, -0.112218, 0.001918, 14.715820, 15.161133, 228.393539
-0.001745, -0.001745, 1056.000000, 0.000000, 2000.000000, 1000.000000, 15.746431, 14.769743, 14.748993, 14.734833, -0.240632, -0.258087, 0.247712, -0.008726, -0.008726, 0.000000, 4.313942, -9.269443, -25.513256, 0.392190, 0.418106, -0.167612, 0.002315, 14.786133, 12.319946, 186.523422
-0.001745, -0.001745, 1056.000000, 0.000000, 2000.000000, 1000.000000, 15.556928, 14.516252, 14.992133, 14.934688, -0.245808, -0.036589, 0.274530, -0.008726, -0.008726, 0.000000, 5.592537, -9.153931, -25.796293, 0.398581, 0.051658, -0.185721, 0.002270, 14.778320, 12.680054, 191.894516
-0.001745, -0.001745, 1057.000000, 0.000000, 2000.000000, 1000.000000, 15.305421, 14.317180, 15.250655, 15.126744, -0.216082, 0.188700, 0.278038, -0.008726, -0.008726, 0.000000, 6.132816, -9.981165, -26.203676, 0.350644, -0.326509, -0.188917, 0.001813, 14.676758, 16.720581, 251.281723
-0.001745, -0.001745, 1056.000000, 0.000000, 2000.000000, 1000.000000, 15.470294, 14.478299, 15.169875, 14.881532, -0.175913, 0.025703, 0.320085, -0.008726, -0.008726, 0.000000, 6.588323, -10.990640, -26.684507, 0.285664, -0.052738, -0.216614, 0.002248, 14.700195, 15.600586, 234.802231
-0.001745, -0.001745, 1056.000000, 0.000000, 2000.000000, 1000.000000, 16.046707, 14.589211, 14.527443, 14.836639, -0.441673, -0.317959, 0.287075, -0.008726, -0.008726, 0.000000, 8.983302, -10.820748, -27.052868, 0.722419, 0.519306, -0.194243, 0.002240, 14.782227, 12.121582, 183.532700
-0.001745, -0.001745, 1056.000000, 0.000000, 2000.000000, 1000.000000, 15.944474, 14.585099, 14.426225, 15.044202, -0.494338, -0.264787, 0.185350, -0.008726, -0.008726, 0.000000, 11.458817, -10.498798, -27.046209, 0.820423, 0.436216, -0.126067, 0.001751, 14.719727, 14.480591, 218.200668
-0.001745, -0.001745, 1056.000000, 0.000000, 2000.000000, 1000.000000, 15.401639, 14.426276, 15.006209, 15.165875, -0.283757, 0.086043, 0.203924, -0.008726, -0.008726, 0.000000, 13.261423, -11.022433, -27.006712, 0.469953, -0.151807, -0.138850, 0.001773, 14.739258, 14.001465, 211.425766
-0.001745, -0.001745, 1056.000000, 0.000000, 2000.000000, 1000.000000, 15.006216, 14.720007, 15.381472, 14.892305, 0.050739, 0.136889, 0.193844, -0.008726, -0.008726, 0.000000, 13.391993, -12.269642, -27.700424, -0.090372, -0.235962, -0.131393, 0.002225, 14.750977, 13.720703, 207.092270
-0.001745, 0.000000, 1056.000000, 0.000000, 2000.000000, 1000.000000, 15.124605, 14.771814, 15.071297, 15.032284, -0.078445, 0.051790, 0.097951, -0.008726, 0.000000, 0.000000, 13.114672, -12.578723, -28.026550, 0.119484, -0.087891, -0.066412, 0.001819, 14.731445, 13.558960, 204.589828
-0.001745, -0.001745, 1056.000000, 0.000000, 2000.000000, 1000.000000, 15.341642, 14.735556, 14.875462, 15.047340, -0.194491, -0.038599, 0.108552, -0.008726, -0.008726, 0.000000, 13.635957, -12.911841, -28.040926, 0.319752, 0.055919, -0.073869, 0.001764, 14.735352, 13.919067, 209.899887
-0.001745, -0.001745, 1056.000000, 0.000000, 2000.000000, 1000.000000, 15.308228, 14.869795, 15.158482, 14.663496, 0.014138, -0.089011, 0.233355, -0.008726, -0.008726, 0.000000, 14.742629, -12.650949, -28.444832, -0.030718, 0.140074, -0.158025, 0.002221, 14.731445, 13.601685, 205.200180
-0.001745, 0.000000, 1056.000000, 0.000000, 2000.000000, 1000.000000, 15.168068, 14.931576, 15.097805, 14.802551, 0.014690, -0.049822, 0.132937, -0.008726, 0.000000, 0.000000, 14.634708, -12.242603, -28.786825, -0.036044, 0.082550, -0.089848, 0.002238, 14.739258, 13.800049, 208.190903
-0.001745, 0.000000, 1056.000000, 0.000000, 2000.000000, 1000.000000, 15.115582, 14.885698, 15.070709, 14.928011, -0.021796, -0.000640, 0.093145, -0.008726, 0.000000, 0.000000, 14.503448, -12.017494, -28.955917, 0.024676, 0.001590, -0.063217, 0.001774, 14.735352, 13.601685, 205.200180
-0.001745, 0.000000, 1056.000000, 0.000000, 2000.000000, 1000.000000, 15.196966, 14.711824, 15.027813, 15.063396, -0.130182, 0.045604, 0.112389, -0.008726, 0.000000, 0.000000, 14.844134, -12.441529, -29.183441, 0.207900, -0.076173, -0.076000, 0.002295, 14.696289, 15.280151, 229.980453
-0.001745, 0.000000, 1056.000000, 0.000000, 2000.000000, 1000.000000, 15.158781, 14.911425, 15.126883, 14.802912, 0.019153, -0.035102, 0.142832, -0.008726, 0.000000, 0.000000, 15.184913, -12.722013, -29.357908, -0.036044, 0.059114, -0.097305, 0.001816, 14.747070, 13.400269, 202.331528
-0.001745, 0.000000, 1056.000000, 0.000000, 2000.000000, 1000.000000, 15.102560, 15.255672, 15.133289, 14.508478, 0.194481, -0.179116, 0.117925, -0.008726, 0.000000, 0.000000, 15.039285, -11.962395, -29.642605, -0.335382, 0.301993, -0.080261, 0.001763, 14.704102, 14.721680, 221.618637
-0.001745, 0.000000, 1056.000000, 0.000000, 2000.000000, 1000.000000, 14.948970, 14.912709, 15.480350, 14.657971, 0.196529, 0.069160, 0.214659, -0.008726, 0.000000, 0.000000, 13.983033, -10.584306, -30.301958, -0.334316, -0.114523, -0.145241, 0.002237, 14.743164, 13.281250, 200.500473
-0.001745, 0.000000, 1056.000000, 0.000000, 2000.000000, 1000.000000, 14.978308, 14.349695, 15.608681, 15.063316, -0.020812, 0.335999, 0.293494, -0.008726, 0.000000, 0.000000, 13.000857, -11.222364, -30.937090, 0.022545, -0.564061, -0.199570, 0.001783, 14.719727, 14.199829, 214.111313
-0.003490, 0.000000, 1056.000000, 0.000000, 2000.000000, 1000.000000, 15.260885, 14.237906, 15.536615, 14.964594, -0.112740, 0.250605, 0.398751, -0.017452, 0.000000, 0.000000, 12.393166, -12.631942, -31.737709, 0.170616, -0.421317, -0.270942, 0.001847, 14.692383, 14.920044, 224.487289
-0.139616, -0.001745, 1056.000000, 0.000000, 2000.000000, 1000.000000, 16.051729, 14.331944, 14.548091, 15.068234, -0.559982, -0.191838, 0.299910, -0.698080, -0.008726, 0.000000, 13.038051, -13.109994, -32.516888, 0.213226, 0.308385, -0.202765, 0.002261, 14.731445, 13.439941, 202.697739
-0.200698, -0.001745, 1056.000000, 0.000000, 2000.000000, 1000.000000, 15.849442, 14.737454, 14.715196, 14.697907, -0.273675, -0.293449, 0.282319, -1.003490, -0.008726, 0.000000, 13.326550, -11.887691, -33.036488, -0.568673, 0.476695, -0.191048, 0.002318, 14.766602, 11.160278, 168.823227
-0.232112, 0.000000, 1055.000000, 0.000000, 2000.000000, 1000.000000, 14.840526, 15.176589, 15.511825, 14.471061, 0.344207, -0.008557, 0.176175, -1.160558, 0.000000, 0.000000, 10.844814, -9.434035, -33.882530, -1.771349, 0.015439, -0.119675, 0.001841, 14.672852, 15.481567, 232.727036
-0.230366, 0.008726, 1042.000000, 0.000000, 2000.000000, 1000.000000, 12.898992, 14.158151, 15.566792, 13.376065, 0.862472, 0.471429, 0.232892, -1.151832, 0.043630, 0.000000, 1.949688, -5.311676, -35.544605, -2.613968, -0.741959, -0.158025, 0.002326, 14.868164, 7.879639, 125.427238
-0.230366, 0.010471, 1035.000000, 0.000000, 2000.000000, 1000.000000, 12.372125, 12.785737, 14.457437, 12.384702, 0.621587, 0.421070, 0.414780, -1.151832, 0.052356, 0.000000, -4.459795, -3.111486, -36.633892, -2.232605, -0.657804, -0.282660, 0.001852, 14.946289, 5.358887, 82.031242
-0.226876, 0.010471, 1034.000000, 0.000000, 2000.000000, 1000.000000, 12.677549, 12.990574, 13.838980, 12.492897, 0.414777, 0.165938, 0.258264, -1.134380, 0.052356, 0.000000, -9.542954, -0.776245, -37.467800, -1.869353, -0.227440, -0.176134, 0.001764, 14.911133, 6.921387, 105.712883
-0.197208, 0.006981, 1027.000000, 0.000000, 2000.000000, 1000.000000, 12.020885, 12.397518, 12.708775, 10.872822, 0.553147, -0.209202, 0.364830, -0.986038, 0.034904, 0.000000, -15.198133, 4.305511, -38.074699, -1.931137, 0.385083, -0.247506, 0.002290, 14.969727, 3.439331, 52.673336
-0.073298, 0.000000, 1024.000000, 0.000000, 2000.000000, 1000.000000, 11.519409, 12.937021, 13.112993, 10.430576, 1.025008, -0.228215, 0.316201, -0.366492, 0.000000, 0.000000, -18.727394, 8.544241, -38.316452, -2.107970, 0.386148, -0.215548, 0.001816, 14.958008, 5.441284, 86.425774
-0.029668, 0.000000, 1022.000000, 0.000000, 2000.000000, 1000.000000, 11.209329, 12.861718, 13.376822, 10.552131, 1.119270, -0.035524, 0.293076, -0.148342, 0.000000, 0.000000, -22.944715, 12.613408, -38.081173, -2.038728, 0.060180, -0.199570, 0.001897, 14.907227, 7.479858, 114.196770
-0.003490, -0.001745, 1024.000000, 0.000000, 2000.000000, 1000.000000, 11.236067, 12.390055, 13.267715, 11.106163, 0.828885, 0.186939, 0.251891, -0.017452, -0.008726, 0.000000, -29.071505, 16.288923, -37.243412, -1.401704, -0.321183, -0.170808, 0.002335, 14.915039, 7.159424, 109.313957
-0.001745, -0.001745, 1026.000000, 0.000000, 2000.000000, 1000.000000, 11.547310, 12.086134, 13.169464, 11.197092, 0.627799, 0.183278, 0.358387, -0.008726, -0.008726, 0.000000, -32.364719, 17.496799, -36.793114, -1.059757, -0.315856, -0.243245, 0.002183, 14.895508, 7.760620, 118.408195
-0.001745, -0.001745, 1026.000000, 0.000000, 2000.000000, 1000.000000, 12.069819, 11.907998, 12.865039, 11.157144, 0.386518, 0.011092, 0.467429, -0.008726, -0.008726, 0.000000, -34.630310, 18.480665, -36.878944, -0.663481, -0.028237, -0.318878, 0.001763, 14.922852, 6.640625, 101.501457
-0.001745, -0.001745, 1039.000000, 0.000000, 2000.000000, 1000.000000, 13.598475, 13.236704, 13.316132, 11.848690, 0.276417, -0.417590, 0.457303, -0.008726, -0.008726, 0.000000, -35.331802, 20.835424, -37.917526, -0.470669, 0.688682, -0.310356, 0.002270, 14.926758, 6.359863, 97.228996
-0.001745, -0.001745, 1058.000000, 0.000000, 2000.000000, 1000.000000, 15.475639, 15.375360, 15.250097, 13.898903, 0.312729, -0.425500, 0.362869, -0.008726, -0.008726, 0.000000, -35.177418, 23.239511, -38.707153, -0.532454, 0.703595, -0.246441, 0.001919, 14.485352, 25.720215, 381.408661
-0.001745, -0.001745, 1096.000000, 0.000000, 2000.000000, 1000.000000, 19.283262, 18.792665, 19.423136, 18.500937, 0.107901, -0.037963, 0.353199, -0.008726, -0.008726, 0.000000, -35.349678, 24.771799, -39.284012, -0.192637, 0.055919, -0.240049, 0.001840, 14.067383, 39.001465, 561.828613
-0.001745, -0.001745, 1099.000000, 0.000000, 2000.000000, 1000.000000, 19.094210, 18.196833, 19.445696, 19.263262, -0.178736, 0.354479, 0.269952, -0.008726, -0.008726, 0.000000, -36.307606, 23.349947, -39.842697, 0.288860, -0.594954, -0.182525, 0.002376, 14.286133, 28.640747, 411.621063
-0.001745, -0.001745, 1099.000000, 0.000000, 2000.000000, 1000.000000, 19.984070, 18.225693, 18.805813, 18.984425, -0.484248, -0.104881, 0.394942, -0.008726, -0.008726, 0.000000, -35.497025, 21.804960, -40.756279, 0.806575, 0.164575, -0.268811, 0.001750, 14.305664, 29.281616, 428.832977
-0.001745, -0.001745, 1099.000000, 0.000000, 2000.000000, 1000.000000, 20.743814, 18.746611, 17.553625, 18.955950, -0.849883, -0.745212, 0.148720, -0.008726, -0.008726, 0.000000, -28.906433, 21.150084, -44.119579, 1.397793, 1.224506, -0.100501, 0.002303, 14.336914, 26.641846, 391.113251
-0.001745, -0.001745, 1099.000000, 0.000000, 2000.000000, 1000.000000, 19.572683, 18.998247, 18.153738, 19.275331, -0.424007, -0.285466, -0.136790, -0.008726, -0.008726, 0.000000, -24.964975, 20.758587, -45.519577, 0.694723, 0.466043, 0.092311, 0.002276, 14.344727, 25.759888, 378.295868
-0.001745, -0.001745, 1098.000000, 0.000000, 2000.000000, 1000.000000, 18.339100, 19.424305, 19.029263, 19.207333, 0.226784, 0.118298, -0.315819, -0.008726, -0.008726, 0.000000, -24.863611, 20.838585, -45.097698, -0.391840, -0.207200, 0.214816, 0.001768, 14.340820, 26.919556, 395.019501
-0.001745, -0.001745, 1067.000000, 0.000000, 2000.000000, 1000.000000, 16.404650, 16.101547, 14.900383, 16.593420, -0.499035, -0.253098, -0.347483, -0.008726, -0.008726, 0.000000, -24.784575, 20.947809, -44.224197, 0.816162, 0.410649, 0.235056, 0.002302, 14.590820, 18.280029, 267.578125
-0.001745, -0.001745, 1062.000000, 0.000000, 2000.000000, 1000.000000, 17.638472, 15.603033, 13.780851, 16.977644, -1.308058, -0.620752, -0.290339, -0.008726, -0.008726, 0.000000, -20.143280, 19.503633, -45.212460, 2.159452, 1.021042, 0.196706, 0.002194, 14.684570, 14.520264, 218.322739
-0.001745, -0.001745, 1063.000000, 0.000000, 2000.000000, 1000.000000, 17.783775, 15.002257, 13.916932, 17.297035, -1.540405, -0.393017, -0.149646, -0.008726, -0.008726, 0.000000, -13.560802, 16.572174, -46.784813, 2.573837, 0.652463, 0.101898, 0.001819, 14.610352, 16.839600, 251.892075
-0.001745, -0.001745, 1064.000000, 0.001745, 2000.000000, 1000.000000, 16.710356, 14.821113, 15.502501, 16.966032, -0.838193, 0.234266, 0.106428, -0.008726, -0.008726, 0.008726, -7.488590, 10.296818, -48.352604, 1.381814, -0.396816, -0.063217, 0.002361, 14.614258, 17.120361, 256.286621
-0.001745, -0.001745, 1064.000000, 0.001745, 2000.000000, 1000.000000, 16.194315, 15.467400, 16.022114, 16.316172, -0.255243, 0.169143, 0.108214, -0.008726, -0.008726, 0.008726, -6.865802, 7.872200, -48.606426, 0.413495, -0.290290, -0.064282, 0.002370, 14.633789, 15.921021, 238.525375
-0.001745, -0.001745, 1060.000000, 0.000000, 2000.000000, 1000.000000, 16.342348, 15.649893, 15.727154, 16.280603, -0.311477, 0.003879, 0.034752, -0.008726, -0.008726, 0.000000, -6.656743, 6.891931, -48.790493, 0.514694, -0.016519, -0.023802, 0.001751, 14.633789, 15.798950, 236.816391
-0.001745, -0.001745, 1063.000000, 0.000000, 2000.000000, 1000.000000, 17.398418, 14.612920, 14.694057, 17.294605, -1.346512, -0.005669, 0.046238, -0.008726, -0.008726, 0.000000, -2.813137, 2.644020, -49.141670, 2.226563, -0.000540, -0.031259, 0.002215, 14.583008, 17.401123, 259.887695
-0.001745, -0.001745, 1061.000000, 0.000000, 2000.000000, 1000.000000, 17.460192, 14.262193, 14.720508, 17.557108, -1.508650, 0.138808, 0.090350, -0.008726, -0.008726, 0.000000, 1.268837, -2.682478, -49.271290, 2.488617, -0.239158, -0.061086, 0.002341, 14.622070, 16.079712, 240.722641
-0.001745, -0.001745, 1061.000000, 0.000000, 2000.000000, 1000.000000, 16.760527, 14.552884, 15.443696, 17.242891, -1.001710, 0.343295, 0.102112, -0.008726, -0.008726, 0.000000, 4.123542, -7.797746, -49.203167, 1.681151, -0.586432, -0.069608, 0.001766, 14.583008, 18.359375, 274.230957
-0.001745, -0.001745, 1060.000000, 0.000000, 2000.000000, 1000.000000, 16.299726, 14.869760, 15.874583, 16.955931, -0.627828, 0.415257, 0.087154, -0.008726, -0.008726, 0.000000, 5.037835, -11.829570, -49.198727, 1.032409, -0.698284, -0.058956, 0.002178, 14.633789, 15.759277, 236.083969
-0.001745, -0.001745, 1062.000000, 0.000000, 2000.000000, 1000.000000, 16.625490, 15.324797, 15.548899, 16.500814, -0.563152, 0.024857, 0.087194, -0.008726, -0.008726, 0.000000, 6.269769, -15.319442, -49.115486, 0.925884, -0.050607, -0.058956, 0.002245, 14.602539, 16.918945, 252.990707
-0.001745, -0.001745, 1056.000000, 0.000000, 2000.000000, 1000.000000, 16.126413, 13.747247, 14.188014, 15.938325, -1.032369, 0.063169, 0.157214, -0.008726, -0.008726, 0.000000, 8.481585, -18.029089, -48.694790, 1.724827, -0.115588, -0.106892, 0.001751, 14.606445, 16.439819, 240.478500
-0.001745, -0.001745, 1047.000000, 0.000000, 2000.000000, 1000.000000, 15.371351, 12.286976, 12.868771, 15.472902, -1.422127, 0.170836, 0.120061, -0.008726, -0.008726, 0.000000, 14.302007, -25.372082, -46.913322, 2.358655, -0.292421, -0.081326, 0.002448, 14.844727, 6.878662, 104.614250
-0.001745, -0.001745, 1045.000000, 0.000000, 2000.000000, 1000.000000, 14.766119, 12.783228, 13.375887, 15.074766, -0.920443, 0.225327, 0.071003, -0.008726, -0.008726, 0.000000, 17.625048, -29.680704, -45.660595, 1.533081, -0.386163, -0.048303, 0.002173, 14.766602, 10.281372, 155.700684
-0.001745, -0.001745, 1043.000000, 0.000000, 2000.000000, 1000.000000, 14.012323, 13.468866, 13.957048, 14.561762, -0.287043, 0.259405, -0.015314, -0.008726, -0.008726, 0.000000, 18.731150, -32.339672, -45.128479, 0.480606, -0.447948, 0.010286, 0.001751, 14.782227, 10.479736, 158.630371
-0.017452, 0.022688, 1022.000000, 0.000000, 2000.000000, 1000.000000, 11.947298, 11.551270, 12.119629, 12.381804, -0.164551, 0.250717, 0.033463, -0.087260, 0.113438, 0.000000, 18.071302, -34.176136, -45.520565, 0.185530, -0.303073, -0.022737, 0.002274, 15.028320, 0.479126, 7.385253
-0.068063, 0.022688, 1020.000000, 0.000000, 2000.000000, 1000.000000, 12.770006, 11.306026, 11.337717, 12.586250, -0.678128, -0.038016, 0.053861, -0.340314, 0.113438, 0.000000, 19.068197, -35.230965, -45.065372, 0.784204, 0.179488, -0.036585, 0.002285, 15.043945, 0.561523, 8.728027
-0.150087, 0.031414, 1023.000000, 0.000000, 2000.000000, 1000.000000, 13.418489, 11.009265, 10.745261, 12.826985, -1.122737, -0.213877, 0.081875, -0.750436, 0.157068, 0.000000, 22.396036, -36.357990, -43.228256, 1.127217, 0.523567, -0.055760, 0.001769, 14.875977, 7.040405, 107.299797
-0.237347, 0.048866, 1025.000000, 0.000000, 2000.000000, 1000.000000, 12.730542, 10.942868, 11.348847, 12.977742, -0.854142, 0.163295, 0.039695, -1.186736, 0.244328, 0.000000, 26.397150, -37.646790, -41.101192, 0.214291, -0.022910, -0.026998, 0.002300, 14.903320, 5.520630, 84.289543
-0.294939, 0.095986, 1028.000000, 0.000000, 2000.000000, 1000.000000, 11.864199, 11.190460, 12.096027, 12.849314, -0.356756, 0.472670, -0.019887, -1.474694, 0.479930, 0.000000, 24.949537, -37.362854, -41.943325, -0.909555, -0.298812, 0.013482, 0.002311, 14.915039, 5.319214, 81.298820
-0.345550, 0.089005, 1028.000000, 0.000000, 2000.000000, 1000.000000, 12.043628, 11.410167, 12.415994, 12.130212, -0.086920, 0.273103, 0.229811, -1.727748, 0.445026, 0.000000, 19.107866, -34.137653, -45.734589, -1.620082, -0.001605, -0.155894, 0.002305, 14.879883, 7.159424, 107.788078
-0.350785, 0.083770, 1029.000000, 0.000000, 2000.000000, 1000.000000, 12.459938, 11.691839, 11.981403, 11.866819, -0.163379, -0.075888, 0.220671, -1.753926, 0.418848, 0.000000, 16.355700, -30.510818, -47.677219, -1.527405, 0.557655, -0.150568, 0.001787, 14.875977, 7.199097, 109.680168
-0.361256, 0.069808, 1035.000000, 0.000000, 2000.000000, 1000.000000, 13.643103, 12.933338, 12.583134, 12.840425, -0.241764, -0.288220, 0.113118, -1.806282, 0.349040, 0.000000, 15.056227, -26.115257, -48.578476, -1.449641, 0.847405, -0.077065, 0.001762, 14.801758, 10.079956, 152.832031
-0.359511, 0.057592, 1056.000000, 0.000000, 2000.000000, 1000.000000, 15.229432, 14.831967, 15.142774, 14.795827, -0.012629, -0.030699, 0.186103, -1.797556, 0.287958, 0.000000, 12.714980, -19.255472, -49.765114, -1.818220, 0.347799, -0.126067, 0.002131, 14.551758, 19.281006, 287.414551
-0.349040, 0.064572, 1056.000000, 0.000000, 2000.000000, 1000.000000, 14.656749, 14.730355, 15.482633, 15.130263, 0.106494, 0.306448, 0.069691, -1.745200, 0.322862, 0.000000, 9.409168, -15.244668, -51.042400, -1.962030, -0.178438, -0.047238, 0.002182, 14.657227, 15.560913, 233.520493
-0.315881, 0.064572, 1056.000000, 0.000000, 2000.000000, 1000.000000, 14.672459, 14.993023, 15.640171, 14.694347, 0.316597, 0.167259, 0.156315, -1.579406, 0.322862, 0.000000, 5.381587, -10.908741, -52.138477, -2.144189, 0.051658, -0.105827, 0.002120, 14.688477, 15.359497, 230.895981
-0.298429, 0.047120, 1056.000000, 0.000000, 2000.000000, 1000.000000, 15.601714, 15.175500, 15.203181, 14.019605, 0.189341, -0.388607, 0.402448, -1.492146, 0.235602, 0.000000, 1.872749, -2.725194, -53.358051, -1.840591, 0.883624, -0.272007, 0.002305, 14.680664, 14.279175, 214.599594
-0.240838, 0.027923, 1056.000000, 0.000000, 2000.000000, 1000.000000, 15.680267, 15.192987, 15.170067, 13.956678, 0.181527, -0.436627, 0.425167, -1.204188, 0.139616, 0.000000, 1.056361, 2.435481, -54.090141, -1.547645, 0.877232, -0.289051, 0.001786, 14.711914, 13.040161, 196.411118
-0.197208, 0.024433, 1055.000000, 0.000000, 2000.000000, 1000.000000, 15.418869, 15.000706, 15.331289, 14.249136, 0.165997, -0.209787, 0.375079, -0.986038, 0.122164, 0.000000, 0.284552, 6.829952, -54.750172, -1.285591, 0.474565, -0.253898, 0.002203, 14.692383, 14.239502, 213.989243
-0.195462, 0.026178, 1056.000000, 0.000000, 2000.000000, 1000.000000, 15.134426, 14.218201, 15.629322, 15.018051, -0.076238, 0.323687, 0.381874, -0.977312, 0.130890, 0.000000, -2.045181, 10.251651, -55.473614, -0.870141, -0.401077, -0.258159, 0.002395, 14.715820, 12.640381, 190.490707
-0.178010, 0.052356, 1056.000000, 0.000000, 2000.000000, 1000.000000, 14.808936, 14.120538, 15.990449, 15.080077, 0.055493, 0.535263, 0.399692, -0.890052, 0.261780, 0.000000, -4.590699, 11.255676, -55.676117, -1.004363, -0.630107, -0.272007, 0.001772, 14.715820, 13.079834, 197.021469
-0.167539, 0.061082, 1055.000000, 0.000000, 2000.000000, 1000.000000, 15.005033, 14.430604, 16.027191, 14.537173, 0.228897, 0.282182, 0.516111, -0.837696, 0.305410, 0.000000, -7.303240, 12.991413, -56.071934, -1.240850, -0.160329, -0.350836, 0.001861, 14.700195, 13.760376, 207.031235
-0.172775, 0.068063, 1054.000000, 0.000000, 2000.000000, 1000.000000, 15.668422, 14.902810, 15.211738, 14.217031, 0.057274, -0.285616, 0.440080, -0.863874, 0.340314, 0.000000, -8.269662, 17.460686, -57.156078, -0.975601, 0.819708, -0.297573, 0.002343, 14.704102, 13.360596, 201.232895
-0.172775, 0.066318, 1053.000000, 0.000000, 2000.000000, 1000.000000, 15.775308, 14.902961, 15.139298, 14.182433, 0.021129, -0.339134, 0.457303, -0.863874, 0.331588, 0.000000, -7.505888, 20.761322, -58.221111, -0.915947, 0.900668, -0.309291, 0.002313, 14.719727, 13.479614, 202.880844
-0.172775, 0.068063, 1053.000000, 0.000000, 2000.000000, 1000.000000, 15.777072, 14.720441, 15.219634, 14.282853, -0.029963, -0.248756, 0.498353, -0.863874, 0.340314, 0.000000, -6.662712, 24.010056, -59.435181, -0.838183, 0.769641, -0.339118, 0.001776, 14.704102, 13.281250, 200.012192
-0.132635, 0.068063, 1053.000000, 0.000000, 2000.000000, 1000.000000, 15.831640, 14.317104, 15.386534, 14.464722, -0.148181, -0.074373, 0.609087, -0.663176, 0.340314, 0.000000, -5.689328, 27.533669, -61.403217, -0.430189, 0.469239, -0.411556, 0.002413, 14.696289, 13.641357, 205.322250
-0.130890, 0.057592, 1053.000000, 0.000000, 2000.000000, 1000.000000, 16.014084, 13.838002, 15.325356, 14.822556, -0.418321, 0.073957, 0.669721, -0.654450, 0.287958, 0.000000, -5.109777, 28.286175, -62.848099, 0.031067, 0.173097, -0.455231, 0.001868, 14.723633, 12.399292, 188.293442
-0.116928, 0.045375, 1053.000000, 0.000000, 2000.000000, 1000.000000, 16.071234, 13.653255, 15.020005, 15.255507, -0.663370, 0.137756, 0.545619, -0.584642, 0.226876, 0.000000, -4.382869, 27.530329, -64.367256, 0.511498, 0.001590, -0.371076, 0.001791, 14.633789, 15.679932, 235.107407
-0.020942, 0.001745, 1053.000000, 0.000000, 2000.000000, 1000.000000, 15.920910, 14.412394, 15.188984, 14.477713, -0.199311, -0.166652, 0.554947, -0.104712, 0.008726, 0.000000, -3.572259, 26.131794, -66.135841, 0.224944, 0.283884, -0.375337, 0.002315, 14.684570, 14.001465, 209.899887
-0.001745, -0.001745, 1053.000000, 0.000000, 2000.000000, 1000.000000, 16.477238, 14.505902, 14.761676, 14.255185, -0.366211, -0.491570, 0.619457, -0.008726, -0.008726, 0.000000, -1.620352, 25.804712, -68.069153, 0.605241, 0.814382, -0.421143, 0.001831, 14.688477, 14.080811, 211.730942
-0.001745, -0.001745, 1053.000000, 0.000000, 2000.000000, 1000.000000, 16.283777, 14.185982, 14.473331, 15.056910, -0.670343, -0.234879, 0.378554, -0.008726, -0.008726, 0.000000, 2.939048, 23.085716, -71.387062, 1.100586, 0.380822, -0.256028, 0.002316, 14.696289, 13.720703, 206.420883
-0.001745, -0.001745, 1053.000000, 0.000000, 2000.000000, 1000.000000, 15.674810, 13.688271, 14.835941, 15.800977, -0.737894, 0.318459, 0.255376, -0.008726, -0.008726, 0.000000, 3.743166, 20.116764, -72.227493, 1.215634, -0.536365, -0.172938, 0.002164, 14.723633, 11.801147, 177.978500
-0.001745, -0.001745, 1053.000000, 0.000000, 2000.000000, 1000.000000, 15.315156, 13.456103, 14.962138, 16.266602, -0.790879, 0.614370, 0.138647, -0.008726, -0.008726, 0.000000, 2.467722, 16.253874, -72.198952, 1.311507, -1.038101, -0.094109, 0.001918, 14.641602, 15.481567, 232.177719
-0.001745, -0.001745, 1053.000000, 0.000000, 2000.000000, 1000.000000, 15.409238, 13.603065, 14.723742, 16.263956, -0.836596, 0.493849, 0.066490, -0.008726, -0.008726, 0.000000, 0.936426, 11.720599, -71.965141, 1.380749, -0.828245, -0.045107, 0.002249, 14.692383, 13.281250, 199.890121
-0.001745, -0.001745, 1053.000000, 0.000000, 2000.000000, 1000.000000, 15.890646, 14.387350, 14.135483, 15.586521, -0.738583, -0.138998, 0.013065, -0.008726, -0.008726, 0.000000, 1.503063, 6.051058, -72.156158, 1.213503, 0.219968, -0.008888, 0.002432, 14.688477, 13.558960, 203.796371
-0.001745, -0.001745, 1053.000000, 0.000000, 2000.000000, 1000.000000, 15.894544, 14.498342, 13.949504, 15.657611, -0.776078, -0.196443, -0.077977, -0.008726, -0.008726, 0.000000, 3.394923, 3.052983, -72.222939, 1.296593, 0.321168, 0.052896, 0.001828, 14.715820, 12.280273, 185.119614
-0.001745, -0.001745, 1053.000000, 0.000000, 2000.000000, 1000.000000, 15.770911, 13.976838, 14.176660, 16.075592, -0.923251, 0.126126, -0.026215, -0.008726, -0.008726, 0.000000, 4.821589, -0.762456, -72.168640, 1.528820, -0.218918, 0.017743, 0.002110, 14.711914, 12.838745, 193.420395
-0.001745, -0.001745, 1053.000000, 0.000000, 2000.000000, 1000.000000, 15.086306, 13.421577, 14.710096, 16.782021, -0.934163, 0.746058, -0.101799, -0.008726, -0.008726, 0.000000, 3.527426, -8.063436, -72.155991, 1.538407, -1.243696, 0.068875, 0.002338, 14.684570, 13.241577, 199.218735
-0.001745, 0.000000, 1053.000000, 0.000000, 2000.000000, 1000.000000, 14.700995, 13.582116, 14.937200, 16.779690, -0.740342, 0.858444, -0.180903, -0.008726, 0.000000, 0.000000, 1.125972, -12.609894, -72.329613, 1.233743, -1.443964, 0.123203, 0.001750, 14.719727, 12.039185, 192.199692
-0.024433, 0.000000, 1053.000000, 0.000000, 2000.000000, 1000.000000, 14.635774, 14.104012, 14.873710, 16.386505, -0.511139, 0.630107, -0.245259, -0.122164, 0.000000, 0.000000, -3.183171, -17.530581, -72.911949, 0.721354, -1.043427, 0.165814, 0.002340, 14.668945, 14.361572, 215.698227
-0.057592, 0.020942, 1053.000000, 0.000000, 2000.000000, 1000.000000, 15.372773, 13.980666, 14.571626, 16.074934, -0.723854, 0.323280, -0.027800, -0.287958, 0.104712, 0.000000, -4.361491, -20.174461, -73.002090, 0.909905, -0.428774, 0.018808, 0.002158, 14.645508, 15.240479, 228.393539
-0.122164, 0.083770, 1053.000000, 0.000000, 2000.000000, 1000.000000, 15.725819, 13.546379, 14.510391, 16.217411, -0.971615, 0.363901, 0.118105, -0.610820, 0.418848, 0.000000, -4.233537, -22.934156, -73.098763, 1.000452, -0.180569, -0.080261, 0.001874, 14.684570, 13.198853, 198.425278
-0.254799, 0.057592, 1055.000000, 0.000000, 2000.000000, 1000.000000, 15.971811, 13.563672, 14.362283, 16.102232, -1.037022, 0.232258, 0.167047, -1.273996, 0.287958, 0.000000, -3.978155, -25.066792, -73.289726, 0.425213, -0.092152, -0.113284, 0.002094, 14.618164, 16.079712, 240.783676
-0.267016, 0.055846, 1057.000000, 0.000000, 2000.000000, 1000.000000, 15.110472, 14.253202, 15.246635, 15.389690, -0.250081, 0.318163, 0.178553, -1.335078, 0.279232, 0.000000, -4.915656, -24.211903, -74.141960, -0.950035, -0.242354, -0.120741, 0.002323, 14.633789, 15.921021, 238.586411
-0.267016, 0.064572, 1061.000000, 0.000000, 2000.000000, 1000.000000, 15.687851, 15.277246, 16.751760, 16.283144, 0.014504, 0.517452, 0.219805, -1.335078, 0.322862, 0.000000, -7.085881, -21.096073, -75.340431, -1.397443, -0.537430, -0.149503, 0.001799, 14.508789, 20.001221, 297.485352
-0.267016, 0.066318, 1061.000000, 0.000000, 2000.000000, 1000.000000, 16.055264, 14.982958, 16.534386, 16.427391, -0.241328, 0.480889, 0.294825, -1.335078, 0.331588, 0.000000, -9.505595, -18.202272, -76.645378, -0.961753, -0.459666, -0.199570, 0.002253, 14.614258, 15.881348, 237.731918
-0.184991, 0.048866, 1059.000000, 0.000000, 2000.000000, 1000.000000, 15.419141, 14.423690, 14.534808, 15.622361, -0.520751, 0.078584, -0.023026, -0.924956, 0.244328, 0.000000, -10.636948, -16.972450, -77.383118, -0.082915, 0.118769, 0.015612, 0.002291, 14.625977, 15.200806, 227.600082
-0.118674, 0.000000, 1041.000000, 0.000000, 2000.000000, 1000.000000, 14.390489, 13.853498, 13.557889, 14.198125, -0.294307, -0.121993, -0.025811, -0.593368, 0.000000, 0.000000, -10.428826, -16.753448, -77.284843, -0.113808, 0.203989, 0.017743, 0.001763, 14.743164, 10.641479, 160.583496
