


<<< NEW FLIGHT DATA >>>


0.001745, 0.000000, 1000.000000, 0.000000, 2000.000000, 1000.000000, 9.995997, 10.003564, 10.007646, 9.992793, 0.005605, 0.000220, 0.001822, 0.005605, 0.000220, 0.001822, 0.000000, 0.000000, 0.000000, -0.000000, -0.000000, -0.000000, 0.008726, 0.000000, 0.000000, -1.513429, 3.951384, 0.012579, -0.000242, -0.000352, -0.001214, 0.001772, 14.950195, 0.561523, 8.605957
0.001745, 0.000000, 1000.000000, 0.000000, 2000.000000, 1000.000000, 9.976422, 10.015149, 9.992066, 10.016362, 0.003608, 0.004214, -0.015755, 0.003608, 0.004214, -0.015755, 0.000000, 0.000000, 0.000000, 0.000000, -0.000000, 0.000000, 0.008726, 0.000000, 0.000000, -1.505222, 3.904824, 0.035865, 0.002954, -0.006743, 0.010503, 0.001821, 14.786133, 4.760742, 72.204590
0.001745, 0.000000, 1000.000000, 0.000000, 2000.000000, 1000.000000, 10.001723, 9.997838, 10.014703, 9.985736, 0.006271, 0.000220, 0.008213, 0.006271, 0.000220, 0.008213, 0.000000, 0.000000, 0.000000, -0.000000, -0.000000, -0.000000, 0.008726, 0.000000, 0.000000, -1.506003, 3.879679, 0.053842, -0.001307, -0.000352, -0.005475, 0.001910, 14.446289, 25.039673, 369.689911
0.001745, 0.000000, 1000.000000, -0.001745, 2000.000000, 1000.000000, 10.014600, 9.975640, 10.007606, 10.002154, -0.008377, 0.004880, 0.011103, -0.008377, 0.004880, 0.011103, 0.000000, 0.000000, 0.000000, 0.000000, -0.000000, -0.000000, 0.008726, 0.000000, -0.008726, -1.406470, 3.794788, 0.060975, 0.022129, -0.007808, -0.016128, 0.002304, 14.797852, 5.081177, 113.586418
0.001745, 0.000000, 1000.000000, 0.000000, 2000.000000, 1000.000000, 10.028354, 9.979196, 10.020030, 9.972421, -0.000387, -0.003775, 0.024192, -0.000387, -0.003775, 0.024192, 0.000000, 0.000000, 0.000000, -0.000000, 0.000000, -0.000000, 0.008726, 0.000000, 0.000000, -1.356636, 3.789599, 0.059711, 0.009345, 0.006040, -0.016128, 0.002367, 14.825195, 4.360962, 66.223145
0.001745, 0.000000, 1000.000000, -0.001745, 2000.000000, 1000.000000, 9.979712, 10.019849, 9.991361, 10.009078, 0.005605, 0.000220, -0.014463, 0.005605, 0.000220, -0.014463, 0.000000, 0.000000, 0.000000, -0.000000, -0.000000, 0.000000, 0.008726, 0.000000, -0.008726, -1.364723, 3.669333, 0.187177, -0.000242, -0.000352, 0.000916, 0.001862, 14.942383, 0.479126, 7.324218
0.001745, 0.000000, 1000.000000, -0.001745, 2000.000000, 1000.000000, 9.959740, 10.050474, 9.963398, 10.026388, 0.006936, -0.005107, -0.038432, 0.006936, -0.005107, -0.038432, 0.000000, 0.000000, 0.000000, -0.000000, 0.000000, 0.000000, 0.008726, 0.000000, -0.008726, -1.340456, 3.631810, 0.225143, -0.002372, 0.008171, 0.016895, 0.002295, 14.840820, 3.280640, 49.926754
0.001745, 0.000000, 1000.000000, -0.001745, 2000.000000, 1000.000000, 9.969592, 10.033963, 9.975915, 10.020530, 0.004939, -0.001778, -0.027246, 0.004939, -0.001778, -0.027246, 0.000000, 0.000000, 0.000000, -0.000000, 0.000000, 0.000000, 0.008726, 0.000000, -0.008726, -1.336164, 3.630920, 0.217753, 0.000823, 0.002844, 0.009438, 0.002293, 14.614258, 12.240601, 183.227524
0.001745, 0.000000, 1000.000000, -0.001745, 2000.000000, 1000.000000, 9.955611, 10.041286, 9.941960, 10.061143, -0.008377, 0.001551, -0.051215, -0.008377, 0.001551, -0.051215, 0.000000, 0.000000, 0.000000, 0.000000, -0.000000, 0.000000, 0.008726, 0.000000, -0.008726, -1.260737, 3.573556, 0.220692, 0.022129, -0.002482, 0.025417, 0.002017, 14.739258, 6.719971, 101.379387
0.001745, 0.000000, 1000.000000, -0.001745, 2000.000000, 1000.000000, 10.008474, 9.996412, 10.004145, 9.990969, 0.000279, -0.002443, 0.006309, 0.000279, -0.002443, 0.006309, 0.000000, 0.000000, 0.000000, 0.000000, 0.000000, -0.000000, 0.008726, 0.000000, -0.008726, -1.231269, 3.518585, 0.258558, 0.008280, 0.003910, -0.012932, 0.001942, 14.821289, 4.400635, 64.880371
0.001745, 0.000000, 1000.000000, -0.001745, 2000.000000, 1000.000000, 10.015265, 9.976306, 10.022920, 9.985509, -0.000387, 0.004214, 0.019092, -0.000387, 0.004214, 0.019092, 0.000000, 0.000000, 0.000000, 0.000000, -0.000000, -0.000000, 0.008726, 0.000000, -0.008726, -1.185414, 3.431309, 0.320524, 0.009345, -0.006743, -0.021454, 0.001850, 14.825195, 4.400635, 66.772461
0.001745, 0.000000, 1000.000000, -0.001745, 2000.000000, 1000.000000, 9.975718, 10.017185, 9.979378, 10.027719, -0.001719, 0.003549, -0.022453, -0.001719, 0.003549, -0.022453, 0.000000, 0.000000, 0.000000, 0.000000, -0.000000, 0.000000, 0.008726, 0.000000, -0.008726, -1.141316, 3.393163, 0.355553, 0.011476, -0.005678, 0.006242, 0.002306, 14.825195, 4.119873, 62.622066
0.001745, 0.000000, 1000.000000, -0.001745, 2000.000000, 1000.000000, 9.965731, 10.023178, 9.973385, 10.037706, -0.001719, 0.005546, -0.030442, -0.001719, 0.005546, -0.030442, 0.000000, 0.000000, 0.000000, 0.000000, -0.000000, 0.000000, 0.008726, 0.000000, -0.008726, -1.006194, 3.246287, 0.440728, 0.011476, -0.008874, 0.011569, 0.002291, 14.829102, 3.878784, 58.898922
0.001745, 0.000000, 1000.000000, -0.001745, 2000.000000, 1000.000000, 9.945889, 10.072312, 9.954877, 10.026921, 0.013594, -0.009101, -0.049617, 0.013594, -0.009101, -0.049617, 0.000000, 0.000000, 0.000000, -0.000000, 0.000000, 0.000000, 0.008726, 0.000000, -0.008726, -0.960955, 3.194174, 0.512381, -0.013025, 0.014562, 0.024352, 0.002448, 14.833008, 4.159546, 63.171383
0.001745, 0.000000, 1000.000000, -0.001745, 2000.000000, 1000.000000, 10.002215, 9.981366, 10.007207, 10.009212, -0.005713, 0.008209, 0.004711, -0.005713, 0.008209, 0.004711, 0.000000, 0.000000, 0.000000, 0.000000, -0.000000, -0.000000, 0.008726, 0.000000, -0.008726, -0.908980, 3.156866, 0.539979, 0.017868, -0.013135, -0.011867, 0.002388, 14.840820, 3.518677, 53.527828
0.001745, 0.000000, 1000.000000, -0.001745, 2000.000000, 1000.000000, 10.007542, 9.988024, 10.017860, 9.986574, 0.002942, 0.002217, 0.012701, 0.002942, 0.002217, 0.012701, 0.000000, 0.000000, 0.000000, -0.000000, -0.000000, -0.000000, 0.008726, 0.000000, -0.008726, -0.842682, 3.077405, 0.577952, 0.004019, -0.003547, -0.017193, 0.001782, 14.817383, 4.479980, 67.993164
0.001745, 0.000000, 1000.000000, -0.001745, 2000.000000, 1000.000000, 9.996490, 9.984429, 10.000150, 10.018931, -0.007711, 0.009541, -0.001680, -0.007711, 0.009541, -0.001680, 0.000000, 0.000000, 0.000000, 0.000000, -0.000000, -0.000000, 0.008726, 0.000000, -0.008726, -0.830852, 3.020261, 0.611020, 0.021063, -0.015265, -0.007606, 0.001776, 14.829102, 3.921509, 59.509274
0.001745, 0.000000, 1000.000000, -0.001745, 2000.000000, 1000.000000, 9.979712, 10.038490, 9.991362, 9.990437, 0.014926, -0.009101, -0.014463, 0.014926, -0.009101, -0.014463, 0.000000, 0.000000, 0.000000, -0.000000, 0.000000, 0.000000, 0.008726, 0.000000, -0.008726, -0.829921, 3.004947, 0.647258, -0.015155, 0.014562, 0.000916, 0.002020, 14.852539, 3.240967, 49.316402
0.001745, 0.000000, 1000.000000, -0.003490, 2000.000000, 1000.000000, 9.976610, 10.032272, 9.984264, 10.006853, 0.008268, -0.004441, -0.019563, 0.008268, -0.004441, -0.019563, 0.000000, 0.000000, 0.000000, -0.000000, 0.000000, -0.000000, 0.008726, 0.000000, -0.017452, -0.756188, 2.946309, 0.702486, -0.004503, 0.007105, -0.004410, 0.002269, 14.836914, 3.839111, 58.288570
0.001745, 0.000000, 1001.000000, -0.001745, 2000.000000, 1000.000000, 9.950285, 10.047945, 9.963264, 10.038506, 0.005605, 0.000885, -0.043225, 0.005605, 0.000885, -0.043225, 0.000000, 0.000000, 0.000000, -0.000000, -0.000000, 0.000000, 0.008726, 0.000000, -0.008726, -0.707270, 2.910689, 0.725056, -0.000242, -0.001417, 0.020091, 0.002202, 14.844727, 3.158569, 47.973629
0.001745, 0.000000, 1005.000000, -0.001745, 2000.000000, 1000.000000, 9.950418, 10.055800, 9.972720, 10.021062, 0.014260, -0.003109, -0.038432, 0.014260, -0.003109, -0.038432, 0.000000, 0.000000, 0.000000, -0.000000, 0.000000, 0.000000, 0.008726, 0.000000, -0.008726, -0.748243, 2.888269, 0.784209, -0.014090, 0.004975, 0.016895, 0.002475, 14.829102, 3.799438, 57.678219
0.001745, 0.000000, 1009.000000, -0.001745, 2000.000000, 1000.000000, 10.016065, 9.984828, 10.015729, 9.983378, 0.000279, -0.000446, 0.015897, 0.000279, -0.000446, 0.015897, 0.000000, 0.000000, 0.000000, -0.000000, 0.000000, -0.000000, 0.008726, 0.000000, -0.008726, -0.752821, 2.831400, 0.827574, 0.008280, 0.000714, -0.019324, 0.001809, 14.829102, 4.199219, 63.781734
0.001745, 0.000000, 1050.000000, -0.001745, 2000.000000, 1000.000000, 14.993074, 14.975546, 15.028011, 15.003368, 0.001779, 0.015690, 0.010543, 0.001610, 0.014201, 0.009505, 0.000169, 0.001489, 0.001038, 0.000000, -0.000000, -0.000000, 0.008726, 0.000000, -0.008726, -0.737357, 2.805794, 0.803207, 0.006150, -0.022722, -0.015063, 0.002184, 14.024414, 32.199097, 451.110809
0.001745, 0.000000, 1066.000000, -0.001745, 2000.000000, 1000.000000, 16.146221, 15.288121, 16.383429, 16.182226, -0.164225, 0.282828, 0.264826, -0.148192, 0.255216, 0.238003, -0.016033, 0.027612, 0.026823, 0.000000, -0.000000, -0.000000, 0.008726, 0.000000, -0.008726, -0.072926, 2.090421, 0.456081, 0.245833, -0.408345, -0.167395, 0.002254, 14.262695, 23.040771, 336.730927
0.001745, 0.000000, 1066.000000, -0.001745, 2000.000000, 1000.000000, 15.676199, 15.044564, 16.469687, 16.809549, -0.242875, 0.639618, 0.072943, -0.218765, 0.576125, 0.065431, -0.024110, 0.063494, 0.007511, 0.000000, -0.000000, -0.000000, 0.008726, 0.000000, -0.008726, 1.020873, 0.162531, 0.116970, 0.358750, -0.921799, -0.052347, 0.002296, 14.465820, 15.560913, 230.529770
0.001745, 0.000000, 1065.000000, -0.001745, 2000.000000, 1000.000000, 15.761105, 14.919087, 16.366590, 16.953220, -0.357162, 0.659905, 0.063846, -0.322628, 0.596098, 0.057442, -0.034534, 0.063806, 0.006405, 0.000000, -0.000000, -0.000000, 0.008726, 0.000000, -0.008726, 2.214056, -2.643637, 0.037017, 0.524930, -0.953757, -0.047020, 0.002230, 14.458008, 15.600586, 231.079086
0.001745, 0.000000, 1065.000000, -0.001745, 2000.000000, 1000.000000, 16.335924, 15.347167, 15.688249, 16.628660, -0.482292, 0.158454, 0.012087, -0.444466, 0.146027, 0.011103, -0.037826, 0.012427, 0.000984, 0.000000, -0.000000, -0.000000, 0.008726, 0.000000, -0.008726, 3.890483, -4.299354, 0.056777, 0.719872, -0.233643, -0.016128, 0.001773, 14.415039, 17.120361, 252.929672
0.001745, 0.000000, 1051.000000, -0.001745, 2000.000000, 1000.000000, 15.777317, 14.464928, 14.452103, 15.305653, -0.541485, -0.121122, 0.114710, -0.499061, -0.111632, 0.105378, -0.042424, -0.009490, 0.009331, 0.000000, 0.000000, -0.000000, 0.008726, 0.000000, -0.008726, 5.957864, -4.118876, 0.116951, 0.807223, 0.178612, -0.078978, 0.001771, 14.586914, 10.479736, 156.616211
0.001745, 0.000000, 1047.000000, -0.001745, 2000.000000, 1000.000000, 14.208286, 13.543652, 14.345625, 13.902437, -0.055362, 0.124031, 0.276955, -0.050321, 0.112738, 0.250786, -0.005041, 0.011294, 0.026170, 0.000000, -0.000000, -0.000000, 0.008726, 0.000000, -0.008726, 7.872274, -4.134062, -0.260012, 0.089240, -0.180380, -0.175917, 0.002087, 14.629883, 9.838867, 147.277832
0.001745, 0.000000, 1045.000000, -0.001745, 2000.000000, 1000.000000, 13.651619, 13.925936, 14.717949, 13.704496, 0.321942, 0.211223, 0.184784, 0.290561, 0.190635, 0.166098, 0.031381, 0.020589, 0.018686, -0.000000, -0.000000, -0.000000, 0.008726, 0.000000, -0.008726, 7.241743, -4.845992, -0.720573, -0.456172, -0.305015, -0.119458, 0.002250, 14.637695, 9.719849, 145.629883
0.001745, 0.000000, 1046.000000, 0.000000, 2000.000000, 1000.000000, 13.678099, 14.028702, 14.639946, 13.653254, 0.334324, 0.146599, 0.159022, 0.307206, 0.134708, 0.145631, 0.027118, 0.011891, 0.013391, -0.000000, -0.000000, -0.000000, 0.008726, 0.000000, 0.000000, 5.863047, -5.620736, -1.117098, -0.482804, -0.215534, -0.097088, 0.001839, 14.618164, 9.960938, 149.108887
0.001745, 0.000000, 1046.000000, -0.001745, 2000.000000, 1000.000000, 14.180520, 13.848031, 14.158383, 13.813066, 0.003207, -0.014276, 0.169451, 0.002942, -0.013096, 0.154913, 0.000265, -0.001180, 0.014539, -0.000000, 0.000000, -0.000000, 0.008726, 0.000000, -0.008726, 5.160640, -5.907466, -1.505593, 0.004019, 0.020954, -0.112001, 0.001877, 14.571289, 11.801147, 176.086411
0.001745, 0.000000, 1046.000000, -0.001745, 2000.000000, 1000.000000, 14.596786, 13.864414, 13.413626, 14.125174, -0.360980, -0.230601, 0.005206, -0.327954, -0.209503, 0.004711, -0.033026, -0.021098, 0.000494, 0.000000, 0.000000, -0.000000, 0.008726, 0.000000, -0.008726, 5.948470, -5.407441, -1.561743, 0.533452, 0.335205, -0.011867, 0.002098, 14.571289, 11.679077, 174.316391
0.001745, 0.000000, 1045.000000, -0.001745, 2000.000000, 1000.000000, 14.883328, 13.730510, 13.617204, 13.768958, -0.326144, -0.306919, 0.250266, -0.292667, -0.275416, 0.223622, -0.033476, -0.031503, 0.026645, 0.000000, 0.000000, -0.000000, 0.008726, 0.000000, -0.008726, 8.450936, -3.840386, -1.724629, 0.476994, 0.440665, -0.157807, 0.002383, 14.610352, 9.921265, 148.376465
0.001745, 0.000000, 1045.000000, -0.001745, 2000.000000, 1000.000000, 14.590438, 13.931668, 13.917520, 13.560374, -0.075406, -0.261053, 0.253979, -0.067632, -0.234137, 0.226818, -0.007775, -0.026916, 0.027161, 0.000000, 0.000000, -0.000000, 0.008726, 0.000000, -0.008726, 9.193896, -2.740574, -2.132644, 0.116936, 0.374619, -0.159938, 0.002395, 14.602539, 10.440063, 156.127930
0.001745, 0.000000, 1045.000000, -0.001745, 2000.000000, 1000.000000, 14.146821, 14.116797, 14.251206, 13.485175, 0.184002, -0.131809, 0.199014, 0.166059, -0.118956, 0.178881, 0.017942, -0.012853, 0.020133, -0.000000, 0.000000, -0.000000, 0.008726, 0.000000, -0.008726, 8.995217, -1.956339, -2.541855, -0.256969, 0.190330, -0.127980, 0.002251, 14.532227, 13.320923, 198.181137
0.001745, 0.000000, 1045.000000, -0.001745, 2000.000000, 1000.000000, 13.990174, 13.746402, 14.395789, 13.867635, 0.071096, 0.131712, 0.192982, 0.065526, 0.121393, 0.177283, 0.005570, 0.010319, 0.015698, -0.000000, -0.000000, -0.000000, 0.008726, 0.000000, -0.008726, 8.390560, -1.961714, -2.913172, -0.096115, -0.194228, -0.126915, 0.001771, 14.622070, 9.439087, 141.296387
0.001745, 0.000000, 1045.000000, -0.001745, 2000.000000, 1000.000000, 14.213595, 13.313430, 14.194089, 14.278886, -0.246240, 0.236488, 0.203842, -0.222760, 0.213937, 0.183675, -0.023481, 0.022551, 0.020167, 0.000000, -0.000000, -0.000000, 0.008726, 0.000000, -0.008726, 8.629066, -2.844979, -3.250747, 0.365142, -0.342299, -0.131176, 0.002196, 14.543945, 12.838745, 191.101059
0.001745, 0.000000, 1045.000000, -0.001745, 2000.000000, 1000.000000, 14.589937, 13.363302, 13.859159, 14.187601, -0.388769, 0.023380, 0.224548, -0.357914, 0.021525, 0.206045, -0.030855, 0.001856, 0.018503, 0.000000, -0.000000, -0.000000, 0.008726, 0.000000, -0.008726, 9.932909, -3.407851, -3.585688, 0.581389, -0.034440, -0.146089, 0.001796, 14.586914, 10.321045, 154.174805
0.001745, 0.000000, 1045.000000, -0.001745, 2000.000000, 1000.000000, 14.722866, 13.758015, 13.973038, 13.546082, -0.134473, -0.240440, 0.347952, -0.120894, -0.216161, 0.311506, -0.013579, -0.024279, 0.036446, 0.000000, 0.000000, -0.000000, 0.008726, 0.000000, -0.008726, 11.690487, -2.608442, -4.272085, 0.202157, 0.345857, -0.216396, 0.002340, 14.598633, 10.479736, 156.677246
0.001745, 0.000000, 1045.000000, -0.001745, 2000.000000, 1000.000000, 14.265162, 13.990795, 14.166954, 13.577089, 0.078875, -0.127979, 0.216057, 0.070852, -0.114961, 0.193262, 0.008023, -0.013017, 0.022795, -0.000000, 0.000000, -0.000000, 0.008726, 0.000000, -0.008726, 11.738461, -1.820621, -4.788131, -0.104637, 0.183938, -0.137567, 0.002359, 14.555664, 11.120605, 165.893539
0.001745, 0.000000, 1045.000000, -0.001745, 2000.000000, 1000.000000, 13.917480, 14.090713, 14.190188, 13.801620, 0.140451, -0.004096, 0.053834, 0.129441, -0.003775, 0.049452, 0.011010, -0.000321, 0.004381, -0.000000, -0.000000, -0.000000, 0.008726, 0.000000, -0.008726, 11.205422, -1.505919, -4.994354, -0.198380, 0.006040, -0.041694, 0.001772, 14.567383, 11.318970, 168.823227
0.001745, 0.000000, 1045.000000, -0.001745, 2000.000000, 1000.000000, 14.112625, 13.697626, 14.141157, 14.048592, -0.080608, 0.094875, 0.126891, -0.074289, 0.087438, 0.116563, -0.006319, 0.007437, 0.010328, 0.000000, -0.000000, -0.000000, 0.008726, 0.000000, -0.008726, 11.022462, -1.720831, -5.206358, 0.127589, -0.139900, -0.086435, 0.001772, 14.567383, 11.480713, 171.203598
0.001745, 0.000000, 1045.000000, -0.001745, 2000.000000, 1000.000000, 14.300998, 13.600904, 13.965528, 14.132571, -0.216784, 0.049049, 0.133262, -0.198126, 0.044827, 0.121357, -0.018659, 0.004222, 0.011905, 0.000000, -0.000000, -0.000000, 0.008726, 0.000000, -0.008726, 12.122684, -2.447399, -5.512762, 0.325727, -0.071724, -0.089631, 0.001962, 14.590820, 10.159302, 151.794434
0.001745, 0.000000, 1045.000000, -0.001745, 2000.000000, 1000.000000, 14.148038, 14.038089, 14.198022, 13.615851, 0.118055, -0.093063, 0.173030, 0.106139, -0.083669, 0.154913, 0.011916, -0.009394, 0.018117, -0.000000, 0.000000, -0.000000, 0.008726, 0.000000, -0.008726, 12.311580, -2.303602, -5.830892, -0.161096, 0.133871, -0.112001, 0.002339, 14.575195, 11.279297, 168.395981
0.001745, 0.000000, 1045.000000, -0.001745, 2000.000000, 1000.000000, 13.874242, 14.477321, 14.324433, 13.324004, 0.400877, -0.175782, 0.099337, 0.368458, -0.161566, 0.090997, 0.032418, -0.014215, 0.008340, -0.000000, 0.000000, -0.000000, 0.008726, 0.000000, -0.008726, 11.206436, -1.570203, -6.067224, -0.580807, 0.258506, -0.069391, 0.001833, 14.563477, 10.720825, 168.823227
0.001745, 0.000000, 1045.000000, 0.000000, 2000.000000, 1000.000000, 14.122344, 14.203027, 14.471000, 13.203629, 0.337014, -0.162686, 0.296672, 0.309869, -0.149582, 0.271864, 0.027145, -0.013103, 0.024808, -0.000000, 0.000000, -0.000000, 0.008726, 0.000000, 0.000000, 9.737653, -0.784340, -6.433607, -0.487065, 0.239331, -0.181243, 0.001825, 14.547852, 12.399292, 184.631332
0.001745, 0.000000, 1046.000000, 0.000000, 2000.000000, 1000.000000, 14.308838, 13.703812, 14.334730, 13.652620, 0.019271, -0.006324, 0.321784, 0.017589, -0.005772, 0.292637, 0.001682, -0.000552, 0.029147, -0.000000, 0.000000, -0.000000, 0.008726, 0.000000, 0.000000, 9.142968, -0.356799, -6.997800, -0.019416, 0.009236, -0.195091, 0.001992, 14.586914, 10.519409, 157.104492
0.001745, 0.000000, 1045.000000, 0.000000, 2000.000000, 1000.000000, 13.953318, 13.658321, 14.311209, 14.077152, -0.015235, 0.194181, 0.132263, -0.013703, 0.174656, 0.118467, -0.001532, 0.019525, 0.013796, 0.000000, -0.000000, -0.000000, 0.008726, 0.000000, 0.000000, 9.388164, -1.075863, -7.545712, 0.030651, -0.279449, -0.078978, 0.002329, 14.528320, 12.319946, 183.288559
0.001745, 0.000000, 1045.000000, 0.000000, 2000.000000, 1000.000000, 13.925694, 13.835272, 14.606878, 13.632156, 0.221075, 0.119517, 0.266286, 0.198683, 0.107411, 0.238309, 0.022392, 0.012106, 0.027977, -0.000000, -0.000000, -0.000000, 0.008726, 0.000000, 0.000000, 8.956518, -1.751471, -7.866249, -0.309167, -0.171858, -0.158873, 0.002348, 14.590820, 9.881592, 147.705078
0.001745, 0.000000, 1045.000000, 0.000000, 2000.000000, 1000.000000, 14.069714, 14.200693, 14.640739, 13.088854, 0.420716, -0.135204, 0.355226, 0.378445, -0.121619, 0.318203, 0.042271, -0.013584, 0.037023, -0.000000, 0.000000, -0.000000, 0.008726, 0.000000, 0.000000, 7.643296, -1.587732, -8.424513, -0.596786, 0.194591, -0.212135, 0.002327, 14.555664, 11.840820, 176.391586
0.001745, 0.000000, 1045.000000, 0.000000, 2000.000000, 1000.000000, 14.313993, 14.079114, 14.561067, 13.045827, 0.320091, -0.196554, 0.437530, 0.294556, -0.180874, 0.401293, 0.025534, -0.015680, 0.036237, -0.000000, 0.000000, -0.000000, 0.008726, 0.000000, 0.000000, 6.253376, -0.603726, -9.161690, -0.462564, 0.289399, -0.267529, 0.001806, 14.563477, 11.480713, 171.203598
0.001745, 0.000000, 1045.000000, 0.000000, 2000.000000, 1000.000000, 14.060329, 13.537786, 14.628368, 13.773516, 0.083077, 0.200942, 0.344349, 0.075512, 0.182645, 0.311812, 0.007565, 0.018297, 0.032538, -0.000000, -0.000000, -0.000000, 0.008726, 0.000000, 0.000000, 5.482123, -0.446164, -9.817126, -0.112094, -0.292232, -0.207874, 0.002087, 14.571289, 10.720825, 159.912109
0.001745, 0.000000, 1048.000000, 0.000000, 2000.000000, 1000.000000, 13.657883, 13.347618, 15.020550, 13.973949, 0.184084, 0.497250, 0.339216, 0.164728, 0.444965, 0.302224, 0.019356, 0.052285, 0.036992, -0.000000, -0.000000, -0.000000, 0.008726, 0.000000, 0.000000, 4.419711, -2.762575, -10.581714, -0.254838, -0.711944, -0.201483, 0.002448, 14.551758, 11.279297, 168.090805
0.001745, 0.000000, 1049.000000, 0.000000, 2000.000000, 1000.000000, 13.802409, 13.643044, 14.970733, 13.583814, 0.306889, 0.277273, 0.386571, 0.276580, 0.249889, 0.346965, 0.030309, 0.027384, 0.039606, -0.000000, -0.000000, -0.000000, 0.008726, 0.000000, 0.000000, 3.168024, -4.164933, -11.317460, -0.433802, -0.399823, -0.231310, 0.002283, 14.594727, 9.600830, 143.432617
0.001745, 0.000000, 1048.000000, 0.000000, 2000.000000, 1000.000000, 14.290529, 14.091124, 14.520910, 13.097437, 0.306017, -0.190826, 0.405719, 0.277246, -0.172885, 0.366140, 0.028771, -0.017941, 0.039580, -0.000000, 0.000000, -0.000000, 0.008726, 0.000000, 0.000000, 1.952049, -3.899995, -12.053506, -0.434867, 0.276615, -0.244093, 0.002162, 14.508789, 13.159180, 195.373520
0.001745, 0.000000, 1051.000000, 0.000000, 2000.000000, 1000.000000, 15.445845, 15.194191, 15.494640, 13.865324, 0.344416, -0.320018, 0.470243, 0.317193, -0.294724, 0.431653, 0.027223, -0.025294, 0.038590, -0.000000, 0.000000, -0.000000, 0.008726, 0.000000, 0.000000, 0.964857, -2.336128, -12.875687, -0.498782, 0.471558, -0.287769, 0.001788, 14.368164, 19.400024, 285.278320
0.001745, 0.000000, 1066.000000, 0.000000, 2000.000000, 1000.000000, 15.955019, 15.900685, 16.752182, 15.392115, 0.326433, 0.072148, 0.353601, 0.299217, 0.066133, 0.322997, 0.027217, 0.006015, 0.030604, -0.000000, -0.000000, -0.000000, 0.008726, 0.000000, 0.000000, -0.167987, -1.415899, -13.584513, -0.470021, -0.105812, -0.215331, 0.001895, 14.411133, 16.641235, 245.422348
0.001745, 0.000000, 1077.000000, 0.000000, 2000.000000, 1000.000000, 16.592785, 15.955977, 18.280361, 17.170876, 0.118169, 0.725618, 0.436574, 0.108136, 0.664008, 0.398097, 0.010033, 0.061609, 0.038476, -0.000000, -0.000000, -0.000000, 0.008726, 0.000000, 0.000000, -1.956957, -4.093305, -14.638813, -0.164292, -1.062413, -0.265398, 0.001933, 14.200195, 22.439575, 326.477020
0.001745, 0.000000, 1076.000000, 0.000000, 2000.000000, 1000.000000, 17.053844, 16.199512, 17.913174, 16.833469, 0.056344, 0.373321, 0.483508, 0.050878, 0.337107, 0.434849, 0.005466, 0.036213, 0.048660, -0.000000, -0.000000, -0.000000, 0.008726, 0.000000, 0.000000, -2.841943, -6.306738, -15.481041, -0.072679, -0.539372, -0.289899, 0.002238, 14.305664, 16.918945, 247.985825
0.001745, 0.000000, 1076.000000, 0.000000, 2000.000000, 1000.000000, 17.759943, 16.863855, 17.291372, 16.084829, 0.077614, -0.311900, 0.525657, 0.071518, -0.287400, 0.482785, 0.006097, -0.024500, 0.042871, -0.000000, 0.000000, -0.000000, 0.008726, 0.000000, 0.000000, -3.059525, -6.176349, -16.341719, -0.105702, 0.459840, -0.321857, 0.001776, 14.286133, 19.561768, 286.132812
0.001745, 0.000000, 1075.000000, 0.000000, 2000.000000, 1000.000000, 17.641891, 17.483803, 17.079163, 15.795143, 0.281484, -0.562846, 0.360527, 0.259269, -0.518428, 0.330986, 0.022214, -0.044419, 0.029541, -0.000000, 0.000000, -0.000000, 0.008726, 0.000000, 0.000000, -3.081424, -4.177361, -17.031469, -0.406105, 0.829484, -0.220657, 0.001785, 14.270508, 19.799805, 289.306641
0.001745, 0.000000, 1071.000000, 0.000000, 2000.000000, 1000.000000, 17.316837, 17.142292, 17.270947, 16.269924, 0.206620, -0.229565, 0.293892, 0.187365, -0.208171, 0.265473, 0.019255, -0.021393, 0.028419, -0.000000, 0.000000, -0.000000, 0.008726, 0.000000, 0.000000, -3.627819, -2.178814, -17.581850, -0.291057, 0.333074, -0.176982, 0.002141, 14.223633, 21.679688, 315.795898
0.001745, 0.000000, 1067.000000, 0.000000, 2000.000000, 1000.000000, 15.369704, 15.085439, 17.432930, 16.111927, 0.259184, 0.772429, 0.401317, 0.233304, 0.695300, 0.359748, 0.025880, 0.077128, 0.041569, -0.000000, -0.000000, -0.000000, 0.008726, 0.000000, 0.000000, -5.091353, -3.246480, -18.484940, -0.364560, -1.112481, -0.239832, 0.002311, 14.352539, 17.880249, 262.817383
0.001745, 0.000000, 1065.000000, 0.000000, 2000.000000, 1000.000000, 15.133342, 14.795847, 17.849092, 16.221718, 0.322471, 1.035406, 0.491217, 0.293890, 0.943639, 0.446034, 0.028580, 0.091767, 0.045183, -0.000000, -0.000000, -0.000000, 0.008726, 0.000000, 0.000000, -7.400217, -6.494707, -19.430067, -0.461498, -1.509822, -0.297356, 0.002026, 14.379883, 16.558838, 243.591293
0.001745, 0.000000, 1063.000000, 0.000000, 2000.000000, 1000.000000, 15.543696, 15.482055, 17.409971, 15.564280, 0.446013, 0.487125, 0.476833, 0.411069, 0.448959, 0.438045, 0.034944, 0.038165, 0.038789, -0.000000, -0.000000, -0.000000, 0.008726, 0.000000, 0.000000, -10.012216, -8.899035, -20.569466, -0.648984, -0.718335, -0.292030, 0.001771, 14.364258, 16.000366, 235.473618
0.001745, 0.000000, 1066.000000, 0.000000, 2000.000000, 1000.000000, 16.118364, 16.139921, 16.839354, 14.902361, 0.489637, -0.129142, 0.478859, 0.451016, -0.118956, 0.439642, 0.038621, -0.010186, 0.039216, -0.000000, 0.000000, -0.000000, 0.008726, 0.000000, 0.000000, -12.155487, -8.587721, -21.707541, -0.712899, 0.190330, -0.293095, 0.001784, 14.360352, 16.961670, 249.511703
0.001745, 0.000000, 1057.000000, 0.000000, 2000.000000, 1000.000000, 15.803816, 14.133823, 15.250992, 14.811369, -0.307592, 0.031180, 0.527403, -0.278020, 0.028183, 0.474796, -0.029572, 0.002998, 0.052607, 0.000000, 0.000000, -0.000000, 0.008726, 0.000000, 0.000000, -12.374348, -7.134734, -22.999802, 0.453558, -0.045092, -0.316531, 0.002216, 14.508789, 11.639404, 172.912582
0.001745, 0.000000, 1046.000000, 0.000000, 2000.000000, 1000.000000, 14.493006, 12.646198, 14.458635, 14.402161, -0.447584, 0.430398, 0.475820, -0.403188, 0.387707, 0.426859, -0.044396, 0.042691, 0.048961, 0.000000, -0.000000, -0.000000, 0.008726, 0.000000, 0.000000, -11.270005, -8.662512, -23.663219, 0.653826, -0.620332, -0.284573, 0.002294, 14.594727, 7.199097, 107.604973
0.001745, 0.000000, 1045.000000, 0.000000, 2000.000000, 1000.000000, 14.089813, 13.103863, 14.753593, 14.052731, -0.071272, 0.403162, 0.421703, -0.064303, 0.363739, 0.378923, -0.006969, 0.039423, 0.042780, 0.000000, -0.000000, -0.000000, 0.008726, 0.000000, 0.000000, -10.977684, -10.674357, -24.361784, 0.111610, -0.581982, -0.252615, 0.002258, 14.563477, 9.881592, 147.399902
0.001745, 0.000000, 1044.000000, 0.000000, 2000.000000, 1000.000000, 13.743146, 14.069283, 15.029222, 13.158349, 0.549252, 0.093785, 0.386183, 0.504279, 0.086106, 0.353357, 0.044974, 0.007679, 0.032827, -0.000000, -0.000000, -0.000000, 0.008726, 0.000000, 0.000000, -12.368418, -11.068281, -25.263769, -0.798120, -0.137770, -0.235571, 0.001858, 14.461914, 15.438843, 228.393539
0.001745, 0.000000, 1044.000000, 0.000000, 2000.000000, 1000.000000, 13.954688, 14.339099, 14.951007, 12.755206, 0.645053, -0.146894, 0.452848, 0.580844, -0.132272, 0.406087, 0.064209, -0.014622, 0.046761, -0.000000, 0.000000, -0.000000, 0.008726, 0.000000, 0.000000, -14.741283, -9.728023, -26.460670, -0.920624, 0.211635, -0.270725, 0.002303, 14.520508, 11.001587, 163.513168
0.001745, 0.000000, 1044.000000, 0.000000, 2000.000000, 1000.000000, 14.658034, 13.458571, 14.085525, 13.797870, -0.227952, -0.058303, 0.371779, -0.204783, -0.052377, 0.332584, -0.023168, -0.005926, 0.039195, 0.000000, 0.000000, -0.000000, 0.008726, 0.000000, 0.000000, -15.379052, -8.309721, -27.592781, 0.336380, 0.083804, -0.221723, 0.002357, 14.528320, 10.839844, 161.132797
0.001745, 0.000000, 1045.000000, 0.000000, 2000.000000, 1000.000000, 14.781348, 12.951144, 13.979915, 14.287593, -0.534471, 0.133754, 0.380631, -0.482416, 0.120727, 0.342171, -0.052055, 0.013027, 0.038460, 0.000000, -0.000000, -0.000000, 0.008726, 0.000000, 0.000000, -14.003843, -9.209036, -28.002605, 0.780592, -0.193163, -0.228114, 0.002248, 14.540039, 8.801270, 131.103516
0.001745, 0.000000, 1045.000000, 0.000000, 2000.000000, 1000.000000, 14.750129, 13.063378, 14.153649, 14.032844, -0.391486, 0.093247, 0.451889, -0.355917, 0.084775, 0.409283, -0.035569, 0.008472, 0.042606, 0.000000, -0.000000, -0.000000, 0.008726, 0.000000, 0.000000, -12.470629, -10.582349, -28.476694, 0.578193, -0.135639, -0.272855, 0.002082, 14.520508, 11.120605, 165.283188
0.001745, 0.000000, 1045.000000, 0.000000, 2000.000000, 1000.000000, 14.567835, 13.748106, 14.246719, 13.437340, -0.002587, -0.157971, 0.407277, -0.002385, -0.145587, 0.374129, -0.000203, -0.012383, 0.033148, 0.000000, 0.000000, -0.000000, 0.008726, 0.000000, 0.000000, -11.719296, -10.805496, -29.059490, 0.012541, 0.232940, -0.249419, 0.001772, 14.520508, 10.919189, 162.292465
0.001745, 0.000000, 1045.000000, 0.000000, 2000.000000, 1000.000000, 14.540766, 14.101538, 14.275473, 13.082224, 0.188505, -0.321152, 0.408119, 0.173383, -0.295389, 0.374129, 0.015122, -0.025763, 0.033990, -0.000000, 0.000000, -0.000000, 0.008726, 0.000000, 0.000000, -11.628645, -9.639476, -29.717556, -0.268687, 0.472623, -0.249419, 0.001817, 14.465820, 12.960815, 192.016586
0.001745, 0.000000, 1045.000000, 0.000000, 2000.000000, 1000.000000, 14.625169, 13.552056, 14.399692, 13.423083, -0.024126, -0.088612, 0.512430, -0.021692, -0.079675, 0.458817, -0.002433, -0.008938, 0.053613, -0.000000, 0.000000, -0.000000, 0.008726, 0.000000, 0.000000, -11.580492, -7.640673, -30.923273, 0.043434, 0.127479, -0.305878, 0.002337, 14.524414, 10.360718, 154.113770
0.001745, 0.000000, 1045.000000, 0.000000, 2000.000000, 1000.000000, 14.473069, 13.085534, 14.490394, 13.951003, -0.212036, 0.220698, 0.481732, -0.191468, 0.199290, 0.433251, -0.020568, 0.021409, 0.048481, 0.000000, -0.000000, -0.000000, 0.008726, 0.000000, 0.000000, -11.265480, -8.237034, -31.731073, 0.315074, -0.318864, -0.288834, 0.002238, 14.520508, 10.800171, 160.583496
0.001745, 0.000000, 1045.000000, 0.000000, 2000.000000, 1000.000000, 14.298511, 13.099568, 14.527680, 14.074241, -0.186375, 0.300960, 0.413095, -0.170828, 0.275855, 0.377325, -0.015547, 0.025105, 0.035770, 0.000000, -0.000000, -0.000000, 0.008726, 0.000000, 0.000000, -11.088260, -9.688457, -32.465813, 0.282051, -0.441368, -0.251550, 0.001896, 14.512695, 11.318970, 168.090805
0.001745, 0.000000, 1045.000000, 0.000000, 2000.000000, 1000.000000, 14.337586, 13.528718, 14.566010, 13.567685, 0.047364, 0.066848, 0.451799, 0.043555, 0.061472, 0.414076, 0.003809, 0.005376, 0.037722, -0.000000, -0.000000, -0.000000, 0.008726, 0.000000, 0.000000, -11.218936, -10.583045, -33.183773, -0.060962, -0.098355, -0.276051, 0.001822, 14.520508, 10.919189, 162.292465
0.001745, 0.000000, 1045.000000, 0.000000, 2000.000000, 1000.000000, 14.586793, 14.076077, 14.452001, 12.885129, 0.264039, -0.331435, 0.519397, 0.240627, -0.302047, 0.471600, 0.023412, -0.029388, 0.047797, -0.000000, 0.000000, -0.000000, 0.008726, 0.000000, 0.000000, -11.473168, -9.750486, -34.042408, -0.376278, 0.483275, -0.314400, 0.002027, 14.512695, 11.041260, 159.912109
0.001745, 0.000000, 1046.000000, 0.000000, 2000.000000, 1000.000000, 15.317968, 13.846334, 14.064919, 12.770779, -0.044374, -0.582152, 0.691444, -0.039669, -0.520425, 0.615410, -0.004705, -0.061727, 0.076034, 0.000000, 0.000000, -0.000000, 0.008726, 0.000000, 0.000000, -10.392682, -6.624939, -35.437214, 0.072196, 0.832680, -0.410273, 0.002471, 14.508789, 11.120605, 165.100082
0.001745, 0.000000, 1045.000000, 0.000000, 2000.000000, 1000.000000, 15.152164, 13.313066, 14.009610, 13.525161, -0.338662, -0.232615, 0.580887, -0.305983, -0.210169, 0.522733, -0.032679, -0.022446, 0.058154, 0.000000, 0.000000, -0.000000, 0.008726, 0.000000, 0.000000, -8.678399, -5.732601, -36.284588, 0.498299, 0.336270, -0.348488, 0.002225, 14.504883, 11.120605, 165.283188
0.001745, 0.000000, 1045.000000, 0.000000, 2000.000000, 1000.000000, 14.487579, 12.942881, 14.717188, 13.852352, -0.169965, 0.284770, 0.602384, -0.153518, 0.257213, 0.541907, -0.016447, 0.027557, 0.060477, 0.000000, -0.000000, -0.000000, 0.008726, 0.000000, 0.000000, -7.885802, -6.491134, -37.205868, 0.254355, -0.411541, -0.361271, 0.002232, 14.516602, 10.919189, 162.414536
0.001745, 0.000000, 1045.000000, 0.000000, 2000.000000, 1000.000000, 13.968619, 13.178542, 15.185294, 13.667544, 0.181918, 0.426419, 0.576957, 0.167391, 0.392368, 0.529124, 0.014527, 0.034051, 0.047833, -0.000000, -0.000000, -0.000000, 0.008726, 0.000000, 0.000000, -8.858045, -7.708840, -38.361366, -0.259099, -0.627788, -0.352749, 0.001808, 14.504883, 11.239624, 166.931137
0.001745, 0.000000, 1046.000000, 0.000000, 2000.000000, 1000.000000, 14.480756, 13.753354, 14.717931, 13.047959, 0.235642, -0.117055, 0.599343, 0.212664, -0.105640, 0.538711, 0.022978, -0.011414, 0.060632, -0.000000, 0.000000, -0.000000, 0.008726, 0.000000, 0.000000, -10.979914, -7.672813, -40.025276, -0.331537, 0.169024, -0.359141, 0.002251, 14.500977, 11.361694, 168.701157
0.001745, 0.000000, 1049.000000, 0.000000, 2000.000000, 1000.000000, 15.058229, 14.099709, 14.041101, 12.800961, 0.070405, -0.578969, 0.549666, 0.063528, -0.522422, 0.493971, 0.006876, -0.056547, 0.055695, -0.000000, 0.000000, -0.000000, 0.008726, 0.000000, 0.000000, -10.379896, -6.132555, -40.921436, -0.092919, 0.835876, -0.329314, 0.002255, 14.438477, 14.440918, 213.378891
0.001745, 0.000000, 1056.000000, 0.000000, 2000.000000, 1000.000000, 15.944189, 15.037186, 14.967884, 14.050741, 0.002535, -0.490688, 0.456036, 0.002276, -0.440531, 0.407685, 0.000259, -0.050157, 0.048351, -0.000000, 0.000000, -0.000000, 0.008726, 0.000000, 0.000000, -8.908464, -4.269124, -41.588371, 0.005084, 0.704849, -0.271790, 0.002372, 14.356445, 16.320801, 239.929184
0.001745, 0.000000, 1065.000000, 0.000000, 2000.000000, 1000.000000, 15.678196, 15.363600, 17.249838, 15.708365, 0.306719, 0.479102, 0.464017, 0.275914, 0.430983, 0.415674, 0.030805, 0.048118, 0.048343, -0.000000, -0.000000, -0.000000, 0.008726, 0.000000, 0.000000, -9.964603, -4.112375, -42.792271, -0.432736, -0.689573, -0.277116, 0.002326, 14.270508, 18.759155, 274.108887
0.001745, 0.000000, 1070.000000, 0.000000, 2000.000000, 1000.000000, 16.888735, 16.736403, 17.985399, 16.389463, 0.360900, 0.187431, 0.437067, 0.331174, 0.171993, 0.399695, 0.029726, 0.015438, 0.037372, -0.000000, -0.000000, -0.000000, 0.008726, 0.000000, 0.000000, -12.150172, -4.205385, -43.642559, -0.521153, -0.275188, -0.266464, 0.001870, 14.141602, 20.080566, 291.931152
0.001745, 0.000000, 1070.000000, 0.000000, 2000.000000, 1000.000000, 18.002604, 17.197474, 17.009527, 15.790396, 0.103500, -0.600039, 0.506066, 0.094820, -0.549720, 0.462013, 0.008679, -0.050319, 0.044053, -0.000000, 0.000000, -0.000000, 0.008726, 0.000000, 0.000000, -12.144675, -2.929761, -44.462158, -0.142986, 0.879551, -0.308009, 0.001907, 14.208008, 20.401001, 296.813965
0.001745, 0.000000, 1070.000000, 0.000000, 2000.000000, 1000.000000, 17.941874, 17.040087, 16.809839, 16.208200, -0.075036, -0.490980, 0.375856, -0.067632, -0.442528, 0.337378, -0.007405, -0.048452, 0.038478, 0.000000, 0.000000, -0.000000, 0.008726, 0.000000, 0.000000, -8.627299, -0.117254, -45.556034, 0.116936, 0.708045, -0.224918, 0.002281, 14.184570, 21.801758, 316.833496
0.001745, 0.000000, 1070.000000, 0.000000, 2000.000000, 1000.000000, 16.709530, 16.534584, 17.816803, 16.939083, 0.175693, 0.377943, 0.263166, 0.160733, 0.345763, 0.239907, 0.014960, 0.032181, 0.023259, -0.000000, -0.000000, -0.000000, 0.008726, 0.000000, 0.000000, -8.657719, -0.019805, -46.089005, -0.248447, -0.553220, -0.159938, 0.001939, 14.219727, 20.440674, 297.485352
0.001745, 0.000000, 1070.000000, 0.000000, 2000.000000, 1000.000000, 16.689104, 16.303301, 18.378889, 16.628706, 0.341095, 0.503797, 0.533997, 0.312532, 0.461609, 0.487579, 0.028563, 0.042187, 0.046418, -0.000000, -0.000000, -0.000000, 0.008726, 0.000000, 0.000000, -11.020306, -0.635665, -46.849442, -0.491326, -0.738575, -0.325053, 0.001904, 14.231445, 19.201660, 280.212402
0.001745, 0.000000, 1070.000000, 0.000000, 2000.000000, 1000.000000, 18.250080, 17.045921, 16.273041, 16.430958, -0.340519, -0.648000, 0.261560, -0.305317, -0.581012, 0.233515, -0.035202, -0.066988, 0.028045, 0.000000, 0.000000, -0.000000, 0.008726, 0.000000, 0.000000, -10.845872, -0.181749, -47.711174, 0.497233, 0.929618, -0.155677, 0.002402, 14.137695, 23.440552, 339.599579
0.001745, 0.000000, 1058.000000, 0.001745, 2000.000000, 1000.000000, 16.731443, 15.025463, 14.043396, 14.199697, -0.465570, -0.878453, 0.387420, -0.426490, -0.804716, 0.353663, -0.039080, -0.073738, 0.033757, 0.000000, 0.000000, -0.000000, 0.008726, 0.000000, 0.008726, -7.215098, 0.819214, -48.202057, 0.691110, 1.287545, -0.227049, 0.001909, 14.395508, 13.839722, 203.918442
0.001745, 0.000000, 1053.000000, 0.001745, 2000.000000, 1000.000000, 15.934874, 14.698170, 15.194172, 14.172785, -0.053829, -0.316522, 0.564523, -0.048990, -0.288066, 0.511853, -0.004839, -0.028456, 0.052670, 0.000000, 0.000000, -0.000000, 0.008726, 0.000000, 0.008726, -4.485985, 1.607242, -49.072620, 0.087109, 0.460905, -0.332510, 0.002058, 14.426758, 13.681030, 202.026352
0.001745, 0.000000, 1052.000000, 0.001745, 2000.000000, 1000.000000, 14.349077, 14.799730, 16.224092, 14.627100, 0.511911, 0.425596, 0.286584, 0.462334, 0.384378, 0.257789, 0.049577, 0.041218, 0.028795, -0.000000, -0.000000, -0.000000, 0.008726, 0.000000, 0.008726, -6.382508, 2.159723, -49.987663, -0.731009, -0.615005, -0.163134, 0.002234, 14.407227, 13.558960, 200.012192
0.001745, 0.000000, 1052.000000, 0.001745, 2000.000000, 1000.000000, 14.871176, 15.116489, 15.469051, 14.543283, 0.292771, 0.006168, 0.170113, 0.263264, 0.005546, 0.152329, 0.029507, 0.000622, 0.017784, -0.000000, -0.000000, -0.000000, 0.008726, 0.000000, 0.008726, -8.263810, 2.803910, -50.224243, -0.412497, -0.008874, -0.092827, 0.002335, 14.403320, 13.720703, 202.392563
0.001745, 0.000000, 1052.000000, 0.001745, 2000.000000, 1000.000000, 16.174974, 14.733707, 14.596611, 14.494707, -0.334841, -0.454341, 0.385793, -0.307980, -0.417894, 0.353663, -0.026861, -0.036447, 0.032130, 0.000000, 0.000000, -0.000000, 0.008726, 0.000000, 0.008726, -7.294800, 3.242114, -50.730667, 0.501495, 0.668630, -0.227049, 0.001817, 14.391602, 14.520264, 213.989243
0.001745, 0.000000, 1053.000000, 0.001745, 2000.000000, 1000.000000, 15.723238, 14.691149, 14.650726, 14.934887, -0.329063, -0.207193, 0.186982, -0.294665, -0.185535, 0.166710, -0.034398, -0.021659, 0.020272, 0.000000, 0.000000, -0.000000, 0.008726, 0.000000, 0.008726, -3.572468, 2.469724, -51.648647, 0.480189, 0.296855, -0.102414, 0.002432, 14.446289, 11.560059, 171.020493
0.001745, 0.000000, 1053.000000, 0.000000, 2000.000000, 1000.000000, 14.795705, 14.817451, 15.448054, 14.938790, 0.132752, 0.193423, 0.121879, 0.120786, 0.175987, 0.110478, 0.011966, 0.017435, 0.011401, -0.000000, -0.000000, -0.000000, 0.008726, 0.000000, 0.000000, -3.391177, 2.017850, -51.834099, -0.184531, -0.281580, -0.073652, 0.002064, 14.438477, 12.719727, 188.110336
0.001745, 0.000000, 1053.000000, 0.000000, 2000.000000, 1000.000000, 14.634435, 14.843274, 15.721065, 14.801227, 0.282169, 0.261146, 0.177750, 0.259935, 0.240568, 0.163208, 0.022234, 0.020577, 0.014542, -0.000000, -0.000000, -0.000000, 0.008726, 0.000000, 0.000000, -4.894611, 2.019323, -52.002151, -0.407170, -0.384910, -0.108805, 0.001782, 14.438477, 12.521362, 185.119614
0.001745, 0.000000, 1053.000000, 0.000000, 2000.000000, 1000.000000, 15.638479, 14.874182, 14.885483, 14.601856, -0.120168, -0.256331, 0.261981, -0.107579, -0.229476, 0.233515, -0.012589, -0.026854, 0.028465, 0.000000, 0.000000, -0.000000, 0.008726, 0.000000, 0.000000, -5.371408, 2.156666, -52.587894, 0.180852, 0.367162, -0.155677, 0.002438, 14.387695, 13.641357, 201.110825
0.001745, 0.000000, 1052.000000, 0.000000, 2000.000000, 1000.000000, 16.011232, 14.943947, 14.440535, 14.604286, -0.307759, -0.477589, 0.225884, -0.280017, -0.434539, 0.204753, -0.027742, -0.043051, 0.021131, 0.000000, 0.000000, -0.000000, 0.008726, 0.000000, 0.000000, -3.499717, 2.104360, -53.006336, 0.456754, 0.695262, -0.136502, 0.002064, 14.375977, 14.678955, 216.003403
0.001745, 0.000000, 1052.000000, 0.000000, 2000.000000, 1000.000000, 15.601133, 15.091930, 14.580317, 14.726620, -0.163876, -0.346532, 0.090725, -0.148192, -0.313366, 0.081716, -0.015685, -0.033167, 0.009009, 0.000000, 0.000000, -0.000000, 0.008726, 0.000000, 0.000000, -1.336990, 2.192628, -53.341137, 0.245833, 0.501385, -0.054477, 0.002205, 14.442383, 14.520264, 214.111313
0.001745, 0.000000, 1053.000000, 0.000000, 2000.000000, 1000.000000, 14.808568, 14.810184, 15.532525, 14.848723, 0.171355, 0.190624, 0.170547, 0.153409, 0.170661, 0.152023, 0.017945, 0.019963, 0.018524, -0.000000, -0.000000, -0.000000, 0.008726, 0.000000, 0.000000, -1.257894, 2.579391, -53.635502, -0.236729, -0.273057, -0.101349, 0.002437, 14.442383, 12.121582, 179.199203
0.001745, 0.000000, 1052.000000, 0.000000, 2000.000000, 1000.000000, 15.094669, 14.640625, 15.255453, 15.009253, -0.051961, 0.132353, 0.175061, -0.047658, 0.121393, 0.160012, -0.004303, 0.010960, 0.015049, 0.000000, -0.000000, -0.000000, 0.008726, 0.000000, 0.000000, -2.072646, 2.228551, -53.869804, 0.084979, -0.194228, -0.106675, 0.001881, 14.340820, 16.119385, 236.694321
0.001745, 0.000000, 1051.000000, 0.000000, 2000.000000, 1000.000000, 15.817909, 14.575441, 14.697529, 14.909121, -0.363515, -0.196676, 0.257719, -0.330617, -0.178877, 0.233515, -0.032898, -0.017799, 0.024204, 0.000000, 0.000000, -0.000000, 0.008726, 0.000000, 0.000000, -1.373602, 1.432234, -54.254154, 0.537713, 0.286203, -0.155677, 0.002073, 14.415039, 12.921143, 190.673813
0.001745, 0.000000, 1052.000000, 0.000000, 2000.000000, 1000.000000, 15.955335, 15.137279, 14.477715, 14.429671, -0.192503, -0.546307, 0.216525, -0.172826, -0.490465, 0.193568, -0.019677, -0.055842, 0.022957, 0.000000, 0.000000, -0.000000, 0.008726, 0.000000, 0.000000, 2.087780, 1.523608, -55.058353, 0.285247, 0.784743, -0.129045, 0.002372, 14.340820, 15.640259, 229.675278
0.001745, 0.000000, 1052.000000, 0.000000, 2000.000000, 1000.000000, 15.333600, 15.052649, 15.269265, 14.344485, 0.160957, -0.193125, 0.301433, 0.144088, -0.172885, 0.268669, 0.016869, -0.020240, 0.032764, -0.000000, 0.000000, -0.000000, 0.008726, 0.000000, 0.000000, 3.353221, 2.404236, -55.474327, -0.221815, 0.276615, -0.179112, 0.002439, 14.364258, 14.801025, 217.590317
0.001745, 0.000000, 1052.000000, 0.000000, 2000.000000, 1000.000000, 15.036696, 14.565488, 15.571431, 14.826385, 0.068460, 0.198908, 0.304064, 0.062863, 0.182645, 0.278256, 0.005597, 0.016263, 0.025808, -0.000000, -0.000000, -0.000000, 0.008726, 0.000000, 0.000000, 2.902388, 2.658182, -55.971130, -0.091854, -0.292232, -0.185504, 0.001855, 14.418945, 12.799072, 189.025864
0.001745, 0.000000, 1052.000000, -0.001745, 2000.000000, 1000.000000, 15.324230, 14.377342, 15.218615, 15.079813, -0.202022, 0.149214, 0.271422, -0.181481, 0.134043, 0.242797, -0.020541, 0.015171, 0.028626, 0.000000, -0.000000, -0.000000, 0.008726, 0.000000, -0.008726, 2.051666, 1.329369, -56.572090, 0.299096, -0.214468, -0.170590, 0.002358, 14.383789, 13.919067, 204.895004
0.001745, 0.000000, 1052.000000, -0.001745, 2000.000000, 1000.000000, 15.818846, 14.722059, 14.754917, 14.704178, -0.261512, -0.270453, 0.286882, -0.235410, -0.243458, 0.257178, -0.026102, -0.026995, 0.029704, 0.000000, 0.000000, -0.000000, 0.008726, 0.000000, -0.008726, 2.754968, 0.615997, -57.059891, 0.385381, 0.389533, -0.180178, 0.002310, 14.438477, 11.718750, 173.278793
0.001745, 0.000000, 1052.000000, 0.000000, 2000.000000, 1000.000000, 15.824959, 15.150299, 14.617575, 14.407167, -0.116063, -0.487629, 0.221267, -0.106913, -0.449186, 0.203155, -0.009150, -0.038443, 0.018111, 0.000000, 0.000000, -0.000000, 0.008726, 0.000000, 0.000000, 4.557481, 0.797766, -57.474812, 0.179787, 0.718697, -0.135437, 0.001783, 14.387695, 13.879395, 204.528793
0.001745, 0.000000, 1052.000000, 0.000000, 2000.000000, 1000.000000, 15.695707, 14.364765, 15.197226, 14.742302, -0.219005, -0.030236, 0.446466, -0.196128, -0.027078, 0.398097, -0.022876, -0.003158, 0.048369, 0.000000, 0.000000, -0.000000, 0.008726, 0.000000, 0.000000, 6.633975, 1.074663, -58.342102, 0.322531, 0.043324, -0.265398, 0.002430, 14.372070, 14.160156, 208.496078
0.001745, 0.000000, 1052.000000, 0.000000, 2000.000000, 1000.000000, 15.199695, 14.302865, 15.219790, 15.277650, -0.238672, 0.248720, 0.209743, -0.217433, 0.226587, 0.190372, -0.021239, 0.022133, 0.019370, 0.000000, -0.000000, -0.000000, 0.008726, 0.000000, 0.000000, 6.547249, 0.101552, -58.806202, 0.356619, -0.362539, -0.126915, 0.002035, 14.348633, 15.640259, 229.675278
0.001745, 0.000000, 1052.000000, 0.000000, 2000.000000, 1000.000000, 15.135415, 14.265922, 15.153836, 15.444827, -0.290121, 0.299331, 0.144625, -0.267367, 0.275855, 0.132848, -0.022754, 0.023476, 0.011777, 0.000000, -0.000000, -0.000000, 0.008726, 0.000000, 0.000000, 6.104907, -1.423294, -59.047012, 0.436514, -0.441368, -0.088566, 0.001773, 14.372070, 14.559937, 214.294418
0.001745, 0.000000, 1051.000000, 0.000000, 2000.000000, 1000.000000, 15.318032, 14.731830, 15.082200, 14.867938, -0.092986, -0.024931, 0.200116, -0.083610, -0.022417, 0.179187, -0.009375, -0.002514, 0.020929, 0.000000, 0.000000, -0.000000, 0.008726, 0.000000, 0.000000, 6.041201, -2.999390, -59.443951, 0.142503, 0.035867, -0.119458, 0.002336, 14.399414, 13.079834, 192.932114
0.001745, 0.000000, 1052.000000, 0.000000, 2000.000000, 1000.000000, 15.271558, 15.145526, 14.939496, 14.643420, 0.042511, -0.208542, 0.105527, 0.038228, -0.187532, 0.094499, 0.004283, -0.021010, 0.011028, -0.000000, 0.000000, -0.000000, 0.008726, 0.000000, 0.000000, 6.424373, -2.764681, -59.557270, -0.052439, 0.300051, -0.062999, 0.002334, 14.399414, 13.601685, 200.622543
0.001745, 0.000000, 1051.000000, 0.000000, 2000.000000, 1000.000000, 15.334333, 14.576530, 15.201708, 14.887428, -0.110881, 0.044568, 0.268020, -0.101587, 0.040833, 0.244700, -0.009294, 0.003736, 0.023320, 0.000000, -0.000000, -0.000000, 0.008726, 0.000000, 0.000000, 6.755848, -2.608864, -59.831692, 0.171265, -0.065332, -0.163134, 0.001906, 14.403320, 13.241577, 195.190414
0.001745, 0.000000, 1050.000000, 0.000000, 2000.000000, 1000.000000, 15.460358, 13.803015, 15.142174, 15.594454, -0.527406, 0.368314, 0.301266, -0.475093, 0.331781, 0.270267, -0.052313, 0.036533, 0.031000, 0.000000, -0.000000, -0.000000, 0.008726, 0.000000, 0.000000, 6.276731, -5.369894, -60.457153, 0.768874, -0.530850, -0.180178, 0.002294, 14.395508, 12.521362, 184.631332
0.001745, 0.000000, 1051.000000, 0.000000, 2000.000000, 1000.000000, 15.513608, 14.279504, 14.913199, 15.293689, -0.403648, 0.103444, 0.213404, -0.364572, 0.093430, 0.191970, -0.039076, 0.010014, 0.021433, 0.000000, -0.000000, -0.000000, 0.008726, 0.000000, 0.000000, 6.323318, -7.510905, -60.815704, 0.592041, -0.149488, -0.127980, 0.002233, 14.391602, 12.640381, 186.279282
0.001745, 0.000000, 1050.000000, -0.001745, 2000.000000, 1000.000000, 15.719040, 14.757492, 14.937191, 14.586277, -0.152659, -0.238266, 0.328115, -0.140202, -0.218824, 0.300320, -0.012457, -0.019442, 0.027795, 0.000000, 0.000000, -0.000000, 0.008726, 0.000000, -0.008726, 7.121529, -8.281520, -61.097664, 0.233050, 0.350118, -0.208940, 0.001851, 14.422852, 12.161255, 179.626450
0.001745, 0.000000, 1050.000000, -0.001745, 2000.000000, 1000.000000, 15.381564, 15.163119, 14.977855, 14.477462, 0.070487, -0.272342, 0.179709, 0.063528, -0.245455, 0.161304, 0.006959, -0.026886, 0.018405, -0.000000, 0.000000, -0.000000, 0.008726, 0.000000, -0.008726, 8.441728, -7.467820, -61.598396, -0.092919, 0.392729, -0.116262, 0.002282, 14.383789, 13.439941, 197.814926
0.001745, 0.000000, 1050.000000, -0.001745, 2000.000000, 1000.000000, 15.473189, 14.476066, 15.075202, 14.975543, -0.224367, 0.025372, 0.274195, -0.202120, 0.022856, 0.245992, -0.022246, 0.002516, 0.028203, 0.000000, -0.000000, -0.000000, 0.008726, 0.000000, -0.008726, 8.949077, -7.403018, -61.923698, 0.332119, -0.036570, -0.172721, 0.002293, 14.395508, 12.759399, 188.110336
0.001745, 0.000000, 1050.000000, -0.001745, 2000.000000, 1000.000000, 15.444532, 13.988338, 14.964695, 15.602434, -0.523484, 0.283565, 0.204614, -0.479753, 0.259876, 0.186870, -0.043730, 0.023688, 0.017743, 0.000000, -0.000000, -0.000000, 0.008726, 0.000000, -0.008726, 9.027057, -9.061313, -62.292416, 0.776331, -0.415802, -0.133306, 0.001899, 14.383789, 13.040161, 192.199692
0.001745, 0.000000, 1050.000000, -0.001745, 2000.000000, 1000.000000, 15.370524, 14.143929, 14.907279, 15.578267, -0.474396, 0.242773, 0.138901, -0.427156, 0.218598, 0.124553, -0.047240, 0.024175, 0.014348, 0.000000, -0.000000, -0.000000, 0.008726, 0.000000, -0.008726, 8.918264, -12.804757, -62.847977, 0.692176, -0.349756, -0.091761, 0.002304, 14.379883, 13.760376, 202.575668
0.001745, 0.000000, 1050.000000, -0.001745, 2000.000000, 1000.000000, 15.283470, 14.465858, 15.158749, 15.091923, -0.187697, 0.125335, 0.221109, -0.168831, 0.112738, 0.198056, -0.018866, 0.012598, 0.023054, 0.000000, -0.000000, -0.000000, 0.008726, 0.000000, -0.008726, 8.990303, -14.258082, -63.110317, 0.278856, -0.180380, -0.140763, 0.002328, 14.375977, 13.558960, 199.707016
-0.003490, 0.000000, 1050.000000, 0.000000, 2000.000000, 1000.000000, 15.174178, 14.774489, 15.242719, 14.808614, 0.008604, 0.025666, 0.208448, 0.007886, 0.023522, 0.190372, 0.000719, 0.002144, 0.018076, -0.000000, -0.000000, -0.000000, -0.017452, 0.000000, 0.000000, 8.758769, -14.554768, -63.558006, -0.030069, -0.037636, -0.126915, 0.001899, 14.387695, 13.439941, 197.875961
-0.061082, 0.000000, 1035.000000, -0.001745, 2000.000000, 1000.000000, 13.700021, 12.553992, 12.431737, 13.314250, -0.507135, -0.127007, 0.065879, -0.456379, -0.114295, 0.059040, -0.050757, -0.012711, 0.006840, 0.000000, 0.000000, -0.000000, -0.305410, 0.000000, -0.008726, 9.474545, -14.998714, -63.578663, 0.424796, 0.182873, -0.048086, 0.002317, 14.610352, 3.961182, 59.326168
-0.106457, 0.000000, 1012.000000, -0.001745, 2000.000000, 1000.000000, 12.245188, 9.993351, 10.316448, 11.445013, -0.845101, -0.119269, 0.280818, -0.757965, -0.106972, 0.250786, -0.087136, -0.012297, 0.030032, 0.000000, 0.000000, -0.000000, -0.532286, 0.000000, -0.008726, 10.653773, -16.219629, -63.579517, 0.680458, 0.171155, -0.175917, 0.002395, 14.649414, 4.559326, 68.298340
-0.130890, 0.001745, 1003.000000, 0.000000, 2000.000000, 1000.000000, 11.018750, 9.157655, 9.326840, 10.496755, -0.757752, -0.088202, 0.172795, -0.757752, -0.088202, 0.172795, 0.000000, 0.000000, 0.000000, 0.000000, 0.000000, -0.000000, -0.654450, 0.008726, 0.000000, 11.844428, -17.612576, -63.653065, 0.557953, 0.149850, -0.115197, 0.001774, 15.020508, 0.000000, 0.610352
-0.151832, 0.001745, 1000.000000, 0.000000, 2000.000000, 1000.000000, 10.472737, 9.450669, 9.725848, 10.350745, -0.411741, 0.038297, 0.099293, -0.411741, 0.038297, 0.099293, 0.000000, 0.000000, 0.000000, 0.000000, -0.000000, -0.000000, -0.759162, 0.008726, 0.000000, 12.413414, -18.357260, -63.746563, -0.100376, -0.052549, -0.066195, 0.002095, 14.684570, 3.720093, 55.908199
-0.181501, 0.001745, 1000.000000, 0.000000, 2000.000000, 1000.000000, 10.441082, 9.413082, 9.862965, 10.282871, -0.361977, 0.072918, 0.152023, -0.361977, 0.072918, 0.152023, 0.000000, 0.000000, 0.000000, 0.000000, -0.000000, -0.000000, -0.907504, 0.008726, 0.000000, 11.856574, -17.896673, -64.144569, -0.328341, -0.107943, -0.101349, 0.002361, 14.668945, 4.400635, 66.101074
-0.198953, 0.003490, 1000.000000, 0.000000, 2000.000000, 1000.000000, 10.454745, 9.335248, 9.951566, 10.258441, -0.356593, 0.105003, 0.203155, -0.356593, 0.105003, 0.203155, 0.000000, 0.000000, 0.000000, 0.000000, -0.000000, -0.000000, -0.994764, 0.017452, 0.000000, 11.064025, -17.133249, -64.700668, -0.424214, -0.150553, -0.135437, 0.001772, 14.668945, 4.119873, 61.889645
-0.237347, 0.029668, 1002.000000, 0.000000, 2000.000000, 1000.000000, 10.252707, 9.235191, 10.179171, 10.332932, -0.292819, 0.256051, 0.215938, -0.292819, 0.256051, 0.215938, 0.000000, 0.000000, 0.000000, -0.000000, -0.000000, -0.000000, -1.186736, 0.148342, 0.000000, 9.274036, -15.355705, -65.844246, -0.718226, -0.261340, -0.143959, 0.002293, 14.657227, 4.360962, 65.429688
-0.294939, 0.020942, 1014.000000, 0.000000, 2000.000000, 1000.000000, 11.178049, 10.170267, 11.190535, 11.461149, -0.319599, 0.325842, 0.184292, -0.289702, 0.295361, 0.166404, -0.029897, 0.030481, 0.017888, -0.000000, -0.000000, -0.000000, -1.474694, 0.104712, 0.000000, 7.527219, -13.571746, -66.617737, -1.011171, -0.367865, -0.110936, 0.002150, 14.559570, 8.160400, 121.704094
-0.305410, 0.006981, 1049.000000, 0.000000, 2000.000000, 1000.000000, 13.865044, 13.555237, 14.372097, 14.207623, -0.036333, 0.289860, 0.118570, -0.033473, 0.267044, 0.108880, -0.002860, 0.022816, 0.009690, -0.000000, -0.000000, -0.000000, -1.527050, 0.034904, 0.000000, 5.180845, -10.898807, -67.340378, -1.473493, -0.392366, -0.072587, 0.001780, 14.231445, 18.798828, 274.108887
-0.322862, 0.006981, 1049.000000, 0.000000, 2000.000000, 1000.000000, 14.061904, 14.198319, 14.245202, 13.494575, 0.221761, -0.130112, 0.153553, 0.199609, -0.117115, 0.137642, 0.022152, -0.012997, 0.015911, -0.000000, 0.000000, -0.000000, -1.614310, 0.034904, 0.000000, 1.903856, -4.127442, -68.195847, -1.933684, 0.222287, -0.091761, 0.002312, 14.430664, 11.999512, 177.307114
-0.321117, 0.005236, 1049.000000, -0.001745, 2000.000000, 1000.000000, 14.350346, 14.240509, 13.752146, 13.657000, -0.003673, -0.295427, 0.051245, -0.003328, -0.267710, 0.046256, -0.000345, -0.027718, 0.004989, -0.000000, 0.000000, -0.000000, -1.605584, 0.026178, -0.008726, 1.110688, 0.683642, -68.429474, -1.600259, 0.454514, -0.039564, 0.002157, 14.461914, 10.079956, 149.291992
-0.284468, 0.003490, 1059.000000, -0.001745, 2000.000000, 1000.000000, 15.166032, 15.040349, 14.746465, 15.047154, -0.106593, -0.103191, -0.043752, -0.097856, -0.094733, -0.040029, -0.008737, -0.008458, -0.003723, -0.000000, 0.000000, 0.000000, -1.422338, 0.017452, -0.008726, 0.579405, 4.569613, -68.418404, -1.265768, 0.169024, 0.017960, 0.001860, 14.290039, 16.961670, 248.291000
-0.202443, 0.012216, 1070.000000, -0.001745, 2000.000000, 1000.000000, 16.114197, 16.925591, 17.800137, 17.160076, 0.362864, 0.480107, -0.042834, 0.326914, 0.432541, -0.038432, 0.035950, 0.047566, -0.004402, -0.000000, -0.000000, 0.000000, -1.012216, 0.061082, -0.008726, -2.876866, 9.213638, -67.831215, -1.535278, -0.630984, 0.016895, 0.002291, 14.063477, 24.639893, 355.102509
-0.212914, 0.022688, 1069.000000, 0.000000, 2000.000000, 1000.000000, 15.578357, 16.242878, 16.687298, 15.491466, 0.465089, 0.089382, 0.132828, 0.422022, 0.081105, 0.120065, 0.043067, 0.008277, 0.012763, -0.000000, -0.000000, -0.000000, -1.064572, 0.113438, 0.000000, -5.447449, 12.995418, -67.414787, -1.739808, -0.016330, -0.080043, 0.002126, 14.340820, 11.718750, 172.302231
-0.226876, 0.022688, 1069.000000, 0.000000, 2000.000000, 1000.000000, 16.669687, 15.979992, 16.055212, 15.295109, 0.017602, -0.324840, 0.362450, 0.016205, -0.299059, 0.332584, 0.001397, -0.025781, 0.029866, -0.000000, 0.000000, -0.000000, -1.134380, 0.113438, 0.000000, -6.150596, 17.140669, -67.663628, -1.160307, 0.591932, -0.221723, 0.001796, 14.125977, 22.360229, 323.425262
-0.249564, 0.017452, 1071.000000, -0.001745, 2000.000000, 1000.000000, 18.156200, 15.914397, 16.499142, 17.430260, -0.793230, -0.035299, 0.327672, -0.714488, -0.031795, 0.293929, -0.078742, -0.003504, 0.033743, 0.000000, 0.000000, -0.000000, -1.247818, 0.087260, -0.008726, -4.711614, 19.875988, -69.126068, -0.104637, 0.138132, -0.204679, 0.002296, 14.110352, 22.601318, 326.477020
-0.244328, 0.008726, 1079.000000, -0.001745, 2000.000000, 1000.000000, 17.201769, 15.453094, 17.438055, 17.907080, -0.554425, 0.672568, 0.319912, -0.508378, 0.616709, 0.292331, -0.046047, 0.055859, 0.027581, 0.000000, -0.000000, -0.000000, -1.221640, 0.043630, -0.008726, -6.062562, 19.865191, -69.229935, -0.408236, -0.943105, -0.203613, 0.001887, 14.192383, 20.321655, 295.227051
-0.205934, 0.034904, 1080.000000, 0.000000, 2000.000000, 1000.000000, 17.610998, 16.986322, 19.513288, 17.889391, 0.249806, 0.701340, 0.562143, 0.227457, 0.638595, 0.509950, 0.022349, 0.062746, 0.052193, -0.000000, -0.000000, -0.000000, -1.029668, 0.174520, 0.000000, -12.574411, 22.081844, -67.876320, -1.393599, -0.847231, -0.339966, 0.002047, 14.243164, 17.321777, 252.624496
-0.200698, 0.043630, 1079.000000, 0.000000, 2000.000000, 1000.000000, 18.081583, 16.692045, 17.350927, 15.875444, 0.021486, -0.386814, 0.716256, 0.019448, -0.350126, 0.645770, 0.002038, -0.036688, 0.070486, -0.000000, 0.000000, -0.000000, -1.003490, 0.218150, 0.000000, -14.020409, 25.367695, -68.330650, -1.034607, 0.778352, -0.430513, 0.002183, 14.258789, 16.079712, 234.802231
-0.197208, 0.033159, 1078.000000, 0.000000, 2000.000000, 1000.000000, 19.817738, 16.363522, 15.914948, 15.903792, -0.860765, -1.090630, 0.866343, -0.791890, -1.003361, 0.794373, -0.068875, -0.087268, 0.071970, 0.000000, 0.000000, -0.000000, -0.986038, 0.165794, 0.000000, -10.391957, 27.607756, -71.271477, 0.280986, 1.771172, -0.529582, 0.001812, 14.141602, 20.199585, 292.785645
-0.188482, -0.001745, 1076.000000, 0.000000, 2000.000000, 1000.000000, 18.017658, 15.287544, 17.267811, 17.426987, -0.722323, 0.347399, 0.642734, -0.649440, 0.312346, 0.575463, -0.072883, 0.035053, 0.067272, 0.000000, -0.000000, -0.000000, -0.942408, -0.008726, 0.000000, -5.622014, 26.593628, -75.377731, 0.096697, -0.508479, -0.383642, 0.002338, 14.192383, 18.521118, 269.104004
-0.061082, -0.001745, 1076.000000, 0.000000, 2000.000000, 1000.000000, 16.289536, 15.477210, 19.445400, 16.787853, 0.461305, 1.116628, 0.867468, 0.416467, 1.008092, 0.779992, 0.044838, 0.108535, 0.087476, -0.000000, -0.000000, -0.000000, -0.305410, -0.008726, 0.000000, -9.709776, 27.097506, -74.745117, -0.971757, -1.621674, -0.519995, 0.002243, 14.149414, 21.319580, 315.429688
0.000000, -0.001745, 1076.000000, 0.000000, 2000.000000, 1000.000000, 16.833418, 16.565012, 18.562883, 16.038687, 0.563947, 0.300784, 0.698151, 0.519464, 0.277059, 0.640976, 0.044483, 0.023725, 0.057175, -0.000000, -0.000000, -0.000000, 0.000000, -0.008726, 0.000000, -14.019603, 28.974352, -74.075737, -0.831143, -0.452021, -0.427317, 0.001784, 14.122070, 21.520996, 311.401367
0.000000, -0.001745, 1076.000000, 0.000000, 2000.000000, 1000.000000, 20.274176, 15.869008, 15.004385, 16.852434, -1.563304, -1.071591, 0.639280, -1.405323, -0.963300, 0.572267, -0.157981, -0.108290, 0.067012, 0.000000, 0.000000, -0.000000, 0.000000, -0.008726, 0.000000, -9.494753, 26.681126, -77.897621, 2.248517, 1.532554, -0.381511, 0.002342, 14.020508, 25.161743, 361.389130
0.000000, -0.001745, 1076.000000, 0.000000, 2000.000000, 1000.000000, 18.945246, 15.359217, 15.764540, 17.930998, -1.438122, -0.152231, 0.354892, -1.294803, -0.137060, 0.318203, -0.143319, -0.015171, 0.036689, 0.000000, 0.000000, -0.000000, 0.000000, -0.008726, 0.000000, -5.188638, 20.721682, -80.423752, 2.071684, 0.210570, -0.212135, 0.002306, 14.094727, 21.801758, 314.819336
0.000000, -0.001745, 1076.000000, 0.000000, 2000.000000, 1000.000000, 15.980049, 15.538868, 18.653629, 17.827454, 0.096249, 1.240542, 0.316840, 0.088701, 1.143247, 0.291039, 0.007549, 0.097295, 0.025801, -0.000000, -0.000000, -0.000000, 0.000000, -0.008726, 0.000000, -7.437496, 17.758276, -80.165726, -0.141921, -1.837921, -0.194026, 0.001773, 14.145508, 21.160889, 306.701660
0.000000, -0.001745, 1066.000000, 0.000000, 2000.000000, 1000.000000, 15.780457, 15.668393, 16.827206, 15.723946, 0.247799, 0.275575, 0.303831, 0.225187, 0.250428, 0.275060, 0.022612, 0.025147, 0.028771, -0.000000, -0.000000, -0.000000, 0.000000, -0.008726, 0.000000, -15.125879, 19.702164, -78.473236, -0.360299, -0.409410, -0.183373, 0.002092, 14.305664, 14.401245, 210.876450
0.000000, -0.001745, 1057.000000, 0.001745, 2000.000000, 1000.000000, 17.913746, 14.546421, 12.897320, 14.642515, -1.278129, -1.230083, 0.405532, -1.149661, -1.106444, 0.363250, -0.128468, -0.123639, 0.042282, 0.000000, 0.000000, -0.000000, 0.000000, -0.008726, 0.008726, -12.416553, 17.942535, -79.912476, 1.839458, 1.761585, -0.233441, 0.002328, 14.458008, 9.600830, 142.028809
0.000000, -0.001745, 1057.000000, 0.003490, 2000.000000, 1000.000000, 18.560600, 13.895778, 12.280797, 15.262826, -1.911713, -1.228189, 0.420698, -1.759521, -1.130413, 0.385926, -0.152192, -0.097776, 0.034772, 0.000000, 0.000000, -0.000000, 0.000000, -0.008726, 0.017452, -5.870870, 12.044866, -82.296555, 2.815234, 1.799934, -0.239832, 0.001802, 14.301758, 14.639282, 214.477524
0.000000, 0.000000, 1057.000000, 0.003490, 2000.000000, 1000.000000, 14.923052, 13.814905, 14.950499, 16.311544, -0.617298, 0.631021, -0.063225, -0.555780, 0.568135, -0.056688, -0.061518, 0.062886, -0.006536, 0.000000, -0.000000, 0.000000, 0.000000, 0.000000, 0.017452, -2.814037, 3.720043, -83.302139, 0.889248, -0.909016, 0.055244, 0.002306, 14.317383, 14.639282, 214.721664
0.000000, 0.000000, 1057.000000, 0.036649, 2000.000000, 1000.000000, 13.643128, 13.939267, 16.605730, 15.811875, 0.272498, 1.208803, 0.124429, 0.246492, 1.093440, 0.112108, 0.026006, 0.115362, 0.012321, -0.000000, -0.000000, 0.000000, 0.000000, 0.000000, 0.183246, -6.787347, 2.813664, -82.866310, -0.394387, -1.749505, 0.108507, 0.002198, 14.372070, 12.719727, 187.194809
0.000000, -0.001745, 1056.000000, 0.055846, 2000.000000, 1000.000000, 14.496293, 14.344291, 15.835267, 15.324149, 0.089779, 0.579708, 0.165780, 0.082709, 0.534053, 0.152225, 0.007071, 0.045655, 0.013556, -0.000000, -0.000000, 0.000000, 0.000000, -0.008726, 0.279232, -10.667594, 3.570437, -82.240189, -0.132334, -0.863210, 0.177749, 0.001781, 14.297852, 16.201782, 226.623520
0.000000, 0.000000, 1055.000000, 0.120419, 2000.000000, 1000.000000, 17.076338, 13.501896, 14.308727, 15.113039, -1.094688, -0.289117, 0.692532, -0.989873, -0.261434, 0.623735, -0.104816, -0.027683, 0.068798, 0.000000, 0.000000, -0.000000, 0.000000, 0.000000, 0.602094, -10.704873, 1.659405, -81.764793, 1.583796, 0.418295, 0.186271, 0.002206, 14.317383, 13.760376, 201.782211
0.000000, 0.040140, 1056.000000, 0.151832, 2000.000000, 1000.000000, 16.972862, 13.271213, 13.809386, 15.946540, -1.459701, -0.122037, 0.391123, -1.316108, -0.110032, 0.351209, -0.143593, -0.012005, 0.039915, 0.000000, 0.000000, 0.000000, 0.000000, 0.200698, 0.759162, -6.685432, -6.595493, -80.149300, 2.105773, 0.376750, 0.525023, 0.002273, 14.348633, 13.720703, 201.477036
0.000000, 0.064572, 1055.000000, 0.146597, 2000.000000, 1000.000000, 15.007049, 13.390038, 15.448035, 16.154877, -0.580963, 0.801456, 0.227542, -0.529149, 0.729977, 0.206481, -0.051814, 0.071479, 0.021061, 0.000000, -0.000000, 0.000000, 0.000000, 0.322862, 0.732984, -6.583413, -10.789679, -78.576279, 0.846638, -0.845101, 0.595330, 0.002040, 14.297852, 15.560913, 227.722153
0.000000, 0.101222, 1053.000000, 0.184991, 2000.000000, 1000.000000, 14.128120, 12.926695, 16.934605, 16.010580, -0.069350, 1.472592, 0.531363, -0.063099, 1.339850, 0.481656, -0.006251, 0.132742, 0.049707, 0.000000, -0.000000, 0.000000, 0.000000, 0.506108, 0.924956, -10.297428, -12.483130, -77.635910, 0.100958, -1.637653, 0.603852, 0.002064, 14.333008, 13.601685, 199.584946
-0.003490, 0.162304, 1055.000000, 0.226876, 2000.000000, 1000.000000, 15.938469, 12.945509, 15.438087, 15.677935, -0.808202, 0.558011, 0.688278, -0.729140, 0.503424, 0.618427, -0.079062, 0.054587, 0.069851, 0.000000, -0.000000, 0.000000, -0.017452, 0.811518, 1.134380, -13.916447, -15.163220, -75.817123, 1.149171, 0.006040, 0.722096, 0.002259, 14.364258, 12.561035, 184.875473
-0.003490, 0.184991, 1054.000000, 0.214660, 2000.000000, 1000.000000, 17.224615, 13.492787, 13.378510, 15.904084, -1.564351, -0.358703, 0.301564, -1.412236, -0.323823, 0.271142, -0.152115, -0.034880, 0.030422, 0.000000, 0.000000, 0.000000, -0.017452, 0.924956, 1.073298, -10.268184, -19.193422, -72.555756, 2.242126, 1.443073, 0.892537, 0.002244, 14.317383, 15.399170, 225.585922
-0.005236, 0.205934, 1053.000000, 0.214660, 2000.000000, 1000.000000, 16.683165, 13.671249, 13.726601, 15.918984, -1.301075, -0.177207, 0.204882, -1.168686, -0.159176, 0.183258, -0.132389, -0.018031, 0.021624, 0.000000, 0.000000, 0.000000, -0.026178, 1.029668, 1.073298, 0.901491, -25.526136, -64.242508, 1.843719, 1.284349, 0.951126, 0.002360, 14.344727, 12.280273, 180.603012
-0.005236, 0.216405, 1052.000000, 0.214660, 2000.000000, 1000.000000, 14.797025, 13.847720, 15.625667, 15.729589, -0.263307, 0.677627, 0.211345, -0.237251, 0.610572, 0.189650, -0.026056, 0.067055, 0.021696, 0.000000, -0.000000, 0.000000, -0.026178, 1.082024, 1.073298, 4.057714, -27.013117, -60.286797, 0.353424, 0.105109, 0.946865, 0.002288, 14.309570, 14.761353, 216.308578
-0.005236, 0.242583, 1052.000000, 0.202443, 2000.000000, 1000.000000, 13.836041, 14.222192, 16.144293, 15.797473, 0.183243, 0.970883, -0.009832, 0.168878, 0.894777, -0.009032, 0.014364, 0.076106, -0.000800, -0.000000, -0.000000, 0.000000, -0.026178, 1.212914, 1.012216, 3.415068, -27.030350, -57.932907, -0.296384, -0.218729, 1.018237, 0.001772, 14.278320, 14.678955, 215.026840
-0.003490, 0.279232, 1066.000000, 0.155323, 2000.000000, 1000.000000, 16.749931, 15.309587, 14.756242, 17.184242, -0.967086, -0.029759, -0.246914, -0.866291, -0.026657, -0.220223, -0.100795, -0.003102, -0.026691, 0.000000, 0.000000, 0.000000, -0.017452, 1.396160, 0.776614, 6.604649, -27.402126, -52.346367, 1.368614, 1.438812, 0.923429, 0.002424, 14.141602, 19.879150, 292.602539
-0.005236, 0.300174, 1074.000000, 0.097731, 2000.000000, 1000.000000, 18.216871, 17.070452, 14.448140, 18.264540, -1.240705, -0.643661, -0.667495, -1.118752, -0.580393, -0.599430, -0.121953, -0.063268, -0.068065, 0.000000, 0.000000, 0.000000, -0.026178, 1.500872, 0.488656, 14.717108, -27.255207, -46.160957, 1.763825, 2.429501, 0.888276, 0.002271, 14.047852, 22.839355, 328.735321
-0.085515, 0.324607, 1074.000000, 0.003490, 2000.000000, 1000.000000, 16.129696, 17.698963, 15.771865, 18.399475, -0.264585, 0.085670, -1.049220, -0.240451, 0.077856, -0.949907, -0.024134, 0.007814, -0.099313, 0.000000, 0.000000, 0.000000, -0.427574, 1.623036, 0.017452, 24.211540, -23.218594, -38.665409, -0.042852, 1.498466, 0.650723, 0.002091, 14.118164, 21.160889, 305.908203
-0.115183, 0.322862, 1074.000000, 0.000000, 2000.000000, 1000.000000, 15.229561, 17.168709, 17.079441, 18.522289, 0.124075, 0.800864, -0.845499, 0.111580, 0.720212, -0.757175, 0.012495, 0.080652, -0.088324, -0.000000, -0.000000, 0.000000, -0.575916, 1.614310, 0.000000, 24.658222, -20.471931, -36.972733, -0.754444, 0.461970, 0.504783, 0.002333, 14.157227, 19.039917, 275.878906
-0.136126, 0.321117, 1084.000000, -0.001745, 2000.000000, 1000.000000, 16.614782, 17.781672, 17.704256, 19.899290, -0.257035, 0.801773, -0.840480, -0.236824, 0.738727, -0.771861, -0.020211, 0.063046, -0.068618, -0.000000, -0.000000, 0.000000, -0.680628, 1.605584, -0.008726, 23.740576, -18.656942, -35.955067, -0.301710, 0.423621, 0.505848, 0.001778, 13.989258, 26.239014, 375.732391
-0.186736, 0.260035, 1106.000000, -0.005236, 2000.000000, 1000.000000, 20.319874, 20.226833, 18.125904, 21.327389, -0.823630, -0.273353, -0.777111, -0.740526, -0.245771, -0.695775, -0.083105, -0.027581, -0.081336, 0.000000, 0.000000, 0.000000, -0.933682, 1.300174, -0.026178, 26.976278, -15.453271, -33.009735, 0.251159, 1.693408, 0.437672, 0.002338, 13.473633, 45.440674, 626.708984
-0.202443, 0.181501, 1104.000000, -0.010471, 2000.000000, 1000.000000, 19.609072, 20.894529, 19.037516, 20.458883, -0.033977, -0.251800, -0.676706, -0.030613, -0.226873, -0.607211, -0.003364, -0.024927, -0.069495, -0.000000, 0.000000, 0.000000, -1.012216, 0.907504, -0.052356, 28.739889, -11.350406, -31.469139, -0.963235, 1.270501, 0.352451, 0.002289, 13.786133, 30.239868, 427.123993
-0.200698, 0.139616, 1103.000000, -0.017452, 2000.000000, 1000.000000, 18.565615, 20.252295, 20.906034, 20.276056, 0.579165, 0.591045, -0.264175, 0.533435, 0.544377, -0.242518, 0.045730, 0.046668, -0.021657, -0.000000, -0.000000, 0.000000, -1.003490, 0.698080, -0.087260, 25.774412, -8.037916, -31.345673, -1.856986, -0.172923, 0.074419, 0.001786, 13.668945, 35.760498, 500.610321
-0.198953, 0.136126, 1001.000000, -0.005236, 2000.000000, 1000.000000, 10.677166, 8.374405, 9.871119, 11.077311, -0.877238, 0.474215, 0.274142, -0.877238, 0.474215, 0.274142, 0.000000, 0.000000, 0.000000, 0.000000, -0.000000, -0.000000, -0.994764, 0.680628, -0.026178, 21.674047, -7.689021, -32.300545, 0.408817, -0.078115, -0.208940, 0.002276, 24.219727, 0.000000, 0.976562
-0.207679, 0.123909, 1000.000000, 0.001745, 2000.000000, 1000.000000, 12.043449, 8.716982, 8.826860, 10.412708, -1.228079, -0.380215, 0.435155, -1.228079, -0.380215, 0.435155, 0.000000, 0.000000, 0.000000, 0.000000, 0.000000, -0.000000, -1.038394, 0.619546, 0.008726, 24.511124, -7.577675, -32.669315, 0.926532, 1.227891, -0.281377, 0.002211, 19.184570, 0.000000, 0.793457
-0.300174, 0.106457, 1001.000000, 0.000000, 2000.000000, 1000.000000, 11.512552, 9.651232, 8.909737, 9.926479, -0.719516, -0.581892, 0.211145, -0.719516, -0.581892, 0.211145, 0.000000, 0.000000, 0.000000, 0.000000, 0.000000, -0.000000, -1.500872, 0.532286, 0.000000, 27.420956, -4.700556, -32.826138, -0.349646, 1.463313, -0.140763, 0.001862, 16.290039, 0.000000, 1.281738
-0.375218, 0.069808, 1009.000000, 0.000000, 2000.000000, 1000.000000, 10.026553, 10.147899, 10.386149, 9.439399, 0.267024, -0.087226, 0.206351, 0.267024, -0.087226, 0.206351, 0.000000, 0.000000, 0.000000, -0.000000, 0.000000, -0.000000, -1.876090, 0.349040, 0.000000, 24.367542, 2.337456, -33.381866, -2.303329, 0.488602, -0.137567, 0.002300, 14.493164, 8.279419, 122.924797
-0.403141, 0.061082, 1009.000000, 0.000000, 2000.000000, 1000.000000, 9.707255, 9.802686, 10.644727, 9.845332, 0.223706, 0.245030, 0.175991, 0.223706, 0.245030, 0.175991, 0.000000, 0.000000, 0.000000, -0.000000, -0.000000, -0.000000, -2.015706, 0.305410, 0.000000, 19.160908, 6.311757, -33.271332, -2.373636, -0.086637, -0.117327, 0.002305, 14.653320, 1.998901, 30.029295
-0.399651, 0.069808, 1009.000000, 0.000000, 2000.000000, 1000.000000, 9.831797, 9.458492, 10.427507, 10.282204, -0.057001, 0.354856, 0.129653, -0.057001, 0.354856, 0.129653, 0.000000, 0.000000, 0.000000, -0.000000, -0.000000, -0.000000, -1.998254, 0.349040, 0.000000, 13.994416, 9.059804, -32.866318, -1.907053, -0.218729, -0.086435, 0.001789, 14.602539, 4.119873, 61.584469
-0.403141, 0.069808, 1035.000000, 0.001745, 2000.000000, 1000.000000, 13.433249, 12.335752, 12.892716, 13.338283, -0.385766, 0.115499, 0.162983, -0.346872, 0.103854, 0.145937, -0.038894, 0.011645, 0.017045, -0.000000, 0.000000, -0.000000, -2.015706, 0.349040, 0.008726, 8.246049, 12.525896, -32.210804, -1.460710, 0.182873, -0.088566, 0.002336, 14.532227, 6.799316, 101.074211
-0.378708, 0.057592, 1058.000000, 0.001745, 2000.000000, 1000.000000, 15.350850, 14.811749, 15.150949, 14.686452, -0.018651, -0.081300, 0.250899, -0.016855, -0.073471, 0.225832, -0.001796, -0.007829, 0.025067, -0.000000, 0.000000, -0.000000, -1.893542, 0.287958, 0.008726, 4.963105, 15.530828, -31.711044, -1.866573, 0.405512, -0.141828, 0.002220, 14.219727, 19.201660, 276.306152
-0.335078, 0.038394, 1065.000000, 0.000000, 2000.000000, 1000.000000, 15.539444, 16.520479, 16.729029, 15.211046, 0.624755, -0.029962, 0.134237, 0.575552, -0.027602, 0.123261, 0.049203, -0.002360, 0.010976, -0.000000, 0.000000, -0.000000, -1.675392, 0.191972, 0.000000, 0.044300, 19.405281, -30.586264, -2.596275, 0.236136, -0.082174, 0.001781, 14.067383, 21.041870, 303.283691
-0.308900, 0.038394, 1071.000000, 0.000000, 2000.000000, 1000.000000, 16.109766, 16.619947, 18.250010, 17.020277, 0.434978, 0.635144, 0.179888, 0.392375, 0.572937, 0.161610, 0.042603, 0.062207, 0.018278, -0.000000, -0.000000, -0.000000, -1.544502, 0.191972, 0.000000, -10.761593, 23.548756, -26.946411, -2.172302, -0.724727, -0.107740, 0.002262, 14.083008, 21.359253, 310.791016
-0.289703, 0.045375, 1070.000000, 0.000000, 2000.000000, 1000.000000, 17.015738, 15.543819, 17.338999, 18.101442, -0.558591, 0.720221, 0.177369, -0.501039, 0.646017, 0.158414, -0.057551, 0.074204, 0.018954, 0.000000, -0.000000, -0.000000, -1.448516, 0.226876, 0.000000, -15.301126, 23.180120, -25.403418, -0.646853, -0.806752, -0.105610, 0.002393, 14.180664, 17.761230, 257.812500
-0.286213, 0.043630, 1071.000000, 0.000000, 2000.000000, 1000.000000, 17.695541, 15.258107, 16.987881, 18.058472, -0.877007, 0.523176, 0.341710, -0.807046, 0.481441, 0.313409, -0.069961, 0.041735, 0.028301, 0.000000, -0.000000, -0.000000, -1.431064, 0.218150, 0.000000, -16.651529, 21.725246, -25.287338, -0.139791, -0.552155, -0.208940, 0.001806, 14.149414, 18.881226, 273.620605
-0.212914, 0.010471, 1065.000000, 0.001745, 2000.000000, 1000.000000, 15.317657, 15.465030, 17.428822, 15.788487, 0.446927, 0.608656, 0.373240, 0.404046, 0.550258, 0.336086, 0.042881, 0.058398, 0.037154, -0.000000, -0.000000, -0.000000, -1.064572, 0.052356, 0.008726, -21.189314, 21.058027, -24.673512, -1.711046, -0.828057, -0.215331, 0.002211, 14.286133, 11.999512, 175.720200
-0.162304, 0.000000, 1048.000000, 0.000000, 2000.000000, 1000.000000, 12.290974, 13.906025, 16.032707, 13.770294, 0.969367, 0.901501, 0.161840, 0.875790, 0.814476, 0.145631, 0.093576, 0.087025, 0.016209, -0.000000, -0.000000, -0.000000, -0.811518, 0.000000, 0.000000, -27.910261, 20.641438, -22.635197, -2.212782, -1.303162, -0.097088, 0.002226, 14.446289, 8.801270, 130.187988
-0.130890, -0.001745, 1050.000000, 0.000000, 2000.000000, 1000.000000, 13.536427, 14.297526, 16.352037, 15.814010, 0.324781, 1.083023, -0.055768, 0.297519, 0.992113, -0.050909, 0.027262, 0.090909, -0.004859, -0.000000, -0.000000, 0.000000, -0.654450, -0.008726, 0.000000, -34.137680, 18.608925, -20.615227, -1.130480, -1.596108, 0.033939, 0.001909, 14.333008, 12.240601, 179.809555
-0.130890, 0.000000, 1051.000000, 0.000000, 2000.000000, 1000.000000, 16.126080, 12.764797, 14.061403, 17.047718, -1.586900, 0.554561, 0.093742, -1.442846, 0.504220, 0.084912, -0.144054, 0.050341, 0.008831, 0.000000, -0.000000, -0.000000, -0.654450, 0.000000, 0.000000, -34.733181, 13.054280, -20.366323, 1.654103, -0.806752, -0.056608, 0.002080, 14.297852, 13.919067, 203.674301
-0.122164, 0.003490, 1050.000000, 0.000000, 2000.000000, 1000.000000, 16.578274, 13.190866, 13.372199, 16.858662, -1.718468, 0.115430, -0.024763, -1.543408, 0.103671, -0.022147, -0.175060, 0.011759, -0.002617, 0.000000, -0.000000, 0.000000, -0.610820, 0.017452, 0.000000, -30.082907, 10.081446, -21.370995, 1.858633, -0.148422, 0.014764, 0.002363, 14.278320, 14.761353, 215.881332
-0.099476, 0.036649, 1051.000000, 0.000000, 2000.000000, 1000.000000, 15.132784, 14.361973, 14.794355, 15.710888, -0.421836, 0.252622, -0.036430, -0.387278, 0.231927, -0.033332, -0.034558, 0.020695, -0.003098, 0.000000, -0.000000, 0.000000, -0.497382, 0.183246, 0.000000, -27.284224, 8.903917, -21.792652, 0.122263, -0.187837, 0.022221, 0.001859, 14.313477, 13.159180, 192.810043
-0.076789, 0.089005, 1051.000000, 0.000000, 2000.000000, 1000.000000, 12.799426, 14.692189, 17.433884, 15.074502, 1.063035, 1.254193, 0.116655, 0.952609, 1.123909, 0.104086, 0.110426, 0.130284, 0.012568, -0.000000, -0.000000, -0.000000, -0.383944, 0.445026, 0.000000, -33.784801, 7.616261, -20.946886, -1.908118, -1.353229, -0.069391, 0.002415, 14.305664, 13.720703, 201.110825
-0.075044, 0.132635, 1055.000000, 0.000000, 2000.000000, 1000.000000, 14.349508, 13.967085, 16.318939, 15.364468, 0.143012, 0.841703, 0.334224, 0.128493, 0.756253, 0.299028, 0.014519, 0.085451, 0.035196, -0.000000, -0.000000, -0.000000, -0.375218, 0.663176, 0.000000, -38.375858, 6.190195, -20.743847, -0.580807, -0.546829, -0.199352, 0.002354, 14.266602, 15.078735, 220.275864
-0.075044, 0.136126, 1056.000000, 0.000000, 2000.000000, 1000.000000, 16.837652, 13.541586, 13.808331, 15.812433, -1.325042, -0.189618, 0.322990, -1.217726, -0.174261, 0.295833, -0.107316, -0.015357, 0.027157, 0.000000, 0.000000, -0.000000, -0.375218, 0.680628, 0.000000, -36.484489, 6.225057, -21.556797, 1.573144, 0.959446, -0.197222, 0.001836, 14.290039, 13.879395, 203.124985
-0.057592, 0.132635, 1057.000000, 0.000000, 2000.000000, 1000.000000, 16.866982, 13.222341, 13.706508, 16.204170, -1.535576, -0.044661, 0.286745, -1.376240, -0.040027, 0.255886, -0.159336, -0.004634, 0.030860, 0.000000, 0.000000, -0.000000, -0.287958, 0.663176, 0.000000, -26.142820, 7.218418, -23.442568, 1.914026, 0.727219, -0.170590, 0.002412, 14.254883, 15.399170, 224.975571
-0.003490, 0.122164, 1057.000000, 0.000000, 2000.000000, 1000.000000, 14.723305, 13.845024, 15.881687, 15.549984, -0.136645, 0.715836, 0.302496, -0.122608, 0.642305, 0.270267, -0.014036, 0.073531, 0.032229, 0.000000, -0.000000, -0.000000, -0.017452, 0.610820, 0.000000, -23.699669, 6.397264, -24.206949, 0.178721, -0.416867, -0.180178, 0.002385, 14.333008, 12.921143, 189.697250
-0.001745, 0.080279, 1070.000000, 0.000000, 2000.000000, 1000.000000, 16.304440, 16.276859, 18.197956, 17.220745, 0.237408, 0.709350, 0.251198, 0.218402, 0.652561, 0.230319, 0.019006, 0.056788, 0.020878, -0.000000, -0.000000, -0.000000, -0.008726, 0.401396, 0.000000, -25.254881, 5.045075, -24.506470, -0.358168, -0.642702, -0.153546, 0.001813, 13.911133, 27.880859, 396.728485
-0.001745, 0.040140, 1070.000000, 0.000000, 2000.000000, 1000.000000, 19.484251, 15.026959, 15.265613, 18.223177, -1.853714, -0.255605, 0.374932, -1.667104, -0.229874, 0.335780, -0.186609, -0.025731, 0.039152, 0.000000, 0.000000, -0.000000, -0.008726, 0.200698, 0.000000, -21.697670, 3.223696, -25.474529, 2.658641, 0.568496, -0.223853, 0.002332, 14.145508, 18.920898, 274.108887
-0.003490, 0.050611, 1070.000000, 0.000000, 2000.000000, 1000.000000, 20.015974, 14.388197, 14.514524, 19.081305, -2.548639, -0.202085, 0.265249, -2.343671, -0.185833, 0.243102, -0.204968, -0.016252, 0.022147, 0.000000, 0.000000, -0.000000, -0.017452, 0.253054, 0.000000, -12.856778, 0.808966, -26.349638, 3.732421, 0.550387, -0.162068, 0.001822, 14.000977, 26.800537, 382.812469
-0.003490, 0.078534, 1070.000000, 0.000000, 2000.000000, 1000.000000, 17.732685, 15.075853, 16.274765, 18.916695, -1.324690, 0.595731, 0.003726, -1.219824, 0.548571, 0.003419, -0.104866, 0.047160, 0.000306, 0.000000, -0.000000, -0.000000, -0.017452, 0.392670, 0.000000, -5.361147, -2.636233, -26.415379, 1.934266, -0.485044, -0.002280, 0.001791, 14.149414, 19.158936, 277.526855
-0.034904, 0.080279, 1069.000000, 0.000000, 2000.000000, 1000.000000, 15.057590, 15.307467, 17.160192, 16.474752, 0.233829, 0.817472, 0.108891, 0.210653, 0.736450, 0.097695, 0.023175, 0.081021, 0.011196, -0.000000, -0.000000, -0.000000, -0.174520, 0.401396, 0.000000, -5.971012, -6.318084, -26.669798, -0.511566, -0.776924, -0.065130, 0.002292, 14.106445, 19.918823, 287.780762
-0.064572, 0.068063, 1070.000000, 0.000000, 2000.000000, 1000.000000, 18.372931, 15.576760, 16.163679, 17.886629, -1.129780, 0.025154, 0.268305, -1.040528, 0.023167, 0.246298, -0.089252, 0.001987, 0.022007, 0.000000, 0.000000, -0.000000, -0.322862, 0.340314, 0.000000, -5.443191, -7.230063, -26.918182, 1.341983, 0.303247, -0.164199, 0.001787, 14.172852, 17.199707, 249.694809
-0.082024, 0.069808, 1070.000000, 0.000000, 2000.000000, 1000.000000, 19.717222, 14.719978, 14.529827, 19.032972, -2.375097, -0.218601, 0.123524, -2.162986, -0.199078, 0.112076, -0.212111, -0.019522, 0.011449, 0.000000, 0.000000, -0.000000, -0.410122, 0.349040, 0.000000, 1.388923, -8.717813, -26.308493, 3.050656, 0.667565, -0.074717, 0.002043, 14.094727, 21.441650, 309.204102
-0.089005, 0.092496, 1053.000000, 0.000000, 2000.000000, 1000.000000, 16.129110, 12.869967, 14.263033, 16.737890, -1.433501, 0.500461, 0.196072, -1.291982, 0.451054, 0.175991, -0.141519, 0.049407, 0.020081, 0.000000, -0.000000, -0.000000, -0.445026, 0.462478, 0.000000, 11.910584, -12.924438, -24.721378, 1.622146, -0.259209, -0.117327, 0.002282, 14.336914, 11.840820, 173.828110
-0.101222, 0.094241, 1054.000000, -0.001745, 2000.000000, 1000.000000, 14.647241, 14.312877, 15.370101, 15.669782, -0.158512, 0.519941, 0.008671, -0.145059, 0.475816, 0.007907, -0.013452, 0.044125, 0.000764, 0.000000, -0.000000, -0.000000, -0.506108, 0.471204, -0.008726, 13.009152, -14.527395, -24.644876, -0.274013, -0.290102, -0.013997, 0.001932, 14.352539, 11.920166, 175.109848
-0.181501, 0.092496, 1053.000000, -0.001745, 2000.000000, 1000.000000, 15.774794, 14.830933, 14.112667, 15.281607, -0.528200, -0.302863, -0.056269, -0.482484, -0.276650, -0.051215, -0.045716, -0.026213, -0.005055, 0.000000, 0.000000, 0.000000, -0.907504, 0.462478, -0.008726, 11.362494, -12.328397, -25.024588, -0.135530, 0.905118, 0.025417, 0.001974, 14.305664, 13.320923, 195.129379
-0.244328, 0.089005, 1049.000000, -0.001745, 2000.000000, 1000.000000, 15.673931, 13.079884, 12.141003, 15.105183, -1.389557, -0.376907, -0.092533, -1.254058, -0.340154, -0.083172, -0.135498, -0.036753, -0.009361, 0.000000, 0.000000, 0.000000, -1.221640, 0.445026, -0.008726, 13.610877, -10.342486, -24.501436, 0.784853, 0.989273, 0.046722, 0.002251, 14.391602, 8.999634, 132.690430
-0.240838, 0.090750, 1050.000000, -0.001745, 2000.000000, 1000.000000, 16.293707, 13.438830, 13.783008, 16.484457, -1.389081, 0.133731, 0.038357, -1.274443, 0.122694, 0.035071, -0.114639, 0.011037, 0.003286, 0.000000, 0.000000, -0.000000, -1.204188, 0.453752, -0.008726, 16.581394, -9.934648, -23.970516, 0.834920, 0.257441, -0.032107, 0.001874, 14.239258, 16.558838, 241.516098
-0.240838, 0.094241, 1048.000000, 0.000000, 2000.000000, 1000.000000, 14.067106, 12.879793, 14.163185, 14.889915, -0.478511, 0.526550, 0.115145, -0.434221, 0.477813, 0.104086, -0.044291, 0.048737, 0.011059, 0.000000, -0.000000, -0.000000, -1.204188, 0.471204, 0.000000, 17.206047, -10.875371, -24.117636, -0.509435, -0.293297, -0.069391, 0.002125, 14.352539, 12.200928, 179.382309
-0.240838, 0.095986, 1049.000000, -0.001745, 2000.000000, 1000.000000, 13.782006, 13.720931, 14.174876, 14.322186, -0.052097, 0.248532, -0.021559, -0.046733, 0.222945, -0.019257, -0.005363, 0.025587, -0.002302, -0.000000, -0.000000, 0.000000, -1.204188, 0.479930, -0.008726, 14.877616, -10.122385, -24.643505, -1.129415, 0.123218, 0.004112, 0.002391, 14.383789, 10.720825, 157.897949
-0.242583, 0.094241, 1049.000000, -0.001745, 2000.000000, 1000.000000, 14.408287, 14.090139, 13.647305, 13.854269, -0.131278, -0.249213, 0.027795, -0.120763, -0.229251, 0.025484, -0.010515, -0.019961, 0.002311, -0.000000, 0.000000, -0.000000, -1.212914, 0.471204, -0.008726, 12.609602, -7.596016, -25.052258, -1.019693, 0.838006, -0.025715, 0.001814, 14.422852, 9.280396, 136.901855
-0.258290, 0.094241, 1052.000000, -0.001745, 2000.000000, 1000.000000, 16.137562, 14.422243, 13.986725, 15.453470, -0.795516, -0.279902, 0.062143, -0.717788, -0.252554, 0.055844, -0.077728, -0.027349, 0.006299, 0.000000, 0.000000, -0.000000, -1.291448, 0.471204, -0.008726, 12.245125, -2.740150, -25.317175, -0.142986, 0.875290, -0.045955, 0.002256, 14.192383, 17.279053, 251.220688
-0.260035, 0.094241, 1054.000000, -0.001745, 2000.000000, 1000.000000, 15.664118, 13.946630, 14.566036, 15.823215, -0.743666, 0.194626, 0.115077, -0.673308, 0.176212, 0.103780, -0.070358, 0.018413, 0.011296, 0.000000, -0.000000, -0.000000, -1.300174, 0.471204, -0.008726, 12.566999, -1.401121, -25.417606, -0.222881, 0.189264, -0.077913, 0.002177, 14.290039, 12.799072, 187.805161
-0.263525, 0.092496, 1054.000000, -0.001745, 2000.000000, 1000.000000, 15.109488, 13.769733, 15.346218, 15.774560, -0.442025, 0.560389, 0.227853, -0.407249, 0.516301, 0.209241, -0.034776, 0.044088, 0.018612, -0.000000, -0.000000, -0.000000, -1.317626, 0.462478, -0.008726, 11.235702, -1.295379, -25.695375, -0.666028, -0.363604, -0.148220, 0.001779, 14.282227, 14.401245, 210.693344
-0.296684, 0.078534, 1055.000000, -0.003490, 2000.000000, 1000.000000, 15.483031, 14.266307, 15.399390, 14.851272, -0.167152, 0.125331, 0.441210, -0.150014, 0.112481, 0.394290, -0.017138, 0.012850, 0.046920, -0.000000, -0.000000, -0.000000, -1.483420, 0.392670, -0.017452, 6.615314, -0.148030, -26.493542, -1.243397, 0.212700, -0.280312, 0.002380, 14.286133, 13.760376, 201.293930
-0.291448, 0.071553, 1065.000000, -0.003490, 2000.000000, 1000.000000, 17.248598, 15.348119, 15.852363, 15.550920, -0.399760, -0.298359, 0.550480, -0.362017, -0.270190, 0.496555, -0.037742, -0.028169, 0.053926, -0.000000, 0.000000, -0.000000, -1.457242, 0.357766, -0.017452, 4.767889, 2.479856, -27.343676, -0.878014, 0.790070, -0.348488, 0.002172, 14.301758, 13.720703, 200.927719
-0.289703, 0.062827, 1071.000000, -0.001745, 2000.000000, 1000.000000, 18.583170, 16.167040, 16.537893, 16.711897, -0.647533, -0.375105, 0.560531, -0.596247, -0.345395, 0.514437, -0.051287, -0.029710, 0.046094, 0.000000, 0.000000, -0.000000, -1.448516, 0.314136, -0.008726, 4.456454, 5.396539, -28.270832, -0.494521, 0.866768, -0.351684, 0.001792, 13.985352, 23.599243, 338.134735
-0.263525, 0.048866, 1070.000000, -0.001745, 2000.000000, 1000.000000, 17.241611, 15.738236, 17.771103, 17.249050, -0.245331, 0.510077, 0.506356, -0.221494, 0.460518, 0.455315, -0.023836, 0.049559, 0.051041, -0.000000, -0.000000, -0.000000, -1.317626, 0.244328, -0.008726, 2.807529, 7.163759, -29.473082, -0.963235, -0.492501, -0.312270, 0.002242, 14.067383, 20.959473, 302.124023
-0.223386, 0.040140, 1070.000000, -0.001745, 2000.000000, 1000.000000, 16.748135, 16.355614, 18.353329, 16.542923, 0.354471, 0.448125, 0.550732, 0.320058, 0.404620, 0.495263, 0.034413, 0.043505, 0.055469, -0.000000, -0.000000, -0.000000, -1.116928, 0.200698, -0.008726, -1.135790, 7.603139, -29.856161, -1.629021, -0.446694, -0.338901, 0.002240, 14.090820, 20.440674, 295.104980
-0.191972, 0.034904, 1070.000000, 0.000000, 2000.000000, 1000.000000, 17.752556, 16.548470, 17.625576, 16.073399, 0.087022, -0.150513, 0.689066, 0.080006, -0.138378, 0.631389, 0.007016, -0.012135, 0.057677, -0.000000, 0.000000, -0.000000, -0.959860, 0.174520, 0.000000, -4.595198, 9.519964, -30.390463, -1.087870, 0.395924, -0.420926, 0.001827, 14.114258, 18.280029, 261.474609
-0.169284, 0.003490, 1070.000000, 0.000000, 2000.000000, 1000.000000, 19.307486, 15.853949, 16.324064, 16.514502, -0.910994, -0.580717, 0.815775, -0.819145, -0.522167, 0.730458, -0.091849, -0.058550, 0.085317, 0.000000, 0.000000, -0.000000, -0.846422, 0.017452, 0.000000, -3.407171, 12.837062, -32.555408, 0.464211, 0.852920, -0.486972, 0.002336, 14.063477, 21.679688, 312.805176
-0.116928, 0.003490, 1070.000000, 0.000000, 2000.000000, 1000.000000, 18.161951, 15.678802, 17.139032, 17.020216, -0.591084, 0.079624, 0.650491, -0.532362, 0.071714, 0.583452, -0.058722, 0.007910, 0.067039, 0.000000, -0.000000, -0.000000, -0.584642, 0.017452, 0.000000, -1.640797, 12.915002, -34.161179, 0.267138, -0.097290, -0.388968, 0.002298, 14.118164, 19.601440, 283.203125
-0.068063, 0.000000, 1070.000000, 0.000000, 2000.000000, 1000.000000, 16.544699, 15.948959, 18.619190, 16.887154, 0.284075, 0.753171, 0.581944, 0.261495, 0.693303, 0.533918, 0.022581, 0.059868, 0.048026, -0.000000, -0.000000, -0.000000, -0.340314, 0.000000, 0.000000, -3.419734, 11.738741, -34.809013, -0.758705, -1.109285, -0.355945, 0.001799, 14.106445, 19.119263, 276.611328
0.000000, -0.001745, 1065.000000, 0.000000, 2000.000000, 1000.000000, 15.606878, 15.453109, 17.104593, 15.835423, 0.278850, 0.470007, 0.355735, 0.250487, 0.422201, 0.318203, 0.028363, 0.047807, 0.037532, -0.000000, -0.000000, -0.000000, 0.000000, -0.008726, 0.000000, -8.666778, 10.411141, -34.820309, -0.400779, -0.684247, -0.212135, 0.002359, 14.278320, 13.400269, 195.922836
0.000000, -0.001745, 1054.000000, 0.000000, 2000.000000, 1000.000000, 16.049391, 13.707516, 14.685331, 15.557762, -0.803577, 0.121547, 0.367362, -0.726887, 0.109947, 0.330986, -0.076690, 0.011600, 0.036375, 0.000000, -0.000000, -0.000000, 0.000000, -0.008726, 0.000000, -8.325370, 8.857502, -35.445023, 1.163020, -0.184641, -0.220657, 0.002198, 14.438477, 5.679321, 83.984367
0.000000, -0.001745, 1053.000000, 0.000000, 2000.000000, 1000.000000, 16.825869, 13.042430, 13.985356, 16.146345, -1.486107, 0.065852, 0.405612, -1.369371, 0.060679, 0.372531, -0.116736, 0.005173, 0.033081, 0.000000, -0.000000, -0.000000, 0.000000, -0.008726, 0.000000, -4.303442, 5.599864, -36.618332, 2.190993, -0.105812, -0.248354, 0.001776, 14.293945, 13.198853, 193.298325
0.000000, -0.001745, 1052.000000, 0.000000, 2000.000000, 1000.000000, 15.230619, 13.569118, 15.242968, 15.957294, -0.593957, 0.600131, 0.236793, -0.535807, 0.541376, 0.212743, -0.058150, 0.058754, 0.024051, 0.000000, -0.000000, -0.000000, 0.000000, -0.008726, 0.000000, 0.252595, -0.245358, -38.603699, 0.857291, -0.874928, -0.141828, 0.002261, 14.278320, 13.601685, 198.913559
0.000000, -0.001745, 1051.000000, 0.000000, 2000.000000, 1000.000000, 14.154309, 14.343570, 16.023769, 15.478353, 0.183669, 0.751060, 0.089039, 0.165932, 0.678528, 0.080118, 0.017737, 0.072532, 0.008921, -0.000000, -0.000000, -0.000000, 0.000000, -0.008726, 0.000000, -1.193989, -2.937425, -38.833473, -0.265491, -1.094371, -0.053412, 0.002227, 14.278320, 14.520264, 212.280258
0.000000, -0.001745, 1050.000000, 0.000000, 2000.000000, 1000.000000, 14.730775, 14.573693, 15.777915, 14.917617, 0.175804, 0.347766, 0.254345, 0.161937, 0.320335, 0.233515, 0.013867, 0.027431, 0.020830, -0.000000, -0.000000, -0.000000, 0.000000, -0.008726, 0.000000, -3.271669, -4.190809, -39.307976, -0.259099, -0.521263, -0.155677, 0.001784, 14.395508, 9.039307, 133.178711
0.000000, -0.001745, 1051.000000, 0.000000, 2000.000000, 1000.000000, 15.901386, 14.043751, 14.675821, 15.379042, -0.640214, 0.027431, 0.288604, -0.577085, 0.024726, 0.259081, -0.063129, 0.002705, 0.029522, 0.000000, -0.000000, -0.000000, 0.000000, -0.008726, 0.000000, -2.727894, -5.557700, -40.015141, 0.923337, -0.048288, -0.172721, 0.002279, 14.270508, 13.479614, 197.021469
0.000000, -0.001745, 1049.000000, 0.000000, 2000.000000, 1000.000000, 15.117872, 12.196604, 13.662111, 15.023413, -1.070643, 0.342762, 0.389992, -0.965239, 0.309017, 0.350161, -0.105404, 0.033745, 0.039831, 0.000000, -0.000000, -0.000000, 0.000000, -0.008726, 0.000000, -0.421529, -8.222857, -40.361214, 1.544382, -0.503153, -0.233441, 0.002275, 14.418945, 8.920288, 131.713867
0.000000, -0.001745, 1051.000000, 0.000000, 2000.000000, 1000.000000, 15.696363, 13.073940, 15.285133, 15.944564, -0.820463, 0.614848, 0.490749, -0.756182, 0.566676, 0.450828, -0.064282, 0.048172, 0.039921, 0.000000, -0.000000, -0.000000, 0.000000, -0.008726, 0.000000, 1.144641, -12.144057, -40.769936, 1.209891, -0.915408, -0.300552, 0.001771, 14.161133, 18.841553, 273.315430
0.000000, -0.001745, 1049.000000, 0.000000, 2000.000000, 1000.000000, 14.445098, 12.476098, 14.665521, 14.413283, -0.429191, 0.539402, 0.555309, -0.384673, 0.483453, 0.495569, -0.044517, 0.055949, 0.059741, 0.000000, -0.000000, -0.000000, 0.000000, -0.008726, 0.000000, 1.088668, -17.240517, -42.257767, 0.615477, -0.782251, -0.330379, 0.002411, 14.293945, 13.320923, 194.824203
0.000000, -0.001745, 1041.000000, 0.000000, 2000.000000, 1000.000000, 14.646008, 12.740068, 14.404917, 14.209007, -0.427508, 0.306962, 0.525463, -0.384007, 0.275728, 0.470002, -0.043500, 0.031234, 0.055460, 0.000000, -0.000000, -0.000000, 0.000000, -0.008726, 0.000000, 1.170838, -19.464521, -43.164227, 0.614412, -0.449890, -0.313335, 0.002360, 14.407227, 9.201050, 135.681152
0.000000, -0.001745, 1027.000000, 0.000000, 2000.000000, 1000.000000, 12.820786, 11.138493, 12.113636, 11.927086, -0.373936, 0.020361, 0.467211, -0.344060, 0.018734, 0.428457, -0.029875, 0.001627, 0.038754, 0.000000, -0.000000, -0.000000, 0.000000, -0.008726, 0.000000, 1.931649, -20.929256, -43.726646, 0.550496, -0.038701, -0.285638, 0.001809, 14.504883, 5.358887, 79.589844
0.000000, -0.001745, 1012.000000, 0.000000, 2000.000000, 1000.000000, 12.002936, 10.245698, 10.776851, 10.974515, -0.488726, -0.124317, 0.389894, -0.444594, -0.113091, 0.353357, -0.044132, -0.011226, 0.036537, 0.000000, 0.000000, -0.000000, 0.000000, -0.008726, 0.000000, 4.421628, -21.976101, -43.894318, 0.711350, 0.172220, -0.235571, 0.002068, 14.594727, 3.518677, 52.612301
0.000000, -0.001745, 1004.000000, 0.000000, 2000.000000, 1000.000000, 10.534607, 8.948559, 10.200869, 10.315966, -0.425286, 0.258417, 0.367738, -0.425286, 0.258417, 0.367738, 0.000000, 0.000000, 0.000000, 0.000000, -0.000000, -0.000000, 0.000000, -0.008726, 0.000000, 5.712850, -23.533861, -43.986282, 0.680458, -0.422194, -0.245158, 0.002279, 14.625977, 2.160645, 32.409668
0.000000, -0.001745, 1013.000000, 0.000000, 2000.000000, 1000.000000, 10.871943, 10.220343, 11.570448, 11.337267, -0.104605, 0.453857, 0.221195, -0.096388, 0.418206, 0.203155, -0.008217, 0.035651, 0.018040, 0.000000, -0.000000, -0.000000, 0.000000, -0.008726, 0.000000, 4.519750, -27.712292, -45.618538, 0.154221, -0.677855, -0.135437, 0.001776, 14.579102, 3.921509, 58.471676
0.000000, -0.001745, 1012.000000, 0.000000, 2000.000000, 1000.000000, 11.385660, 10.655138, 11.069901, 10.889301, -0.137480, -0.020399, 0.227781, -0.125017, -0.018550, 0.206351, -0.012464, -0.001849, 0.021430, 0.000000, 0.000000, -0.000000, 0.000000, -0.008726, 0.000000, 3.904990, -29.000847, -46.522900, 0.200027, 0.020954, -0.137567, 0.002077, 14.512695, 6.039429, 89.721672
-0.001745, 0.001745, 1048.000000, 0.000000, 2000.000000, 1000.000000, 14.357660, 13.988525, 13.614374, 14.039440, -0.198550, -0.173093, -0.013982, -0.179073, -0.156113, -0.012559, -0.019477, -0.016980, -0.001423, 0.000000, 0.000000, 0.000000, -0.008726, 0.008726, 0.000000, 4.846019, -29.173634, -46.188992, 0.277790, 0.258506, 0.008373, 0.002266, 14.079102, 21.600342, 301.330566
-0.055846, 0.008726, 1070.000000, 0.000000, 2000.000000, 1000.000000, 17.158848, 16.747906, 16.876572, 17.216675, -0.187761, 0.046623, 0.017709, -0.172371, 0.042802, 0.016203, -0.015389, 0.003821, 0.001507, 0.000000, -0.000000, -0.000000, -0.279232, 0.043630, 0.000000, 5.549207, -29.257114, -45.797749, -0.003438, -0.024852, -0.010802, 0.001860, 13.891602, 28.640747, 407.714813
-0.099476, 0.031414, 1070.000000, 0.000000, 2000.000000, 1000.000000, 16.580360, 16.779026, 17.905312, 16.735302, 0.342168, 0.320306, 0.242836, 0.307803, 0.288136, 0.217536, 0.034366, 0.032170, 0.025299, -0.000000, -0.000000, -0.000000, -0.497382, 0.157068, 0.000000, 2.943735, -28.050200, -47.369949, -0.989866, -0.303950, -0.145024, 0.002326, 14.028320, 24.801636, 356.323212
-0.102967, 0.036649, 1069.000000, 0.000000, 2000.000000, 1000.000000, 15.775181, 15.877955, 16.992249, 15.354614, 0.435102, 0.173432, 0.383715, 0.391437, 0.156027, 0.343769, 0.043666, 0.017405, 0.039946, -0.000000, -0.000000, -0.000000, -0.514834, 0.183246, 0.000000, 0.146843, -26.060204, -49.149666, -1.141133, -0.066397, -0.229180, 0.002324, 14.149414, 18.560791, 269.104004
-0.106457, 0.033159, 1069.000000, 0.000000, 2000.000000, 1000.000000, 16.528997, 15.936419, 16.309383, 15.225198, 0.122902, -0.232709, 0.419191, 0.112883, -0.213739, 0.383716, 0.010019, -0.018970, 0.035475, -0.000000, 0.000000, -0.000000, -0.532286, 0.165794, 0.000000, -1.188146, -23.609804, -50.450108, -0.712899, 0.507776, -0.255811, 0.001849, 14.211914, 15.921021, 231.689438
-0.104712, 0.033159, 1067.000000, 0.000000, 2000.000000, 1000.000000, 16.320156, 16.095005, 16.266350, 15.318491, 0.180677, -0.207580, 0.293252, 0.162279, -0.186442, 0.262277, 0.018399, -0.021138, 0.030975, -0.000000, 0.000000, -0.000000, -0.523560, 0.165794, 0.000000, -0.690583, -20.228838, -51.101593, -0.783206, 0.464101, -0.174851, 0.002362, 14.176758, 16.119385, 234.130844
-0.094241, 0.005236, 1063.000000, 0.000000, 2000.000000, 1000.000000, 15.558454, 16.366247, 17.175695, 14.899602, 0.770972, 0.037649, 0.367075, 0.707657, 0.034557, 0.335780, 0.063315, 0.003092, 0.031295, -0.000000, -0.000000, -0.000000, -0.471204, 0.026178, 0.000000, -2.269520, -17.410570, -52.127129, -1.603455, -0.029113, -0.223853, 0.001864, 14.235352, 15.240479, 222.228989
-0.034904, 0.000000, 1060.000000, 0.000000, 2000.000000, 1000.000000, 14.994699, 16.363920, 18.021921, 14.619461, 1.192920, 0.320691, 0.508310, 1.095483, 0.294497, 0.465209, 0.097437, 0.026194, 0.043102, -0.000000, -0.000000, -0.000000, -0.174520, 0.000000, 0.000000, -6.171090, -13.850554, -53.934582, -1.927293, -0.471195, -0.310139, 0.001853, 14.176758, 17.279053, 250.610336
-0.001745, 0.000000, 1063.000000, 0.000000, 2000.000000, 1000.000000, 16.613873, 15.802036, 16.483547, 15.100544, 0.142792, -0.207955, 0.548710, 0.127855, -0.186200, 0.489177, 0.014938, -0.021754, 0.059533, -0.000000, 0.000000, -0.000000, -0.008726, 0.000000, 0.000000, -9.825646, -10.049530, -55.939419, -0.213293, 0.297921, -0.326118, 0.002434, 14.200195, 16.119385, 234.497055
-0.001745, 0.001745, 1063.000000, 0.000000, 2000.000000, 1000.000000, 17.598919, 15.343846, 15.650559, 15.406678, -0.502797, -0.471381, 0.624738, -0.463363, -0.434411, 0.573865, -0.039434, -0.036970, 0.050873, 0.000000, 0.000000, -0.000000, -0.008726, 0.008726, 0.000000, -7.919950, -10.225178, -56.573162, 0.732655, 0.703784, -0.382577, 0.001773, 14.211914, 15.679932, 228.210434
-0.068063, 0.022688, 1064.000000, 0.000000, 2000.000000, 1000.000000, 16.084421, 15.980947, 16.971521, 14.963112, 0.476234, -0.032684, 0.527971, 0.428607, -0.029415, 0.473198, 0.047627, -0.003269, 0.054773, -0.000000, 0.000000, -0.000000, -0.340314, 0.113438, 0.000000, -6.059511, -9.194085, -57.732113, -1.026085, 0.160502, -0.315465, 0.002315, 14.215820, 16.040039, 238.098129
-0.075044, 0.027923, 1063.000000, 0.000000, 2000.000000, 1000.000000, 15.126190, 16.637148, 17.834322, 14.402338, 1.235736, 0.118331, 0.480257, 1.115188, 0.106787, 0.431653, 0.120547, 0.011543, 0.048604, -0.000000, -0.000000, -0.000000, -0.375218, 0.139616, 0.000000, -8.494020, -5.245973, -58.826447, -2.159519, -0.031244, -0.287769, 0.002252, 14.192383, 16.558838, 240.417465
-0.055846, 0.027923, 1063.000000, 0.000000, 2000.000000, 1000.000000, 15.486918, 16.784239, 17.564589, 14.164256, 1.174413, -0.135578, 0.525753, 1.081969, -0.124906, 0.482785, 0.092443, -0.010672, 0.042968, -0.000000, 0.000000, -0.000000, -0.279232, 0.139616, 0.000000, -11.328175, 0.228148, -59.759983, -2.010383, 0.339466, -0.321857, 0.001780, 14.208008, 15.960693, 232.299789
-0.003490, 0.003490, 1063.000000, 0.000000, 2000.000000, 1000.000000, 17.086973, 16.342733, 16.272749, 14.297544, 0.307742, -0.714854, 0.679860, 0.277529, -0.644672, 0.610616, 0.030213, -0.070182, 0.069244, -0.000000, 0.000000, -0.000000, -0.017452, 0.017452, 0.000000, -10.773442, 6.190910, -61.444973, -0.461498, 1.048927, -0.407078, 0.002268, 14.176758, 16.961670, 245.910629
-0.003490, 0.001745, 1064.000000, 0.000000, 2000.000000, 1000.000000, 16.693220, 15.520209, 16.450016, 15.336555, -0.014887, -0.106714, 0.571618, -0.013419, -0.096192, 0.513145, -0.001468, -0.010523, 0.058473, 0.000000, 0.000000, -0.000000, -0.017452, 0.008726, 0.000000, -9.358978, 7.247554, -62.643520, 0.004019, 0.162633, -0.342097, 0.002279, 14.208008, 16.159058, 235.107407
0.000000, -0.001745, 1063.000000, 0.000000, 2000.000000, 1000.000000, 15.554654, 15.175941, 17.900581, 15.368823, 0.538261, 0.634703, 0.727618, 0.490170, 0.577995, 0.660151, 0.048092, 0.056708, 0.067467, -0.000000, -0.000000, -0.000000, 0.000000, -0.008726, 0.000000, -11.837689, 7.727660, -63.936565, -0.784272, -0.933517, -0.440101, 0.002044, 14.196289, 15.921021, 231.628403
0.000000, -0.001745, 1061.000000, 0.000000, 2000.000000, 1000.000000, 15.529330, 15.702085, 17.783493, 14.985093, 0.742788, 0.384293, 0.656412, 0.671929, 0.347633, 0.591442, 0.070859, 0.036660, 0.064970, -0.000000, -0.000000, -0.000000, 0.000000, -0.008726, 0.000000, -15.021345, 9.150583, -64.633125, -1.075087, -0.564938, -0.394294, 0.002197, 14.165039, 17.480469, 253.478989
0.000000, -0.001745, 1052.000000, 0.000000, 2000.000000, 1000.000000, 15.721152, 15.332950, 15.381351, 13.564548, 0.357150, -0.527051, 0.551251, 0.328384, -0.484600, 0.505156, 0.028766, -0.042451, 0.046095, -0.000000, 0.000000, -0.000000, 0.000000, -0.008726, 0.000000, -15.690072, 11.261571, -65.556602, -0.525414, 0.766634, -0.336771, 0.001825, 14.344727, 10.720825, 157.409668
0.000000, -0.001745, 1044.000000, 0.000000, 2000.000000, 1000.000000, 15.722509, 13.486528, 13.750849, 13.040113, -0.381311, -0.604519, 0.736680, -0.344726, -0.546518, 0.663347, -0.036585, -0.058001, 0.073333, 0.000000, 0.000000, -0.000000, 0.000000, -0.008726, 0.000000, -11.224001, 12.562703, -68.051949, 0.551562, 0.865703, -0.442231, 0.002211, 14.430664, 7.519531, 111.083977
0.000000, -0.001745, 1037.000000, 0.000000, 2000.000000, 1000.000000, 13.583200, 11.798304, 13.679655, 12.938841, -0.261020, 0.309248, 0.631428, -0.235537, 0.279057, 0.567473, -0.025483, 0.030192, 0.063954, 0.000000, -0.000000, -0.000000, 0.000000, -0.008726, 0.000000, -10.334696, 11.552301, -69.452019, 0.376859, -0.455217, -0.378316, 0.002254, 14.497070, 5.358887, 79.589844
0.000000, -0.001745, 1036.000000, 0.000000, 2000.000000, 1000.000000, 12.686385, 11.998328, 14.201430, 13.113856, 0.099879, 0.657643, 0.443908, 0.092030, 0.605958, 0.407685, 0.007850, 0.051686, 0.036223, -0.000000, -0.000000, -0.000000, 0.000000, -0.008726, 0.000000, -12.416537, 10.444736, -69.980492, -0.147247, -0.978258, -0.271790, 0.001777, 14.450195, 7.321167, 108.276360
0.001745, -0.001745, 1038.000000, 0.000000, 2000.000000, 1000.000000, 13.021916, 13.198215, 13.716283, 12.063586, 0.457249, -0.110066, 0.369099, 0.411734, -0.099110, 0.330986, 0.045515, -0.010956, 0.038113, -0.000000, 0.000000, -0.000000, 0.008726, -0.008726, 0.000000, -15.208455, 11.540054, -70.372749, -0.650049, 0.149850, -0.220657, 0.002303, 14.426758, 10.681152, 157.287598
0.001745, -0.001745, 1042.000000, 0.000000, 2000.000000, 1000.000000, 14.936822, 14.633111, 13.952607, 12.477460, 0.292859, -0.784966, 0.444715, 0.263264, -0.705641, 0.398097, 0.029595, -0.079325, 0.046617, -0.000000, 0.000000, -0.000000, 0.008726, -0.008726, 0.000000, -13.843358, 13.606588, -71.333824, -0.412497, 1.120300, -0.265398, 0.002342, 14.266602, 14.120483, 206.298813
0.001745, -0.001745, 1042.000000, 0.000000, 2000.000000, 1000.000000, 15.215373, 14.343793, 13.533401, 12.907434, -0.061403, -0.779583, 0.374387, -0.056313, -0.714962, 0.342171, -0.005090, -0.064621, 0.032215, 0.000000, 0.000000, -0.000000, 0.008726, -0.008726, 0.000000, -10.642418, 14.998429, -72.850113, 0.098827, 1.135213, -0.228114, 0.001883, 14.329102, 11.718750, 171.874985
0.001745, -0.001745, 1046.000000, 0.000000, 2000.000000, 1000.000000, 14.196579, 13.017277, 14.602955, 14.183189, -0.189885, 0.393072, 0.399767, -0.170828, 0.353625, 0.358150, -0.019056, 0.039448, 0.041617, 0.000000, -0.000000, -0.000000, 0.008726, -0.008726, 0.000000, -8.980071, 14.126904, -74.213997, 0.282051, -0.574525, -0.238767, 0.002324, 14.344727, 11.441040, 168.090805
0.000000, -0.001745, 1044.000000, 0.000000, 2000.000000, 1000.000000, 13.680256, 12.680176, 15.173496, 14.466072, -0.073164, 0.819784, 0.426876, -0.067093, 0.751765, 0.390108, -0.006071, 0.068020, 0.036768, 0.000000, -0.000000, -0.000000, 0.000000, -0.008726, 0.000000, -11.464228, 12.874220, -74.307266, 0.107349, -1.211550, -0.260072, 0.001885, 14.336914, 11.840820, 173.828110
0.001745, -0.001745, 1044.000000, 0.000000, 2000.000000, 1000.000000, 13.784296, 13.274036, 14.809130, 14.132538, 0.041583, 0.470833, 0.296713, 0.038228, 0.432853, 0.271864, 0.003354, 0.037980, 0.024848, -0.000000, -0.000000, -0.000000, 0.008726, -0.008726, 0.000000, -14.219676, 12.069792, -74.323860, -0.052439, -0.701291, -0.181243, 0.001828, 14.348633, 10.958862, 161.010727
0.000000, -0.001745, 1047.000000, 0.000000, 2000.000000, 1000.000000, 14.882081, 14.075517, 13.779519, 13.262883, -0.072482, -0.478799, 0.330800, -0.065096, -0.430006, 0.295833, -0.007387, -0.048794, 0.034967, 0.000000, 0.000000, -0.000000, 0.000000, -0.008726, 0.000000, -13.728370, 12.019512, -75.222862, 0.104153, 0.679283, -0.197222, 0.002364, 14.344727, 11.401367, 167.480453
0.001745, -0.001745, 1049.000000, 0.000000, 2000.000000, 1000.000000, 14.981940, 13.703521, 13.947705, 13.366834, -0.174387, -0.342731, 0.464823, -0.159510, -0.313493, 0.423664, -0.014877, -0.029238, 0.041159, 0.000000, 0.000000, -0.000000, 0.008726, -0.008726, 0.000000, -11.767904, 11.949512, -76.339531, 0.263942, 0.492863, -0.282442, 0.001943, 14.383789, 9.600830, 141.418457
0.001745, -0.001745, 1049.000000, 0.000000, 2000.000000, 1000.000000, 14.209408, 13.436192, 14.389530, 13.964870, -0.087139, 0.177200, 0.299469, -0.078950, 0.160547, 0.270267, -0.008189, 0.016653, 0.029202, 0.000000, -0.000000, -0.000000, 0.008726, -0.008726, 0.000000, -11.368560, 11.433874, -77.098137, 0.135046, -0.265601, -0.180178, 0.002161, 14.348633, 11.361694, 166.992172
0.001745, -0.001745, 1056.000000, 0.000000, 2000.000000, 1000.000000, 15.038902, 14.071791, 15.568743, 15.320564, -0.179733, 0.444654, 0.303822, -0.161507, 0.399564, 0.271864, -0.018226, 0.045090, 0.031958, 0.000000, -0.000000, -0.000000, 0.008726, -0.008726, 0.000000, -13.471670, 10.360859, -77.264847, 0.267138, -0.648028, -0.181243, 0.002351, 14.254883, 13.681030, 199.584946
0.000000, -0.001745, 1056.000000, 0.000000, 2000.000000, 1000.000000, 15.473637, 14.346012, 15.135660, 15.044691, -0.259163, 0.090175, 0.304649, -0.237534, 0.082650, 0.278256, -0.021629, 0.007526, 0.026393, 0.000000, -0.000000, -0.000000, 0.000000, -0.008726, 0.000000, -14.248970, 9.105722, -77.719170, 0.380055, -0.140966, -0.185504, 0.001897, 14.235352, 14.880371, 217.102036
0.000000, -0.001745, 1056.000000, 0.000000, 2000.000000, 1000.000000, 16.055937, 14.735679, 14.702006, 14.506377, -0.281157, -0.395808, 0.378972, -0.254845, -0.358766, 0.342171, -0.026312, -0.037042, 0.036801, 0.000000, 0.000000, -0.000000, 0.000000, -0.008726, 0.000000, -12.395209, 7.408162, -78.952324, 0.407752, 0.565300, -0.228114, 0.002151, 14.270508, 14.160156, 206.787094
0.000000, -0.001745, 1056.000000, 0.000000, 2000.000000, 1000.000000, 15.598858, 14.906908, 14.975758, 14.518476, -0.058667, -0.252883, 0.287308, -0.053112, -0.228938, 0.259081, -0.005555, -0.023945, 0.028227, 0.000000, 0.000000, -0.000000, 0.000000, -0.008726, 0.000000, -10.875300, 6.894526, -79.685127, 0.084979, 0.357575, -0.172721, 0.002179, 14.317383, 11.999512, 176.025375
0.001745, -0.001745, 1057.000000, 0.000000, 2000.000000, 1000.000000, 15.117607, 14.836437, 15.391459, 14.654497, 0.113948, 0.022978, 0.254533, 0.102810, 0.020732, 0.228721, 0.011138, 0.002246, 0.025811, -0.000000, -0.000000, -0.000000, 0.008726, -0.008726, 0.000000, -10.600509, 7.172542, -80.181953, -0.155769, -0.041897, -0.152481, 0.002257, 14.290039, 12.838745, 187.927231
0.000000, -0.001745, 1057.000000, 0.000000, 2000.000000, 1000.000000, 15.205127, 14.674598, 15.141927, 14.978349, -0.091737, 0.060138, 0.173527, -0.082406, 0.054021, 0.155219, -0.009331, 0.006117, 0.018308, 0.000000, -0.000000, -0.000000, 0.000000, -0.008726, 0.000000, -11.215631, 7.532701, -80.598686, 0.131850, -0.095159, -0.103479, 0.002359, 14.282227, 14.120483, 206.420883
0.001745, -0.001745, 1057.000000, 0.000000, 2000.000000, 1000.000000, 16.162552, 14.382477, 14.411572, 15.043400, -0.602975, -0.272514, 0.287062, -0.546332, -0.246914, 0.259081, -0.056644, -0.025600, 0.027981, 0.000000, 0.000000, -0.000000, 0.008726, -0.008726, 0.000000, -10.581100, 6.005563, -81.057076, 0.882857, 0.386337, -0.172721, 0.002160, 14.286133, 13.079834, 191.284164
0.000000, -0.001745, 1057.000000, 0.000000, 2000.000000, 1000.000000, 16.869358, 14.318274, 13.977711, 14.834658, -0.852008, -0.593816, 0.423534, -0.784145, -0.546518, 0.388510, -0.067863, -0.047298, 0.035024, 0.000000, 0.000000, -0.000000, 0.000000, -0.008726, 0.000000, -8.368072, 3.167674, -81.887474, 1.254632, 0.865703, -0.259007, 0.001803, 14.317383, 11.560059, 169.494614
0.001745, 0.000000, 1057.000000, 0.000000, 2000.000000, 1000.000000, 16.201014, 14.470953, 14.773153, 14.554880, -0.377947, -0.335983, 0.487084, -0.341270, -0.303379, 0.438045, -0.036677, -0.032605, 0.049039, 0.000000, 0.000000, -0.000000, 0.008726, 0.000000, 0.000000, -4.193320, -0.673971, -83.222008, 0.554757, 0.485406, -0.292030, 0.002239, 14.266602, 12.838745, 187.805161
0.001745, 0.000000, 1057.000000, 0.000000, 2000.000000, 1000.000000, 14.637141, 14.846354, 15.352729, 15.163775, 0.099542, 0.258252, -0.005065, 0.090160, 0.233911, -0.004570, 0.009382, 0.024342, -0.000495, -0.000000, -0.000000, 0.000000, 0.008726, 0.000000, 0.000000, -4.059649, -1.108460, -83.476646, -0.135530, -0.374257, 0.003047, 0.002168, 14.286133, 13.558960, 198.303207
0.001745, 0.000000, 1057.000000, 0.000000, 2000.000000, 1000.000000, 14.527086, 14.632099, 15.682367, 15.158447, 0.157233, 0.420407, 0.104726, 0.144754, 0.387041, 0.096097, 0.012479, 0.033366, 0.008629, -0.000000, -0.000000, -0.000000, 0.008726, 0.000000, 0.000000, -5.753629, -0.570837, -83.546570, -0.222881, -0.619266, -0.064065, 0.001796, 14.290039, 12.521362, 183.410629
0.001745, 0.003490, 1057.000000, 0.000000, 2000.000000, 1000.000000, 15.427082, 14.577669, 15.126680, 14.868568, -0.147825, -0.002375, 0.276881, -0.136208, -0.002189, 0.254288, -0.011618, -0.000187, 0.022593, 0.000000, -0.000000, -0.000000, 0.008726, 0.017452, 0.000000, -6.689842, -0.746602, -83.921196, 0.226658, 0.020954, -0.169525, 0.001777, 14.282227, 12.481689, 182.678207
-0.001745, 0.094241, 1056.000000, 0.000000, 2000.000000, 1000.000000, 16.226067, 14.397765, 14.049878, 15.326291, -0.776178, -0.311915, 0.137972, -0.696389, -0.279851, 0.123261, -0.079789, -0.032064, 0.014711, 0.000000, 0.000000, -0.000000, -0.008726, 0.471204, 0.000000, -3.824471, -3.861825, -84.460022, 1.105496, 0.918966, -0.082174, 0.002387, 14.243164, 14.678955, 215.515121
-0.040140, 0.160558, 1057.000000, 0.000000, 2000.000000, 1000.000000, 15.885243, 14.075685, 14.237477, 15.801595, -0.843419, 0.019536, 0.061360, -0.774427, 0.017938, 0.056150, -0.068992, 0.001598, 0.005211, 0.000000, 0.000000, -0.000000, -0.200698, 0.802792, 0.000000, -1.123924, -6.647211, -84.353638, 1.038384, 0.774091, -0.037433, 0.001856, 14.270508, 13.839722, 202.331528
-0.073298, 0.150087, 1057.000000, 0.000000, 2000.000000, 1000.000000, 15.520270, 14.124743, 14.796393, 15.558593, -0.539431, 0.177493, 0.158331, -0.487231, 0.160317, 0.142436, -0.052200, 0.017176, 0.015896, 0.000000, 0.000000, -0.000000, -0.366492, 0.750436, 0.000000, 0.833306, -8.254779, -84.239685, 0.413078, 0.493928, -0.094957, 0.002232, 14.309570, 12.640381, 185.302719
-0.061082, 0.125654, 1058.000000, 0.000000, 2000.000000, 1000.000000, 15.034597, 15.049524, 15.357916, 14.557962, 0.203720, -0.042061, 0.196257, 0.183442, -0.037874, 0.175991, 0.020278, -0.004187, 0.020265, -0.000000, 0.000000, -0.000000, -0.305410, 0.628272, 0.000000, 2.912132, -7.648668, -84.459244, -0.598917, 0.688870, -0.117327, 0.002303, 14.317383, 12.561035, 184.020981
-0.061082, 0.123909, 1069.000000, 0.000000, 2000.000000, 1000.000000, 15.878566, 16.688807, 16.350237, 15.082391, 0.519522, -0.283687, 0.114401, 0.474390, -0.259042, 0.104086, 0.045132, -0.024644, 0.010315, -0.000000, 0.000000, -0.000000, -0.305410, 0.619546, 0.000000, 5.143315, -5.180065, -84.404907, -1.064434, 1.034014, -0.069391, 0.001982, 14.168945, 17.041016, 247.009262
-0.054101, 0.125654, 1069.000000, 0.000000, 2000.000000, 1000.000000, 16.266594, 16.347622, 16.468575, 14.917211, 0.408099, -0.307108, 0.367583, 0.372369, -0.280220, 0.334182, 0.035730, -0.026888, 0.033401, -0.000000, 0.000000, -0.000000, -0.270506, 0.628272, 0.000000, 7.959169, -1.944178, -84.645233, -0.866296, 1.076624, -0.222788, 0.001999, 13.993164, 24.481201, 350.891083
-0.062827, 0.115183, 1070.000000, 0.000000, 2000.000000, 1000.000000, 16.719788, 16.134064, 18.172974, 16.973175, 0.153519, 0.573074, 0.446380, 0.138041, 0.515295, 0.399695, 0.015478, 0.057779, 0.046684, -0.000000, -0.000000, -0.000000, -0.314136, 0.575916, 0.000000, 9.653450, 1.199155, -85.459717, -0.535001, -0.248557, -0.266464, 0.002336, 14.008789, 24.359131, 349.487274
-0.076789, 0.080279, 1070.000000, 0.000000, 2000.000000, 1000.000000, 16.848282, 15.855019, 18.073566, 17.223133, -0.035707, 0.648349, 0.460924, -0.032089, 0.582654, 0.412478, -0.003618, 0.065695, 0.048446, -0.000000, -0.000000, -0.000000, -0.383944, 0.401396, 0.000000, 8.109834, 2.413155, -86.140541, -0.332602, -0.530850, -0.274986, 0.002349, 14.086914, 19.281006, 278.320312
-0.087260, 0.031414, 1074.000000, 0.000000, 2000.000000, 1000.000000, 17.930336, 16.771420, 16.925190, 16.373055, -0.151696, -0.350879, 0.427762, -0.139379, -0.322390, 0.391706, -0.012317, -0.028489, 0.036057, -0.000000, 0.000000, -0.000000, -0.436300, 0.157068, 0.000000, 8.169658, 3.199250, -86.888702, -0.213293, 0.672891, -0.261137, 0.001841, 14.083008, 19.879150, 286.621094
-0.069808, 0.001745, 1077.000000, 0.000000, 2000.000000, 1000.000000, 18.840620, 17.278204, 16.030922, 15.850256, -0.345438, -1.059411, 0.435770, -0.310543, -0.952393, 0.390108, -0.034895, -0.107018, 0.045662, 0.000000, 0.000000, -0.000000, -0.349040, 0.008726, 0.000000, 13.991625, 3.706532, -88.286293, 0.147829, 1.532554, -0.260072, 0.002341, 14.098633, 19.039917, 275.207520
-0.055846, -0.001745, 1075.000000, 0.000000, 2000.000000, 1000.000000, 17.734276, 16.599613, 16.899399, 16.766712, -0.250494, -0.166944, 0.316837, -0.229629, -0.153039, 0.289441, -0.020865, -0.013906, 0.027396, 0.000000, 0.000000, -0.000000, -0.279232, -0.008726, 0.000000, 16.536940, 3.531124, -89.035934, 0.088175, 0.236136, -0.192961, 0.001893, 14.122070, 17.959595, 259.826660
-0.045375, 0.000000, 1075.000000, 0.000000, 2000.000000, 1000.000000, 16.496735, 15.984836, 18.151379, 17.367050, 0.068108, 0.759214, 0.324057, 0.061418, 0.684648, 0.291039, 0.006689, 0.074566, 0.033018, -0.000000, -0.000000, -0.000000, -0.226876, 0.000000, 0.000000, 13.777852, 4.595549, -89.525482, -0.325145, -1.095436, -0.194026, 0.002269, 14.028320, 22.161865, 318.420410
-0.036649, 0.001745, 1058.000000, 0.000000, 2000.000000, 1000.000000, 15.265487, 14.400409, 15.388980, 14.945125, -0.105305, 0.167052, 0.327233, -0.095070, 0.150815, 0.294235, -0.010236, 0.016237, 0.032998, 0.000000, -0.000000, -0.000000, -0.183246, 0.008726, 0.000000, 11.800467, 5.190855, -89.869537, -0.031134, -0.232578, -0.196157, 0.002243, 14.106445, 19.360352, 279.479980
-0.045375, 0.003490, 1012.000000, 0.000000, 2000.000000, 1000.000000, 12.667190, 10.567357, 10.061427, 10.704026, -0.685608, -0.617273, 0.364308, -0.630999, -0.568107, 0.334182, -0.054609, -0.049166, 0.030127, 0.000000, 0.000000, -0.000000, -0.226876, 0.017452, 0.000000, 13.005919, 4.112162, -90.573898, 0.782723, 0.926423, -0.222788, 0.001803, 17.883789, 0.000000, 0.671387
-0.109948, 0.000000, 1014.000000, 0.000000, 2000.000000, 1000.000000, 12.050848, 10.373474, 10.324217, 11.251461, -0.651154, -0.212161, 0.187532, -0.585781, -0.190861, 0.168002, -0.065373, -0.021300, 0.019530, 0.000000, 0.000000, -0.000000, -0.549738, 0.000000, 0.000000, 16.473358, 0.929022, -91.336273, 0.387512, 0.305377, -0.112001, 0.002325, 14.559570, 4.080200, 60.791012
-0.129145, 0.000000, 1040.000000, 0.000000, 2000.000000, 1000.000000, 13.968165, 13.282828, 14.490346, 14.258660, -0.113412, 0.374503, 0.229256, -0.102491, 0.338439, 0.206351, -0.010921, 0.036064, 0.022905, -0.000000, -0.000000, -0.000000, -0.645724, 0.000000, 0.000000, 16.014330, 1.183267, -91.665207, -0.481738, -0.541502, -0.137567, 0.002220, 14.235352, 16.079712, 234.374985
-0.172775, -0.001745, 1049.000000, 0.000000, 2000.000000, 1000.000000, 13.683652, 13.319171, 14.668221, 14.328956, -0.006304, 0.498589, 0.175937, -0.005810, 0.459485, 0.161610, -0.000494, 0.039104, 0.014327, -0.000000, -0.000000, -0.000000, -0.863874, -0.008726, 0.000000, 14.133592, 3.251555, -91.888840, -0.854579, -0.743901, -0.107740, 0.001773, 14.266602, 13.558960, 198.120102
-0.235602, -0.001745, 1090.000000, 0.043630, 2000.000000, 1000.000000, 19.870604, 18.099680, 18.847368, 19.182348, -0.526475, 0.014857, 0.358986, -0.475117, 0.013408, 0.322655, -0.051358, 0.001449, 0.036331, 0.000000, -0.000000, -0.000000, -1.178010, -0.008726, 0.218150, 12.411267, 5.975545, -92.076561, -0.417823, -0.030179, 0.003047, 0.002252, 13.575195, 42.721558, 593.322754
-0.251309, -0.001745, 1095.000000, 0.048866, 2000.000000, 1000.000000, 19.740067, 18.411911, 18.542999, 19.305023, -0.522545, -0.075988, 0.141533, -0.470938, -0.068484, 0.127033, -0.051607, -0.007505, 0.014501, 0.000000, 0.000000, 0.000000, -1.256544, -0.008726, 0.244328, 12.621114, 6.894255, -91.836456, -0.503043, 0.100848, 0.159640, 0.002283, 13.762695, 30.480957, 429.504364
-0.249564, -0.001745, 1100.000000, 0.048866, 2000.000000, 1000.000000, 20.107300, 19.589554, 19.824635, 20.478512, -0.292907, 0.151573, -0.034032, -0.269077, 0.139242, -0.031158, -0.023829, 0.012331, -0.002874, -0.000000, -0.000000, 0.000000, -1.247818, -0.008726, 0.244328, 12.576433, 8.587223, -91.266937, -0.817294, -0.231512, 0.265100, 0.001845, 13.489258, 46.160889, 637.390137
-0.183246, -0.001745, 1100.000000, 0.071553, 2000.000000, 1000.000000, 19.148565, 19.839052, 20.830000, 20.182383, 0.334526, 0.506191, -0.010718, 0.301019, 0.455490, -0.009605, 0.033507, 0.050701, -0.001114, -0.000000, -0.000000, 0.000000, -0.916230, -0.008726, 0.357766, 9.875077, 13.709186, -89.370178, -1.397860, -0.737510, 0.364169, 0.002319, 13.653320, 33.279419, 465.515106
-0.125654, -0.001745, 1100.000000, 0.097731, 2000.000000, 1000.000000, 20.199305, 20.009546, 20.207579, 19.583570, 0.108563, -0.104425, 0.203442, 0.097500, -0.093784, 0.181937, 0.011063, -0.010642, 0.021505, -0.000000, 0.000000, 0.000000, -0.628272, -0.008726, 0.488656, 9.068094, 16.911119, -88.150810, -0.784272, 0.141328, 0.367365, 0.002364, 13.672852, 33.319092, 466.491669
-0.095986, -0.001745, 1100.000000, 0.129145, 2000.000000, 1000.000000, 21.454882, 18.789774, 19.327723, 20.427622, -0.941252, -0.122328, 0.391302, -0.865057, -0.112426, 0.358417, -0.076194, -0.009902, 0.032885, 0.000000, 0.000000, 0.000000, -0.479930, -0.008726, 0.645724, 9.919407, 16.632193, -87.446152, 0.904162, 0.171155, 0.406779, 0.001835, 13.708008, 36.520386, 509.094208
-0.076789, -0.001745, 1084.000000, 0.165794, 2000.000000, 1000.000000, 17.343309, 16.060698, 19.326406, 19.269587, -0.306449, 1.297997, 0.334858, -0.275100, 1.165218, 0.299328, -0.031348, 0.132779, 0.035530, 0.000000, -0.000000, 0.000000, -0.383944, -0.008726, 0.828970, 6.314559, 12.894914, -84.229584, 0.056217, -1.873075, 0.629418, 0.002374, 14.071289, 19.439697, 279.907227
-0.057592, -0.001745, 1083.000000, 0.195462, 2000.000000, 1000.000000, 17.065845, 16.451054, 20.164749, 18.318352, 0.307901, 1.241550, 0.615298, 0.278238, 1.121942, 0.553798, 0.029662, 0.119608, 0.061499, -0.000000, -0.000000, 0.000000, -0.287958, -0.008726, 0.977312, 0.751086, 13.356153, -81.386604, -0.733139, -1.803833, 0.608113, 0.002221, 13.903320, 25.479126, 362.609833
-0.012216, -0.001745, 1072.000000, 0.228621, 2000.000000, 1000.000000, 17.441416, 16.185389, 17.857821, 16.515375, 0.021604, 0.186599, 0.649617, 0.019898, 0.171865, 0.596362, 0.001706, 0.014734, 0.053255, -0.000000, -0.000000, 0.000000, -0.061082, -0.008726, 1.143106, -2.398101, 14.137542, -78.776604, -0.092919, -0.283710, 0.745531, 0.001786, 14.208008, 13.479614, 196.228012
-0.008726, -0.001745, 1067.000000, 0.247818, 2000.000000, 1000.000000, 18.189699, 15.168923, 14.956264, 15.685114, -0.937406, -0.679311, 0.572981, -0.846035, -0.613097, 0.515039, -0.091372, -0.066214, 0.057942, 0.000000, 0.000000, 0.000000, -0.043630, -0.008726, 1.239092, 0.906291, 12.071828, -76.034149, 1.310025, 0.972229, 0.895733, 0.002250, 14.153320, 16.360474, 237.182602
-0.027923, -0.001745, 1068.000000, 0.249564, 2000.000000, 1000.000000, 17.451952, 14.631721, 15.411448, 16.504881, -0.978416, -0.041835, 0.431700, -0.885386, -0.037858, 0.389112, -0.093029, -0.003978, 0.042588, 0.000000, 0.000000, 0.000000, -0.139616, -0.008726, 1.247818, 3.484835, 8.774707, -73.943657, 1.277002, 0.051846, 0.988410, 0.002189, 14.188477, 15.319824, 222.534164
-0.055846, -0.001745, 1064.000000, 0.249564, 2000.000000, 1000.000000, 16.232586, 14.295400, 16.799683, 16.672333, -0.452459, 0.736007, 0.516134, -0.416715, 0.677862, 0.473800, -0.035744, 0.058144, 0.042334, 0.000000, -0.000000, 0.000000, -0.279232, -0.008726, 1.247818, 2.717989, 6.040158, -71.278839, 0.387512, -1.093306, 0.931951, 0.001787, 14.161133, 16.159058, 234.374985
-0.068063, -0.001745, 1053.000000, 0.249564, 2000.000000, 1000.000000, 14.592978, 13.490610, 16.365837, 15.550574, -0.071776, 0.958206, 0.479407, -0.064741, 0.864283, 0.430657, -0.007035, 0.093923, 0.048750, -0.000000, -0.000000, 0.000000, -0.340314, -0.008726, 1.247818, -3.365964, 4.142898, -66.714661, -0.236729, -1.391578, 0.960713, 0.002264, 14.313477, 11.199951, 164.123520
-0.066318, -0.001745, 1053.000000, 0.254799, 2000.000000, 1000.000000, 15.648733, 13.499815, 15.470972, 15.380480, -0.514607, 0.425726, 0.559853, -0.466082, 0.385582, 0.505077, -0.048525, 0.040144, 0.054776, 0.000000, -0.000000, 0.000000, -0.331588, -0.008726, 1.273996, -5.750693, 2.825694, -64.019501, 0.414143, -0.625658, 0.937278, 0.002169, 14.270508, 12.078857, 176.574692
-0.062827, -0.001745, 1047.000000, 0.284468, 2000.000000, 1000.000000, 15.417135, 12.588451, 13.876762, 14.117651, -0.767393, -0.002794, 0.646949, -0.706176, -0.002571, 0.593368, -0.061217, -0.000223, 0.053581, 0.000000, -0.000000, 0.000000, -0.314136, -0.008726, 1.422338, -5.558963, 0.935585, -61.399284, 0.815746, -0.004613, 1.026759, 0.001806, 14.223633, 14.041138, 204.284653
-0.061082, -0.001745, 1045.000000, 0.289703, 2000.000000, 1000.000000, 14.694904, 12.966663, 14.475817, 13.862616, -0.278760, 0.169217, 0.585361, -0.251317, 0.152557, 0.525577, -0.027444, 0.016659, 0.059784, 0.000000, -0.000000, 0.000000, -0.305410, -0.008726, 1.448516, -4.526717, -1.273514, -56.939388, 0.096697, -0.252818, 1.098132, 0.002275, 14.391602, 8.401489, 123.718254
-0.061082, -0.001745, 1044.000000, 0.289703, 2000.000000, 1000.000000, 13.941710, 13.042912, 15.173201, 13.842178, 0.108056, 0.507689, 0.557455, 0.098221, 0.461482, 0.504804, 0.009835, 0.046207, 0.052651, -0.000000, -0.000000, 0.000000, -0.305410, -0.008726, 1.448516, -6.028447, -1.596380, -53.997154, -0.462564, -0.747097, 1.111980, 0.002086, 14.329102, 10.879517, 159.423828
-0.062827, -0.001745, 1044.000000, 0.289703, 2000.000000, 1000.000000, 13.908421, 12.594378, 15.198675, 14.298527, -0.103474, 0.748601, 0.553548, -0.094984, 0.687183, 0.506402, -0.008489, 0.061418, 0.047146, -0.000000, -0.000000, 0.000000, -0.314136, -0.008726, 1.448516, -8.811807, -2.497625, -51.026527, -0.162161, -1.108220, 1.110915, 0.001862, 14.321289, 11.080933, 162.475571
-0.076789, -0.001745, 1037.000000, 0.289703, 2000.000000, 1000.000000, 13.874989, 11.448351, 13.053701, 13.622959, -0.748974, 0.338331, 0.464345, -0.675238, 0.305022, 0.416920, -0.073736, 0.033308, 0.047425, 0.000000, -0.000000, 0.000000, -0.383944, -0.008726, 1.448516, -10.599568, -5.857215, -46.477772, 0.696437, -0.496762, 1.170569, 0.002275, 14.415039, 8.200073, 120.971672
-0.104712, -0.001745, 1038.000000, 0.273996, 2000.000000, 1000.000000, 14.039753, 11.736715, 12.537170, 13.686361, -0.863057, 0.111766, 0.288462, -0.792458, 0.102623, 0.263966, -0.070599, 0.009143, 0.024496, 0.000000, -0.000000, 0.000000, -0.523560, -0.008726, 1.369982, -9.674884, -7.838997, -43.214287, 0.744373, -0.172923, 1.194005, 0.001856, 14.387695, 8.441162, 124.389641
-0.120419, 0.000000, 1038.000000, 0.239092, 2000.000000, 1000.000000, 13.165501, 12.318287, 12.963245, 13.552967, -0.359234, 0.258106, 0.064373, -0.325558, 0.233911, 0.058112, -0.033676, 0.024196, 0.006262, 0.000000, -0.000000, 0.000000, -0.602094, 0.000000, 1.195462, -9.385639, -8.989943, -39.911217, -0.081201, -0.374257, 1.156721, 0.002155, 14.391602, 8.880615, 130.798340
-0.095986, 0.000000, 1039.000000, 0.130890, 2000.000000, 1000.000000, 11.493429, 13.029663, 13.786663, 13.690245, 0.408163, 0.738454, -0.359954, 0.366647, 0.663343, -0.321977, 0.041516, 0.075112, -0.037977, -0.000000, -0.000000, 0.000000, -0.479930, 0.000000, 0.654450, -13.631151, -9.747416, -36.434864, -1.066565, -1.061348, 0.869101, 0.002359, 14.383789, 9.561157, 140.808105
-0.062827, 0.000000, 1014.000000, 0.034904, 2000.000000, 1000.000000, 9.271808, 11.239606, 11.392241, 12.096345, 0.315923, 0.744293, -0.667976, 0.291172, 0.685979, -0.613638, 0.024752, 0.058314, -0.054338, -0.000000, -0.000000, 0.000000, -0.314136, 0.000000, 0.174520, -17.525084, -10.579391, -35.197937, -0.780010, -1.097567, 0.583612, 0.001771, 14.391602, 8.761597, 129.089355
-0.057592, 0.000000, 1005.000000, 0.010471, 2000.000000, 1000.000000, 9.753562, 9.356509, 9.691297, 11.198632, -0.476097, 0.444965, -0.277571, -0.476097, 0.444965, -0.277571, 0.000000, 0.000000, 0.000000, 0.000000, -0.000000, 0.000000, -0.287958, 0.000000, 0.052356, -20.210493, -13.692820, -34.104156, 0.473798, -0.711944, 0.237403, 0.002284, 14.645508, 0.158691, 2.380371
-0.055846, 0.000000, 1007.000000, 0.031414, 2000.000000, 1000.000000, 10.452452, 9.178263, 9.658077, 10.711208, -0.581830, 0.184642, 0.055265, -0.581830, 0.184642, 0.055265, 0.000000, 0.000000, 0.000000, 0.000000, -0.000000, 0.000000, -0.279232, 0.000000, 0.157068, -19.537888, -15.715858, -33.476654, 0.651696, -0.295428, 0.120225, 0.002353, 14.543945, 3.961182, 59.020992
-0.057592, 0.000000, 1005.000000, 0.050611, 2000.000000, 1000.000000, 10.490033, 9.421643, 9.716708, 10.371615, -0.430824, 0.044162, 0.103370, -0.430824, 0.044162, 0.103370, 0.000000, 0.000000, 0.000000, 0.000000, -0.000000, 0.000000, -0.287958, 0.000000, 0.253054, -18.521336, -16.834833, -32.809551, 0.401360, -0.070659, 0.184140, 0.001835, 14.547852, 3.561401, 52.978512
-0.052356, 0.003490, 1010.000000, 0.101222, 2000.000000, 1000.000000, 11.481960, 10.336847, 11.299181, 10.882011, -0.181986, 0.090597, 0.390571, -0.166790, 0.083032, 0.356718, -0.015195, 0.007565, 0.033853, 0.000000, -0.000000, 0.000000, -0.261780, 0.017452, 0.506108, -18.170519, -17.325541, -32.053295, 0.005084, -0.115399, 0.268296, 0.001898, 14.536133, 3.921509, 58.105465
-0.015707, 0.054101, 1012.000000, 0.146597, 2000.000000, 1000.000000, 10.813960, 10.341025, 12.000220, 10.844794, 0.170623, 0.422508, 0.407090, 0.154132, 0.381672, 0.366270, 0.016491, 0.040836, 0.040821, -0.000000, -0.000000, 0.000000, -0.078534, 0.270506, 0.732984, -19.578581, -17.616411, -30.874819, -0.325145, -0.340169, 0.488804, 0.002229, 14.579102, 2.639771, 39.428711
-0.012216, 0.076789, 1045.000000, 0.158813, 2000.000000, 1000.000000, 13.991660, 12.970557, 14.814590, 14.223193, -0.107427, 0.518891, 0.403124, -0.097280, 0.469881, 0.363617, -0.010147, 0.049010, 0.039507, 0.000000, -0.000000, 0.000000, -0.061082, 0.383944, 0.794066, -20.491447, -18.321070, -29.739386, 0.094566, -0.367865, 0.551654, 0.002173, 14.000977, 23.800659, 341.430634
-0.022688, 0.095986, 1048.000000, 0.165794, 2000.000000, 1000.000000, 14.744101, 12.968208, 13.836994, 14.450697, -0.597399, 0.143846, 0.290547, -0.538795, 0.129735, 0.260978, -0.058604, 0.014111, 0.029569, 0.000000, 0.000000, 0.000000, -0.113438, 0.479930, 0.828970, -18.647009, -19.748240, -26.771429, 0.748634, 0.272354, 0.654984, 0.002266, 14.340820, 10.198975, 149.719238
-0.054101, 0.097731, 1048.000000, 0.165794, 2000.000000, 1000.000000, 14.955959, 13.443949, 13.388885, 14.211206, -0.583583, -0.199954, 0.172423, -0.528440, -0.181060, 0.155518, -0.055144, -0.018894, 0.016905, 0.000000, 0.000000, 0.000000, -0.270506, 0.488656, 0.828970, -16.179508, -19.153069, -24.037539, 0.574997, 0.778352, 0.725291, 0.002174, 14.329102, 10.641479, 156.188965
-0.055846, 0.097731, 1058.000000, 0.162304, 2000.000000, 1000.000000, 15.603130, 14.841026, 14.532566, 15.023277, -0.313203, -0.222078, 0.067848, -0.288218, -0.204362, 0.062229, -0.024985, -0.017716, 0.005619, 0.000000, 0.000000, 0.000000, -0.279232, 0.488656, 0.811518, -14.207758, -17.336124, -21.461611, 0.181917, 0.815636, 0.770032, 0.001806, 14.200195, 16.201782, 235.595688
-0.048866, 0.097731, 1068.000000, 0.146597, 2000.000000, 1000.000000, 15.932136, 15.567259, 15.977252, 16.523355, -0.227744, 0.250303, -0.045306, -0.207814, 0.228399, -0.041191, -0.019930, 0.021904, -0.004115, 0.000000, -0.000000, 0.000000, -0.244328, 0.488656, 0.732984, -13.414797, -16.084137, -19.133904, 0.088175, 0.123218, 0.760445, 0.001998, 14.094727, 19.439697, 280.578613
-0.048866, 0.101222, 1068.000000, 0.111693, 2000.000000, 1000.000000, 15.689472, 14.678353, 15.935822, 17.696354, -0.692912, 0.816087, -0.187353, -0.626594, 0.737980, -0.168749, -0.066319, 0.078108, -0.018605, 0.000000, -0.000000, 0.000000, -0.244328, 0.506108, 0.558464, -12.620099, -18.042583, -15.978331, 0.758222, -0.674660, 0.670963, 0.002205, 14.165039, 16.760254, 242.980942
-0.052356, 0.101222, 1068.000000, 0.106457, 2000.000000, 1000.000000, 16.554811, 14.454374, 15.468958, 17.521856, -1.038334, 0.495408, 0.011884, -0.955081, 0.455686, 0.010895, -0.083252, 0.039721, 0.000989, 0.000000, -0.000000, 0.000000, -0.261780, 0.506108, 0.532286, -10.012000, -20.066540, -13.528359, 1.266350, -0.222990, 0.525023, 0.001816, 14.168945, 17.239380, 249.999985
-0.045375, 0.101222, 1068.000000, 0.106457, 2000.000000, 1000.000000, 16.903883, 15.375849, 15.166590, 16.553679, -0.728781, -0.139866, 0.035236, -0.657631, -0.126211, 0.031667, -0.071150, -0.013655, 0.003569, 0.000000, 0.000000, 0.000000, -0.226876, 0.506108, 0.532286, -4.546265, -19.688633, -9.644672, 0.825333, 0.708045, 0.511175, 0.002254, 14.192383, 15.679932, 227.905258
-0.022688, 0.101222, 1068.000000, 0.099476, 2000.000000, 1000.000000, 16.181597, 15.851824, 15.847145, 16.119436, -0.150516, -0.016710, 0.014371, -0.135329, -0.015024, 0.012867, -0.015187, -0.001686, 0.001504, 0.000000, 0.000000, 0.000000, -0.113438, 0.506108, 0.497382, -3.036080, -18.185387, -7.737808, 0.103088, 0.530147, 0.488804, 0.002338, 14.188477, 15.841675, 230.224594
-0.005236, 0.106457, 1067.000000, 0.076789, 2000.000000, 1000.000000, 15.887517, 15.612218, 16.282574, 16.217693, -0.052605, 0.250133, 0.085045, -0.048168, 0.229036, 0.077599, -0.004437, 0.021097, 0.007446, 0.000000, -0.000000, 0.000000, -0.026178, 0.532286, 0.383944, -2.691578, -17.318617, -6.563832, 0.050891, 0.165829, 0.332211, 0.001919, 14.129883, 17.959595, 260.131836
-0.003490, 0.122164, 1050.000000, 0.017452, 2000.000000, 1000.000000, 15.236792, 14.295649, 14.495724, 15.971836, -0.604314, 0.233780, -0.133742, -0.543385, 0.210209, -0.119755, -0.060929, 0.023570, -0.013987, 0.000000, -0.000000, 0.000000, -0.017452, 0.610820, 0.087260, -1.071124, -17.052813, -4.974272, 0.851964, 0.274485, 0.167096, 0.002336, 14.340820, 10.440063, 153.320312
-0.001745, 0.127400, 1044.000000, 0.003490, 2000.000000, 1000.000000, 15.093577, 12.797185, 13.103873, 15.005364, -1.049471, 0.054618, 0.098726, -0.963369, 0.050137, 0.090317, -0.086102, 0.004481, 0.008409, 0.000000, 0.000000, -0.000000, -0.008726, 0.636998, 0.017452, 2.494708, -16.109468, -3.840215, 1.532664, 0.556778, -0.042759, 0.001862, 14.368164, 9.838867, 144.714355
-0.003490, 0.136126, 1042.000000, 0.001745, 2000.000000, 1000.000000, 14.894297, 13.022682, 13.012592, 15.070429, -0.982363, 0.041510, -0.046555, -0.902244, 0.038125, -0.042613, -0.080119, 0.003385, -0.003942, 0.000000, 0.000000, 0.000000, -0.017452, 0.680628, 0.008726, 7.007844, -14.575734, -2.703684, 1.426138, 0.619628, 0.037135, 0.001850, 14.344727, 10.919189, 160.278320
-0.068063, 0.148342, 1039.000000, 0.000000, 2000.000000, 1000.000000, 12.816336, 12.589012, 13.380945, 13.213707, -0.015022, 0.297326, 0.098641, -0.013475, 0.266716, 0.088107, -0.001547, 0.030610, 0.010533, -0.000000, -0.000000, -0.000000, -0.340314, 0.741710, 0.000000, 9.393226, -12.730003, -2.152393, -0.318754, 0.314965, -0.058738, 0.002391, 14.426758, 7.681274, 113.525383
-0.106457, 0.164049, 1039.000000, 0.000000, 2000.000000, 1000.000000, 12.601206, 12.682682, 13.817904, 12.898209, 0.250292, 0.358056, 0.209555, 0.230062, 0.329115, 0.191970, 0.020231, 0.028941, 0.017584, -0.000000, -0.000000, -0.000000, -0.532286, 0.820244, 0.000000, 7.495063, -11.914506, -2.813865, -0.900385, 0.293660, -0.127980, 0.001832, 14.434570, 7.519531, 111.083977
-0.153578, 0.162304, 1041.000000, 0.000000, 2000.000000, 1000.000000, 14.381275, 13.456121, 14.007029, 14.155575, -0.268425, 0.081301, 0.194152, -0.242093, 0.073326, 0.174393, -0.026332, 0.007976, 0.019759, -0.000000, 0.000000, -0.000000, -0.767888, 0.811518, 0.000000, 4.517564, -9.759837, -3.872238, -0.380539, 0.694196, -0.116262, 0.002266, 14.184570, 17.361450, 252.014145
-0.167539, 0.160558, 1044.000000, 0.000000, 2000.000000, 1000.000000, 15.035763, 13.283680, 13.517021, 14.163536, -0.599649, -0.159722, 0.276392, -0.540053, -0.143848, 0.247896, -0.059596, -0.015874, 0.028496, 0.000000, 0.000000, -0.000000, -0.837696, 0.802792, 0.000000, 4.359417, -7.367735, -4.266726, 0.026390, 1.032948, -0.165264, 0.002299, 14.325195, 10.800171, 158.386230
-0.169284, 0.155323, 1057.000000, 0.000000, 2000.000000, 1000.000000, 16.160757, 14.297976, 14.558430, 14.982838, -0.571797, -0.229367, 0.359593, -0.525534, -0.210809, 0.329388, -0.046264, -0.018558, 0.030205, 0.000000, 0.000000, -0.000000, -0.846422, 0.776614, 0.000000, 4.694476, -4.239254, -4.811441, -0.005568, 1.113908, -0.219592, 0.001834, 14.305664, 11.840820, 173.400864
-0.172775, 0.144852, 1076.000000, 0.000000, 2000.000000, 1000.000000, 17.043039, 16.519506, 17.455626, 16.981829, -0.012434, 0.218726, 0.249332, -0.011136, 0.195888, 0.222330, -0.001298, 0.022839, 0.027002, -0.000000, 0.000000, -0.000000, -0.863874, 0.724258, 0.000000, 2.974425, -0.630296, -5.581189, -0.846056, 0.410838, -0.148220, 0.002429, 13.958008, 23.400879, 334.594696
-0.160558, 0.144852, 1077.000000, 0.000000, 2000.000000, 1000.000000, 16.843359, 16.056082, 18.004141, 17.096418, 0.030111, 0.550280, 0.423749, 0.027040, 0.494160, 0.378923, 0.003071, 0.056121, 0.044827, -0.000000, -0.000000, -0.000000, -0.802792, 0.724258, 0.000000, 0.620976, -0.207797, -6.043316, -0.846056, -0.066397, -0.252615, 0.002366, 14.047852, 20.559692, 295.898438
-0.158813, 0.139616, 1081.000000, 0.000000, 2000.000000, 1000.000000, 18.401003, 17.050135, 18.682123, 17.866739, -0.133870, 0.274432, 0.541563, -0.123300, 0.252763, 0.497166, -0.010570, 0.021669, 0.044397, -0.000000, -0.000000, -0.000000, -0.794066, 0.698080, 0.000000, -1.420887, 0.235224, -6.978899, -0.596786, 0.293660, -0.331444, 0.001786, 13.930664, 26.080322, 371.704071
-0.155323, 0.132635, 1079.000000, 0.000000, 2000.000000, 1000.000000, 17.686579, 16.709345, 16.979357, 16.624720, -0.155648, -0.197961, 0.332968, -0.140355, -0.178511, 0.299028, -0.015293, -0.019451, 0.033940, -0.000000, 0.000000, -0.000000, -0.776614, 0.663176, 0.000000, -2.978959, 3.424505, -7.881610, -0.552045, 0.948793, -0.199352, 0.002270, 14.172852, 15.039062, 218.383774
-0.134380, 0.127400, 1079.000000, 0.000000, 2000.000000, 1000.000000, 17.549585, 16.509420, 17.362238, 16.578756, -0.064170, -0.029502, 0.455911, -0.058932, -0.027094, 0.417272, -0.005239, -0.002409, 0.038639, -0.000000, 0.000000, -0.000000, -0.671902, 0.636998, 0.000000, -4.164251, 5.837636, -8.424347, -0.577612, 0.680348, -0.278181, 0.001852, 14.090820, 19.241333, 277.587891
-0.115183, 0.122164, 1079.000000, 0.000000, 2000.000000, 1000.000000, 17.248047, 16.346325, 17.608292, 16.797337, -0.022691, 0.202813, 0.428170, -0.020911, 0.186907, 0.393304, -0.001780, 0.015907, 0.034866, -0.000000, 0.000000, -0.000000, -0.575916, 0.610820, 0.000000, -5.636218, 7.455176, -8.996721, -0.542458, 0.311769, -0.262203, 0.001773, 14.098633, 18.399048, 265.502930
-0.092496, 0.125654, 1075.000000, 0.000000, 2000.000000, 1000.000000, 17.165367, 15.810845, 17.708530, 17.315258, -0.240313, 0.511893, 0.436948, -0.216327, 0.460800, 0.391706, -0.023986, 0.051093, 0.045242, 0.000000, -0.000000, -0.000000, -0.462478, 0.628272, 0.000000, -6.946961, 8.054289, -9.815490, -0.116355, -0.109008, -0.261137, 0.002310, 14.075195, 19.961548, 287.475586
-0.087260, 0.123909, 1064.000000, 0.000000, 2000.000000, 1000.000000, 16.238821, 15.127501, 16.437357, 16.196321, -0.217572, 0.316840, 0.338089, -0.199300, 0.290231, 0.308616, -0.018272, 0.026608, 0.029473, 0.000000, -0.000000, -0.000000, -0.436300, 0.619546, 0.000000, -7.236526, 8.067573, -10.399033, -0.117420, 0.155176, -0.205744, 0.001910, 14.254883, 12.561035, 183.288559
-0.092496, 0.125654, 1054.000000, 0.000000, 2000.000000, 1000.000000, 15.338368, 14.727248, 15.133996, 14.800387, -0.069378, -0.032808, 0.236182, -0.063196, -0.029884, 0.214340, -0.006182, -0.002923, 0.021841, -0.000000, 0.000000, -0.000000, -0.462478, 0.628272, 0.000000, -7.862277, 9.501762, -10.759563, -0.361364, 0.676087, -0.142894, 0.002038, 14.336914, 10.000610, 146.789551
-0.073298, 0.123909, 1043.000000, 0.000000, 2000.000000, 1000.000000, 14.311863, 14.050644, 13.849049, 13.788445, -0.050153, -0.181254, 0.080456, -0.045149, -0.163169, 0.072129, -0.005004, -0.018084, 0.008327, -0.000000, 0.000000, -0.000000, -0.366492, 0.619546, 0.000000, -8.953341, 13.248446, -10.828450, -0.294253, 0.880617, -0.048086, 0.002309, 14.387695, 8.718872, 128.417969
-0.061082, 0.082024, 1045.000000, 0.001745, 2000.000000, 1000.000000, 14.400867, 13.549432, 13.948932, 14.100770, -0.250818, 0.024851, 0.174899, -0.230677, 0.022855, 0.160318, -0.020141, 0.001996, 0.014581, 0.000000, 0.000000, -0.000000, -0.305410, 0.410122, 0.008726, -8.825618, 14.944154, -11.055706, 0.063674, 0.373554, -0.098153, 0.001819, 14.372070, 9.280396, 136.474609
-0.048866, 0.036649, 1045.000000, 0.012216, 2000.000000, 1000.000000, 14.021305, 13.122038, 14.206024, 14.650633, -0.335969, 0.428328, 0.113665, -0.305685, 0.389718, 0.103032, -0.030285, 0.038610, 0.010633, 0.000000, -0.000000, -0.000000, -0.244328, 0.183246, 0.061082, -8.094597, 14.308214, -11.479096, 0.244767, -0.440303, -0.007606, 0.002064, 14.305664, 11.520386, 168.823227
-0.045375, 0.015707, 1047.000000, 0.012216, 2000.000000, 1000.000000, 13.879676, 13.246139, 14.036635, 14.837550, -0.358613, 0.437093, -0.041844, -0.323406, 0.394181, -0.037582, -0.035207, 0.042912, -0.004262, 0.000000, -0.000000, 0.000000, -0.226876, 0.078534, 0.061082, -7.692566, 12.790546, -11.400723, 0.290574, -0.552155, 0.086137, 0.002268, 14.336914, 10.440063, 153.198242
-0.040140, -0.001745, 1048.000000, 0.019197, 2000.000000, 1000.000000, 14.186588, 13.244408, 13.793304, 14.775700, -0.481144, 0.284502, -0.010054, -0.441533, 0.261080, -0.009194, -0.039611, 0.023422, -0.000859, 0.000000, -0.000000, 0.000000, -0.200698, -0.008726, 0.095986, -6.955515, 11.331534, -11.272675, 0.505756, -0.426455, 0.102116, 0.001869, 14.336914, 10.800171, 158.508301
-0.001745, -0.001745, 1046.000000, 0.019197, 2000.000000, 1000.000000, 13.910889, 13.203892, 14.068869, 14.816351, -0.363620, 0.442610, -0.010121, -0.331538, 0.403559, -0.009194, -0.032082, 0.039052, -0.000927, 0.000000, -0.000000, 0.000000, -0.008726, -0.008726, 0.095986, -5.075192, 8.817273, -11.161971, 0.521734, -0.654420, 0.102116, 0.002016, 14.321289, 11.120605, 163.207993
0.000000, -0.001745, 1046.000000, 0.017452, 2000.000000, 1000.000000, 13.932919, 12.895033, 14.124329, 15.047720, -0.490320, 0.586024, 0.028624, -0.441265, 0.527395, 0.025653, -0.049055, 0.058629, 0.002971, 0.000000, -0.000000, 0.000000, 0.000000, -0.008726, 0.087260, -3.857949, 6.289790, -11.078982, 0.706024, -0.852558, 0.070158, 0.002316, 14.313477, 11.318970, 165.893539
0.000000, -0.001745, 1046.000000, 0.008726, 2000.000000, 1000.000000, 14.411601, 12.971147, 13.672246, 14.945006, -0.678304, 0.308626, 0.041924, -0.625022, 0.284383, 0.038505, -0.053282, 0.024243, 0.003419, 0.000000, -0.000000, -0.000000, 0.000000, -0.008726, 0.043630, -1.932298, 3.981742, -11.152233, 1.000035, -0.463739, 0.017960, 0.001776, 14.356445, 9.280396, 136.413574
0.000000, -0.001745, 1047.000000, 0.003490, 2000.000000, 1000.000000, 14.780085, 13.524416, 13.464180, 14.231319, -0.505702, -0.152250, 0.122133, -0.455247, -0.137060, 0.109492, -0.050456, -0.015191, 0.012641, 0.000000, 0.000000, -0.000000, 0.000000, -0.008726, 0.017452, 1.606682, 3.240613, -11.378041, 0.728394, 0.210570, -0.055543, 0.002309, 14.329102, 10.641479, 156.188965
0.000000, -0.001745, 1047.000000, 0.001745, 2000.000000, 1000.000000, 14.708545, 13.578713, 13.750875, 13.961867, -0.335206, -0.143629, 0.229710, -0.302781, -0.129736, 0.206657, -0.032424, -0.013893, 0.023053, 0.000000, 0.000000, -0.000000, 0.000000, -0.008726, 0.008726, 3.313570, 3.512980, -11.724720, 0.484450, 0.198852, -0.129045, 0.002231, 14.340820, 10.720825, 157.287598
0.000000, -0.001745, 1047.000000, 0.001745, 2000.000000, 1000.000000, 14.460975, 13.527263, 14.090051, 13.921712, -0.191344, 0.005881, 0.275512, -0.176282, 0.005419, 0.252996, -0.015062, 0.000463, 0.022517, 0.000000, 0.000000, -0.000000, 0.000000, -0.008726, 0.008726, 4.319994, 3.591515, -12.198881, 0.282051, -0.017396, -0.159938, 0.001780, 14.309570, 12.078857, 177.001938
0.000000, -0.001745, 1047.000000, 0.001745, 2000.000000, 1000.000000, 14.226664, 13.388943, 14.047617, 14.336777, -0.281720, 0.192197, 0.137141, -0.254845, 0.173862, 0.123567, -0.026875, 0.018335, 0.013574, 0.000000, -0.000000, -0.000000, 0.000000, -0.008726, 0.008726, 5.047492, 3.009439, -12.564332, 0.407752, -0.286906, -0.073652, 0.002197, 14.297852, 12.359619, 180.908188
0.000000, 0.000000, 1047.000000, 0.001745, 2000.000000, 1000.000000, 14.722893, 13.063105, 13.642807, 14.571196, -0.647044, 0.107001, 0.182850, -0.581080, 0.096093, 0.163514, -0.065964, 0.010908, 0.019336, 0.000000, -0.000000, -0.000000, 0.000000, 0.000000, 0.008726, 7.417978, 1.489432, -12.978338, 0.929728, -0.153749, -0.100283, 0.002365, 14.329102, 10.440063, 162.597641
0.000000, 0.000000, 1047.000000, 0.000000, 2000.000000, 1000.000000, 14.639814, 13.269220, 13.455593, 14.635372, -0.637593, 0.045482, 0.047703, -0.581746, 0.041498, 0.043367, -0.055848, 0.003984, 0.004337, 0.000000, -0.000000, -0.000000, 0.000000, 0.000000, 0.000000, 9.796702, 0.686407, -13.214203, 0.930793, -0.066397, -0.028911, 0.002000, 14.329102, 11.120605, 163.085922
0.000000, 0.000000, 1048.000000, 0.000000, 2000.000000, 1000.000000, 14.348919, 13.685625, 13.405499, 14.559958, -0.454438, -0.017272, -0.122791, -0.414634, -0.015759, -0.111628, -0.039805, -0.001513, -0.011163, 0.000000, 0.000000, 0.000000, 0.000000, 0.000000, 0.000000, 11.927887, 0.205739, -13.162362, 0.663414, 0.025215, 0.074419, 0.002000, 14.336914, 10.559082, 155.029297
0.000000, -0.001745, 1054.000000, 0.000000, 2000.000000, 1000.000000, 14.789793, 14.801861, 14.469442, 15.938904, -0.364349, 0.204173, -0.370382, -0.328081, 0.183849, -0.332137, -0.036267, 0.020323, -0.038246, 0.000000, -0.000000, 0.000000, 0.000000, -0.008726, 0.000000, 13.986600, -0.814972, -12.524877, 0.524930, -0.302885, 0.221424, 0.002303, 14.372070, 9.680176, 142.395020
0.000000, -0.001745, 1057.000000, 0.000000, 2000.000000, 1000.000000, 14.866519, 14.608701, 14.491307, 16.033472, -0.449996, 0.262390, -0.321087, -0.406644, 0.237112, -0.288994, -0.043352, 0.025278, -0.032093, 0.000000, -0.000000, 0.000000, 0.000000, -0.008726, 0.000000, 15.199677, -2.154177, -11.878316, 0.650631, -0.388105, 0.192663, 0.002221, 14.239258, 13.281250, 193.725571
0.000000, -0.001745, 1065.000000, 0.000000, 2000.000000, 1000.000000, 15.996199, 16.065073, 15.158042, 16.780687, -0.388442, -0.030636, -0.422880, -0.353381, -0.027871, -0.383269, -0.035061, -0.002765, -0.039611, 0.000000, 0.000000, 0.000000, 0.000000, -0.008726, 0.000000, 16.611507, -2.892482, -11.235694, 0.565410, 0.035867, 0.255513, 0.002067, 14.028320, 22.799683, 327.209442
0.000000, -0.001745, 1071.000000, 0.000000, 2000.000000, 1000.000000, 16.892231, 16.496449, 16.611507, 17.999813, -0.446021, 0.305660, -0.248130, -0.403315, 0.276393, -0.223480, -0.042706, 0.029267, -0.024650, 0.000000, -0.000000, 0.000000, 0.000000, -0.008726, 0.000000, 19.070536, -3.052612, -10.102790, 0.645304, -0.450956, 0.148987, 0.002206, 14.016602, 21.679688, 311.035156
0.000000, -0.001745, 1071.000000, 0.000000, 2000.000000, 1000.000000, 15.775493, 16.712166, 16.806633, 18.705708, -0.240601, 0.756171, -0.708937, -0.218227, 0.685852, -0.640529, -0.022374, 0.070319, -0.068408, 0.000000, -0.000000, 0.000000, 0.000000, -0.008726, 0.000000, 19.935816, -5.568801, -9.137712, 0.349163, -1.106089, 0.427019, 0.002136, 14.083008, 18.200684, 262.329102
0.000000, -0.001745, 1071.000000, 0.000000, 2000.000000, 1000.000000, 16.511379, 17.093582, 16.465908, 17.929131, -0.220255, 0.197519, -0.511356, -0.197587, 0.177191, -0.456772, -0.022667, 0.020327, -0.054584, 0.000000, -0.000000, 0.000000, 0.000000, -0.008726, 0.000000, 20.824663, -9.584132, -7.479067, 0.316140, -0.292232, 0.304515, 0.002390, 14.051758, 20.480347, 294.677734
0.000000, 0.000000, 1071.000000, 0.000000, 2000.000000, 1000.000000, 17.129759, 17.889547, 15.900657, 17.080038, -0.104898, -0.509652, -0.484792, -0.095056, -0.461836, -0.437597, -0.009842, -0.047817, -0.047195, 0.000000, 0.000000, 0.000000, 0.000000, 0.000000, 0.000000, 21.619074, -8.922231, -6.549164, 0.152090, 0.738937, 0.291732, 0.002157, 14.036133, 19.918823, 286.193848
0.000000, 0.000000, 1070.000000, 0.000000, 2000.000000, 1000.000000, 17.388203, 18.195766, 15.940453, 16.475578, 0.068110, -0.791984, -0.335672, 0.062735, -0.729482, -0.308168, 0.005375, -0.062502, -0.027504, -0.000000, 0.000000, 0.000000, 0.000000, 0.000000, 0.000000, 22.093548, -6.271722, -5.783359, -0.100376, 1.167171, 0.205446, 0.001785, 14.055664, 20.080566, 288.879395
0.000000, 0.000000, 1070.000000, 0.001745, 2000.000000, 1000.000000, 16.751320, 17.259991, 17.114849, 16.873840, 0.187419, -0.005654, -0.066916, 0.169261, -0.005107, -0.060190, 0.018158, -0.000548, -0.006726, -0.000000, 0.000000, 0.000000, 0.000000, 0.000000, 0.008726, 21.113419, -3.640586, -5.412942, -0.270817, 0.008171, 0.048853, 0.002235, 14.118164, 17.401123, 251.586899
0.000000, 0.000000, 1069.000000, 0.006981, 2000.000000, 1000.000000, 15.967844, 15.154155, 16.592710, 16.285292, -0.126567, 0.439001, 0.280277, -0.113698, 0.394365, 0.250718, -0.012869, 0.044636, 0.029560, 0.000000, -0.000000, -0.000000, 0.000000, 0.000000, 0.034904, 20.735256, -4.615491, -5.551211, 0.181917, -0.630984, -0.132241, 0.002358, 14.235352, 13.519287, 196.899399
0.000000, 0.000000, 1070.000000, 0.006981, 2000.000000, 1000.000000, 17.441917, 15.737737, 17.445614, 17.374733, -0.408325, 0.410174, 0.443765, -0.376018, 0.377720, 0.407310, -0.032307, 0.032454, 0.036454, 0.000000, -0.000000, -0.000000, 0.000000, 0.000000, 0.034904, 21.923288, -6.503280, -6.057078, 0.601629, -0.604353, -0.236636, 0.001790, 13.989258, 22.839355, 327.331512
0.000000, 0.000000, 1069.000000, 0.006981, 2000.000000, 1000.000000, 15.675782, 15.777058, 16.939861, 15.607299, 0.358459, 0.273580, 0.307822, 0.323057, 0.246561, 0.276284, 0.035402, 0.027019, 0.031538, -0.000000, -0.000000, -0.000000, 0.000000, 0.000000, 0.034904, 22.420439, -8.816984, -6.744092, -0.516892, -0.394497, -0.149285, 0.002283, 14.243164, 12.640381, 184.326157
0.000000, 0.000000, 1069.000000, 0.006981, 2000.000000, 1000.000000, 15.400491, 16.426191, 17.207895, 14.965423, 0.817044, 0.086658, 0.304193, 0.736511, 0.078117, 0.273088, 0.080533, 0.008542, 0.031105, -0.000000, -0.000000, -0.000000, 0.000000, 0.000000, 0.034904, 19.767366, -9.132691, -7.610013, -1.178417, -0.124987, -0.147155, 0.002278, 14.137695, 17.199707, 249.328598
0.000000, 0.000000, 1069.000000, 0.005236, 2000.000000, 1000.000000, 15.951087, 16.168779, 16.550722, 15.329412, 0.359751, -0.059933, 0.250904, 0.330381, -0.055041, 0.229639, 0.029370, -0.004893, 0.021265, -0.000000, 0.000000, -0.000000, 0.000000, 0.000000, 0.026178, 17.344561, -8.762652, -8.345845, -0.528610, 0.088065, -0.126915, 0.001852, 14.161133, 16.159058, 232.604965
0.000000, 0.000000, 1055.000000, 0.001745, 2000.000000, 1000.000000, 15.635564, 14.010385, 14.939616, 15.414435, -0.524999, 0.177026, 0.287590, -0.472557, 0.159343, 0.257789, -0.052442, 0.017683, 0.029800, 0.000000, -0.000000, -0.000000, 0.000000, 0.000000, 0.008726, 18.683147, -9.338470, -8.829839, 0.756091, -0.254948, -0.163134, 0.002312, 14.364258, 7.321167, 107.727043
0.000000, 0.000000, 1052.000000, 0.001745, 2000.000000, 1000.000000, 15.495961, 13.862535, 15.498277, 15.143228, -0.319594, 0.320752, 0.497119, -0.286137, 0.287174, 0.443144, -0.033457, 0.033579, 0.053975, 0.000000, -0.000000, -0.000000, 0.000000, 0.000000, 0.008726, 20.212826, -10.595177, -9.217733, 0.457819, -0.459478, -0.286703, 0.002436, 14.301758, 11.239624, 164.489731
0.000000, 0.000000, 1052.000000, 0.001745, 2000.000000, 1000.000000, 14.815480, 14.782262, 16.125351, 14.276906, 0.453807, 0.201129, 0.470416, 0.413604, 0.183311, 0.427165, 0.040202, 0.017818, 0.043250, -0.000000, -0.000000, -0.000000, 0.000000, 0.000000, 0.008726, 19.579845, -11.524005, -10.096846, -0.661767, -0.293297, -0.276051, 0.002025, 14.235352, 13.681030, 199.523911
0.000000, 0.000000, 1041.000000, 0.001745, 2000.000000, 1000.000000, 13.735346, 14.247906, 15.167185, 12.849564, 0.707545, 0.008375, 0.451265, 0.637308, 0.007543, 0.404795, 0.070236, 0.000831, 0.046470, -0.000000, -0.000000, -0.000000, 0.000000, 0.000000, 0.008726, 14.650250, -11.015797, -12.249095, -1.019693, -0.012069, -0.261137, 0.002296, 14.375977, 8.639526, 127.075188
0.000000, 0.000000, 1043.000000, 0.001745, 2000.000000, 1000.000000, 14.246833, 13.581855, 14.637902, 13.533410, 0.109878, 0.085656, 0.442367, 0.099353, 0.077451, 0.398403, 0.010525, 0.008205, 0.043964, -0.000000, -0.000000, -0.000000, 0.000000, 0.000000, 0.008726, 13.027329, -10.830660, -13.286120, -0.158965, -0.123921, -0.256876, 0.002207, 14.344727, 9.680176, 142.211914
0.000000, 0.000000, 1043.000000, 0.001745, 2000.000000, 1000.000000, 14.401319, 13.146825, 14.292987, 14.158870, -0.280094, 0.225928, 0.347153, -0.252848, 0.203950, 0.312117, -0.027247, 0.021978, 0.035035, 0.000000, -0.000000, -0.000000, 0.000000, 0.000000, 0.008726, 13.394555, -11.473990, -13.873702, 0.404556, -0.326320, -0.199352, 0.002245, 14.293945, 11.999512, 175.598129
-0.001745, 0.000000, 1042.000000, 0.008726, 2000.000000, 1000.000000, 14.266427, 13.101090, 14.601037, 14.031446, -0.148937, 0.316241, 0.433732, -0.137128, 0.291168, 0.398029, -0.011808, 0.025073, 0.035703, 0.000000, -0.000000, -0.000000, -0.008726, 0.000000, 0.043630, 14.080366, -12.802452, -14.294729, 0.210679, -0.465869, -0.221723, 0.001794, 14.309570, 11.080933, 162.414536
0.000000, 0.000000, 1056.000000, 0.013962, 2000.000000, 1000.000000, 14.461930, 14.742005, 16.233171, 14.562894, 0.487588, 0.398032, 0.347551, 0.438238, 0.357747, 0.311063, 0.049349, 0.040285, 0.036488, -0.000000, -0.000000, -0.000000, 0.000000, 0.000000, 0.069808, 12.417994, -14.527140, -15.537400, -0.701181, -0.572395, -0.137567, 0.002346, 14.211914, 14.840698, 216.003403
0.000000, 0.000000, 1067.000000, 0.013962, 2000.000000, 1000.000000, 15.449525, 16.222382, 17.010128, 15.317966, 0.616255, 0.164047, 0.229826, 0.566069, 0.150687, 0.210396, 0.050185, 0.013359, 0.019430, -0.000000, -0.000000, -0.000000, 0.000000, 0.000000, 0.069808, 9.713264, -14.883122, -16.478991, -0.905711, -0.241100, -0.070456, 0.001847, 14.051758, 21.560669, 310.302734
0.000000, 0.000000, 1071.000000, 0.013962, 2000.000000, 1000.000000, 17.190062, 17.094294, 17.801016, 15.914629, 0.447656, -0.142178, 0.495538, 0.412273, -0.130940, 0.454873, 0.035383, -0.011238, 0.040666, -0.000000, 0.000000, -0.000000, 0.000000, 0.000000, 0.069808, 7.568396, -14.090755, -17.453075, -0.659636, 0.209504, -0.233441, 0.001788, 13.961914, 22.241211, 317.993164
0.000000, 0.000000, 1085.000000, 0.008726, 2000.000000, 1000.000000, 17.761297, 17.521044, 19.051550, 17.666109, 0.286297, 0.358830, 0.406424, 0.257810, 0.323126, 0.364473, 0.028487, 0.035704, 0.041951, -0.000000, -0.000000, -0.000000, 0.000000, 0.000000, 0.043630, 5.916506, -13.592420, -18.956768, -0.412497, -0.517002, -0.199352, 0.002302, 13.875977, 26.119995, 371.398895
-0.003490, 0.000000, 1083.000000, 0.001745, 2000.000000, 1000.000000, 16.577852, 17.910311, 19.726889, 17.784948, 0.818600, 0.755918, 0.152370, 0.752234, 0.694635, 0.139546, 0.066365, 0.061283, 0.012824, -0.000000, -0.000000, -0.000000, -0.017452, 0.000000, 0.008726, 3.007807, -15.124819, -20.041191, -1.221027, -1.111415, -0.084304, 0.001838, 13.969727, 21.600342, 309.082031
-0.031414, 0.000000, 1083.000000, 0.001745, 2000.000000, 1000.000000, 17.083036, 18.134703, 19.491713, 17.290548, 0.813208, 0.391130, 0.287375, 0.736879, 0.354418, 0.259387, 0.076329, 0.036712, 0.027988, -0.000000, -0.000000, -0.000000, -0.157068, 0.000000, 0.008726, -1.589906, -16.186466, -21.573359, -1.336075, -0.567069, -0.164199, 0.002158, 13.934570, 23.800659, 339.782684
-0.005236, 0.000000, 1082.000000, 0.001745, 2000.000000, 1000.000000, 18.884256, 18.172102, 18.247755, 16.695887, 0.209928, -0.528178, 0.566005, 0.188852, -0.475152, 0.507060, 0.021076, -0.053027, 0.058946, -0.000000, 0.000000, -0.000000, -0.026178, 0.000000, 0.008726, -4.526049, -14.418237, -23.485449, -0.328341, 0.760242, -0.329314, 0.002325, 13.942383, 23.480225, 335.205048
-0.003490, 0.000000, 1079.000000, 0.001745, 2000.000000, 1000.000000, 17.728987, 16.880800, 17.272993, 16.117220, 0.076896, -0.304893, 0.500990, 0.070470, -0.279410, 0.457525, 0.006427, -0.025482, 0.043465, -0.000000, 0.000000, -0.000000, -0.017452, 0.000000, 0.008726, -4.243917, -12.461533, -24.258905, -0.130203, 0.447057, -0.296291, 0.001900, 13.973633, 22.601318, 323.303192
0.000000, 0.000000, 1074.000000, 0.001745, 2000.000000, 1000.000000, 16.432741, 16.486113, 18.385530, 16.695616, 0.435822, 0.540573, 0.409136, 0.393631, 0.488241, 0.368043, 0.042191, 0.052332, 0.041092, -0.000000, -0.000000, -0.000000, 0.000000, 0.000000, 0.008726, -5.816457, -12.923789, -25.687626, -0.629809, -0.781185, -0.236636, 0.002233, 14.071289, 18.759155, 270.080566
0.000000, 0.000000, 1052.000000, 0.001745, 2000.000000, 1000.000000, 14.076260, 15.027193, 16.585461, 14.311087, 0.806327, 0.448273, 0.330860, 0.728521, 0.405018, 0.297736, 0.077806, 0.043256, 0.033123, -0.000000, -0.000000, -0.000000, 0.000000, 0.000000, 0.008726, -9.042103, -13.773655, -27.003979, -1.165634, -0.648028, -0.189765, 0.002225, 14.360352, 10.079956, 146.118164
0.000000, 0.000000, 1054.000000, 0.001745, 2000.000000, 1000.000000, 14.725054, 15.213640, 16.259590, 13.801716, 0.736616, 0.030653, 0.492322, 0.677256, 0.028183, 0.451134, 0.059360, 0.002470, 0.041188, -0.000000, -0.000000, -0.000000, 0.000000, 0.000000, 0.008726, -12.337233, -13.221722, -28.414001, -1.083609, -0.045092, -0.292030, 0.001826, 14.286133, 11.560059, 169.006332
0.000000, 0.000000, 1052.000000, 0.001745, 2000.000000, 1000.000000, 15.852326, 14.903947, 15.287431, 13.956296, 0.095689, -0.378136, 0.569879, 0.086038, -0.339997, 0.510255, 0.009651, -0.038139, 0.059623, -0.000000, 0.000000, -0.000000, 0.000000, 0.000000, 0.008726, -13.944941, -10.716634, -30.116653, -0.137660, 0.543995, -0.331444, 0.002337, 14.278320, 11.520386, 168.395981
0.000000, 0.000000, 1048.000000, 0.001745, 2000.000000, 1000.000000, 14.712578, 13.559504, 14.268450, 13.459469, -0.086023, -0.136041, 0.490514, -0.077746, -0.122951, 0.441546, -0.008277, -0.013090, 0.048967, 0.000000, 0.000000, -0.000000, 0.000000, 0.000000, 0.008726, -13.242088, -9.938924, -30.831659, 0.124393, 0.196721, -0.285638, 0.002218, 14.368164, 8.120728, 119.506828
0.000000, 0.000000, 1048.000000, 0.001745, 2000.000000, 1000.000000, 14.282695, 13.854087, 14.640372, 13.222846, 0.247230, -0.068391, 0.461533, 0.227850, -0.063030, 0.423970, 0.019380, -0.005361, 0.037564, -0.000000, 0.000000, -0.000000, 0.000000, 0.000000, 0.008726, -13.248302, -9.478487, -31.625366, -0.364560, 0.100848, -0.273920, 0.001772, 14.340820, 9.320068, 136.779785
-0.052356, 0.000000, 1049.000000, 0.001745, 2000.000000, 1000.000000, 13.932518, 14.409023, 14.970011, 12.688448, 0.689517, -0.170771, 0.451264, 0.628158, -0.155574, 0.409589, 0.061358, -0.015196, 0.041676, -0.000000, 0.000000, -0.000000, -0.261780, 0.000000, 0.008726, -16.019493, -7.045404, -33.185776, -1.266833, 0.248919, -0.264333, 0.002035, 14.313477, 10.800171, 158.203125
-0.085515, 0.003490, 1049.000000, 0.001745, 2000.000000, 1000.000000, 14.563766, 14.066397, 14.623722, 12.746115, 0.345060, -0.315081, 0.593745, 0.310820, -0.283816, 0.532626, 0.034240, -0.031265, 0.061119, -0.000000, 0.000000, -0.000000, -0.427574, 0.017452, 0.008726, -18.009344, -4.494051, -34.238621, -0.924886, 0.471558, -0.346358, 0.002295, 14.309570, 10.681152, 156.494141
-0.104712, 0.003490, 1049.000000, 0.003490, 2000.000000, 1000.000000, 14.928013, 13.424662, 14.421301, 13.226025, -0.077018, -0.176337, 0.674657, -0.070746, -0.161977, 0.617620, -0.006272, -0.014360, 0.057037, -0.000000, 0.000000, -0.000000, -0.523560, 0.017452, 0.017452, -18.674578, -2.488378, -35.383865, -0.410366, 0.276615, -0.394294, 0.001847, 14.317383, 10.800171, 158.386230
-0.106457, 0.003490, 1045.000000, 0.003490, 2000.000000, 1000.000000, 14.251258, 13.307683, 15.177430, 13.263629, 0.242557, 0.220530, 0.714344, 0.218743, 0.198879, 0.641588, 0.023813, 0.021651, 0.072756, -0.000000, -0.000000, -0.000000, -0.532286, 0.017452, 0.017452, -20.595366, -1.346749, -37.079865, -0.882275, -0.300754, -0.410273, 0.002268, 14.262695, 13.281250, 193.908676
-0.054101, -0.001745, 1044.000000, 0.010471, 2000.000000, 1000.000000, 13.656578, 14.023375, 15.579229, 12.740818, 0.801302, 0.160024, 0.617904, 0.720575, 0.143902, 0.553330, 0.080727, 0.016122, 0.064574, -0.000000, -0.000000, -0.000000, -0.270506, -0.008726, 0.052356, -23.626284, -0.098071, -38.132259, -1.423426, -0.238969, -0.316531, 0.002334, 14.340820, 9.078979, 133.422852
0.000000, -0.001745, 1043.000000, 0.013962, 2000.000000, 1000.000000, 13.675057, 14.570809, 15.529771, 12.224362, 1.050290, -0.122933, 0.602414, 0.966207, -0.113091, 0.552344, 0.084083, -0.009842, 0.050070, -0.000000, 0.000000, -0.000000, 0.000000, -0.008726, 0.069808, -26.989908, 2.423064, -38.902302, -1.545931, 0.172220, -0.298421, 0.001813, 14.297852, 10.321045, 151.306152
0.000000, -0.001745, 1044.000000, 0.019197, 2000.000000, 1000.000000, 14.685743, 14.019320, 14.997261, 12.297676, 0.508290, -0.352531, 0.841502, 0.454883, -0.315490, 0.749802, 0.053407, -0.037041, 0.091701, -0.000000, 0.000000, -0.000000, 0.000000, -0.008726, 0.095986, -29.786459, 6.711669, -40.273983, -0.727813, 0.496059, -0.403882, 0.002446, 14.309570, 11.279297, 165.283188
0.000000, -0.001745, 1043.000000, 0.017452, 2000.000000, 1000.000000, 15.194717, 13.612226, 14.368856, 12.824200, -0.009458, -0.403472, 0.781787, -0.008504, -0.362761, 0.699961, -0.000954, -0.040711, 0.081825, 0.000000, 0.000000, -0.000000, 0.000000, -0.008726, 0.087260, -29.314568, 8.410421, -41.419987, 0.013607, 0.571692, -0.379381, 0.002338, 14.293945, 11.599731, 168.090805
0.000000, -0.001745, 1044.000000, 0.019197, 2000.000000, 1000.000000, 14.659908, 13.682800, 14.459322, 13.197969, 0.071061, -0.171355, 0.559615, 0.065398, -0.157699, 0.513314, 0.005663, -0.013655, 0.046301, -0.000000, 0.000000, -0.000000, 0.000000, -0.008726, 0.095986, -28.374296, 9.201934, -42.434662, -0.104637, 0.243593, -0.246224, 0.001804, 14.313477, 10.321045, 151.306152
0.000000, -0.001745, 1044.000000, 0.027923, 2000.000000, 1000.000000, 14.170988, 14.072592, 15.112490, 12.643930, 0.592540, -0.121790, 0.641739, 0.530783, -0.109097, 0.572368, 0.061758, -0.012694, 0.069371, -0.000000, 0.000000, -0.000000, 0.000000, -0.008726, 0.139616, -29.343046, 11.013662, -43.363369, -0.849252, 0.165829, -0.241963, 0.002424, 14.313477, 11.441040, 167.114243
0.000000, -0.001745, 1043.000000, 0.026178, 2000.000000, 1000.000000, 14.268530, 14.115646, 14.883192, 12.732632, 0.499419, -0.192088, 0.575861, 0.460209, -0.177007, 0.528919, 0.039210, -0.015081, 0.046942, -0.000000, 0.000000, -0.000000, 0.000000, -0.008726, 0.130890, -30.521490, 12.990706, -43.725540, -0.736335, 0.274485, -0.221723, 0.001775, 14.336914, 10.000610, 146.789551
0.000000, -0.001745, 1043.000000, 0.034904, 2000.000000, 1000.000000, 14.827408, 13.329954, 14.770115, 13.072523, 0.050035, -0.078681, 0.798761, 0.046090, -0.072478, 0.733380, 0.003945, -0.006203, 0.065381, -0.000000, 0.000000, -0.000000, 0.000000, -0.008726, 0.174520, -30.959364, 14.237144, -44.363811, -0.073745, 0.107240, -0.314400, 0.001783, 14.356445, 10.079956, 147.888184
0.000000, -0.001745, 1046.000000, 0.029668, 2000.000000, 1000.000000, 15.114702, 12.931063, 14.427168, 13.527067, -0.320885, -0.022883, 0.770935, -0.288134, -0.020547, 0.689320, -0.032750, -0.002335, 0.081615, 0.000000, 0.000000, -0.000000, 0.000000, -0.008726, 0.148342, -29.980843, 13.511940, -46.046196, 0.461015, 0.024149, -0.311204, 0.002368, 14.317383, 11.239624, 164.672836
0.000000, -0.001745, 1049.000000, 0.027923, 2000.000000, 1000.000000, 14.602634, 13.538946, 14.345642, 13.512777, -0.057706, -0.070790, 0.474139, -0.053112, -0.065155, 0.434950, -0.004594, -0.005636, 0.039189, 0.000000, 0.000000, -0.000000, 0.000000, -0.008726, 0.139616, -29.272615, 13.008735, -46.778416, 0.084979, 0.095522, -0.150350, 0.001802, 14.329102, 10.559082, 154.907227
0.000000, -0.001745, 1057.000000, 0.026178, 2000.000000, 1000.000000, 15.632242, 14.904737, 15.386202, 14.076818, 0.145470, -0.268490, 0.509222, 0.131977, -0.243585, 0.460210, 0.013493, -0.024904, 0.049012, -0.000000, 0.000000, -0.000000, 0.000000, -0.008726, 0.130890, -29.044020, 13.712851, -47.273827, -0.211163, 0.381011, -0.175917, 0.002130, 14.196289, 15.161133, 220.520004
0.000000, -0.001745, 1058.000000, 0.026178, 2000.000000, 1000.000000, 16.034428, 14.886673, 15.054415, 14.024485, -0.029456, -0.460550, 0.544421, -0.026480, -0.414027, 0.487374, -0.002976, -0.046523, 0.057047, 0.000000, 0.000000, -0.000000, 0.000000, -0.008726, 0.130890, -27.413549, 15.991088, -48.520519, 0.042368, 0.653717, -0.194026, 0.002341, 14.196289, 14.520264, 211.120590
0.000000, -0.001745, 1065.000000, 0.024433, 2000.000000, 1000.000000, 16.837225, 15.256495, 16.080627, 15.825655, -0.331439, -0.046859, 0.458926, -0.305445, -0.043184, 0.421555, -0.025995, -0.003675, 0.037371, 0.000000, 0.000000, -0.000000, 0.000000, -0.008726, 0.122164, -26.023397, 15.911799, -49.353504, 0.488711, 0.060368, -0.158873, 0.001773, 14.090820, 19.039917, 274.780273
0.000000, -0.001745, 1070.000000, 0.019197, 2000.000000, 1000.000000, 18.295952, 15.817859, 16.829071, 17.057117, -0.676535, -0.056906, 0.562512, -0.608377, -0.051173, 0.503727, -0.068158, -0.005733, 0.058785, 0.000000, 0.000000, -0.000000, 0.000000, -0.008726, 0.095986, -24.187834, 13.097256, -50.672779, 0.973404, 0.073151, -0.239832, 0.002334, 13.965820, 21.679688, 310.485840
0.000000, -0.001745, 1069.000000, 0.019197, 2000.000000, 1000.000000, 17.171700, 15.831026, 15.694550, 15.302724, -0.237212, -0.501363, 0.433125, -0.212900, -0.449979, 0.387081, -0.024312, -0.051384, 0.046043, 0.000000, 0.000000, -0.000000, 0.000000, -0.008726, 0.095986, -22.078709, 12.441393, -51.642246, 0.340641, 0.711241, -0.162068, 0.002379, 14.024414, 21.081543, 302.612305
0.000000, -0.001745, 1069.000000, 0.024433, 2000.000000, 1000.000000, 16.602837, 16.286554, 16.235956, 14.874650, 0.261256, -0.444696, 0.419397, 0.240500, -0.409366, 0.384803, 0.020756, -0.035330, 0.034594, -0.000000, 0.000000, -0.000000, 0.000000, -0.008726, 0.122164, -20.585913, 13.887664, -52.353069, -0.384800, 0.646260, -0.134372, 0.001798, 14.184570, 15.921021, 231.018051
0.000000, -0.001745, 1069.000000, 0.054101, 2000.000000, 1000.000000, 16.654524, 15.004303, 16.581577, 15.759595, -0.207060, 0.170586, 0.618050, -0.187601, 0.154555, 0.557782, -0.019459, 0.016032, 0.060268, 0.000000, -0.000000, -0.000000, 0.000000, -0.008726, 0.270506, -20.675667, 14.948807, -52.860638, 0.300161, -0.256013, -0.101349, 0.002161, 14.168945, 15.841675, 229.797348
0.000000, -0.001745, 1069.000000, 0.047120, 2000.000000, 1000.000000, 17.258406, 14.440420, 15.929052, 16.372122, -0.815264, 0.150587, 0.593729, -0.732214, 0.135247, 0.530992, -0.083051, 0.015340, 0.062737, 0.000000, -0.000000, -0.000000, 0.000000, -0.008726, 0.235602, -20.095442, 12.873006, -53.264633, 1.171542, -0.225121, -0.118393, 0.002363, 14.161133, 16.079712, 233.093246
0.000000, 0.003490, 1068.000000, 0.048866, 2000.000000, 1000.000000, 17.662603, 14.648741, 15.415163, 16.273493, -0.968048, -0.155671, 0.538883, -0.891336, -0.143335, 0.494547, -0.076712, -0.012336, 0.044336, 0.000000, 0.000000, -0.000000, 0.000000, 0.017452, 0.244328, -17.919817, 10.088196, -53.972889, 1.426138, 0.246788, -0.085370, 0.001793, 14.161133, 15.759277, 228.576645
0.000000, 0.029668, 1065.000000, 0.057592, 2000.000000, 1000.000000, 17.144419, 15.328901, 15.739359, 15.787320, -0.465870, -0.236661, 0.441890, -0.418628, -0.212662, 0.395409, -0.047241, -0.023999, 0.046480, 0.000000, 0.000000, -0.000000, 0.000000, 0.148342, 0.287958, -13.784943, 7.540940, -54.678444, 0.669805, 0.488602, 0.024352, 0.002351, 14.153320, 15.921021, 230.895981
0.000000, 0.008726, 1064.000000, 0.062827, 2000.000000, 1000.000000, 16.604254, 15.387973, 16.161007, 15.846766, -0.225510, 0.003887, 0.382631, -0.204245, 0.003520, 0.345195, -0.021264, 0.000366, 0.037436, 0.000000, 0.000000, -0.000000, 0.000000, 0.043630, 0.314136, -12.312039, 7.090464, -54.731113, 0.326792, 0.037998, 0.084006, 0.002169, 14.145508, 16.360474, 236.999496
0.000000, 0.013962, 1064.000000, 0.083770, 2000.000000, 1000.000000, 17.120214, 14.436745, 15.842314, 16.600729, -0.860471, 0.221521, 0.481263, -0.775490, 0.199644, 0.431956, -0.084981, 0.021878, 0.049308, 0.000000, -0.000000, -0.000000, 0.000000, 0.069808, 0.418848, -11.227455, 4.338266, -54.389961, 1.240783, -0.249622, 0.130878, 0.002283, 14.125977, 17.678833, 255.615219
0.000000, 0.040140, 1063.000000, 0.082024, 2000.000000, 1000.000000, 17.414665, 14.177154, 15.606465, 16.801716, -1.108191, 0.204091, 0.510566, -0.993202, 0.182914, 0.455618, -0.114989, 0.021177, 0.054948, 0.000000, -0.000000, -0.000000, 0.000000, 0.200698, 0.410122, -9.201807, 0.733086, -54.148491, 1.589123, -0.091964, 0.106377, 0.002412, 14.157227, 15.521240, 225.097641
0.001745, 0.075044, 1063.000000, 0.082024, 2000.000000, 1000.000000, 17.015497, 14.483186, 15.799359, 16.701956, -0.858727, 0.250658, 0.407429, -0.781354, 0.228073, 0.369332, -0.077373, 0.022585, 0.038097, 0.000000, -0.000000, -0.000000, 0.008726, 0.375218, 0.410122, -7.027022, -2.520627, -53.764183, 1.258893, 0.010301, 0.163901, 0.002063, 14.192383, 13.601685, 197.814926
0.001745, 0.137871, 1061.000000, 0.080279, 2000.000000, 1000.000000, 16.533653, 15.806189, 15.648129, 16.012032, -0.272842, -0.169921, 0.090890, -0.245396, -0.152828, 0.081407, -0.027445, -0.017092, 0.009484, 0.000000, 0.000000, 0.000000, 0.008726, 0.689354, 0.401396, -3.815608, -3.980567, -52.872612, 0.401360, 0.933879, 0.347125, 0.002330, 14.153320, 15.759277, 228.515610
0.001745, 0.172775, 1058.000000, 0.075044, 2000.000000, 1000.000000, 16.132711, 14.665472, 14.077681, 15.124136, -0.628423, -0.399091, 0.105196, -0.568968, -0.361333, 0.094870, -0.059455, -0.037758, 0.010327, 0.000000, 0.000000, 0.000000, 0.008726, 0.863874, 0.375218, -0.041639, -3.486793, -51.721409, 0.919076, 1.442007, 0.311971, 0.002177, 14.290039, 10.760498, 157.531738
0.001745, 0.212914, 1050.000000, 0.038394, 2000.000000, 1000.000000, 16.243221, 14.553863, 13.510831, 15.692086, -0.967653, -0.398542, -0.122974, -0.891209, -0.367057, -0.112888, -0.076444, -0.031485, -0.010087, 0.000000, 0.000000, 0.000000, 0.008726, 1.064572, 0.191972, 5.248562, -3.268098, -50.651131, 1.434660, 1.651863, 0.267231, 0.001787, 14.262695, 11.959839, 173.522934
0.000000, 0.267016, 1046.000000, 0.034904, 2000.000000, 1000.000000, 14.747936, 12.838284, 12.963081, 15.450699, -1.099318, 0.206890, -0.144492, -0.989207, 0.186168, -0.129479, -0.110111, 0.020723, -0.015013, 0.000000, 0.000000, 0.000000, 0.000000, 1.335078, 0.174520, 13.791579, -4.473644, -48.883484, 1.582731, 1.037210, 0.260839, 0.002319, 14.372070, 8.999634, 132.385254
0.000000, 0.272251, 1046.000000, 0.033159, 2000.000000, 1000.000000, 14.724260, 12.676039, 12.941368, 15.658333, -1.191297, 0.299851, -0.167186, -1.077091, 0.271105, -0.150557, -0.114206, 0.028746, -0.016629, 0.000000, 0.000000, 0.000000, 0.000000, 1.361256, 0.165794, 18.609118, -6.062732, -47.749729, 1.723345, 0.927488, 0.266165, 0.002209, 14.309570, 10.839844, 158.874512
0.000000, 0.270506, 1046.000000, 0.026178, 2000.000000, 1000.000000, 15.048253, 13.148490, 12.331716, 15.471541, -1.259897, -0.098372, -0.310016, -1.159648, -0.090544, -0.284405, -0.100249, -0.007827, -0.025611, 0.000000, 0.000000, 0.000000, 0.000000, 1.352530, 0.130890, 24.180174, -7.293132, -46.277145, 1.855437, 1.497401, 0.320493, 0.001801, 14.340820, 9.280396, 136.291504
-0.001745, 0.256544, 1046.000000, 0.027923, 2000.000000, 1000.000000, 15.746393, 13.564123, 11.732473, 14.957010, -1.351701, -0.655259, -0.260566, -1.221694, -0.592235, -0.234565, -0.130008, -0.063023, -0.026002, 0.000000, 0.000000, 0.000000, -0.008726, 1.282722, 0.139616, 35.864292, -7.164044, -43.427719, 1.945984, 2.230298, 0.295993, 0.002217, 14.313477, 10.839844, 158.874512
-0.003490, 0.235602, 1054.000000, 0.024433, 2000.000000, 1000.000000, 16.600536, 14.432278, 12.902405, 16.064781, -1.332658, -0.516407, -0.248530, -1.205842, -0.467265, -0.223991, -0.126816, -0.049141, -0.024538, 0.000000, 0.000000, 0.000000, -0.017452, 1.178010, 0.122164, 43.790985, -6.510338, -41.744156, 1.911896, 1.925634, 0.271492, 0.002191, 14.118164, 19.241333, 278.320312
-0.003490, 0.200698, 1071.000000, 0.020942, 2000.000000, 1000.000000, 18.070852, 15.648226, 15.579138, 18.701784, -1.386318, 0.140461, -0.175005, -1.277081, 0.129393, -0.160688, -0.109236, 0.011068, -0.014317, 0.000000, 0.000000, 0.000000, -0.017452, 1.003490, 0.104712, 50.455109, -7.325889, -40.285843, 2.025878, 0.796461, 0.211837, 0.001782, 14.083008, 18.881226, 269.897461
-0.059337, 0.120419, 1075.000000, 0.020942, 2000.000000, 1000.000000, 16.975134, 16.322626, 16.275545, 18.426695, -0.700914, 0.351120, -0.374660, -0.632019, 0.316608, -0.336455, -0.068895, 0.034513, -0.038205, 0.000000, -0.000000, 0.000000, -0.296684, 0.602094, 0.104712, 55.831741, -10.645919, -38.276485, 0.714546, 0.095522, 0.329016, 0.002271, 14.020508, 19.918823, 286.010742
-0.134380, 0.052356, 1075.000000, 0.024433, 2000.000000, 1000.000000, 17.533493, 17.089684, 16.101055, 17.275768, -0.404632, -0.311589, -0.182725, -0.366525, -0.282244, -0.164870, -0.038107, -0.029344, -0.017855, 0.000000, 0.000000, 0.000000, -0.671902, 0.261780, 0.122164, 57.023502, -10.193710, -37.313137, -0.085462, 0.713371, 0.232077, 0.002166, 14.000977, 21.359253, 306.213379
-0.186736, 0.003490, 1075.000000, 0.068063, 2000.000000, 1000.000000, 18.110287, 17.051395, 16.230042, 16.608276, -0.359281, -0.580841, 0.170164, -0.330401, -0.534152, 0.155964, -0.028880, -0.046689, 0.014201, 0.000000, 0.000000, 0.000000, -0.933682, 0.017452, 0.340314, 57.804062, -7.738377, -36.544514, -0.405040, 0.872095, 0.236338, 0.001821, 14.000977, 21.719360, 311.401367
-0.186736, -0.001745, 1093.000000, 0.080279, 2000.000000, 1000.000000, 18.449537, 18.283175, 19.450624, 19.816664, -0.133101, 0.633644, -0.049919, -0.120013, 0.571337, -0.044826, -0.013088, 0.062308, -0.005092, -0.000000, -0.000000, 0.000000, -0.933682, -0.008726, 0.401396, 56.106030, -6.359488, -35.266449, -0.741661, -0.922865, 0.431280, 0.002272, 13.629883, 36.682129, 511.230438
-0.209424, -0.001745, 1104.000000, 0.078534, 2000.000000, 1000.000000, 19.181376, 19.069563, 20.892439, 20.856623, -0.018999, 0.874531, 0.036907, -0.017142, 0.789049, 0.033164, -0.001857, 0.085482, 0.003743, -0.000000, -0.000000, 0.000000, -1.047120, -0.008726, 0.392670, 52.233471, -7.784647, -34.635807, -1.019693, -1.271204, 0.370561, 0.002257, 13.500977, 37.759399, 522.338867
-0.247818, -0.001745, 1112.000000, 0.090750, 2000.000000, 1000.000000, 21.324972, 20.596445, 21.315073, 20.763510, -0.044242, 0.039292, 0.320022, -0.040585, 0.036045, 0.292565, -0.003657, 0.003247, 0.027457, -0.000000, -0.000000, 0.000000, -1.239092, -0.008726, 0.453752, 48.700993, -7.765634, -34.324829, -1.174156, -0.066397, 0.258709, 0.001877, 13.497070, 39.559937, 546.936035
-0.275742, -0.001745, 1116.000000, 0.101222, 2000.000000, 1000.000000, 21.548759, 21.223999, 21.217873, 20.009369, 0.220936, -0.386378, 0.383316, 0.199056, -0.348114, 0.343935, 0.021880, -0.038265, 0.039381, -0.000000, 0.000000, 0.000000, -1.378708, -0.008726, 0.506108, 45.262711, -2.434117, -33.351856, -1.697197, 0.548256, 0.276818, 0.002290, 13.524414, 37.240601, 515.686035
-0.275742, -0.001745, 1115.000000, 0.099476, 2000.000000, 1000.000000, 20.574406, 19.984505, 22.317799, 21.123291, 0.151152, 0.720545, 0.446102, 0.136472, 0.650565, 0.401153, 0.014680, 0.069980, 0.044949, -0.000000, -0.000000, -0.000000, -1.378708, -0.008726, 0.497382, 41.194508, -0.485395, -32.742748, -1.597063, -1.049630, 0.229947, 0.002241, 13.504883, 37.319946, 516.418457
-0.246073, -0.001745, 1114.000000, 0.099476, 2000.000000, 1000.000000, 20.076326, 19.497999, 22.743868, 21.681807, 0.120934, 1.212837, 0.410098, 0.110676, 1.109958, 0.373989, 0.010258, 0.102880, 0.036109, -0.000000, -0.000000, -0.000000, -1.230366, -0.008726, 0.497382, 35.275188, -2.166999, -32.259911, -1.407447, -1.784658, 0.248056, 0.001931, 13.477539, 38.320923, 528.686523
-0.246073, 0.003490, 1002.000000, 0.113438, 2000.000000, 1000.000000, 10.286592, 10.075978, 10.610091, 9.027339, 0.343035, -0.181285, 0.448341, 0.343035, -0.181285, 0.448341, 0.000000, 0.000000, 0.000000, -0.000000, 0.000000, -0.000000, -1.230366, 0.017452, 0.567190, 27.867630, -1.460348, -31.388081, -1.779222, 0.307508, 0.268296, 0.002348, 22.102539, 0.000000, 0.000000
-0.315881, 0.003490, 1013.000000, 0.075044, 2000.000000, 1000.000000, 11.841604, 11.369848, 10.420521, 10.368027, -0.104816, -0.605726, 0.131063, -0.094159, -0.544138, 0.117240, -0.010657, -0.061588, 0.013823, -0.000000, 0.000000, 0.000000, -1.579406, 0.017452, 0.375218, 25.176161, 2.555172, -30.595457, -1.428752, 0.888073, 0.297058, 0.002358, 18.200195, 0.000000, 3.723144
-0.415358, 0.003490, 1032.000000, 0.087260, 2000.000000, 1000.000000, 14.205738, 12.064932, 12.617992, 13.111338, -0.658538, -0.135335, 0.411865, -0.606755, -0.124693, 0.378239, -0.051783, -0.010642, 0.033625, -0.000000, 0.000000, -0.000000, -2.076788, 0.017452, 0.436300, 23.157320, 5.702204, -29.854292, -1.105979, 0.216961, 0.184140, 0.001778, 14.481445, 4.840088, 71.716309
-0.380454, 0.003490, 1030.000000, 0.108202, 2000.000000, 1000.000000, 12.436833, 11.894010, 14.271453, 13.397704, 0.082731, 0.834579, 0.354143, 0.074230, 0.748818, 0.316397, 0.008501, 0.085761, 0.037746, -0.000000, -0.000000, 0.000000, -1.902268, 0.017452, 0.541012, 16.760418, 6.454318, -28.062109, -2.021036, -1.180657, 0.330081, 0.002386, 14.305664, 10.519409, 154.113770
-0.315881, 0.012216, 1039.000000, 0.106457, 2000.000000, 1000.000000, 11.324611, 12.856193, 15.028012, 12.791184, 0.942102, 0.909599, 0.176311, 0.847263, 0.818031, 0.157900, 0.094839, 0.091567, 0.018411, -0.000000, -0.000000, 0.000000, -1.579406, 0.061082, 0.532286, 9.038439, 6.426682, -26.109644, -2.935027, -1.247768, 0.427019, 0.002332, 14.344727, 8.560181, 125.732414
-0.301920, 0.008726, 1048.000000, 0.111693, 2000.000000, 1000.000000, 12.645871, 14.532868, 15.717385, 13.103875, 1.125127, 0.410630, 0.181628, 1.036700, 0.378358, 0.166807, 0.088426, 0.032272, 0.014821, -0.000000, -0.000000, 0.000000, -1.509598, 0.043630, 0.558464, 0.116620, 7.818236, -23.855482, -3.168318, -0.561742, 0.447259, 0.001777, 14.219727, 12.359619, 179.992661
-0.272251, 0.001745, 1084.000000, 0.120419, 2000.000000, 1000.000000, 17.390047, 18.794218, 18.593363, 17.222372, 0.693790, -0.092133, -0.008295, 0.624082, -0.082876, -0.007431, 0.069708, -0.009257, -0.000865, -0.000000, 0.000000, 0.000000, -1.361256, 0.008726, 0.602094, -10.602662, 11.622233, -20.024452, -2.359788, 0.141328, 0.607048, 0.002327, 13.891602, 32.601929, 455.627411
-0.244328, 0.003490, 1096.000000, 0.113438, 2000.000000, 1000.000000, 17.649418, 19.540321, 20.096447, 18.713814, 0.818383, 0.405131, -0.127067, 0.737974, 0.365325, -0.114115, 0.080410, 0.039806, -0.012952, -0.000000, -0.000000, 0.000000, -1.221640, 0.017452, 0.567190, -16.706285, 13.170459, -16.965973, -2.402398, -0.567069, 0.643267, 0.002270, 13.727539, 29.760742, 418.090790
-0.218150, 0.000000, 1076.000000, 0.078534, 2000.000000, 1000.000000, 14.104131, 18.179241, 19.301849, 16.414782, 1.740545, 0.858315, -0.297011, 1.581439, 0.779855, -0.268836, 0.159105, 0.078460, -0.028174, -0.000000, -0.000000, 0.000000, -1.090750, 0.000000, 0.392670, -31.196016, 11.758938, -11.299174, -3.621053, -1.247768, 0.571894, 0.002096, 13.883789, 23.199463, 329.528778
-0.186736, -0.001745, 1064.000000, 0.066318, 2000.000000, 1000.000000, 14.647948, 17.037346, 17.162312, 15.152394, 1.099828, 0.157352, -0.094870, 0.996510, 0.142570, -0.085623, 0.103318, 0.014782, -0.009247, -0.000000, -0.000000, 0.000000, -0.933682, -0.008726, 0.331588, -39.953606, 11.177793, -8.238763, -2.528098, -0.236839, 0.388670, 0.002160, 14.274414, 9.960938, 145.629883
-0.144852, 0.000000, 1056.000000, 0.048866, 2000.000000, 1000.000000, 15.291082, 15.515797, 14.982416, 14.210705, 0.249106, -0.403440, 0.136749, 0.229255, -0.371289, 0.125435, 0.019852, -0.032151, 0.011314, -0.000000, 0.000000, 0.000000, -0.724258, 0.000000, 0.244328, -44.583767, 12.410520, -6.671645, -1.091066, 0.594062, 0.160705, 0.001804, 14.290039, 9.320068, 136.413574
-0.095986, 0.026178, 1045.000000, 0.087260, 2000.000000, 1000.000000, 14.545314, 13.701449, 14.451962, 13.301274, 0.076706, -0.123381, 0.498638, 0.069040, -0.111052, 0.446948, 0.007665, -0.012329, 0.051690, -0.000000, 0.000000, -0.000000, -0.479930, 0.130890, 0.436300, -46.849468, 15.343315, -5.520987, -0.590395, 0.308573, 0.138334, 0.002313, 14.368164, 5.880737, 86.486809
-0.026178, 0.048866, 1009.000000, 0.069808, 2000.000000, 1000.000000, 9.349439, 9.963881, 10.972688, 9.713992, 0.468284, 0.343340, 0.161063, 0.468284, 0.343340, 0.161063, 0.000000, 0.000000, 0.000000, -0.000000, -0.000000, 0.000000, -0.130890, 0.244328, 0.349040, -48.920837, 15.415775, -4.485380, -0.880145, -0.305015, 0.241664, 0.002129, 17.575195, 0.039673, 0.671387
-0.003490, 0.075044, 1008.000000, 0.047120, 2000.000000, 1000.000000, 8.826177, 10.067870, 11.043784, 10.062169, 0.555828, 0.552977, -0.065020, 0.555828, 0.552977, -0.065020, 0.000000, 0.000000, 0.000000, -0.000000, -0.000000, 0.000000, -0.017452, 0.375218, 0.235602, -51.712860, 14.319283, -3.023402, -0.906776, -0.509545, 0.278948, 0.001804, 15.297852, 0.000000, 0.610352
0.001745, 0.106457, 1009.000000, 0.038394, 2000.000000, 1000.000000, 9.749277, 9.462421, 10.683277, 10.105024, 0.072849, 0.394151, 0.216277, 0.072849, 0.394151, 0.216277, 0.000000, 0.000000, 0.000000, -0.000000, -0.000000, -0.000000, 0.008726, 0.532286, 0.191972, -53.259865, 13.465196, -2.209415, -0.107833, -0.098355, 0.047787, 0.002190, 14.547852, 1.760864, 26.184080
0.001745, 0.111693, 1012.000000, 0.019197, 2000.000000, 1000.000000, 11.719818, 10.353323, 10.673426, 11.253433, -0.486626, -0.036570, 0.196621, -0.437809, -0.032902, 0.176160, -0.048817, -0.003669, 0.020461, 0.000000, 0.000000, -0.000000, 0.008726, 0.558464, 0.095986, -51.533459, 14.682938, -2.723320, 0.709220, 0.611106, -0.021454, 0.002323, 14.438477, 5.200195, 76.904297
0.001745, 0.113438, 1034.000000, 0.013962, 2000.000000, 1000.000000, 13.950025, 12.248862, 12.611506, 13.189607, -0.569816, -0.099444, 0.280766, -0.519700, -0.090697, 0.255137, -0.050116, -0.008746, 0.025629, 0.000000, 0.000000, -0.000000, 0.008726, 0.567190, 0.069808, -49.200073, 16.451347, -3.504487, 0.840246, 0.712306, -0.100283, 0.002009, 14.305664, 22.161865, 321.289032
0.001745, 0.115183, 1053.000000, 0.005236, 2000.000000, 1000.000000, 15.610428, 13.918098, 15.142403, 15.329071, -0.469749, 0.235737, 0.376415, -0.425824, 0.213694, 0.339893, -0.043925, 0.022043, 0.036522, 0.000000, -0.000000, -0.000000, 0.008726, 0.575916, 0.026178, -45.472565, 18.598597, -5.347865, 0.690045, 0.234005, -0.200418, 0.002149, 14.235352, 12.359619, 180.175766
0.054101, 0.134380, 1090.000000, 0.003490, 2000.000000, 1000.000000, 18.690273, 18.100697, 19.790577, 19.418453, -0.054364, 0.604516, 0.240425, -0.049160, 0.546658, 0.216550, -0.005203, 0.057858, 0.023875, 0.000000, -0.000000, -0.000000, 0.270506, 0.671902, 0.017452, -44.034973, 18.353260, -6.321687, 0.349163, -0.202750, -0.126915, 0.002205, 13.622070, 33.840942, 473.022430
0.047120, 0.132635, 1092.000000, 0.001745, 2000.000000, 1000.000000, 19.123762, 17.768385, 19.291559, 19.816294, -0.470028, 0.553927, 0.207661, -0.422510, 0.497928, 0.185884, -0.047517, 0.055999, 0.021776, 0.000000, -0.000000, -0.000000, 0.235602, 0.663176, 0.008726, -42.515682, 17.636478, -7.082513, 0.911619, -0.133509, -0.115197, 0.002343, 13.711914, 30.361938, 426.208466
0.029668, 0.130890, 1090.000000, 0.000000, 2000.000000, 1000.000000, 20.208813, 17.311981, 17.955688, 20.523518, -1.366164, 0.239602, 0.082250, -1.255352, 0.220168, 0.075324, -0.110812, 0.019435, 0.006926, 0.000000, -0.000000, -0.000000, 0.148342, 0.654450, 0.000000, -38.038124, 17.350534, -8.590783, 2.156905, 0.302182, -0.050216, 0.001839, 13.594727, 34.841919, 485.595673
0.003490, 0.113438, 1075.000000, 0.000000, 2000.000000, 1000.000000, 17.430964, 15.811728, 16.633860, 18.123449, -0.777207, 0.378654, 0.032412, -0.698004, 0.340066, 0.028986, -0.079204, 0.038588, 0.003426, 0.000000, -0.000000, -0.000000, 0.017452, 0.567190, 0.000000, -29.464596, 17.330990, -11.255003, 1.134258, 0.023084, -0.019324, 0.002364, 14.168945, 12.399292, 179.931625
0.003490, 0.106457, 1058.000000, 0.003490, 2000.000000, 1000.000000, 14.130329, 14.319366, 15.973482, 15.576822, 0.146424, 0.775153, 0.051906, 0.133563, 0.707070, 0.047174, 0.012861, 0.068082, 0.004732, -0.000000, -0.000000, -0.000000, 0.017452, 0.532286, 0.017452, -28.547146, 16.264921, -11.625237, -0.196249, -0.599026, -0.013997, 0.002006, 14.266602, 11.041260, 161.193832
0.005236, 0.095986, 1040.000000, 0.006981, 2000.000000, 1000.000000, 13.410513, 12.817701, 15.111189, 14.660597, -0.035554, 0.885893, 0.260851, -0.032756, 0.816160, 0.239532, -0.002799, 0.069733, 0.021318, 0.000000, -0.000000, -0.000000, 0.026178, 0.479930, 0.034904, -29.353073, 14.337622, -11.603106, 0.078587, -0.825926, -0.124784, 0.001780, 14.426758, 5.441284, 80.322258
0.005236, 0.085515, 1038.000000, 0.006981, 2000.000000, 1000.000000, 14.160758, 11.185504, 12.385922, 14.267816, -1.214287, 0.326869, 0.273340, -1.090024, 0.293419, 0.244326, -0.124263, 0.033450, 0.029014, 0.000000, -0.000000, -0.000000, 0.026178, 0.427574, 0.034904, -25.728901, 11.327522, -12.824473, 1.770216, -0.041897, -0.127980, 0.002375, 14.348633, 9.399414, 138.000488
0.005236, 0.087260, 1039.000000, 0.005236, 2000.000000, 1000.000000, 14.753200, 11.133771, 11.965587, 14.147443, -1.450321, 0.056514, 0.359393, -1.331039, 0.051866, 0.328708, -0.119282, 0.004648, 0.030685, 0.000000, 0.000000, -0.000000, 0.026178, 0.436300, 0.026178, -20.154224, 10.528121, -14.313107, 2.155840, 0.353314, -0.192961, 0.001867, 14.360352, 7.800293, 114.685051
0.003490, 0.089005, 1062.000000, 0.008726, 2000.000000, 1000.000000, 17.695496, 14.008737, 15.428554, 16.867214, -1.281355, 0.147884, 0.562025, -1.177369, 0.135883, 0.514675, -0.103985, 0.012001, 0.047350, 0.000000, 0.000000, -0.000000, 0.017452, 0.445026, 0.043630, -14.376417, 9.956215, -16.050228, 1.901243, 0.227614, -0.299487, 0.001840, 13.879883, 34.561157, 488.830536
0.034904, 0.099476, 1095.000000, 0.006981, 2000.000000, 1000.000000, 19.775417, 16.549431, 19.325008, 20.350143, -1.062780, 0.837576, 0.550212, -0.957363, 0.754497, 0.493596, -0.105417, 0.083079, 0.056616, 0.000000, -0.000000, -0.000000, 0.174520, 0.497382, 0.034904, -7.899165, 7.156905, -18.166550, 1.706301, -0.709813, -0.294160, 0.002294, 13.520508, 38.320923, 530.700684
0.012216, 0.094241, 1094.000000, 0.003490, 2000.000000, 1000.000000, 20.470446, 16.196676, 18.798288, 20.534590, -1.502518, 0.666439, 0.634366, -1.380463, 0.612302, 0.580868, -0.122055, 0.054137, 0.053498, 0.000000, -0.000000, -0.000000, 0.061082, 0.471204, 0.017452, -3.366897, 3.612149, -19.545227, 2.269822, -0.508479, -0.369794, 0.001842, 13.661133, 31.561279, 441.894501
0.000000, 0.071553, 1077.000000, 0.001745, 2000.000000, 1000.000000, 18.856232, 14.655484, 16.373011, 18.115273, -1.485753, 0.244142, 0.614621, -1.358052, 0.223158, 0.559790, -0.127700, 0.020984, 0.054831, 0.000000, -0.000000, -0.000000, 0.000000, 0.357766, 0.008726, 2.591706, 0.892993, -20.744352, 2.172884, 0.000714, -0.364467, 0.001959, 13.727539, 7.040405, 101.684563
-0.001745, 0.061082, 1026.000000, 0.000000, 2000.000000, 1000.000000, 13.129459, 10.363338, 12.093126, 12.414076, -0.771767, 0.253601, 0.611293, -0.697054, 0.229051, 0.549897, -0.074713, 0.024551, 0.061396, 0.000000, -0.000000, -0.000000, -0.008726, 0.305410, 0.000000, 8.431430, -1.263056, -22.215330, 1.106561, -0.061071, -0.366598, 0.002233, 14.493164, 1.998901, 29.602049
-0.006981, 0.033159, 1005.000000, 0.000000, 2000.000000, 1000.000000, 11.040961, 8.358542, 10.042853, 10.557643, -0.799302, 0.300248, 0.541907, -0.799302, 0.300248, 0.541907, 0.000000, 0.000000, 0.000000, 0.000000, -0.000000, -0.000000, -0.034904, 0.165794, 0.000000, 10.976288, -2.943923, -23.123100, 1.243979, -0.314603, -0.361271, 0.002028, 18.797852, 0.000000, 0.793457
-0.043630, 0.038394, 1009.000000, 0.000000, 2000.000000, 1000.000000, 11.629681, 8.018063, 9.332695, 11.019562, -1.324621, 0.176128, 0.481188, -1.324621, 0.176128, 0.481188, 0.000000, 0.000000, 0.000000, 0.000000, -0.000000, -0.000000, -0.218150, 0.191972, 0.000000, 14.712193, -5.223658, -23.799984, 1.901243, -0.089833, -0.320792, 0.001847, 15.528320, 0.039673, 0.610352
-0.069808, 0.031414, 1011.000000, 0.000000, 2000.000000, 1000.000000, 13.381065, 8.437227, 9.721577, 12.460131, -1.920598, 0.090853, 0.551321, -1.728002, 0.081743, 0.493971, -0.192596, 0.009111, 0.057350, 0.000000, -0.000000, -0.000000, -0.349040, 0.157068, 0.000000, 23.090872, -9.062490, -24.104504, 2.415763, 0.026280, -0.329314, 0.002322, 14.403320, 6.838989, 100.891106
-0.090750, 0.034904, 1030.000000, -0.001745, 2000.000000, 1000.000000, 15.025453, 10.688762, 11.726724, 14.559062, -1.792257, 0.142893, 0.376088, -1.613019, 0.128603, 0.337072, -0.179239, 0.014290, 0.039016, 0.000000, -0.000000, -0.000000, -0.453752, 0.174520, -0.008726, 28.810690, -11.583412, -23.818419, 2.127078, -0.031244, -0.233441, 0.002315, 14.141602, 21.719360, 314.025879
-0.137871, 0.038394, 1071.000000, 0.000000, 2000.000000, 1000.000000, 18.647463, 14.964361, 15.971483, 18.416693, -1.532078, 0.194088, 0.309472, -1.406072, 0.178126, 0.283050, -0.126007, 0.015963, 0.026423, 0.000000, -0.000000, -0.000000, -0.689354, 0.191972, 0.000000, 33.484966, -13.864669, -23.322166, 1.560361, -0.093029, -0.188700, 0.001867, 13.774414, 29.681396, 418.884247
-0.205934, 0.036649, 1115.000000, 0.000000, 2000.000000, 1000.000000, 21.133446, 20.430073, 21.299507, 21.136974, -0.135210, 0.218240, 0.216477, -0.121415, 0.195974, 0.193568, -0.013795, 0.022266, 0.022909, -0.000000, -0.000000, -0.000000, -1.029668, 0.183246, 0.000000, 35.341530, -14.609730, -23.685930, -0.835404, -0.130313, -0.129045, 0.002367, 13.071289, 53.082275, 711.486755
-0.186736, 0.038394, 1114.000000, 0.000000, 2000.000000, 1000.000000, 20.462601, 21.034462, 22.078011, 20.424927, 0.556236, 0.251469, 0.270306, 0.511818, 0.231388, 0.247896, 0.044418, 0.020081, 0.022410, -0.000000, -0.000000, -0.000000, -0.933682, 0.191972, 0.000000, 31.362440, -13.616608, -24.985540, -1.752591, -0.178250, -0.165264, 0.001808, 13.356445, 43.240356, 591.430664
-0.111693, 0.024433, 1045.000000, 0.048866, 2000.000000, 1000.000000, 14.790543, 12.380493, 14.856895, 13.972069, -0.381306, 0.414482, 0.823719, -0.344228, 0.374179, 0.740621, -0.037078, 0.040304, 0.083098, 0.000000, -0.000000, -0.000000, -0.558464, 0.122164, 0.244328, 27.034948, -12.460254, -26.800417, -0.007699, -0.476522, -0.249419, 0.002244, 14.368164, 2.801514, 41.198727
0.000000, 0.000000, 1000.000000, 0.024433, 2000.000000, 1000.000000, 9.773907, 9.053871, 10.372524, 10.799698, -0.286803, 0.586111, 0.073216, -0.286803, 0.586111, 0.073216, 0.000000, 0.000000, 0.000000, 0.000000, -0.000000, -0.000000, 0.000000, 0.000000, 0.122164, 26.916021, -14.726248, -27.113382, 0.458884, -0.937778, 0.073354, 0.002202, 22.645508, 0.000000, 1.770019
0.000000, 0.000000, 1000.000000, 0.000000, 2000.000000, 1000.000000, 9.805976, 9.489182, 10.504462, 10.200379, -0.003178, 0.352421, 0.155219, -0.003178, 0.352421, 0.155219, 0.000000, 0.000000, 0.000000, -0.000000, -0.000000, -0.000000, 0.000000, 0.000000, 0.000000, 26.517857, -16.978573, -27.383268, 0.005084, -0.563873, -0.103479, 0.001775, 18.411133, 0.000000, 0.000000
0.000000, 0.000000, 1000.000000, 0.076789, 2000.000000, 1000.000000, 10.650869, 9.698895, 10.731506, 8.918730, 0.215200, -0.174882, 0.691188, 0.215200, -0.174882, 0.691188, 0.000000, 0.000000, 0.000000, -0.000000, 0.000000, -0.000000, 0.000000, 0.000000, 0.383944, 25.787264, -16.899218, -27.883476, -0.344320, 0.279811, -0.076848, 0.001799, 15.637695, 0.000000, 4.516602
