


<<< NEW FLIGHT DATA >>>


-0.026178, 0.001745, 1000.000000, 0.000000, 2000.000000, 1000.000000, 10.076838, 9.912796, 9.923306, 10.087061, -0.081949, 0.005183, 0.000072, -0.081949, 0.005183, 0.000073, 0.000000, 0.000000, 0.000000, 0.000000, -0.000000, -0.000002, -0.130890, 0.008726, 0.000000, -1.910402, -4.202916, -0.080108, 0.000229, 0.000433, -0.000049, 0.001770, 15.192383, 0.479126, 7.507324
-0.026178, 0.001745, 1000.000000, 0.000000, 2000.000000, 1000.000000, 10.078054, 9.912910, 9.928516, 10.080519, -0.079286, 0.004518, 0.003285, -0.079286, 0.004518, 0.003269, 0.000000, 0.000000, 0.000000, 0.000000, -0.000000, 0.000016, -0.130890, 0.008726, 0.000000, -1.879669, -4.213232, -0.063691, -0.004032, 0.001498, -0.002180, 0.001791, 15.055664, 4.278564, 65.979004
-0.026178, 0.001745, 1000.000000, 0.000000, 2000.000000, 1000.000000, 10.076838, 9.912795, 9.923306, 10.087060, -0.081949, 0.005183, 0.000072, -0.081949, 0.005183, 0.000073, 0.000000, 0.000000, 0.000000, 0.000000, -0.000000, -0.000001, -0.130890, 0.008726, 0.000000, -1.855113, -4.181718, -0.101775, 0.000229, 0.000433, -0.000049, 0.002173, 14.590820, 28.161621, 420.288055
-0.026178, 0.001745, 1000.000000, 0.000000, 2000.000000, 1000.000000, 10.042378, 9.933940, 9.951430, 10.072251, -0.057315, 0.011841, -0.003096, -0.057315, 0.011841, -0.003122, 0.000000, 0.000000, 0.000000, 0.000000, -0.000000, 0.000026, -0.130890, 0.008726, 0.000000, -1.930428, -4.185060, -0.107223, -0.039186, -0.010220, 0.002082, 0.002301, 15.043945, 5.120850, 78.918457
-0.026178, 0.001745, 1000.000000, 0.000000, 2000.000000, 1000.000000, 10.060165, 9.925472, 9.939924, 10.074438, -0.067302, 0.007181, 0.000045, -0.067302, 0.007181, 0.000073, 0.000000, 0.000000, 0.000000, 0.000000, -0.000000, -0.000029, -0.130890, 0.008726, 0.000000, -2.005694, -4.168707, -0.141365, -0.023207, -0.002763, -0.000049, 0.002345, 15.063477, 4.519653, 69.702148
-0.026178, 0.001745, 1000.000000, 0.000000, 2000.000000, 1000.000000, 10.066214, 9.927414, 9.933987, 10.072386, -0.069299, 0.003186, 0.000100, -0.069299, 0.003186, 0.000073, 0.000000, 0.000000, 0.000000, 0.000000, -0.000000, 0.000026, -0.130890, 0.008726, 0.000000, -2.067999, -4.111339, -0.216356, -0.020011, 0.003628, -0.000049, 0.002307, 15.075195, 4.278564, 65.979004
-0.026178, 0.001745, 1000.000000, 0.000000, 2000.000000, 1000.000000, 10.076172, 9.912130, 9.923971, 10.087727, -0.081949, 0.005849, 0.000072, -0.081949, 0.005849, 0.000073, 0.000000, 0.000000, 0.000000, 0.000000, -0.000000, -0.000002, -0.130890, 0.008726, 0.000000, -1.910752, -3.961220, -0.319328, 0.000229, -0.000633, -0.000049, 0.001843, 15.180664, 0.518799, 8.117676
-0.026178, 0.001745, 1000.000000, 0.000000, 2000.000000, 1000.000000, 10.079178, 9.918446, 9.917656, 10.084721, -0.081949, 0.001189, -0.001583, -0.081949, 0.001189, -0.001524, 0.000000, 0.000000, 0.000000, 0.000000, 0.000000, -0.000059, -0.130890, 0.008726, 0.000000, -1.896149, -3.900034, -0.372265, 0.000229, 0.006824, 0.001016, 0.002229, 15.106445, 2.600098, 40.100098
-0.026178, 0.001745, 1000.000000, 0.000000, 2000.000000, 1000.000000, 10.062562, 9.916419, 9.950309, 10.070710, -0.066636, 0.010510, 0.006435, -0.066636, 0.010510, 0.006465, 0.000000, 0.000000, 0.000000, 0.000000, -0.000000, -0.000030, -0.130890, 0.008726, 0.000000, -1.917529, -3.909157, -0.360600, -0.024272, -0.008090, -0.004310, 0.002240, 14.758789, 14.999390, 226.989731
-0.024433, 0.000000, 1000.000000, 0.000000, 2000.000000, 1000.000000, 10.058063, 9.946473, 9.932494, 10.062970, -0.060517, -0.002268, -0.004721, -0.060517, -0.002268, -0.004720, 0.000000, 0.000000, 0.000000, 0.000000, 0.000000, -0.000001, -0.122164, 0.000000, 0.000000, -1.916395, -3.911460, -0.425540, -0.025337, 0.003628, 0.003147, 0.002315, 15.024414, 5.560303, 85.510246
-0.026178, -0.001745, 1000.000000, 0.000000, 2000.000000, 1000.000000, 10.075263, 9.929526, 9.918559, 10.076652, -0.075957, -0.002395, -0.003089, -0.075957, -0.002395, -0.003122, 0.000000, 0.000000, 0.000000, 0.000000, -0.000000, 0.000033, -0.130890, -0.008726, 0.000000, -1.947268, -3.892178, -0.431692, -0.009358, -0.004894, 0.002082, 0.001852, 15.051758, 4.638672, 71.472168
-0.026178, -0.001745, 1000.000000, 0.000000, 2000.000000, 1000.000000, 10.075346, 9.928112, 9.927963, 10.068579, -0.071963, -0.001729, 0.001655, -0.071963, -0.001729, 0.001671, 0.000000, 0.000000, 0.000000, 0.000000, -0.000000, -0.000017, -0.130890, -0.008726, 0.000000, -1.987496, -3.868139, -0.464701, -0.015750, -0.005959, -0.001114, 0.002084, 15.063477, 4.278564, 65.979004
-0.024433, -0.001745, 1000.000000, 0.000000, 2000.000000, 1000.000000, 10.084275, 9.927173, 9.915841, 10.072711, -0.078493, -0.005724, 0.000059, -0.078493, -0.005724, 0.000073, 0.000000, 0.000000, 0.000000, 0.000000, 0.000000, -0.000015, -0.122164, -0.008726, 0.000000, -2.033206, -3.806416, -0.519292, 0.003425, 0.000433, -0.000049, 0.002347, 15.071289, 3.961182, 61.096188
-0.024433, -0.001745, 1000.000000, 0.000000, 2000.000000, 1000.000000, 10.079895, 9.926228, 9.923445, 10.070433, -0.075164, -0.003061, 0.001670, -0.075164, -0.003061, 0.001671, 0.000000, 0.000000, 0.000000, 0.000000, 0.000000, -0.000001, -0.122164, -0.008726, 0.000000, -2.039169, -3.761391, -0.576446, -0.001902, -0.003829, -0.001114, 0.002259, 15.071289, 4.040527, 62.316891
-0.024433, -0.001745, 1000.000000, 0.000000, 2000.000000, 1000.000000, 10.058912, 9.939220, 9.931757, 10.070110, -0.064511, 0.000934, -0.004665, -0.064511, 0.000934, -0.004720, 0.000000, 0.000000, 0.000000, 0.000000, -0.000000, 0.000055, -0.122164, -0.008726, 0.000000, -1.986756, -3.773758, -0.581733, -0.018946, -0.010220, 0.003147, 0.002271, 15.067383, 4.238892, 64.819336
-0.026178, -0.001745, 1000.000000, 0.000000, 2000.000000, 1000.000000, 10.078618, 9.919515, 9.924577, 10.077291, -0.077955, 0.000934, 0.001597, -0.077955, 0.000934, 0.001671, 0.000000, 0.000000, 0.000000, 0.000000, -0.000000, -0.000074, -0.130890, -0.008726, 0.000000, -2.050225, -3.749770, -0.620492, -0.006163, -0.010220, -0.001114, 0.001767, 15.071289, 4.199219, 64.819336
-0.026178, -0.001745, 1000.000000, -0.001745, 2000.000000, 1000.000000, 10.064301, 9.937825, 9.903602, 10.094272, -0.079286, -0.001064, -0.016048, -0.079286, -0.001064, -0.016211, 0.000000, 0.000000, 0.000000, 0.000000, 0.000000, 0.000163, -0.130890, -0.008726, -0.008726, -2.081272, -3.722206, -0.647457, -0.004032, -0.007024, 0.002082, 0.002175, 15.071289, 4.159546, 64.208984
-0.026178, -0.001745, 1000.000000, -0.001745, 2000.000000, 1000.000000, 10.078342, 9.938433, 9.899000, 10.084225, -0.081284, -0.008387, -0.011329, -0.081284, -0.008387, -0.011418, 0.000000, 0.000000, 0.000000, 0.000000, 0.000000, 0.000089, -0.130890, -0.008726, -0.008726, -2.084256, -3.694706, -0.663177, -0.000836, 0.004694, -0.001114, 0.002200, 15.071289, 4.119873, 63.598629
-0.026178, -0.001745, 1000.000000, -0.001745, 2000.000000, 1000.000000, 10.059098, 9.949687, 9.902392, 10.088822, -0.073960, -0.004392, -0.019254, -0.073960, -0.004392, -0.019407, 0.000000, 0.000000, 0.000000, 0.000000, 0.000000, 0.000153, -0.130890, -0.008726, -0.008726, -2.086591, -3.683602, -0.680353, -0.012554, -0.001698, 0.004212, 0.002323, 15.071289, 3.921509, 60.485836
-0.024433, -0.001745, 1000.000000, -0.001745, 2000.000000, 1000.000000, 10.068458, 9.935000, 9.912009, 10.084533, -0.076496, -0.001729, -0.009767, -0.076496, -0.001729, -0.009820, 0.000000, 0.000000, 0.000000, 0.000000, 0.000000, 0.000053, -0.122164, -0.008726, -0.008726, -2.077092, -3.686815, -0.669927, 0.000229, -0.005959, -0.002180, 0.001864, 15.067383, 4.238892, 65.429688
-0.024433, -0.001745, 1000.000000, -0.001745, 2000.000000, 1000.000000, 10.081510, 9.935266, 9.911744, 10.071481, -0.076496, -0.008387, -0.003373, -0.076496, -0.008387, -0.003428, 0.000000, 0.000000, 0.000000, 0.000000, 0.000000, 0.000055, -0.122164, -0.008726, -0.008726, -2.049211, -3.699591, -0.667728, 0.000229, 0.004694, -0.006441, 0.001790, 15.067383, 3.961182, 61.096188
-0.024433, -0.001745, 1000.000000, -0.001745, 2000.000000, 1000.000000, 10.067981, 9.940804, 9.906205, 10.085010, -0.076496, -0.004392, -0.012907, -0.076496, -0.004392, -0.013016, 0.000000, 0.000000, 0.000000, 0.000000, 0.000000, 0.000109, -0.122164, -0.008726, -0.008726, -2.073715, -3.680632, -0.683254, 0.000229, -0.001698, -0.000049, 0.002087, 15.067383, 4.040527, 62.316891
-0.024433, -0.001745, 1000.000000, -0.001745, 2000.000000, 1000.000000, 10.065482, 9.944634, 9.902375, 10.087508, -0.076496, -0.005058, -0.016072, -0.076496, -0.005058, -0.016211, 0.000000, 0.000000, 0.000000, 0.000000, -0.000000, 0.000140, -0.122164, -0.008726, -0.008726, -2.108315, -3.606975, -0.747023, 0.000229, -0.000633, 0.002082, 0.002311, 15.067383, 4.000854, 61.706539
-0.024433, -0.001745, 1000.000000, -0.001745, 2000.000000, 1000.000000, 10.067097, 9.929705, 9.903988, 10.099211, -0.083153, 0.001600, -0.014457, -0.083153, 0.001600, -0.014613, 0.000000, 0.000000, 0.000000, 0.000000, 0.000000, 0.000156, -0.122164, -0.008726, -0.008726, -2.109642, -3.608923, -0.756530, 0.010882, -0.011285, 0.001016, 0.002275, 15.067383, 3.921509, 60.485836
-0.024433, -0.001745, 1000.000000, -0.001745, 2000.000000, 1000.000000, 10.068269, 9.948506, 9.893176, 10.090049, -0.079159, -0.008387, -0.019278, -0.079159, -0.008387, -0.019407, 0.000000, 0.000000, 0.000000, 0.000000, 0.000000, 0.000129, -0.122164, -0.008726, -0.008726, -2.137020, -3.601513, -0.760856, 0.004490, 0.004694, 0.004212, 0.002251, 15.063477, 4.159546, 64.208984
-0.024433, -0.001745, 1000.000000, -0.001745, 2000.000000, 1000.000000, 10.080881, 9.941219, 9.912447, 10.065453, -0.073167, -0.011050, -0.003336, -0.073167, -0.011050, -0.003428, 0.000000, 0.000000, 0.000000, 0.000000, 0.000000, 0.000092, -0.122164, -0.008726, -0.008726, -2.168984, -3.591344, -0.769826, -0.005097, 0.008955, -0.006441, 0.001764, 15.067383, 3.961182, 61.096188
-0.024433, -0.001745, 1000.000000, -0.001745, 2000.000000, 1000.000000, 10.063527, 9.950583, 9.904414, 10.081475, -0.072501, -0.007056, -0.016029, -0.072501, -0.007056, -0.016211, 0.000000, 0.000000, 0.000000, 0.000000, 0.000000, 0.000182, -0.122164, -0.008726, -0.008726, -2.113230, -3.550775, -0.807697, -0.006163, 0.002563, 0.002082, 0.001949, 15.059570, 4.000854, 61.706539
-0.024433, -0.001745, 1000.000000, -0.001745, 2000.000000, 1000.000000, 10.076676, 9.936103, 9.906911, 10.080310, -0.078493, -0.006390, -0.008206, -0.078493, -0.006390, -0.008222, 0.000000, 0.000000, 0.000000, 0.000000, 0.000000, 0.000015, -0.122164, -0.008726, -0.008726, -2.105724, -3.589455, -0.768567, 0.003425, 0.001498, -0.003245, 0.002284, 15.063477, 3.878784, 59.814449
-0.024433, -0.001745, 1000.000000, -0.001745, 2000.000000, 1000.000000, 10.075799, 9.930324, 9.904700, 10.089177, -0.082488, -0.003061, -0.009750, -0.082488, -0.003061, -0.009820, 0.000000, 0.000000, 0.000000, 0.000000, 0.000000, 0.000070, -0.122164, -0.008726, -0.008726, -2.124890, -3.593706, -0.762816, 0.009816, -0.003829, -0.002180, 0.002339, 15.067383, 3.878784, 59.814449
-0.024433, -0.001745, 1000.000000, -0.001745, 2000.000000, 1000.000000, 10.072290, 9.949810, 9.905188, 10.072712, -0.072501, -0.011050, -0.011261, -0.072501, -0.011050, -0.011418, 0.000000, 0.000000, 0.000000, 0.000000, 0.000000, 0.000156, -0.122164, -0.008726, -0.008726, -2.169556, -3.585052, -0.769584, -0.006163, 0.008955, -0.001114, 0.001860, 15.059570, 4.000854, 60.485836
-0.024433, -0.001745, 1003.000000, -0.001745, 2000.000000, 1000.000000, 10.076704, 9.944065, 9.906939, 10.072292, -0.074498, -0.010385, -0.008179, -0.074498, -0.010385, -0.008222, 0.000000, 0.000000, 0.000000, 0.000000, 0.000000, 0.000043, -0.122164, -0.008726, -0.008726, -2.203082, -3.597878, -0.754592, -0.002967, 0.007889, -0.003245, 0.002291, 15.063477, 4.040527, 62.316891
-0.024433, -0.001745, 1003.000000, -0.001745, 2000.000000, 1000.000000, 10.060619, 9.941507, 9.913490, 10.084383, -0.072501, -0.001064, -0.012945, -0.072501, -0.001064, -0.013016, 0.000000, 0.000000, 0.000000, 0.000000, 0.000000, 0.000070, -0.122164, -0.008726, -0.008726, -2.198721, -3.629273, -0.743549, -0.006163, -0.007024, -0.000049, 0.002313, 15.059570, 4.000854, 61.706539
-0.024433, -0.001745, 1003.000000, -0.001745, 2000.000000, 1000.000000, 10.061686, 9.947100, 9.909229, 10.081985, -0.071835, -0.004392, -0.014543, -0.071835, -0.004392, -0.014613, 0.000000, 0.000000, 0.000000, 0.000000, 0.000000, 0.000071, -0.122164, -0.008726, -0.008726, -2.219740, -3.605481, -0.757567, -0.007228, -0.001698, 0.001016, 0.002306, 15.055664, 4.040527, 65.307617
-0.026178, -0.001745, 1004.000000, -0.001745, 2000.000000, 1000.000000, 10.079087, 9.943013, 9.898414, 10.079486, -0.079286, -0.011050, -0.011249, -0.079286, -0.011050, -0.011418, 0.000000, 0.000000, 0.000000, 0.000000, 0.000000, 0.000169, -0.130890, -0.008726, -0.008726, -2.283978, -3.564017, -0.799452, -0.004032, 0.008955, -0.001114, 0.001915, 15.051758, 4.119873, 63.476559
-0.026178, -0.001745, 1004.000000, -0.001745, 2000.000000, 1000.000000, 10.068370, 9.935088, 9.899682, 10.096860, -0.082615, -0.001729, -0.015974, -0.082615, -0.001729, -0.016211, 0.000000, 0.000000, 0.000000, 0.000000, -0.000000, 0.000237, -0.130890, -0.008726, -0.008726, -2.210385, -3.551476, -0.818185, 0.001294, -0.005959, 0.002082, 0.001764, 15.059570, 3.878784, 59.814449
-0.026178, -0.001745, 1007.000000, -0.001745, 2000.000000, 1000.000000, 10.066282, 9.934513, 9.901588, 10.097616, -0.081949, -0.000398, -0.016064, -0.081949, -0.000398, -0.016211, 0.000000, 0.000000, 0.000000, 0.000000, -0.000000, 0.000147, -0.130890, -0.008726, -0.008726, -2.135943, -3.552497, -0.819772, 0.000229, -0.008090, 0.002082, 0.002198, 15.059570, 4.080200, 62.927242
-0.026178, -0.001745, 1012.000000, -0.001745, 2000.000000, 1000.000000, 11.065911, 10.934884, 10.905211, 11.093993, -0.079952, -0.000398, -0.014439, -0.079952, -0.000398, -0.014613, 0.000000, 0.000000, 0.000000, 0.000000, 0.000000, 0.000175, -0.130890, -0.008726, -0.008726, -2.069154, -3.566550, -0.810153, -0.002967, -0.008090, 0.001016, 0.002031, 14.973633, 7.400513, 113.525383
-0.026178, -0.001745, 1035.000000, -0.001745, 2000.000000, 1000.000000, 13.048604, 12.925561, 12.931846, 13.093989, -0.071297, 0.012918, -0.009775, -0.071297, 0.012918, -0.009820, 0.000000, 0.000000, 0.000000, 0.000000, -0.000000, 0.000044, -0.130890, -0.008726, -0.008726, -2.088422, -3.604250, -0.785074, -0.016815, -0.029395, -0.002180, 0.002227, 14.711914, 15.600586, 235.107407
-0.026178, -0.001745, 1039.000000, -0.001745, 2000.000000, 1000.000000, 12.871604, 12.924130, 13.093064, 13.111201, 0.008598, 0.102133, -0.017666, 0.008598, 0.102133, -0.017809, 0.000000, 0.000000, 0.000000, -0.000000, -0.000000, 0.000144, -0.130890, -0.008726, -0.008726, -2.256966, -3.789552, -0.790637, -0.144646, -0.172139, 0.003147, 0.001803, 14.860352, 10.958862, 166.686996
-0.026178, -0.001745, 1050.000000, -0.001745, 2000.000000, 1000.000000, 14.673233, 14.876146, 15.307253, 15.143368, 0.091700, 0.225310, -0.009757, 0.091155, 0.223972, -0.009820, 0.000545, 0.001338, -0.000024, -0.000000, -0.000000, 0.000087, -0.130890, -0.008726, -0.008726, -2.941302, -4.595035, -0.831114, -0.276738, -0.367081, -0.002180, 0.001867, 14.758789, 14.239502, 215.332016
-0.026178, -0.001745, 1059.000000, -0.001745, 2000.000000, 1000.000000, 15.152984, 14.257648, 15.091708, 15.497661, -0.325322, 0.294684, 0.122346, -0.322964, 0.292548, 0.124403, -0.002358, 0.002136, 0.000379, 0.000000, -0.000000, -0.002435, -0.130890, -0.008726, -0.008726, -2.796649, -6.401903, -0.992506, 0.385852, -0.476803, -0.091661, 0.002282, 14.446289, 25.521851, 377.502411
-0.026178, -0.001745, 1058.000000, -0.001745, 2000.000000, 1000.000000, 15.454543, 14.045926, 14.740016, 15.759515, -0.607029, 0.249765, 0.097279, -0.602594, 0.247940, 0.098837, -0.004435, 0.001825, 0.000303, 0.000000, -0.000000, -0.001861, -0.130890, -0.008726, -0.008726, -0.985397, -7.578592, -0.993561, 0.833261, -0.405431, -0.074617, 0.002300, 14.790039, 12.640381, 191.284164
-0.026178, -0.001745, 1058.000000, -0.001745, 2000.000000, 1000.000000, 15.331001, 13.856974, 15.022097, 15.789928, -0.560465, 0.406012, 0.176549, -0.557321, 0.403734, 0.180329, -0.003144, 0.002278, 0.000424, 0.000000, -0.000000, -0.004204, -0.130890, -0.008726, -0.008726, 1.260123, -8.907341, -0.936334, 0.760823, -0.654701, -0.128945, 0.001763, 14.801758, 12.121582, 183.715805
-0.026178, -0.001745, 1057.000000, -0.001745, 2000.000000, 1000.000000, 14.369885, 14.188241, 15.531421, 15.910453, -0.140169, 0.720937, -0.049347, -0.139207, 0.715988, -0.049767, -0.000962, 0.004949, -0.000143, 0.000000, -0.000000, 0.000564, -0.130890, -0.008726, -0.008726, 2.323218, -11.528776, -0.915179, 0.091841, -1.154307, 0.024452, 0.002160, 14.743164, 14.041138, 211.975082
-0.026178, -0.001745, 1057.000000, -0.001745, 2000.000000, 1000.000000, 14.490183, 14.524164, 15.590984, 15.394669, 0.057574, 0.492826, 0.040583, 0.057200, 0.489621, 0.041313, 0.000374, 0.003206, 0.000113, -0.000000, -0.000000, -0.000842, -0.130890, -0.008726, -0.008726, 1.655774, -15.781776, -1.042298, -0.222410, -0.792119, -0.036268, 0.002046, 14.743164, 14.199829, 214.416489
-0.026178, -0.001745, 1059.000000, -0.001745, 2000.000000, 1000.000000, 15.330773, 14.428491, 15.170173, 15.070563, -0.200668, 0.120368, 0.250473, -0.199128, 0.119444, 0.253832, -0.001540, 0.000924, 0.000818, 0.000000, -0.000000, -0.004177, -0.130890, -0.008726, -0.008726, 1.745675, -17.138943, -1.319065, 0.187714, -0.199836, -0.177947, 0.002417, 14.696289, 16.201782, 243.713364
-0.024433, -0.001745, 1059.000000, -0.001745, 2000.000000, 1000.000000, 16.057650, 14.466864, 14.590324, 14.885162, -0.471406, -0.262257, 0.323987, -0.468644, -0.260720, 0.330530, -0.002762, -0.001537, 0.000812, 0.000000, 0.000000, -0.007354, -0.122164, -0.008726, -0.008726, 3.114101, -16.707018, -1.541512, 0.627666, 0.408426, -0.229079, 0.001842, 14.622070, 17.120361, 256.530762
-0.022688, -0.001745, 1059.000000, -0.001745, 2000.000000, 1000.000000, 15.734608, 14.224657, 14.794947, 15.245789, -0.490198, 0.020368, 0.264778, -0.487158, 0.020242, 0.269810, -0.003040, 0.000126, 0.000702, 0.000000, -0.000000, -0.005734, -0.113438, -0.008726, -0.008726, 5.158271, -16.087574, -1.544280, 0.666015, -0.041113, -0.188600, 0.001950, 14.762695, 12.121582, 183.410629
-0.022688, -0.001745, 1058.000000, -0.001745, 2000.000000, 1000.000000, 14.905220, 14.300690, 15.722496, 15.071594, 0.011592, 0.397045, 0.313858, 0.011516, 0.394413, 0.319345, 0.000077, 0.002632, 0.000888, 0.000000, -0.000000, -0.006375, -0.113438, -0.008726, -0.008726, 6.263425, -17.971243, -2.131248, -0.131863, -0.639787, -0.221623, 0.002085, 14.723633, 14.318848, 215.881332
-0.024433, -0.001745, 1057.000000, -0.001745, 2000.000000, 1000.000000, 15.379175, 14.095591, 16.233322, 14.291912, 0.164457, 0.262618, 0.806248, 0.163187, 0.260590, 0.817885, 0.001269, 0.002027, 0.002651, -0.000000, -0.000000, -0.014288, -0.122164, -0.008726, -0.008726, 5.435490, -19.560040, -3.466559, -0.383264, -0.425671, -0.553983, 0.002431, 14.750977, 12.960815, 195.678696
-0.022688, 0.001745, 1057.000000, -0.001745, 2000.000000, 1000.000000, 15.060415, 14.669376, 15.385923, 14.884285, 0.027650, 0.135104, 0.223170, 0.027494, 0.134346, 0.228265, 0.000155, 0.000758, 0.000537, -0.000000, -0.000000, -0.005632, -0.113438, 0.008726, -0.008726, 4.701547, -20.208797, -4.611861, -0.157429, -0.206227, -0.160903, 0.001764, 14.750977, 12.960815, 195.800766
-0.022688, 0.017452, 1057.000000, -0.001745, 2000.000000, 1000.000000, 15.009803, 14.676137, 15.164891, 15.149169, -0.079486, 0.157030, 0.087347, -0.079031, 0.156132, 0.089249, -0.000454, 0.000897, 0.000214, 0.000000, -0.000000, -0.002116, -0.113438, 0.087260, -0.008726, 4.436771, -20.594849, -5.054709, 0.013012, -0.162552, -0.068225, 0.001796, 14.692383, 15.759277, 237.121567
-0.029668, 0.054101, 1057.000000, -0.001745, 2000.000000, 1000.000000, 15.190392, 14.591722, 15.170363, 15.047523, -0.118958, 0.108943, 0.180378, -0.118157, 0.108209, 0.183525, -0.000801, 0.000733, 0.000518, 0.000000, -0.000000, -0.003665, -0.148342, 0.270506, -0.008726, 4.799309, -20.800930, -5.432937, 0.040709, 0.097371, -0.131076, 0.002118, 14.708008, 14.520264, 218.688950
-0.041885, 0.076789, 1057.000000, -0.001745, 2000.000000, 1000.000000, 15.310419, 14.913588, 15.016911, 14.759083, -0.034751, -0.112003, 0.163665, -0.034494, -0.111175, 0.165948, -0.000257, -0.000829, 0.000515, -0.000000, 0.000000, -0.002798, -0.209424, 0.383944, -0.008726, 4.519805, -19.852262, -5.879494, -0.154233, 0.561823, -0.119358, 0.002329, 14.739258, 12.960815, 194.519028
-0.043630, 0.097731, 1057.000000, -0.001745, 2000.000000, 1000.000000, 15.277800, 15.029842, 14.921938, 14.770420, -0.024110, -0.153821, 0.099869, -0.023969, -0.152921, 0.102032, -0.000141, -0.000900, 0.000250, -0.000000, 0.000000, -0.002414, -0.218150, 0.488656, -0.008726, 4.117391, -17.935064, -6.243176, -0.179800, 0.733330, -0.076748, 0.001839, 14.719727, 14.160156, 213.378891
-0.043630, 0.125654, 1057.000000, -0.001745, 2000.000000, 1000.000000, 15.220993, 14.528080, 15.285776, 14.965151, -0.093072, 0.125464, 0.253384, -0.092545, 0.124754, 0.258625, -0.000527, 0.000710, 0.000613, 0.000000, 0.000000, -0.005854, -0.218150, 0.628272, -0.008726, 3.953883, -16.180004, -6.686027, -0.070078, 0.428666, -0.181143, 0.001779, 14.711914, 14.520264, 218.627914
-0.061082, 0.137871, 1057.000000, -0.001745, 2000.000000, 1000.000000, 15.121184, 14.173451, 15.417438, 15.287927, -0.204555, 0.352683, 0.269311, -0.203009, 0.350016, 0.273006, -0.001547, 0.002667, 0.000867, 0.000000, -0.000000, -0.004562, -0.305410, 0.689354, -0.008726, 3.961418, -15.527300, -7.359751, 0.019404, 0.129329, -0.190730, 0.002381, 14.692383, 14.520264, 222.106918
-0.068063, 0.137871, 1057.000000, -0.001745, 2000.000000, 1000.000000, 15.315804, 14.523611, 15.212566, 14.948019, -0.131911, 0.080293, 0.264185, -0.130948, 0.079707, 0.268213, -0.000963, 0.000586, 0.000822, 0.000000, 0.000000, -0.004850, -0.340314, 0.689354, -0.008726, 4.085951, -14.608321, -7.922932, -0.130798, 0.561823, -0.187534, 0.002299, 14.688477, 14.721680, 221.496567
-0.090750, 0.132635, 1057.000000, -0.001745, 2000.000000, 1000.000000, 15.426970, 15.001416, 14.907283, 14.664330, -0.045650, -0.214193, 0.167127, -0.045387, -0.212956, 0.170741, -0.000264, -0.001238, 0.000413, -0.000000, 0.000000, -0.004028, -0.453752, 0.663176, -0.008726, 3.799418, -12.353181, -8.454703, -0.381133, 1.003905, -0.122554, 0.001816, 14.762695, 11.920166, 180.175766
-0.097731, 0.141361, 1057.000000, -0.001745, 2000.000000, 1000.000000, 15.445106, 15.133264, 15.083762, 14.337869, 0.108513, -0.289185, 0.264434, 0.107900, -0.287552, 0.269810, 0.000613, -0.001632, 0.000638, -0.000000, 0.000000, -0.006015, -0.488656, 0.706806, -0.008726, 2.865348, -9.105457, -8.999238, -0.661296, 1.166890, -0.188600, 0.001774, 14.668945, 15.359497, 230.773911
-0.092496, 0.158813, 1057.000000, -0.001745, 2000.000000, 1000.000000, 15.099462, 14.668498, 15.494639, 14.737401, 0.081568, 0.116021, 0.297050, 0.080985, 0.115191, 0.301768, 0.000583, 0.000829, 0.000905, -0.000000, 0.000000, -0.005623, -0.462478, 0.794066, -0.008726, 1.494845, -6.416946, -9.778961, -0.592054, 0.609760, -0.209905, 0.002250, 14.731445, 13.360596, 201.477036
-0.095986, 0.160558, 1058.000000, -0.001745, 2000.000000, 1000.000000, 14.983783, 14.506238, 15.528979, 14.981000, 0.017609, 0.254990, 0.256381, 0.017481, 0.253136, 0.260223, 0.000128, 0.001853, 0.000794, -0.000000, -0.000000, -0.004636, -0.479930, 0.802792, -0.008726, -0.303667, -4.293092, -10.618423, -0.507899, 0.397774, -0.182208, 0.002288, 14.715820, 13.919067, 209.716782
-0.094241, 0.158813, 1057.000000, -0.001745, 2000.000000, 1000.000000, 15.378656, 14.771561, 15.313547, 14.536236, 0.042554, -0.075109, 0.346102, 0.042242, -0.074558, 0.351303, 0.000312, -0.000551, 0.001082, -0.000000, 0.000000, -0.006282, -0.471204, 0.794066, -0.008726, -1.206716, -2.405888, -11.333827, -0.538791, 0.913358, -0.242928, 0.002309, 14.708008, 13.919067, 209.594711
-0.090750, 0.150087, 1057.000000, -0.001745, 2000.000000, 1000.000000, 15.493567, 15.145885, 15.012094, 14.348454, 0.078989, -0.319726, 0.252831, 0.078449, -0.317541, 0.257027, 0.000540, -0.002185, 0.000737, -0.000000, 0.000000, -0.004933, -0.453752, 0.750436, -0.008726, -2.033830, 0.822826, -11.888597, -0.579271, 1.258502, -0.180078, 0.002150, 14.653320, 15.960693, 239.501938
-0.085515, 0.143106, 1057.000000, -0.001745, 2000.000000, 1000.000000, 15.561213, 15.117326, 15.148360, 14.173100, 0.132843, -0.339270, 0.354787, 0.132095, -0.337359, 0.362488, 0.000748, -0.001911, 0.000855, -0.000000, 0.000000, -0.008556, -0.427574, 0.715532, -0.008726, -2.873224, 4.698024, -12.398658, -0.638926, 1.255306, -0.250385, 0.001770, 14.704102, 13.641357, 205.505356
-0.057592, 0.143106, 1057.000000, -0.001745, 2000.000000, 1000.000000, 15.277021, 14.753433, 15.440325, 14.529221, 0.096879, -0.015228, 0.358673, 0.096184, -0.015118, 0.364086, 0.000695, -0.000109, 0.001096, -0.000000, 0.000000, -0.006509, -0.287958, 0.715532, -0.008726, -4.228587, 9.039167, -13.390092, -0.441853, 0.739721, -0.251450, 0.002258, 14.704102, 13.400269, 201.782211
-0.043630, 0.139616, 1056.000000, 0.000000, 2000.000000, 1000.000000, 15.159987, 14.817325, 15.357100, 14.665587, 0.087213, 0.011344, 0.258544, 0.086551, 0.011258, 0.262127, 0.000661, 0.000086, 0.000835, -0.000000, 0.000000, -0.004417, -0.218150, 0.698080, 0.000000, -4.910399, 11.150604, -13.812397, -0.356632, 0.680067, -0.174751, 0.002388, 14.711914, 13.079834, 194.702133
-0.040140, 0.113438, 1052.000000, 0.000000, 2000.000000, 1000.000000, 15.188111, 15.125592, 15.183311, 14.502986, 0.154451, -0.156851, 0.185711, 0.153385, -0.155769, 0.188624, 0.001066, -0.001083, 0.000546, -0.000000, 0.000000, -0.003459, -0.200698, 0.567190, 0.000000, -5.545035, 13.387350, -14.043339, -0.446114, 0.816420, -0.125749, 0.002172, 14.653320, 15.798950, 237.182602
-0.029668, 0.054101, 1053.000000, 0.000000, 2000.000000, 1000.000000, 15.457005, 15.157135, 15.151669, 14.234192, 0.154402, -0.307069, 0.304337, 0.153484, -0.305244, 0.310063, 0.000918, -0.001826, 0.000773, -0.000000, 0.000000, -0.006499, -0.148342, 0.270506, 0.000000, -6.216025, 15.778713, -14.316592, -0.393916, 0.758896, -0.206709, 0.001869, 14.680664, 14.160156, 212.829575
-0.026178, -0.001745, 1053.000000, 0.000000, 2000.000000, 1000.000000, 15.597753, 14.816022, 15.075255, 14.510970, -0.054361, -0.206887, 0.336504, -0.053986, -0.205460, 0.342021, -0.000375, -0.001427, 0.000990, 0.000000, 0.000000, -0.006508, -0.130890, -0.008726, 0.000000, -6.318245, 17.304842, -14.936313, -0.044512, 0.320010, -0.228014, 0.002171, 14.708008, 13.681030, 205.932602
-0.026178, -0.001745, 1054.000000, 0.000000, 2000.000000, 1000.000000, 15.322859, 14.747713, 15.007973, 14.921455, -0.122158, -0.035286, 0.165415, -0.121231, -0.035019, 0.167852, -0.000927, -0.000268, 0.000535, 0.000000, 0.000000, -0.002971, -0.130890, -0.008726, 0.000000, -5.720806, 17.739250, -15.782041, 0.063079, 0.047304, -0.111901, 0.002389, 14.700195, 13.439941, 202.209457
-0.024433, -0.001745, 1054.000000, 0.000000, 2000.000000, 1000.000000, 15.235132, 14.706640, 15.234472, 14.823755, -0.029444, 0.029114, 0.234802, -0.029225, 0.028897, 0.238159, -0.000219, 0.000217, 0.000745, -0.000000, -0.000000, -0.004102, -0.122164, -0.008726, 0.000000, -5.684182, 17.618771, -16.141804, -0.075404, -0.054961, -0.158772, 0.002346, 14.692383, 14.401245, 216.491684
-0.024433, -0.001745, 1050.000000, 0.000000, 2000.000000, 1000.000000, 14.966694, 14.971169, 15.311522, 14.750616, 0.141345, 0.031069, 0.139108, 0.140551, 0.030894, 0.142285, 0.000794, 0.000175, 0.000335, -0.000000, -0.000000, -0.003512, -0.122164, -0.008726, 0.000000, -6.281371, 17.621569, -16.306864, -0.347045, -0.058157, -0.094857, 0.001766, 14.692383, 13.641357, 205.322250
-0.026178, -0.001745, 1048.000000, 0.000000, 2000.000000, 1000.000000, 13.929732, 13.972528, 14.346934, 13.750806, 0.159731, 0.048870, 0.138333, 0.159731, 0.048870, 0.140687, 0.000000, 0.000000, 0.000000, -0.000000, -0.000000, -0.002354, -0.130890, -0.008726, 0.000000, -7.380219, 17.751635, -16.198153, -0.386460, -0.086919, -0.093792, 0.002146, 14.821289, 9.320068, 141.418457
-0.026178, -0.001745, 1041.000000, 0.000000, 2000.000000, 1000.000000, 14.245225, 13.515887, 14.260293, 13.978595, -0.111910, 0.119444, 0.252759, -0.111910, 0.119444, 0.257333, 0.000000, 0.000000, 0.000000, 0.000000, -0.000000, -0.004575, -0.130890, -0.008726, 0.000000, -8.323148, 17.320131, -16.586863, 0.048166, -0.199836, -0.171555, 0.002306, 14.786133, 10.281372, 155.578613
-0.024433, -0.001745, 1039.000000, 0.000000, 2000.000000, 1000.000000, 13.208610, 12.384725, 13.114743, 13.291923, -0.250266, 0.203333, 0.161677, -0.250266, 0.203333, 0.164656, 0.000000, 0.000000, 0.000000, 0.000000, -0.000000, -0.002979, -0.122164, -0.008726, 0.000000, -8.036624, 16.401276, -17.019436, 0.278261, -0.334058, -0.109771, 0.002243, 14.852539, 7.998657, 121.582024
-0.026178, -0.001745, 1039.000000, 0.000000, 2000.000000, 1000.000000, 13.193807, 12.320966, 13.150285, 13.334943, -0.264375, 0.242614, 0.172046, -0.264375, 0.242614, 0.175841, 0.000000, 0.000000, 0.000000, 0.000000, -0.000000, -0.003795, -0.130890, -0.008726, 0.000000, -7.556262, 15.193937, -17.429611, 0.292110, -0.396909, -0.117227, 0.001870, 14.844727, 8.120728, 123.413078
-0.024433, -0.001745, 1039.000000, 0.000000, 2000.000000, 1000.000000, 13.144438, 12.519470, 13.183729, 13.152363, -0.148401, 0.168046, 0.164084, -0.148401, 0.168046, 0.167852, 0.000000, 0.000000, 0.000000, 0.000000, -0.000000, -0.003768, -0.122164, -0.008726, 0.000000, -7.337496, 14.201670, -17.773508, 0.115277, -0.277600, -0.111901, 0.001782, 14.829102, 9.039307, 137.207031
-0.024433, -0.001745, 1039.000000, 0.000000, 2000.000000, 1000.000000, 13.083349, 12.753662, 13.191883, 12.971106, -0.027227, 0.081494, 0.137616, -0.027227, 0.081494, 0.140687, 0.000000, 0.000000, 0.000000, -0.000000, -0.000000, -0.003071, -0.122164, -0.008726, 0.000000, -7.509955, 13.694504, -18.009182, -0.078600, -0.139116, -0.093792, 0.001770, 14.821289, 9.078979, 137.817383
-0.024433, -0.001745, 1039.000000, 0.000000, 2000.000000, 1000.000000, 13.016878, 12.893370, 13.014891, 13.074862, -0.045869, 0.044876, 0.015884, -0.045869, 0.044876, 0.016052, 0.000000, 0.000000, 0.000000, 0.000000, -0.000000, -0.000168, -0.122164, -0.008726, 0.000000, -8.080198, 13.469076, -18.020502, -0.048773, -0.080527, -0.010702, 0.002298, 14.829102, 8.718872, 132.385254
-0.024433, -0.001745, 1040.000000, 0.000000, 2000.000000, 1000.000000, 14.332553, 13.730826, 13.887153, 14.049468, -0.191011, -0.031690, 0.109853, -0.191011, -0.031690, 0.111926, 0.000000, 0.000000, 0.000000, 0.000000, 0.000000, -0.002073, -0.122164, -0.008726, 0.000000, -7.860019, 13.337357, -18.187639, 0.183453, 0.041978, -0.074617, 0.002160, 14.672852, 17.321777, 243.103012
-0.024433, -0.001745, 1039.000000, 0.000000, 2000.000000, 1000.000000, 13.285240, 12.643650, 13.090176, 12.980934, -0.133087, 0.035555, 0.187708, -0.133087, 0.035555, 0.191820, 0.000000, 0.000000, 0.000000, 0.000000, -0.000000, -0.004112, -0.122164, -0.008726, 0.000000, -7.404056, 13.232149, -18.578808, 0.090776, -0.065613, -0.127880, 0.001897, 14.809570, 9.439087, 143.127441
-0.026178, -0.001745, 1039.000000, 0.000000, 2000.000000, 1000.000000, 12.912319, 12.803520, 13.165739, 13.118422, -0.015371, 0.142080, 0.039029, -0.015371, 0.142080, 0.040021, 0.000000, 0.000000, 0.000000, -0.000000, -0.000000, -0.000991, -0.130890, -0.008726, 0.000000, -7.611118, 12.890464, -18.787580, -0.106297, -0.236055, -0.026680, 0.001808, 14.825195, 6.878662, 104.492180
-0.024433, 0.000000, 1041.000000, 0.000000, 2000.000000, 1000.000000, 14.299337, 13.377632, 13.851526, 14.471504, -0.385420, 0.161516, 0.075432, -0.385420, 0.161516, 0.076772, 0.000000, 0.000000, 0.000000, 0.000000, -0.000000, -0.001340, -0.122164, 0.000000, 0.000000, -7.456971, 11.525308, -18.859386, 0.494509, -0.258425, -0.051181, 0.002268, 14.836914, 8.358765, 127.014153
-0.026178, 0.003490, 1043.000000, 0.000000, 2000.000000, 1000.000000, 14.566826, 13.173548, 13.759748, 14.499878, -0.533352, 0.129813, 0.163287, -0.533352, 0.129813, 0.166254, 0.000000, 0.000000, 0.000000, 0.000000, -0.000000, -0.002967, -0.130890, 0.017452, 0.000000, -5.951875, 10.456337, -19.373896, 0.722474, -0.190249, -0.110836, 0.002220, 14.723633, 12.121582, 182.800278
-0.024433, 0.015707, 1044.000000, 0.000000, 2000.000000, 1000.000000, 14.346169, 12.959660, 14.095064, 14.599108, -0.472638, 0.347086, 0.220616, -0.472638, 0.347086, 0.225376, 0.000000, 0.000000, 0.000000, 0.000000, -0.000000, -0.004759, -0.122164, 0.078534, 0.000000, -4.436073, 8.894584, -19.983482, 0.634057, -0.476803, -0.150250, 0.001874, 14.778320, 10.241699, 154.907227
-0.024433, 0.017452, 1056.000000, 0.000000, 2000.000000, 1000.000000, 14.846752, 14.090307, 15.244080, 15.818861, -0.332807, 0.531470, 0.045416, -0.330826, 0.528307, 0.046412, -0.001981, 0.003163, 0.000116, 0.000000, -0.000000, -0.001112, -0.122164, 0.087260, 0.000000, -3.740264, 6.715301, -20.345629, 0.407157, -0.758031, -0.030941, 0.001871, 14.547852, 19.519043, 290.832520
-0.024433, 0.003490, 1059.000000, 0.000000, 2000.000000, 1000.000000, 15.458308, 14.180778, 14.841189, 15.519725, -0.489017, 0.180457, 0.149749, -0.485288, 0.179081, 0.151873, -0.003729, 0.001376, 0.000486, 0.000000, -0.000000, -0.002610, -0.122164, 0.017452, 0.000000, -2.956785, 4.167269, -20.655022, 0.654297, -0.269078, -0.101248, 0.002401, 14.649414, 14.199829, 213.012680
-0.024433, 0.001745, 1058.000000, 0.000000, 2000.000000, 1000.000000, 15.752211, 14.088497, 14.688643, 15.470650, -0.611430, 0.079646, 0.220426, -0.607127, 0.079086, 0.223778, -0.004303, 0.000561, 0.000661, 0.000000, -0.000000, -0.004012, -0.122164, 0.008726, 0.000000, 0.248472, 2.517766, -21.312471, 0.849239, -0.117811, -0.149185, 0.002215, 14.672852, 13.198853, 198.303207
-0.024433, 0.003490, 1058.000000, 0.000000, 2000.000000, 1000.000000, 15.275852, 13.950464, 15.202211, 15.571472, -0.423662, 0.386841, 0.239032, -0.420707, 0.384143, 0.242952, -0.002955, 0.002698, 0.000711, 0.000000, -0.000000, -0.004631, -0.122164, 0.017452, 0.000000, 1.880195, 0.843724, -21.790873, 0.550967, -0.597177, -0.161968, 0.002195, 14.657227, 14.120483, 211.914047
-0.022688, 0.003490, 1058.000000, 0.000000, 2000.000000, 1000.000000, 14.787747, 14.301782, 15.337901, 15.572570, -0.180159, 0.455236, 0.062824, -0.178899, 0.452053, 0.063989, -0.001259, 0.003182, 0.000188, 0.000000, -0.000000, -0.001352, -0.113438, 0.017452, 0.000000, 2.179487, -1.359247, -22.045807, 0.172801, -0.705833, -0.042659, 0.002200, 14.665039, 14.001465, 210.327133
-0.022688, 0.003490, 1057.000000, 0.000000, 2000.000000, 1000.000000, 15.155072, 14.270459, 15.211682, 15.362786, -0.258929, 0.287235, 0.183378, -0.257462, 0.285607, 0.187026, -0.001467, 0.001628, 0.000444, 0.000000, -0.000000, -0.004093, -0.113438, 0.017452, 0.000000, 2.106059, -3.121064, -22.269655, 0.298501, -0.439519, -0.124684, 0.001781, 14.665039, 13.681030, 205.505356
-0.024433, 0.019197, 1057.000000, 0.000000, 2000.000000, 1000.000000, 15.804878, 14.144535, 14.712381, 15.338205, -0.571541, 0.025293, 0.258630, -0.567180, 0.025100, 0.262127, -0.004361, 0.000193, 0.000840, 0.000000, -0.000000, -0.004337, -0.122164, 0.095986, 0.000000, 4.219467, -4.642725, -22.804363, 0.785324, 0.055826, -0.174751, 0.002403, 14.672852, 13.400269, 201.232895
-0.036649, 0.045375, 1056.000000, 0.000000, 2000.000000, 1000.000000, 15.615214, 14.034419, 15.083896, 15.266471, -0.440843, 0.175183, 0.349555, -0.438244, 0.174151, 0.356402, -0.002599, 0.001033, 0.000881, 0.000000, -0.000000, -0.007728, -0.183246, 0.226876, 0.000000, 5.970134, -5.379997, -23.199696, 0.517944, -0.051765, -0.237601, 0.001853, 14.668945, 13.800049, 207.275375
-0.069808, 0.059337, 1055.000000, 0.000000, 2000.000000, 1000.000000, 15.245336, 14.074027, 15.284492, 15.396146, -0.320741, 0.340319, 0.264913, -0.318827, 0.338288, 0.270116, -0.001914, 0.002031, 0.000676, 0.000000, -0.000000, -0.005879, -0.349040, 0.296684, 0.000000, 6.698381, -6.311036, -23.754288, 0.161083, -0.244577, -0.180078, 0.001876, 14.661133, 13.879395, 208.374008
-0.090750, 0.087260, 1055.000000, 0.000000, 2000.000000, 1000.000000, 15.005725, 14.429347, 15.233748, 15.331180, -0.168453, 0.282464, 0.119737, -0.167226, 0.280407, 0.121513, -0.001227, 0.002058, 0.000372, 0.000000, -0.000000, -0.002148, -0.453752, 0.436300, 0.000000, 6.328194, -6.845264, -24.241545, -0.186191, -0.012351, -0.081009, 0.002293, 14.629883, 14.559937, 218.078598
-0.089005, 0.094241, 1055.000000, 0.000000, 2000.000000, 1000.000000, 15.049136, 14.584004, 15.248620, 15.118239, -0.083688, 0.183430, 0.148878, -0.083209, 0.182380, 0.151873, -0.000479, 0.001050, 0.000364, -0.000000, -0.000000, -0.003359, -0.445026, 0.471204, 0.000000, 5.714408, -6.311346, -24.526030, -0.311892, 0.179396, -0.101248, 0.001799, 14.684570, 13.558960, 203.674301
-0.090750, 0.095986, 1055.000000, 0.000000, 2000.000000, 1000.000000, 15.305537, 14.725131, 15.027972, 14.941360, -0.123448, -0.015334, 0.166755, -0.122618, -0.015231, 0.169449, -0.000830, -0.000103, 0.000478, -0.000000, 0.000000, -0.003173, -0.453752, 0.479930, 0.000000, 5.330069, -5.058724, -24.906784, -0.257563, 0.504299, -0.112966, 0.002116, 14.661133, 13.641357, 204.711899
-0.089005, 0.087260, 1055.000000, 0.000000, 2000.000000, 1000.000000, 15.257593, 14.743525, 15.004351, 14.994532, -0.126062, -0.000559, 0.130971, -0.125154, -0.000555, 0.132698, -0.000909, -0.000004, 0.000401, -0.000000, 0.000000, -0.002128, -0.445026, 0.436300, 0.000000, 5.295152, -2.808423, -25.112411, -0.244780, 0.437188, -0.088465, 0.002269, 14.657227, 13.641357, 204.833969
-0.090750, 0.068063, 1055.000000, 0.000000, 2000.000000, 1000.000000, 14.822050, 14.987568, 15.272192, 14.918190, 0.129880, 0.095191, 0.047121, 0.129049, 0.094582, 0.048010, 0.000831, 0.000609, 0.000129, -0.000000, 0.000000, -0.001018, -0.453752, 0.340314, 0.000000, 4.329425, -1.619785, -25.313978, -0.660231, 0.188983, -0.032007, 0.002012, 14.676758, 12.359619, 185.729965
-0.087260, 0.040140, 1055.000000, 0.000000, 2000.000000, 1000.000000, 15.344862, 14.712786, 14.815628, 15.126724, -0.235793, -0.028824, 0.080245, -0.234215, -0.028631, 0.081566, -0.001578, -0.000193, 0.000229, 0.000000, 0.000000, -0.001550, -0.436300, 0.200698, 0.000000, 3.229632, -0.341064, -25.452810, -0.061556, 0.246507, -0.054377, 0.002105, 14.645508, 14.599609, 218.811020
-0.082024, 0.024433, 1055.000000, 0.000000, 2000.000000, 1000.000000, 15.536977, 14.714709, 14.752744, 14.995570, -0.266273, -0.125843, 0.144860, -0.264459, -0.124985, 0.147079, -0.001814, -0.000857, 0.000420, 0.000000, 0.000000, -0.002640, -0.410122, 0.122164, 0.000000, 3.638468, 0.377833, -25.629717, 0.013012, 0.322140, -0.098053, 0.002144, 14.653320, 13.198853, 198.120102
-0.059337, 0.003490, 1055.000000, 0.000000, 2000.000000, 1000.000000, 15.187439, 14.852787, 15.167679, 14.792095, 0.010233, -0.020113, 0.177559, 0.010171, -0.019989, 0.180635, 0.000063, -0.000124, 0.000465, -0.000000, 0.000000, -0.003541, -0.296684, 0.017452, 0.000000, 3.404831, 1.104509, -25.899002, -0.312957, 0.049434, -0.120423, 0.001932, 14.622070, 15.359497, 229.980453
-0.048866, 0.001745, 1055.000000, 0.000000, 2000.000000, 1000.000000, 14.690248, 14.643326, 15.439074, 15.227352, 0.041200, 0.333213, 0.064661, 0.040896, 0.330753, 0.065587, 0.000304, 0.002460, 0.000203, -0.000000, -0.000000, -0.001129, -0.244328, 0.008726, 0.000000, 1.092143, 0.829481, -26.095516, -0.309761, -0.520478, -0.043725, 0.002324, 14.633789, 13.720703, 205.688461
-0.034904, 0.001745, 1055.000000, 0.000000, 2000.000000, 1000.000000, 15.234951, 14.373823, 15.246672, 15.144554, -0.189752, 0.195613, 0.240812, -0.188447, 0.194267, 0.244550, -0.001306, 0.001346, 0.000706, 0.000000, -0.000000, -0.004444, -0.174520, 0.008726, 0.000000, 0.389925, -0.216011, -26.362103, 0.126995, -0.302101, -0.163033, 0.002165, 14.602539, 15.521240, 232.116684
-0.033159, 0.001745, 1055.000000, 0.000000, 2000.000000, 1000.000000, 15.546779, 14.437417, 14.928494, 15.087310, -0.317044, 0.007902, 0.237637, -0.314819, 0.007847, 0.241354, -0.002225, 0.000055, 0.000711, 0.000000, -0.000000, -0.004428, -0.165794, 0.008726, 0.000000, 0.925070, -0.914580, -26.808529, 0.337916, -0.003829, -0.160903, 0.002209, 14.657227, 12.921143, 194.030746
-0.036649, 0.003490, 1055.000000, 0.000000, 2000.000000, 1000.000000, 15.432009, 14.440601, 15.172798, 14.954592, -0.193300, 0.063695, 0.302403, -0.191903, 0.063234, 0.306868, -0.001397, 0.000460, 0.000931, 0.000000, -0.000000, -0.005395, -0.183246, 0.017452, 0.000000, 2.004393, -1.240213, -27.583029, 0.123799, -0.083723, -0.204578, 0.002275, 14.637695, 13.479614, 202.026352
-0.036649, 0.003490, 1055.000000, 0.000000, 2000.000000, 1000.000000, 15.008476, 14.508821, 15.274975, 15.207727, -0.108102, 0.241351, 0.141726, -0.107348, 0.239668, 0.143883, -0.000754, 0.001683, 0.000421, 0.000000, -0.000000, -0.002578, -0.183246, 0.017452, 0.000000, 1.654205, -1.755039, -27.951466, -0.011489, -0.366016, -0.095922, 0.002195, 14.594727, 15.481567, 231.323227
-0.036649, 0.003490, 1055.000000, 0.000000, 2000.000000, 1000.000000, 15.077642, 14.258072, 15.414812, 15.249474, -0.163558, 0.332143, 0.246227, -0.162608, 0.330215, 0.250942, -0.000950, 0.001928, 0.000611, 0.000000, -0.000000, -0.005325, -0.183246, 0.017452, 0.000000, 1.039950, -2.946711, -28.256397, 0.076928, -0.510891, -0.167294, 0.001825, 14.610352, 15.841675, 236.877426
-0.029668, 0.017452, 1055.000000, 0.000000, 2000.000000, 1000.000000, 15.289503, 14.166105, 15.406065, 15.138327, -0.213915, 0.272196, 0.347784, -0.212698, 0.270648, 0.354804, -0.001217, 0.001549, 0.000846, 0.000000, -0.000000, -0.007866, -0.148342, 0.087260, 0.000000, 0.714794, -4.125046, -28.876862, 0.191975, -0.345776, -0.236536, 0.001788, 14.618164, 14.920044, 223.327621
-0.033159, 0.045375, 1055.000000, 0.000000, 2000.000000, 1000.000000, 15.274249, 14.243348, 15.481822, 15.000581, -0.137415, 0.241201, 0.378035, -0.136388, 0.239398, 0.383566, -0.001027, 0.001803, 0.001204, 0.000000, -0.000000, -0.006735, -0.165794, 0.226876, 0.000000, 0.652950, -5.113880, -29.970942, 0.052427, -0.156160, -0.255711, 0.002354, 14.645508, 13.360596, 200.378403
-0.033159, 0.048866, 1055.000000, 0.000000, 2000.000000, 1000.000000, 15.112845, 14.267074, 15.592486, 15.027595, -0.070220, 0.310041, 0.352666, -0.069809, 0.308229, 0.359598, -0.000410, 0.001812, 0.000881, 0.000000, -0.000000, -0.007813, -0.165794, 0.244328, 0.000000, 0.342654, -5.601095, -30.629440, -0.054099, -0.248838, -0.239732, 0.001837, 14.618164, 14.318848, 214.294418
-0.033159, 0.052356, 1055.000000, 0.000000, 2000.000000, 1000.000000, 15.042359, 14.213235, 15.753451, 14.990954, -0.016657, 0.372203, 0.397905, -0.016546, 0.369736, 0.404339, -0.000110, 0.002467, 0.001124, -0.000000, -0.000000, -0.007558, -0.165794, 0.261780, 0.000000, -0.365998, -6.193992, -31.436237, -0.139320, -0.329797, -0.269559, 0.002085, 14.598633, 15.359497, 229.492172
-0.034904, 0.089005, 1055.000000, 0.000000, 2000.000000, 1000.000000, 15.077003, 13.966220, 15.827172, 15.129605, -0.103304, 0.478389, 0.452087, -0.102560, 0.474944, 0.458667, -0.000744, 0.003445, 0.001386, 0.000000, -0.000000, -0.007966, -0.174520, 0.445026, 0.000000, -1.530582, -7.094347, -32.725975, -0.010424, -0.314884, -0.305778, 0.002267, 14.606445, 15.359497, 229.797348
-0.041885, 0.095986, 1055.000000, 0.000000, 2000.000000, 1000.000000, 15.255961, 13.929221, 15.535079, 15.279738, -0.267850, 0.407409, 0.395520, -0.266188, 0.404880, 0.402741, -0.001663, 0.002529, 0.001048, 0.000000, -0.000000, -0.008269, -0.209424, 0.479930, 0.000000, -1.570937, -7.800965, -33.559731, 0.216476, -0.167878, -0.268494, 0.001952, 14.629883, 14.120483, 211.486801
-0.043630, 0.089005, 1055.000000, 0.000000, 2000.000000, 1000.000000, 15.360074, 14.552310, 15.442327, 14.645289, -0.002682, 0.043808, 0.401201, -0.002664, 0.043514, 0.407535, -0.000018, 0.000293, 0.001145, -0.000000, 0.000000, -0.007479, -0.218150, 0.445026, 0.000000, -1.269467, -7.311842, -34.572559, -0.213888, 0.375403, -0.271690, 0.002107, 14.633789, 13.601685, 203.796371
-0.040140, 0.092496, 1055.000000, 0.000000, 2000.000000, 1000.000000, 15.228062, 14.720007, 15.548601, 14.503330, 0.134304, 0.025966, 0.388331, 0.133411, 0.025793, 0.394751, 0.000893, 0.000173, 0.001101, -0.000000, 0.000000, -0.007521, -0.200698, 0.462478, 0.000000, -1.488840, -5.736213, -35.298840, -0.414156, 0.421209, -0.263168, 0.002091, 14.637695, 14.001465, 209.899887
-0.029668, 0.104712, 1055.000000, 0.000000, 2000.000000, 1000.000000, 15.214259, 14.463841, 15.538211, 14.783689, 0.001026, 0.160950, 0.376235, 0.001019, 0.159842, 0.381968, 0.000007, 0.001107, 0.001103, -0.000000, 0.000000, -0.006836, -0.148342, 0.523560, 0.000000, -1.601329, -4.440081, -36.008278, -0.149972, 0.267812, -0.254646, 0.002165, 14.641602, 13.241577, 198.425278
-0.029668, 0.134380, 1055.000000, 0.000000, 2000.000000, 1000.000000, 15.068212, 13.989799, 15.649297, 15.292693, -0.180453, 0.470995, 0.358754, -0.179409, 0.468271, 0.365990, -0.001044, 0.002724, 0.000887, 0.000000, -0.000000, -0.008123, -0.148342, 0.671902, 0.000000, -1.461183, -4.173896, -36.646919, 0.138712, -0.077331, -0.243993, 0.001818, 14.583008, 15.319824, 228.820786
-0.029668, 0.139616, 1055.000000, 0.000000, 2000.000000, 1000.000000, 15.126235, 13.915910, 15.851346, 15.106509, -0.116372, 0.478928, 0.488790, -0.115494, 0.475311, 0.495418, -0.000879, 0.003617, 0.001571, 0.000000, -0.000000, -0.008199, -0.148342, 0.698080, 0.000000, -1.162059, -5.033249, -37.941509, 0.036448, -0.062418, -0.330279, 0.002378, 14.629883, 13.919067, 208.496078
-0.040140, 0.137871, 1055.000000, 0.000000, 2000.000000, 1000.000000, 15.062762, 14.391026, 15.815795, 14.730416, 0.103411, 0.273106, 0.439278, 0.102785, 0.271453, 0.447482, 0.000626, 0.001653, 0.001135, -0.000000, -0.000000, -0.009339, -0.200698, 0.689354, 0.000000, -1.359169, -4.514324, -38.800053, -0.365154, 0.255029, -0.298321, 0.001903, 14.618164, 13.919067, 208.374008
-0.064572, 0.137871, 1055.000000, 0.000000, 2000.000000, 1000.000000, 15.097728, 14.532956, 15.786777, 14.582540, 0.159867, 0.184658, 0.442252, 0.158924, 0.183569, 0.450677, 0.000942, 0.001088, 0.001113, -0.000000, 0.000000, -0.009539, -0.322862, 0.689354, 0.000000, -1.848337, -2.832264, -39.645935, -0.577141, 0.395643, -0.300452, 0.001853, 14.622070, 12.521362, 187.683090
-0.073298, 0.137871, 1055.000000, 0.000000, 2000.000000, 1000.000000, 15.027937, 14.234735, 15.866859, 14.870468, 0.050797, 0.368664, 0.447398, 0.050430, 0.365995, 0.453873, 0.000368, 0.002669, 0.001379, -0.000000, -0.000000, -0.007854, -0.366492, 0.689354, 0.000000, -2.931937, -0.629749, -40.865990, -0.447179, 0.103763, -0.302582, 0.002279, 14.633789, 13.198853, 197.814926
-0.075044, 0.146597, 1055.000000, 0.000000, 2000.000000, 1000.000000, 14.943630, 13.895294, 16.029085, 15.131990, -0.037811, 0.580538, 0.486358, -0.037582, 0.577020, 0.495418, -0.000229, 0.003518, 0.001258, -0.000000, -0.000000, -0.010319, -0.375218, 0.732984, 0.000000, -3.775167, -0.154543, -41.678558, -0.315087, -0.190249, -0.330279, 0.001905, 14.641602, 12.921143, 193.786606
-0.075044, 0.160558, 1055.000000, 0.000000, 2000.000000, 1000.000000, 15.097726, 13.975265, 15.931596, 14.995414, -0.046569, 0.463505, 0.514660, -0.046237, 0.460196, 0.522582, -0.000332, 0.003309, 0.001566, -0.000000, -0.000000, -0.009488, -0.375218, 0.802792, 0.000000, -4.493931, 0.007893, -42.750462, -0.301239, 0.066478, -0.348388, 0.002247, 14.575195, 15.399170, 229.919418
-0.073298, 0.158813, 1055.000000, 0.000000, 2000.000000, 1000.000000, 15.351381, 14.785435, 15.376549, 14.486635, 0.080991, -0.068408, 0.363965, 0.080390, -0.067900, 0.369185, 0.000601, -0.000508, 0.001151, -0.000000, 0.000000, -0.006371, -0.366492, 0.794066, 0.000000, -3.804737, 2.567575, -43.890598, -0.495116, 0.902706, -0.246124, 0.002338, 14.637695, 13.360596, 200.073227
-0.068063, 0.158813, 1055.000000, 0.000000, 2000.000000, 1000.000000, 15.417267, 14.735470, 15.289078, 14.558186, 0.012273, -0.076368, 0.353173, 0.012196, -0.075889, 0.359598, 0.000077, -0.000479, 0.000946, -0.000000, 0.000000, -0.007371, -0.340314, 0.794066, 0.000000, -2.753256, 5.067945, -44.619705, -0.359828, 0.915489, -0.239732, 0.001973, 14.629883, 13.159180, 197.204575
-0.064572, 0.157068, 1055.000000, 0.000000, 2000.000000, 1000.000000, 15.365421, 14.456467, 15.292372, 14.885740, -0.125581, 0.089056, 0.328896, -0.124701, 0.088432, 0.334032, -0.000880, 0.000624, 0.000982, 0.000000, 0.000000, -0.006118, -0.322862, 0.785340, 0.000000, -1.642883, 7.036755, -45.357033, -0.123341, 0.643848, -0.222688, 0.002205, 14.614258, 14.080811, 210.815414
-0.040140, 0.153578, 1055.000000, 0.000000, 2000.000000, 1000.000000, 15.318494, 14.130860, 15.551694, 14.998952, -0.158723, 0.275323, 0.435094, -0.157537, 0.273266, 0.441090, -0.001186, 0.002057, 0.001383, 0.000000, -0.000000, -0.007379, -0.200698, 0.767888, 0.000000, -0.285044, 8.202901, -46.486794, 0.051361, 0.330662, -0.294060, 0.002352, 14.586914, 14.761353, 220.520004
-0.031414, 0.143106, 1055.000000, 0.000000, 2000.000000, 1000.000000, 15.344690, 14.163244, 15.721994, 14.770071, -0.057380, 0.246033, 0.533343, -0.057032, 0.244538, 0.543355, -0.000349, 0.001495, 0.001384, 0.000000, -0.000000, -0.011396, -0.157068, 0.715532, 0.000000, 0.395919, 8.613090, -47.471634, -0.065817, 0.324271, -0.362237, 0.001910, 14.614258, 13.760376, 205.993637
-0.031414, 0.118674, 1055.000000, 0.000000, 2000.000000, 1000.000000, 15.376347, 14.313290, 15.480803, 14.829561, -0.102954, 0.155182, 0.428575, -0.102305, 0.154204, 0.436296, -0.000649, 0.000978, 0.001152, 0.000000, 0.000000, -0.008874, -0.157068, 0.593368, 0.000000, 1.221010, 9.226890, -48.503811, 0.006621, 0.346641, -0.290864, 0.001981, 14.633789, 13.079834, 195.983871
-0.031414, 0.097731, 1055.000000, 0.000000, 2000.000000, 1000.000000, 15.393640, 14.109567, 15.277802, 15.218991, -0.306315, 0.248397, 0.335721, -0.304039, 0.246551, 0.340423, -0.002277, 0.001846, 0.001062, 0.000000, -0.000000, -0.005765, -0.157068, 0.488656, 0.000000, 2.370748, 9.346291, -49.684822, 0.329394, 0.094175, -0.226949, 0.002340, 14.579102, 14.480591, 216.125473
-0.033159, 0.083770, 1055.000000, 0.000000, 2000.000000, 1000.000000, 15.466991, 14.081278, 15.304602, 15.147129, -0.307061, 0.225865, 0.385796, -0.304832, 0.224226, 0.391556, -0.002229, 0.001640, 0.001193, 0.000000, -0.000000, -0.006952, -0.165794, 0.418848, 0.000000, 3.103063, 8.634884, -50.466839, 0.321937, 0.060087, -0.261037, 0.002285, 14.614258, 13.159180, 196.899399
-0.033159, 0.083770, 1055.000000, 0.000000, 2000.000000, 1000.000000, 15.360123, 14.419218, 15.343960, 14.876699, -0.118411, 0.110330, 0.352041, -0.117746, 0.109710, 0.359598, -0.000665, 0.000620, 0.000846, 0.000000, 0.000000, -0.008403, -0.165794, 0.418848, 0.000000, 3.824081, 8.408843, -51.253525, 0.022599, 0.243311, -0.239732, 0.001765, 14.614258, 13.241577, 198.181137
-0.031414, 0.047120, 1055.000000, 0.000000, 2000.000000, 1000.000000, 15.426940, 14.695434, 14.950925, 14.926702, -0.176820, -0.061187, 0.188933, -0.175542, -0.060744, 0.191820, -0.001279, -0.000442, 0.000582, 0.000000, 0.000000, -0.003469, -0.157068, 0.235602, 0.000000, 5.085057, 9.188305, -52.146904, 0.123799, 0.332793, -0.127880, 0.002276, 14.606445, 13.519287, 202.392563
-0.033159, -0.001745, 1055.000000, 0.000000, 2000.000000, 1000.000000, 15.512578, 14.662324, 14.753964, 15.071134, -0.291856, -0.087451, 0.133271, -0.290184, -0.086950, 0.135894, -0.001671, -0.000501, 0.000326, 0.000000, 0.000000, -0.002949, -0.165794, -0.008726, 0.000000, 5.887477, 9.185472, -52.528248, 0.298501, 0.130394, -0.090596, 0.001800, 14.590820, 14.239502, 212.829575
-0.024433, -0.001745, 1055.000000, 0.000000, 2000.000000, 1000.000000, 15.458197, 14.306894, 15.140133, 15.094776, -0.276487, 0.117455, 0.299165, -0.274900, 0.116781, 0.305270, -0.001587, 0.000674, 0.000734, 0.000000, -0.000000, -0.006840, -0.122164, -0.008726, 0.000000, 6.408112, 8.305114, -53.001896, 0.317676, -0.195575, -0.203513, 0.001804, 14.559570, 15.521240, 231.384262
-0.022688, -0.001745, 1055.000000, 0.000000, 2000.000000, 1000.000000, 15.117093, 14.367112, 15.450799, 15.064996, -0.091044, 0.257898, 0.283946, -0.090350, 0.255930, 0.287693, -0.000695, 0.001968, 0.000922, 0.000000, -0.000000, -0.004669, -0.113438, -0.008726, 0.000000, 5.463257, 6.877423, -53.667458, 0.031121, -0.418214, -0.191795, 0.002403, 14.586914, 14.279175, 213.378891
-0.026178, -0.001745, 1055.000000, 0.000000, 2000.000000, 1000.000000, 14.995806, 14.402323, 15.477026, 15.124846, -0.060325, 0.300936, 0.236416, -0.059978, 0.299206, 0.241354, -0.000347, 0.001730, 0.000582, 0.000000, -0.000000, -0.005520, -0.130890, -0.008726, 0.000000, 4.430495, 6.066140, -53.995571, -0.034925, -0.487456, -0.160903, 0.001807, 14.590820, 13.760376, 205.627426
-0.024433, -0.001745, 1055.000000, 0.000000, 2000.000000, 1000.000000, 15.157004, 14.343554, 15.419206, 15.080235, -0.118620, 0.249721, 0.288105, -0.117774, 0.247940, 0.292487, -0.000846, 0.001780, 0.000875, 0.000000, -0.000000, -0.005256, -0.122164, -0.008726, 0.000000, 3.453038, 5.149611, -54.388504, 0.066275, -0.405431, -0.194991, 0.002244, 14.567383, 14.761353, 220.214828
-0.024433, -0.001745, 1052.000000, 0.000000, 2000.000000, 1000.000000, 15.361966, 14.169339, 15.170825, 15.297870, -0.329918, 0.234347, 0.266395, -0.327497, 0.232627, 0.270116, -0.002421, 0.001720, 0.000832, 0.000000, -0.000000, -0.004553, -0.122164, -0.008726, 0.000000, 2.681991, 3.426464, -55.053429, 0.401831, -0.380930, -0.180078, 0.002310, 14.590820, 14.001465, 209.228500
-0.022688, -0.001745, 1050.000000, 0.000000, 2000.000000, 1000.000000, 15.329352, 14.258681, 15.117206, 15.294761, -0.312056, 0.205983, 0.223279, -0.310059, 0.204664, 0.226973, -0.001997, 0.001318, 0.000609, 0.000000, -0.000000, -0.004304, -0.113438, -0.008726, 0.000000, 2.426644, 2.105212, -55.457932, 0.382657, -0.336189, -0.151316, 0.002013, 14.586914, 14.080811, 210.327133
-0.022688, -0.001745, 1049.000000, 0.000000, 2000.000000, 1000.000000, 14.414859, 13.292991, 13.920445, 14.371705, -0.393282, 0.146075, 0.167652, -0.393282, 0.146075, 0.171047, 0.000000, 0.000000, 0.000000, 0.000000, -0.000000, -0.003395, -0.113438, -0.008726, 0.000000, 2.344278, 0.620430, -55.786457, 0.515814, -0.242446, -0.114032, 0.001987, 14.711914, 6.478882, 97.717278
-0.022688, -0.001745, 1050.000000, 0.000000, 2000.000000, 1000.000000, 15.438086, 14.222078, 15.178852, 15.160984, -0.299535, 0.169918, 0.308469, -0.297409, 0.168712, 0.313259, -0.002126, 0.001206, 0.000933, 0.000000, -0.000000, -0.005723, -0.113438, -0.008726, 0.000000, 2.704862, -1.338103, -56.433121, 0.362417, -0.278665, -0.208840, 0.002234, 14.672852, 11.401367, 171.325668
-0.022688, -0.001745, 1049.000000, 0.000000, 2000.000000, 1000.000000, 14.297823, 13.219612, 14.280111, 14.202454, -0.250138, 0.241283, 0.288967, -0.250138, 0.241283, 0.294085, 0.000000, 0.000000, 0.000000, 0.000000, -0.000000, -0.005118, -0.113438, -0.008726, 0.000000, 2.287276, -2.458716, -56.998177, 0.286783, -0.394778, -0.196056, 0.002261, 14.688477, 10.360718, 155.700684
-0.022688, -0.001745, 1049.000000, 0.000000, 2000.000000, 1000.000000, 14.262836, 13.148073, 14.225151, 14.363939, -0.313388, 0.294545, 0.243993, -0.313388, 0.294545, 0.249344, 0.000000, 0.000000, 0.000000, 0.000000, -0.000000, -0.005350, -0.113438, -0.008726, 0.000000, 1.773963, -3.808420, -57.545990, 0.387983, -0.479999, -0.166229, 0.001894, 14.668945, 11.279297, 169.372543
-0.020942, -0.001745, 1048.000000, 0.000000, 2000.000000, 1000.000000, 14.412619, 13.167400, 13.986370, 14.433611, -0.423115, 0.209991, 0.199494, -0.423115, 0.209991, 0.203005, 0.000000, 0.000000, 0.000000, 0.000000, -0.000000, -0.003511, -0.104712, -0.008726, 0.000000, 1.445733, -6.343056, -58.201618, 0.572272, -0.344711, -0.135337, 0.002313, 14.661133, 11.718750, 175.903305
-0.020942, -0.001745, 1048.000000, 0.000000, 2000.000000, 1000.000000, 14.550424, 12.988317, 13.961722, 14.499537, -0.524981, 0.230630, 0.256073, -0.524981, 0.230630, 0.260529, 0.000000, 0.000000, 0.000000, 0.000000, -0.000000, -0.004456, -0.104712, -0.008726, 0.000000, 1.585665, -8.412475, -58.584942, 0.735257, -0.377734, -0.173686, 0.002267, 14.719727, 9.439087, 142.211914
-0.022688, -0.001745, 1048.000000, 0.000000, 2000.000000, 1000.000000, 14.267225, 13.013189, 14.120352, 14.599234, -0.433230, 0.359792, 0.193789, -0.433230, 0.359792, 0.198211, 0.000000, 0.000000, 0.000000, 0.000000, -0.000000, -0.004423, -0.113438, -0.008726, 0.000000, 1.386743, -10.608193, -59.077721, 0.579729, -0.584394, -0.132141, 0.001836, 14.645508, 12.039185, 180.480942
-0.024433, -0.001745, 1048.000000, 0.000000, 2000.000000, 1000.000000, 14.146870, 13.237408, 14.142220, 14.473503, -0.310187, 0.307861, 0.144544, -0.310187, 0.307861, 0.147079, 0.000000, 0.000000, 0.000000, 0.000000, -0.000000, -0.002535, -0.122164, -0.008726, 0.000000, 0.359708, -13.176896, -59.774982, 0.374134, -0.501304, -0.098053, 0.002258, 14.657227, 11.639404, 174.682602
-0.022688, -0.001745, 1048.000000, 0.000000, 2000.000000, 1000.000000, 14.192408, 13.266438, 14.065508, 14.475647, -0.334027, 0.270577, 0.128958, -0.334027, 0.270577, 0.131100, 0.000000, 0.000000, 0.000000, 0.000000, -0.000000, -0.002143, -0.113438, -0.008726, 0.000000, -0.214590, -14.665734, -60.192055, 0.421006, -0.441649, -0.087400, 0.002358, 14.661133, 11.199951, 168.090805
-0.022688, -0.001745, 1048.000000, 0.000000, 2000.000000, 1000.000000, 14.252309, 13.321052, 13.932330, 14.494309, -0.373309, 0.213320, 0.092320, -0.373309, 0.213320, 0.094349, 0.000000, 0.000000, 0.000000, 0.000000, -0.000000, -0.002029, -0.113438, -0.008726, 0.000000, -0.553673, -16.177774, -60.510059, 0.483856, -0.350037, -0.062899, 0.001844, 14.684570, 10.198975, 153.381348
-0.020942, -0.001745, 1048.000000, 0.000000, 2000.000000, 1000.000000, 14.150214, 13.419152, 14.144742, 14.285892, -0.218053, 0.215317, 0.147478, -0.218053, 0.215317, 0.150275, 0.000000, 0.000000, 0.000000, 0.000000, -0.000000, -0.002797, -0.104712, -0.008726, 0.000000, -1.130841, -18.345615, -61.106800, 0.244173, -0.353233, -0.100183, 0.002069, 14.653320, 11.599731, 174.133286
-0.024433, 0.001745, 1048.000000, 0.000000, 2000.000000, 1000.000000, 14.086004, 13.458883, 14.140453, 14.314659, -0.200332, 0.227556, 0.113229, -0.200332, 0.227556, 0.115121, 0.000000, 0.000000, 0.000000, 0.000000, -0.000000, -0.001892, -0.122164, 0.008726, 0.000000, -1.787174, -19.236101, -61.563446, 0.198367, -0.355364, -0.076748, 0.002366, 14.645508, 11.679077, 175.231918
-0.022688, 0.006981, 1048.000000, 0.010471, 2000.000000, 1000.000000, 14.124362, 13.559577, 14.199803, 14.116258, -0.120310, 0.158031, 0.162083, -0.120310, 0.158031, 0.164893, 0.000000, 0.000000, 0.000000, 0.000000, -0.000000, -0.002811, -0.113438, 0.034904, 0.052356, -2.293331, -19.796099, -61.909542, 0.079058, -0.217945, -0.057573, 0.001763, 14.653320, 11.599731, 174.011215
-0.024433, 0.008726, 1048.000000, 0.026178, 2000.000000, 1000.000000, 14.171515, 13.870361, 14.041895, 13.916229, -0.043872, -0.020938, 0.106704, -0.043872, -0.020938, 0.106927, 0.000000, 0.000000, 0.000000, 0.000000, 0.000000, -0.000222, -0.122164, 0.043630, 0.130890, -2.449443, -19.601448, -62.042202, -0.051969, 0.077131, 0.059605, 0.002438, 14.684570, 10.641479, 159.973145
-0.026178, 0.005236, 1048.000000, 0.017452, 2000.000000, 1000.000000, 14.096176, 13.956863, 13.889891, 14.057070, -0.076623, -0.026519, -0.006967, -0.076623, -0.026519, -0.008053, 0.000000, 0.000000, 0.000000, 0.000000, 0.000000, 0.001086, -0.130890, 0.026178, 0.087260, -2.245873, -19.442160, -61.735275, -0.008293, 0.068609, 0.092628, 0.002166, 14.665039, 11.401367, 171.203598
-0.024433, 0.003490, 1048.000000, 0.001745, 2000.000000, 1000.000000, 13.963446, 13.958023, 14.175274, 13.903257, 0.066648, 0.039266, 0.069359, 0.066648, 0.039266, 0.070686, 0.000000, 0.000000, 0.000000, -0.000000, -0.000000, -0.001327, -0.122164, 0.017452, 0.008726, -2.370993, -19.175228, -61.705139, -0.228801, -0.045374, -0.038398, 0.001765, 14.684570, 10.958862, 164.794907
-0.026178, 0.003490, 1048.000000, 0.000000, 2000.000000, 1000.000000, 14.173341, 13.813375, 14.275725, 13.737559, 0.044550, 0.006642, 0.224533, 0.044550, 0.006642, 0.228571, 0.000000, 0.000000, 0.000000, -0.000000, 0.000000, -0.004038, -0.130890, 0.017452, 0.000000, -3.144591, -17.784798, -62.406063, -0.202170, 0.006824, -0.152381, 0.002272, 14.672852, 10.839844, 162.902817
-0.027923, -0.001745, 1048.000000, 0.000000, 2000.000000, 1000.000000, 14.238050, 13.738778, 14.031821, 13.991351, -0.114700, 0.011586, 0.134935, -0.114700, 0.011586, 0.137492, 0.000000, 0.000000, 0.000000, 0.000000, -0.000000, -0.002557, -0.139616, -0.008726, 0.000000, -3.191012, -17.580750, -62.762238, 0.043905, -0.027264, -0.091661, 0.002076, 14.668945, 10.919189, 164.001450
-0.026178, -0.001745, 1048.000000, -0.001745, 2000.000000, 1000.000000, 14.107160, 13.729852, 14.026355, 14.136634, -0.121897, 0.081494, 0.066757, -0.121897, 0.081494, 0.068477, 0.000000, 0.000000, 0.000000, 0.000000, -0.000000, -0.001720, -0.130890, -0.008726, -0.008726, -3.328381, -17.828871, -62.960735, 0.064144, -0.139116, -0.054377, 0.001782, 14.641602, 11.999512, 179.931625
-0.026178, -0.001745, 1048.000000, -0.001745, 2000.000000, 1000.000000, 13.944257, 14.065860, 14.381433, 13.608451, 0.223646, -0.005058, 0.162845, 0.223646, -0.005058, 0.165948, 0.000000, 0.000000, 0.000000, -0.000000, -0.000000, -0.003103, -0.130890, -0.008726, -0.008726, -4.049050, -17.287785, -63.616714, -0.488724, -0.000633, -0.119358, 0.002234, 14.665039, 11.880493, 178.283676
-0.026178, -0.001745, 1048.000000, -0.001745, 2000.000000, 1000.000000, 13.947502, 14.075930, 14.724230, 13.252338, 0.400080, -0.011716, 0.335866, 0.400080, -0.011716, 0.341715, 0.000000, 0.000000, 0.000000, -0.000000, 0.000000, -0.005849, -0.130890, -0.008726, -0.008726, -4.854972, -15.466679, -64.322441, -0.771018, 0.010020, -0.236536, 0.002327, 14.668945, 10.839844, 162.902817
-0.026178, -0.001745, 1048.000000, -0.001745, 2000.000000, 1000.000000, 14.160824, 13.653551, 14.905594, 13.280031, 0.279572, 0.092812, 0.533209, 0.279572, 0.092812, 0.544647, 0.000000, 0.000000, 0.000000, -0.000000, -0.000000, -0.011438, -0.130890, -0.008726, -0.008726, -5.822005, -13.748220, -65.462196, -0.578206, -0.157226, -0.371824, 0.001908, 14.665039, 11.401367, 171.081528
-0.026178, -0.001745, 1048.000000, -0.001745, 2000.000000, 1000.000000, 13.703568, 13.484967, 15.008931, 13.802533, 0.246949, 0.405732, 0.356249, 0.246949, 0.405732, 0.362488, 0.000000, 0.000000, 0.000000, -0.000000, -0.000000, -0.006238, -0.130890, -0.008726, -0.008726, -8.205841, -12.387939, -67.354530, -0.526008, -0.657897, -0.250385, 0.002315, 14.704102, 9.600830, 144.531250
-0.024433, -0.001745, 1048.000000, -0.001745, 2000.000000, 1000.000000, 13.411620, 13.574517, 15.127360, 13.886502, 0.350939, 0.506931, 0.269490, 0.350939, 0.506931, 0.274604, 0.000000, 0.000000, 0.000000, -0.000000, -0.000000, -0.005114, -0.122164, -0.008726, -0.008726, -10.789610, -11.531148, -68.526535, -0.683666, -0.819816, -0.191795, 0.002224, 14.653320, 11.199951, 168.029770
-0.024433, -0.001745, 1048.000000, -0.001745, 2000.000000, 1000.000000, 13.532610, 13.876968, 14.729036, 13.861385, 0.303002, 0.295211, 0.130823, 0.303002, 0.295211, 0.133990, 0.000000, 0.000000, 0.000000, -0.000000, -0.000000, -0.003167, -0.122164, -0.008726, -0.008726, -13.122229, -10.505536, -69.366158, -0.606968, -0.481064, -0.098053, 0.001785, 14.700195, 9.960938, 149.902344
-0.024433, -0.001745, 1048.000000, -0.001745, 2000.000000, 1000.000000, 14.260844, 14.094150, 14.332093, 13.312913, 0.213121, -0.177497, 0.296469, 0.213121, -0.177497, 0.301768, 0.000000, 0.000000, 0.000000, -0.000000, 0.000000, -0.005300, -0.122164, -0.008726, -0.008726, -14.098426, -8.596967, -70.123863, -0.463158, 0.275269, -0.209905, 0.002309, 14.618164, 12.799072, 191.589340
-0.024433, -0.001745, 1048.000000, -0.001745, 2000.000000, 1000.000000, 14.323819, 14.033837, 14.437678, 13.204665, 0.235758, -0.178828, 0.380749, 0.235758, -0.178828, 0.388054, 0.000000, 0.000000, 0.000000, -0.000000, 0.000000, -0.007305, -0.122164, -0.008726, -0.008726, -13.733024, -7.124125, -70.756134, -0.499377, 0.277400, -0.267429, 0.002152, 14.641602, 11.920166, 178.588852
-0.024433, -0.001745, 1048.000000, -0.001745, 2000.000000, 1000.000000, 14.039815, 13.889075, 14.871392, 13.199718, 0.380234, 0.035555, 0.455603, 0.380234, 0.035555, 0.466350, 0.000000, 0.000000, 0.000000, -0.000000, -0.000000, -0.010747, -0.122164, -0.008726, -0.008726, -13.932185, -5.421855, -71.623993, -0.730538, -0.065613, -0.319626, 0.001769, 14.676758, 10.559082, 158.630371
-0.024433, 0.017452, 1048.000000, -0.001745, 2000.000000, 1000.000000, 13.497181, 14.187891, 15.322252, 12.992676, 0.755071, 0.157464, 0.409717, 0.755071, 0.157464, 0.416816, 0.000000, 0.000000, 0.000000, -0.000000, -0.000000, -0.007099, -0.122164, 0.087260, -0.008726, -16.005888, -1.601729, -72.980370, -1.330278, -0.164682, -0.286603, 0.002390, 14.633789, 12.319946, 184.631332
-0.003490, 0.136126, 1048.000000, -0.001745, 2000.000000, 1000.000000, 13.423223, 13.898307, 15.638864, 13.039607, 0.768585, 0.339236, 0.531043, 0.768585, 0.339236, 0.539853, 0.000000, 0.000000, 0.000000, -0.000000, -0.000000, -0.008811, -0.017452, 0.680628, -0.008726, -17.025742, 1.763047, -73.914375, -1.247188, 0.137851, -0.368628, 0.002448, 14.668945, 10.479736, 157.287598
-0.033159, 0.167539, 1057.000000, 0.000000, 2000.000000, 1000.000000, 14.980610, 14.747517, 16.245216, 14.026657, 0.496367, 0.135936, 0.612913, 0.493446, 0.135136, 0.624847, 0.002921, 0.000800, 0.001541, -0.000000, 0.000000, -0.013476, -0.165794, 0.837696, 0.000000, -16.787262, 4.860427, -75.078964, -0.955307, 0.621478, -0.416565, 0.001850, 14.508789, 16.680908, 247.924789
-0.036649, 0.167539, 1057.000000, 0.000000, 2000.000000, 1000.000000, 15.812811, 15.452606, 15.404531, 13.330051, 0.428569, -0.632709, 0.608672, 0.425281, -0.627854, 0.616858, 0.003288, -0.004854, 0.001987, -0.000000, 0.000000, -0.010173, -0.183246, 0.837696, 0.000000, -12.329922, 9.486162, -77.385468, -0.863695, 1.842263, -0.411238, 0.002416, 14.563477, 13.839722, 206.481918
-0.034904, 0.158813, 1057.000000, 0.000000, 2000.000000, 1000.000000, 15.735373, 15.419973, 15.634809, 13.209845, 0.527392, -0.577673, 0.685091, 0.523944, -0.573897, 0.696752, 0.003447, -0.003776, 0.001910, -0.000000, 0.000000, -0.013571, -0.174520, 0.794066, 0.000000, -7.780679, 13.072905, -79.474220, -1.012831, 1.712302, -0.464501, 0.002056, 14.594727, 13.040161, 194.885239
-0.033159, 0.143106, 1057.000000, 0.000000, 2000.000000, 1000.000000, 15.202765, 14.685502, 16.366385, 13.745347, 0.525944, 0.055866, 0.784575, 0.522075, 0.055455, 0.795821, 0.003869, 0.000411, 0.002457, -0.000000, 0.000000, -0.013703, -0.165794, 0.715532, 0.000000, -3.480878, 18.084671, -82.675652, -1.001113, 0.626804, -0.530547, 0.002316, 14.567383, 13.879395, 207.092270
-0.031414, 0.127400, 1057.000000, 0.033159, 2000.000000, 1000.000000, 15.061737, 14.088209, 16.626238, 14.223816, 0.357224, 0.425026, 0.843988, 0.355090, 0.422487, 0.857559, 0.002134, 0.002539, 0.002147, -0.000000, -0.000000, -0.015719, -0.157068, 0.636998, 0.165794, -3.173079, 20.417467, -83.979973, -0.725211, -0.038982, -0.405912, 0.001878, 14.559570, 15.121460, 225.402817
-0.038394, 0.069808, 1057.000000, 0.120419, 2000.000000, 1000.000000, 16.056501, 13.673792, 16.345739, 13.923967, 0.009765, 0.134854, 1.201120, 0.009703, 0.133991, 1.213204, 0.000063, 0.000863, 0.003256, -0.000000, -0.000000, -0.015341, -0.191972, 0.349040, 0.602094, -3.540510, 22.133276, -85.251877, -0.207496, 0.134655, -0.206709, 0.002013, 14.559570, 15.200806, 226.623520
-0.045375, 0.043630, 1057.000000, 0.099476, 2000.000000, 1000.000000, 15.785327, 14.493058, 15.432937, 14.288678, -0.037002, -0.139193, 0.609132, -0.036746, -0.138230, 0.611924, -0.000256, -0.000963, 0.001775, -0.000000, 0.000000, -0.004568, -0.226876, 0.218150, 0.497382, -2.658906, 22.597933, -85.703987, -0.168082, 0.439319, 0.089433, 0.002176, 14.583008, 13.241577, 197.814926
-0.050611, 0.003490, 1057.000000, 0.127400, 2000.000000, 1000.000000, 16.187471, 14.423286, 15.607830, 13.781412, 0.015558, -0.305379, 0.897650, 0.015468, -0.303614, 0.904438, 0.000090, -0.001765, 0.002191, -0.000000, 0.000000, -0.008979, -0.253054, 0.017452, 0.636998, -1.277948, 23.215961, -86.051979, -0.277803, 0.503234, 0.034039, 0.001817, 14.571289, 14.279175, 213.073715
-0.034904, -0.001745, 1054.000000, 0.184991, 2000.000000, 1000.000000, 15.751484, 13.927408, 16.358227, 13.962881, 0.142818, 0.160554, 1.054855, 0.141783, 0.159391, 1.058343, 0.001034, 0.001163, 0.003217, -0.000000, -0.000000, -0.006705, -0.174520, -0.008726, 0.924956, -0.307525, 24.543295, -86.059662, -0.401373, -0.263751, 0.219394, 0.002280, 14.594727, 12.838745, 191.894516
-0.031414, -0.001745, 1051.000000, 0.212914, 2000.000000, 1000.000000, 15.363768, 13.388502, 16.595860, 14.651871, -0.007819, 0.623865, 0.979814, -0.007764, 0.619449, 0.980147, -0.000055, 0.004416, 0.002912, -0.000000, -0.000000, -0.003245, -0.157068, -0.008726, 1.064572, -2.419440, 25.200853, -84.306717, -0.144646, -0.999844, 0.411141, 0.002228, 14.579102, 13.601685, 203.186020
-0.029668, -0.001745, 1051.000000, 0.218150, 2000.000000, 1000.000000, 15.737870, 13.171302, 15.968162, 15.122666, -0.430269, 0.545414, 0.853016, -0.427747, 0.542218, 0.851636, -0.002521, 0.003196, 0.002092, 0.000000, -0.000000, -0.000712, -0.148342, -0.008726, 1.090750, -5.270502, 24.409628, -81.827271, 0.536054, -0.876275, 0.522993, 0.001842, 14.524414, 15.921021, 236.694321
-0.026178, -0.001745, 1042.000000, 0.230366, 2000.000000, 1000.000000, 15.908720, 12.362385, 13.522963, 14.205933, -1.057326, -0.135552, 0.715841, -1.057326, -0.135552, 0.713163, 0.000000, 0.000000, 0.000000, 0.000000, 0.000000, 0.002678, -0.130890, -0.008726, 1.151832, -5.758240, 19.534237, -79.038780, 1.560832, 0.208158, 0.676390, 0.002287, 14.711914, 8.840942, 133.117676
-0.026178, -0.001745, 1041.000000, 0.235602, 2000.000000, 1000.000000, 15.753947, 12.955245, 13.441426, 13.849381, -0.801664, -0.354596, 0.597687, -0.801664, -0.354596, 0.592642, 0.000000, 0.000000, 0.000000, 0.000000, 0.000000, 0.005045, -0.130890, -0.008726, 1.178010, -3.721003, 16.138380, -77.686363, 1.151772, 0.558628, 0.782915, 0.002268, 14.688477, 9.439087, 141.906738
-0.026178, -0.001745, 1040.000000, 0.249564, 2000.000000, 1000.000000, 15.108613, 13.207765, 13.718873, 13.964749, -0.536681, -0.158189, 0.413743, -0.536681, -0.158189, 0.401745, 0.000000, 0.000000, 0.000000, 0.000000, 0.000000, 0.011998, -0.130890, -0.008726, 1.247818, -2.004640, 13.906419, -75.727348, 0.727800, 0.244377, 0.979988, 0.001762, 14.774414, 8.081055, 121.520988
-0.026178, -0.001745, 1039.000000, 0.282722, 2000.000000, 1000.000000, 13.319794, 11.466608, 13.746317, 13.467281, -0.393537, 0.606799, 0.533056, -0.393537, 0.606799, 0.524203, 0.000000, 0.000000, 0.000000, 0.000000, -0.000000, 0.008853, -0.130890, -0.008726, 1.413612, -3.120664, 11.213585, -71.117477, 0.498770, -0.979605, 1.064143, 0.002429, 14.766602, 6.561279, 99.182121
-0.026178, -0.001745, 1039.000000, 0.282722, 2000.000000, 1000.000000, 13.200870, 11.385797, 13.492904, 13.920430, -0.560650, 0.706667, 0.346887, -0.560650, 0.706667, 0.334054, 0.000000, 0.000000, 0.000000, 0.000000, -0.000000, 0.012833, -0.130890, -0.008726, 1.413612, -5.343565, 8.587338, -67.721893, 0.766149, -1.139393, 1.190909, 0.002246, 14.579102, 14.880371, 222.228989
-0.026178, -0.001745, 1039.000000, 0.282722, 2000.000000, 1000.000000, 13.348033, 11.550221, 13.015559, 14.086186, -0.717109, 0.550873, 0.181796, -0.717109, 0.550873, 0.161482, 0.000000, 0.000000, 0.000000, 0.000000, -0.000000, 0.020313, -0.130890, -0.008726, 1.413612, -6.858000, 5.270082, -64.143738, 1.016485, -0.890123, 1.305957, 0.001765, 14.688477, 9.439087, 142.028809
-0.026178, -0.001745, 1039.000000, 0.287958, 2000.000000, 1000.000000, 13.395402, 12.020833, 12.801942, 13.781823, -0.588613, 0.291882, 0.098672, -0.588613, 0.291882, 0.080908, 0.000000, 0.000000, 0.000000, 0.000000, -0.000000, 0.017764, -0.130890, -0.008726, 1.439790, -7.146006, 0.646931, -58.619976, 0.810890, -0.475738, 1.385851, 0.002244, 14.770508, 6.640625, 100.402824
-0.026178, -0.001745, 1039.000000, 0.287958, 2000.000000, 1000.000000, 13.036380, 12.022994, 13.088733, 13.851893, -0.444137, 0.470313, 0.062556, -0.444137, 0.470313, 0.044157, 0.000000, 0.000000, 0.000000, 0.000000, -0.000000, 0.018400, -0.130890, -0.008726, 1.439790, -7.460664, -1.734671, -54.832474, 0.579729, -0.761227, 1.410352, 0.002255, 14.696289, 9.719849, 146.301270
-0.026178, -0.001745, 1040.000000, 0.289703, 2000.000000, 1000.000000, 13.769314, 12.724142, 14.313015, 15.193529, -0.481421, 0.753272, 0.041165, -0.481421, 0.753272, 0.018896, 0.000000, 0.000000, 0.000000, 0.000000, -0.000000, 0.022269, -0.130890, -0.008726, 1.448516, -8.743944, -4.676443, -51.050350, 0.639384, -1.213961, 1.435918, 0.001906, 14.727539, 7.641602, 115.173332
-0.026178, -0.001745, 1040.000000, 0.294939, 2000.000000, 1000.000000, 14.546636, 12.547359, 13.865293, 15.040713, -0.793675, 0.453003, 0.205964, -0.793675, 0.453003, 0.189190, 0.000000, 0.000000, 0.000000, 0.000000, -0.000000, 0.016774, -0.130890, -0.008726, 1.474694, -9.517904, -10.365766, -45.553333, 1.138989, -0.733530, 1.348567, 0.002192, 14.583008, 13.119507, 195.800766
-0.026178, -0.001745, 1041.000000, 0.298429, 2000.000000, 1000.000000, 14.899382, 13.038830, 13.376484, 14.685305, -0.792343, 0.030894, 0.137932, -0.792343, 0.030894, 0.116299, 0.000000, 0.000000, 0.000000, 0.000000, -0.000000, 0.021633, -0.130890, -0.008726, 1.492146, -7.873240, -13.212627, -41.548824, 1.136859, -0.058157, 1.414613, 0.001835, 14.668945, 9.960938, 149.719238
-0.024433, 0.001745, 1043.000000, 0.251309, 2000.000000, 1000.000000, 14.718060, 13.549871, 13.004181, 14.727888, -0.722974, -0.133966, -0.138879, -0.722974, -0.133966, -0.157210, 0.000000, 0.000000, 0.000000, 0.000000, 0.000000, 0.018330, -0.122164, 0.008726, 1.256544, -3.550742, -15.082424, -34.709072, 1.034594, 0.223071, 1.361350, 0.002417, 14.657227, 10.598755, 159.118652
-0.022688, 0.041885, 1081.000000, 0.191972, 2000.000000, 1000.000000, 18.139395, 17.310545, 16.974726, 19.575335, -0.857364, 0.275029, -0.442939, -0.851343, 0.273098, -0.463219, -0.006021, 0.001931, -0.001365, 0.000000, -0.000000, 0.021645, -0.113438, 0.209424, 0.959860, -0.974866, -16.642006, -30.445972, 1.248711, -0.227533, 1.268673, 0.002210, 13.993164, 37.640381, 528.625488
-0.020942, 0.059337, 1117.000000, 0.158813, 2000.000000, 1000.000000, 20.941193, 20.012634, 20.233467, 22.812706, -0.876949, 0.523086, -0.412671, -0.871855, 0.520048, -0.433878, -0.005094, 0.003039, -0.001056, 0.000000, -0.000000, 0.022264, -0.104712, 0.296684, 0.794066, 1.738218, -19.183306, -26.471884, 1.290256, -0.535392, 1.083318, 0.001826, 13.317383, 59.320068, 809.387146
-0.022688, 0.127400, 1116.000000, 0.123909, 2000.000000, 1000.000000, 21.080957, 20.277006, 20.346933, 22.295103, -0.688030, 0.321019, -0.286055, -0.682899, 0.318625, -0.297784, -0.005131, 0.002394, -0.000932, 0.000000, -0.000000, 0.012662, -0.113438, 0.636998, 0.619546, 5.429095, -22.465164, -21.426184, 0.979201, 0.127198, 0.818069, 0.002348, 13.692383, 43.920898, 616.333008
-0.020942, 0.157068, 1115.000000, 0.109948, 2000.000000, 1000.000000, 21.855120, 21.413450, 20.044207, 20.687223, -0.271172, -0.634285, -0.050338, -0.269319, -0.629951, -0.058951, -0.001853, -0.004334, -0.000169, 0.000000, 0.000000, 0.008782, -0.104712, 0.785340, 0.549738, 8.136901, -20.368732, -18.596575, 0.326198, 1.793261, 0.589039, 0.002150, 13.731445, 42.321777, 595.031738
-0.019197, 0.165794, 1114.000000, 0.116928, 2000.000000, 1000.000000, 22.323164, 21.254660, 20.353876, 20.068300, -0.195732, -0.788912, 0.338519, -0.194623, -0.784442, 0.335353, -0.001109, -0.004471, 0.000796, 0.000000, 0.000000, 0.002370, -0.095986, 0.828970, 0.584642, 10.612247, -15.059652, -16.549515, 0.215411, 2.084077, 0.361073, 0.001781, 13.696289, 44.079590, 617.980957
-0.057592, 0.165794, 1114.000000, 0.120419, 2000.000000, 1000.000000, 21.022200, 19.286795, 21.832640, 21.858366, -0.440283, 0.845503, 0.427419, -0.437110, 0.839411, 0.425446, -0.003172, 0.006092, 0.001287, 0.000000, -0.000000, 0.000686, -0.287958, 0.828970, 0.602094, 12.966010, -12.191597, -14.794494, 0.411418, -0.514087, 0.318463, 0.002268, 13.805664, 39.239502, 554.687500
-0.064572, 0.164049, 1113.000000, 0.118674, 2000.000000, 1000.000000, 20.729752, 19.595470, 21.851044, 21.823734, -0.276743, 0.837389, 0.290397, -0.275168, 0.832625, 0.286124, -0.001574, 0.004764, 0.000682, 0.000000, -0.000000, 0.003591, -0.322862, 0.820244, 0.593368, 13.295034, -14.283394, -13.685512, 0.117407, -0.511956, 0.402618, 0.001788, 13.770508, 39.279175, 554.809570
-0.061082, 0.160558, 1080.000000, 0.092496, 2000.000000, 1000.000000, 18.479595, 18.194073, 17.851597, 17.474735, 0.022834, -0.336834, 0.165596, 0.022693, -0.334753, 0.161694, 0.000141, -0.002081, 0.000419, -0.000000, 0.000000, 0.003483, -0.305410, 0.802792, 0.462478, 13.162408, -13.127989, -12.674467, -0.341719, 1.338396, 0.354682, 0.001943, 14.407227, 11.959839, 176.391586
-0.061082, 0.146597, 1058.000000, 0.071553, 2000.000000, 1000.000000, 16.363699, 15.682633, 14.108195, 13.845471, -0.104586, -1.023167, 0.235947, -0.103806, -1.015540, 0.234722, -0.000780, -0.007627, 0.000735, 0.000000, 0.000000, 0.000491, -0.305410, 0.732984, 0.357766, 14.039585, -3.989686, -11.572606, -0.139320, 2.357848, 0.201285, 0.002347, 14.688477, 3.878784, 58.471676
-0.061082, 0.148342, 1049.000000, 0.059337, 2000.000000, 1000.000000, 14.640152, 13.704903, 13.662712, 13.992233, -0.316192, -0.172527, 0.151432, -0.316192, -0.172527, 0.149490, 0.000000, 0.000000, 0.000000, 0.000000, 0.000000, 0.001941, -0.305410, 0.741710, 0.296684, 15.130999, 0.407991, -10.966143, 0.200497, 1.017754, 0.197024, 0.001768, 14.782227, 4.360962, 78.186035
-0.059337, 0.160558, 1017.000000, 0.048866, 2000.000000, 1000.000000, 10.818200, 9.803348, 11.591155, 11.787297, -0.302749, 0.689226, 0.204678, -0.302749, 0.689226, 0.205179, 0.000000, 0.000000, 0.000000, 0.000000, -0.000000, -0.000501, -0.296684, 0.802792, 0.244328, 15.780502, 0.990472, -10.571298, 0.187714, -0.299970, 0.107542, 0.001814, 14.610352, 4.721069, 90.881340
-0.054101, 0.214660, 1018.000000, 0.043630, 2000.000000, 1000.000000, 10.546164, 10.018213, 11.760546, 11.675077, -0.110620, 0.717812, 0.153355, -0.110620, 0.717812, 0.153129, 0.000000, 0.000000, 0.000000, 0.000000, -0.000000, 0.000226, -0.270506, 1.073298, 0.218150, 15.501741, -0.603798, -10.190530, -0.093514, -0.075201, 0.116064, 0.002280, 14.883789, 1.681519, 25.573729
-0.062827, 0.219895, 1018.000000, 0.047120, 2000.000000, 1000.000000, 11.251327, 10.470754, 11.232163, 11.045756, -0.148542, 0.138960, 0.241745, -0.148542, 0.138960, 0.243222, 0.000000, 0.000000, 0.000000, 0.000000, 0.000000, -0.001478, -0.314136, 1.099476, 0.235602, 15.466774, 0.542529, -9.901980, -0.076470, 0.877140, 0.073454, 0.001844, 14.766602, 5.880737, 88.928215
-0.106457, 0.235602, 1018.000000, 0.050611, 2000.000000, 1000.000000, 11.891791, 10.650905, 10.662147, 10.795157, -0.343474, -0.271348, 0.276969, -0.343474, -0.271348, 0.278988, 0.000000, 0.000000, 0.000000, 0.000000, 0.000000, -0.002018, -0.532286, 1.178010, 0.253054, 16.026844, 4.036590, -9.789235, 0.017273, 1.612167, 0.067062, 0.001831, 14.809570, 3.640747, 55.175777
-0.181501, 0.308900, 1018.000000, 0.024433, 2000.000000, 1000.000000, 11.757071, 10.344822, 10.461924, 11.436184, -0.596628, -0.050946, 0.109497, -0.596628, -0.050946, 0.109817, 0.000000, 0.000000, 0.000000, 0.000000, 0.000000, -0.000320, -0.907504, 1.544502, 0.122164, 17.502033, 10.766654, -9.703914, 0.047100, 1.626016, 0.048953, 0.002274, 14.770508, 5.639648, 85.327141
-0.214660, 0.307155, 1019.000000, 0.006981, 2000.000000, 1000.000000, 11.510307, 10.357483, 10.614859, 11.517351, -0.513829, 0.066105, 0.062583, -0.513829, 0.066105, 0.063615, 0.000000, 0.000000, 0.000000, 0.000000, 0.000000, -0.001032, -1.073298, 1.535776, 0.034904, 17.928459, 14.816462, -9.746994, -0.251172, 1.430008, -0.007506, 0.001835, 14.770508, 5.441284, 82.275383
-0.179756, 0.280977, 1023.000000, 0.012216, 2000.000000, 1000.000000, 11.838723, 11.974301, 12.352021, 11.834954, 0.163162, 0.093487, 0.095372, 0.163162, 0.093487, 0.096490, 0.000000, 0.000000, 0.000000, -0.000000, 0.000000, -0.001118, -0.898778, 1.404886, 0.061082, 15.819952, 20.784945, -9.192295, -1.159837, 1.255306, -0.003245, 0.002156, 14.665039, 9.399414, 141.174316
-0.167539, 0.246073, 1026.000000, 0.005236, 2000.000000, 1000.000000, 11.551987, 12.589708, 12.362907, 11.495398, 0.476308, -0.070848, -0.042553, 0.476308, -0.070848, -0.043750, 0.000000, 0.000000, 0.000000, -0.000000, 0.000000, 0.001196, -0.837696, 1.230366, 0.026178, 12.280229, 24.722719, -7.693468, -1.599788, 1.343722, 0.055344, 0.002306, 14.700195, 7.681274, 115.600578
-0.157068, 0.240838, 1045.000000, 0.003490, 2000.000000, 1000.000000, 13.777478, 14.479497, 14.412065, 13.330960, 0.445780, -0.128488, 0.094772, 0.445780, -0.128488, 0.096558, 0.000000, 0.000000, 0.000000, -0.000000, 0.000000, -0.001787, -0.785340, 1.204188, 0.017452, 8.084975, 28.842318, -5.792626, -1.498589, 1.409768, -0.046920, 0.001815, 14.625977, 10.440063, 156.433105
-0.150087, 0.223386, 1050.000000, 0.003490, 2000.000000, 1000.000000, 15.422644, 14.794453, 15.155024, 14.627880, -0.025262, -0.108548, 0.288834, -0.025086, -0.107791, 0.293099, -0.000176, -0.000756, 0.000857, -0.000000, 0.000000, -0.005122, -0.750436, 1.116928, 0.017452, 3.293041, 34.851799, -3.848712, -0.710298, 1.289394, -0.177947, 0.002193, 14.418945, 18.121338, 267.517090
-0.150087, 0.197208, 1052.000000, 0.015707, 2000.000000, 1000.000000, 15.266932, 14.707281, 15.114777, 14.911011, -0.088971, 0.012893, 0.190854, -0.088336, 0.012801, 0.192975, -0.000635, 0.000092, 0.000578, -0.000000, 0.000000, -0.002700, -0.750436, 0.986038, 0.078534, 1.583921, 37.935028, -3.143152, -0.609098, 0.965556, -0.050116, 0.002247, 14.512695, 14.160156, 210.510239
-0.150087, 0.151832, 1057.000000, 0.020942, 2000.000000, 1000.000000, 14.982585, 14.883172, 15.272592, 14.861651, 0.077882, 0.067122, 0.127588, 0.077445, 0.066745, 0.128380, 0.000437, 0.000377, 0.000302, -0.000000, 0.000000, -0.001093, -0.750436, 0.759162, 0.104712, -0.867182, 40.203899, -1.595901, -0.874348, 0.652370, 0.019126, 0.001765, 14.540039, 13.079834, 194.702133
-0.094241, 0.078534, 1056.000000, 0.024433, 2000.000000, 1000.000000, 14.621672, 14.864370, 16.045559, 14.468399, 0.454964, 0.256979, 0.333615, 0.451701, 0.255135, 0.336717, 0.003264, 0.001844, 0.001014, -0.000000, -0.000000, -0.004115, -0.471204, 0.392670, 0.122164, -7.485837, 41.532791, 2.793365, -1.193925, -0.015546, -0.102314, 0.002258, 14.563477, 12.359619, 184.387192
-0.062827, 0.082024, 1056.000000, 0.003490, 2000.000000, 1000.000000, 14.290092, 14.564165, 15.985374, 15.160368, 0.274770, 0.572872, 0.137733, 0.272901, 0.568975, 0.139701, 0.001869, 0.003896, 0.000399, -0.000000, -0.000000, -0.002367, -0.314136, 0.410122, 0.017452, -11.087379, 40.535748, 4.887459, -0.750778, -0.500239, -0.075682, 0.002140, 14.524414, 14.239502, 211.791977
-0.066318, 0.069808, 1055.000000, 0.001745, 2000.000000, 1000.000000, 14.664852, 14.277990, 15.646345, 15.410812, -0.037832, 0.528579, 0.155599, -0.037610, 0.525473, 0.158570, -0.000222, 0.003106, 0.000391, -0.000000, -0.000000, -0.003362, -0.331588, 0.349040, 0.008726, -12.686860, 39.059620, 5.768023, -0.271412, -0.491717, -0.096987, 0.001847, 14.543945, 13.159180, 195.983871
-0.069808, 0.038394, 1055.000000, 0.000000, 2000.000000, 1000.000000, 15.118994, 14.331928, 15.398932, 15.150146, -0.134570, 0.274539, 0.258962, -0.133738, 0.272843, 0.263725, -0.000832, 0.001696, 0.000683, 0.000000, -0.000000, -0.005446, -0.349040, 0.191972, 0.000000, -13.250217, 38.069565, 5.721127, -0.135059, -0.244577, -0.175817, 0.001943, 14.497070, 14.761353, 219.177231
-0.036649, -0.001745, 1059.000000, 0.000000, 2000.000000, 1000.000000, 14.539766, 14.855968, 15.740732, 14.863533, 0.298351, 0.302133, 0.140249, 0.296118, 0.299872, 0.142285, 0.002232, 0.002261, 0.000447, -0.000000, -0.000000, -0.002484, -0.183246, -0.008726, 0.000000, -15.143640, 36.687962, 6.339441, -0.657035, -0.488521, -0.094857, 0.002356, 14.579102, 11.880493, 177.429184
-0.017452, -0.003490, 1061.000000, 0.000000, 2000.000000, 1000.000000, 15.288641, 15.857922, 16.956219, 15.897218, 0.407070, 0.426718, 0.122430, 0.404712, 0.424246, 0.124709, 0.002358, 0.002472, 0.000303, -0.000000, -0.000000, -0.002581, -0.087260, -0.017452, 0.000000, -17.355726, 34.860664, 7.406189, -0.734799, -0.696246, -0.083139, 0.001821, 14.407227, 17.959595, 264.892578
-0.038394, -0.003490, 1070.000000, 0.003490, 2000.000000, 1000.000000, 16.481981, 16.183668, 17.960562, 17.373789, 0.072116, 0.667175, 0.221271, 0.071621, 0.662598, 0.224389, 0.000495, 0.004578, 0.000646, -0.000000, -0.000000, -0.003764, -0.191972, -0.017452, 0.017452, -18.496317, 32.101181, 7.798432, -0.306565, -1.077608, -0.132141, 0.002159, 14.418945, 17.199707, 253.906235
-0.040140, -0.001745, 1072.000000, 0.001745, 2000.000000, 1000.000000, 17.025686, 15.651354, 17.513594, 17.809366, -0.417527, 0.661480, 0.269640, -0.414530, 0.656733, 0.273618, -0.002997, 0.004747, 0.000824, 0.000000, -0.000000, -0.004802, -0.200698, -0.008726, 0.008726, -17.276503, 27.341734, 6.474535, 0.462551, -1.059499, -0.173686, 0.002259, 14.375977, 19.000244, 279.479980
-0.031414, -0.001745, 1072.000000, -0.001745, 2000.000000, 1000.000000, 17.115559, 16.123272, 17.143337, 17.617832, -0.366696, 0.380584, 0.129448, -0.364625, 0.378434, 0.132392, -0.002071, 0.002150, 0.000313, 0.000000, -0.000000, -0.003257, -0.157068, -0.008726, -0.008726, -15.582585, 25.348049, 5.333077, 0.426332, -0.614221, -0.096987, 0.001775, 14.286133, 23.199463, 339.416473
-0.027923, 0.003490, 1073.000000, 0.000000, 2000.000000, 1000.000000, 16.902538, 16.028435, 17.529888, 17.539139, -0.220839, 0.534513, 0.216213, -0.219229, 0.530616, 0.218984, -0.001610, 0.003897, 0.000670, 0.000000, -0.000000, -0.003441, -0.139616, 0.017452, 0.000000, -13.955316, 23.017828, 4.303360, 0.211150, -0.831534, -0.145989, 0.002295, 14.360352, 19.119263, 281.127930
-0.026178, 0.005236, 1067.000000, 0.000000, 2000.000000, 1000.000000, 15.914027, 14.567546, 16.744318, 16.774111, -0.344068, 0.759214, 0.329173, -0.341606, 0.753782, 0.334032, -0.002462, 0.005432, 0.001003, 0.000000, -0.000000, -0.005862, -0.130890, 0.026178, 0.000000, -12.957603, 20.301645, 3.468391, 0.415679, -1.179873, -0.222688, 0.002252, 14.547852, 12.838745, 191.223129
-0.026178, 0.001745, 1067.000000, 0.000000, 2000.000000, 1000.000000, 15.999715, 14.470831, 16.648981, 16.880470, -0.440093, 0.764726, 0.324349, -0.437479, 0.760185, 0.330836, -0.002614, 0.004542, 0.000824, 0.000000, -0.000000, -0.007311, -0.130890, 0.008726, 0.000000, -11.355818, 17.168175, 2.340223, 0.569077, -1.207570, -0.220557, 0.001867, 14.500977, 14.480591, 215.087875
-0.026178, -0.001745, 1054.000000, 0.000000, 2000.000000, 1000.000000, 15.238094, 13.599892, 14.972961, 16.189053, -0.713573, 0.581007, 0.105528, -0.708454, 0.576839, 0.107132, -0.005119, 0.004168, 0.000323, 0.000000, -0.000000, -0.001926, -0.130890, -0.008726, 0.000000, -7.594244, 13.006976, 0.756405, 1.002636, -0.931668, -0.071421, 0.002258, 14.602539, 10.281372, 153.686523
-0.033159, -0.001745, 1052.000000, 0.000000, 2000.000000, 1000.000000, 14.997328, 13.705503, 15.405693, 15.891477, -0.444402, 0.648584, 0.201510, -0.441318, 0.644083, 0.204603, -0.003084, 0.004501, 0.000596, 0.000000, -0.000000, -0.003689, -0.165794, -0.008726, 0.000000, -5.458365, 10.451539, 0.056393, 0.540315, -1.039259, -0.136402, 0.002184, 14.575195, 12.240601, 182.678207
-0.040140, 0.003490, 1047.000000, 0.000000, 2000.000000, 1000.000000, 13.630443, 12.998069, 14.769414, 14.602075, -0.116258, 0.685744, 0.199928, -0.116258, 0.685744, 0.204603, 0.000000, 0.000000, 0.000000, 0.000000, -0.000000, -0.004675, -0.200698, 0.017452, 0.000000, -4.954378, 7.591568, -0.387496, -0.014685, -1.079739, -0.136402, 0.001778, 14.661133, 8.480835, 127.319328
-0.036649, 0.003490, 1046.000000, 0.000000, 2000.000000, 1000.000000, 14.085982, 12.826154, 14.699492, 14.388371, -0.237176, 0.543932, 0.392737, -0.237176, 0.543932, 0.399545, 0.000000, 0.000000, 0.000000, 0.000000, -0.000000, -0.006808, -0.183246, 0.017452, 0.000000, -5.028872, 3.726628, -1.237507, 0.196236, -0.852839, -0.266363, 0.002310, 14.633789, 9.680176, 145.019531
-0.057592, 0.003490, 1046.000000, 0.000000, 2000.000000, 1000.000000, 14.375723, 12.476492, 14.305742, 14.842043, -0.608883, 0.573892, 0.340733, -0.608883, 0.573892, 0.346815, 0.000000, 0.000000, 0.000000, 0.000000, -0.000000, -0.006082, -0.287958, 0.017452, 0.000000, -3.807442, 1.386961, -2.007417, 0.686255, -0.900775, -0.231210, 0.002302, 14.594727, 11.080933, 165.588364
-0.069808, 0.000000, 1046.000000, 0.000000, 2000.000000, 1000.000000, 14.355536, 12.236202, 14.191380, 15.216883, -0.786209, 0.704131, 0.273458, -0.786209, 0.704131, 0.279704, 0.000000, 0.000000, 0.000000, 0.000000, -0.000000, -0.006246, -0.349040, 0.000000, 0.000000, -1.684437, -1.426051, -2.529869, 0.908894, -1.126610, -0.186469, 0.001781, 14.563477, 12.161255, 181.396469
-0.092496, 0.001745, 1046.000000, 0.000000, 2000.000000, 1000.000000, 14.828675, 11.508477, 14.927775, 14.735072, -0.781874, 0.831424, 0.878226, -0.781874, 0.831424, 0.890096, 0.000000, 0.000000, 0.000000, 0.000000, -0.000000, -0.011870, -0.462478, 0.008726, 0.000000, 1.485578, -6.823894, -3.491340, 0.788520, -1.321552, -0.593397, 0.002329, 14.622070, 10.519409, 157.409668
-0.089005, 0.017452, 1047.000000, 0.000000, 2000.000000, 1000.000000, 14.108105, 12.345263, 14.765276, 14.781357, -0.444731, 0.773316, 0.436691, -0.444731, 0.773316, 0.444286, 0.000000, 0.000000, 0.000000, 0.000000, -0.000000, -0.007595, -0.445026, 0.087260, 0.000000, 2.623796, -10.163678, -4.447222, 0.266543, -1.150046, -0.296191, 0.002365, 14.614258, 10.360718, 155.029297
-0.090750, 0.054101, 1050.000000, 0.000000, 2000.000000, 1000.000000, 14.683111, 13.302166, 15.983864, 16.030857, -0.356986, 1.007361, 0.333488, -0.354977, 1.001694, 0.340423, -0.002008, 0.005667, 0.000802, 0.000000, -0.000000, -0.007738, -0.453752, 0.270506, 0.000000, 2.719269, -13.465835, -5.105621, 0.114212, -1.332205, -0.226949, 0.001768, 14.469727, 16.720581, 247.924789
-0.094241, 0.094241, 1059.000000, 0.000000, 2000.000000, 1000.000000, 15.783181, 12.752294, 15.086253, 16.378271, -1.080726, 0.732262, 0.434717, -1.072949, 0.726993, 0.441090, -0.007777, 0.005269, 0.001332, 0.000000, -0.000000, -0.007705, -0.471204, 0.471204, 0.000000, 4.718234, -18.163643, -5.658036, 1.245515, -0.691985, -0.294060, 0.002265, 14.520508, 13.958740, 207.519516
-0.095986, 0.120419, 1058.000000, 0.000000, 2000.000000, 1000.000000, 16.230757, 12.966996, 14.359206, 16.443041, -1.336898, 0.401123, 0.294982, -1.328739, 0.398675, 0.300476, -0.008160, 0.002448, 0.000769, 0.000000, -0.000000, -0.006263, -0.479930, 0.602094, 0.000000, 9.027068, -19.442459, -4.973088, 1.646052, -0.035786, -0.200317, 0.001919, 14.520508, 13.720703, 203.918442
-0.109948, 0.127400, 1059.000000, 0.000000, 2000.000000, 1000.000000, 15.465302, 13.735636, 15.033058, 15.766005, -0.615653, 0.399531, 0.249180, -0.612041, 0.397188, 0.254137, -0.003612, 0.002344, 0.000625, 0.000000, -0.000000, -0.005582, -0.549738, 0.636998, 0.000000, 12.198689, -19.582718, -4.429597, 0.429528, 0.001498, -0.169425, 0.001844, 14.567383, 11.361694, 169.372543
-0.120419, 0.139616, 1059.000000, 0.000000, 2000.000000, 1000.000000, 14.237864, 14.264014, 16.558979, 14.939141, 0.411497, 0.749060, 0.398423, 0.408510, 0.743623, 0.404339, 0.002987, 0.005437, 0.001232, -0.000000, -0.000000, -0.007148, -0.602094, 0.698080, 0.000000, 9.824824, -20.159817, -6.255996, -1.255710, -0.491717, -0.269559, 0.002285, 14.301758, 20.880127, 305.908203
-0.148342, 0.169284, 1059.000000, 0.000000, 2000.000000, 1000.000000, 14.494512, 13.894444, 16.293859, 15.317185, 0.094152, 0.805522, 0.394185, 0.093551, 0.800384, 0.401143, 0.000601, 0.005138, 0.001073, -0.000000, -0.000000, -0.008031, -0.741710, 0.846422, 0.000000, 6.384718, -21.101391, -8.244845, -0.891392, -0.434193, -0.267429, 0.002006, 14.372070, 20.001221, 294.189453
-0.158813, 0.172775, 1059.000000, 0.000000, 2000.000000, 1000.000000, 15.251355, 13.815518, 15.200328, 15.732799, -0.492077, 0.466563, 0.225842, -0.489111, 0.463751, 0.230169, -0.002966, 0.002812, 0.000582, 0.000000, -0.000000, -0.004909, -0.794066, 0.863874, 0.000000, 4.900410, -21.383703, -9.300467, -0.011489, 0.121872, -0.153446, 0.001895, 14.594727, 10.800171, 161.376938
-0.165794, 0.167539, 1058.000000, 0.000000, 2000.000000, 1000.000000, 16.236460, 14.178068, 14.333782, 15.251690, -0.744075, -0.207264, 0.285121, -0.738624, -0.205746, 0.289291, -0.005450, -0.001518, 0.000889, 0.000000, 0.000000, -0.005060, -0.828970, 0.837696, 0.000000, 7.033462, -18.613876, -9.276777, 0.352829, 1.166890, -0.192861, 0.002306, 14.458008, 15.841675, 234.619125
-0.157068, 0.167539, 1060.000000, 0.000000, 2000.000000, 1000.000000, 16.547077, 15.664579, 16.052219, 15.736126, -0.141601, -0.105828, 0.299649, -0.140777, -0.105212, 0.305270, -0.000823, -0.000615, 0.000744, -0.000000, 0.000000, -0.006365, -0.785340, 0.837696, 0.000000, 7.296236, -15.408446, -9.724099, -0.560097, 1.006036, -0.203513, 0.001828, 14.571289, 11.318970, 168.884262
-0.134380, 0.172775, 1067.000000, 0.000000, 2000.000000, 1000.000000, 15.499427, 15.823112, 17.018497, 15.658961, 0.420806, 0.338730, 0.258963, 0.418143, 0.336586, 0.263725, 0.002663, 0.002143, 0.000700, -0.000000, -0.000000, -0.005462, -0.671902, 0.863874, 0.000000, 4.793347, -13.172490, -10.917899, -1.340930, 0.325336, -0.175817, 0.001990, 14.375977, 18.560791, 273.315430
-0.132635, 0.176265, 1067.000000, 0.000000, 2000.000000, 1000.000000, 15.928343, 15.061732, 16.497288, 16.512636, -0.220490, 0.504962, 0.212815, -0.218887, 0.501290, 0.215788, -0.001603, 0.003672, 0.000659, -0.000000, -0.000000, -0.003631, -0.663176, 0.881326, 0.000000, 0.788791, -12.275313, -12.428483, -0.312957, 0.079262, -0.143859, 0.002289, 14.430664, 15.798950, 233.520493
-0.134380, 0.176265, 1068.000000, 0.000000, 2000.000000, 1000.000000, 16.836227, 14.792898, 15.734003, 16.636871, -0.736549, 0.185437, 0.285115, -0.732336, 0.184376, 0.290889, -0.004214, 0.001061, 0.000697, 0.000000, 0.000000, -0.006471, -0.671902, 0.881326, 0.000000, 1.586660, -11.501763, -12.766904, 0.499835, 0.586324, -0.193926, 0.001798, 14.469727, 14.721680, 218.200668
-0.146597, 0.151832, 1068.000000, 0.001745, 2000.000000, 1000.000000, 16.715612, 15.403420, 15.676112, 16.204855, -0.460234, -0.059516, 0.195863, -0.456927, -0.059089, 0.198517, -0.003307, -0.000428, 0.000599, 0.000000, 0.000000, -0.003253, -0.732984, 0.759162, 0.008726, 4.284032, -8.486848, -12.935220, -0.001902, 0.853704, -0.123619, 0.002262, 14.426758, 16.241455, 239.929184
-0.144852, 0.130890, 1068.000000, 0.003490, 2000.000000, 1000.000000, 16.079166, 15.804179, 16.659880, 15.456779, 0.232028, 0.058328, 0.369521, 0.230292, 0.057892, 0.374591, 0.001736, 0.000436, 0.001177, -0.000000, 0.000000, -0.006246, -0.724258, 0.654450, 0.017452, 3.082882, -6.259142, -13.591080, -1.092725, 0.561823, -0.232275, 0.002356, 14.430664, 16.439819, 242.919907
-0.136126, 0.130890, 1068.000000, 0.006981, 2000.000000, 1000.000000, 15.847287, 15.607655, 16.981468, 15.563590, 0.294562, 0.272529, 0.414377, 0.292848, 0.270943, 0.421541, 0.001714, 0.001586, 0.001028, -0.000000, -0.000000, -0.008192, -0.680628, 0.654450, 0.034904, 0.096684, -4.454168, -14.451029, -1.149184, 0.220941, -0.246124, 0.001829, 14.465820, 15.399170, 228.210434
-0.134380, 0.132635, 1068.000000, 0.001745, 2000.000000, 1000.000000, 16.371199, 14.979965, 16.490726, 16.158108, -0.264654, 0.324418, 0.430963, -0.262956, 0.322336, 0.438200, -0.001698, 0.002082, 0.001179, 0.000000, -0.000000, -0.008417, -0.671902, 0.663176, 0.008726, -2.949709, -2.801110, -15.744654, -0.251172, 0.147438, -0.283408, 0.002018, 14.415039, 17.199707, 253.784164
-0.134380, 0.122164, 1068.000000, 0.000000, 2000.000000, 1000.000000, 16.489981, 14.662071, 16.190834, 16.657114, -0.573548, 0.423974, 0.340408, -0.569218, 0.420774, 0.345217, -0.004330, 0.003201, 0.001094, 0.000000, -0.000000, -0.005903, -0.671902, 0.610820, 0.000000, -2.765112, -2.838212, -16.418034, 0.238847, -0.062418, -0.230145, 0.002377, 14.438477, 16.241455, 240.234360
-0.134380, 0.102967, 1062.000000, 0.000000, 2000.000000, 1000.000000, 16.593807, 14.766036, 16.071293, 16.568863, -0.581335, 0.320078, 0.332551, -0.577873, 0.318172, 0.338825, -0.003462, 0.001906, 0.000846, 0.000000, -0.000000, -0.007120, -0.671902, 0.514834, 0.000000, -1.967435, -3.258900, -16.981630, 0.252695, 0.005759, -0.225884, 0.001872, 14.418945, 15.881348, 234.497055
-0.127400, 0.068063, 1059.000000, 0.000000, 2000.000000, 1000.000000, 15.718060, 14.436093, 15.091559, 14.754287, -0.236173, -0.077077, 0.404810, -0.234483, -0.076525, 0.410730, -0.001690, -0.000551, 0.001233, 0.000000, 0.000000, -0.007153, -0.636998, 0.340314, 0.000000, -1.454565, -2.405716, -17.862165, -0.261824, 0.462754, -0.273820, 0.002252, 14.442383, 15.719604, 232.604965
-0.109948, 0.064572, 1060.000000, 0.000000, 2000.000000, 1000.000000, 16.512928, 15.288990, 16.545658, 15.652424, -0.082676, 0.099041, 0.529293, -0.082075, 0.098322, 0.536963, -0.000601, 0.000720, 0.001637, -0.000000, 0.000000, -0.009308, -0.549738, 0.322862, 0.000000, -2.217877, -1.173581, -18.797714, -0.418417, 0.165547, -0.357976, 0.002287, 14.383789, 18.081665, 258.789062
-0.111693, 0.064572, 1060.000000, 0.000000, 2000.000000, 1000.000000, 16.108952, 15.088014, 16.695763, 16.107271, -0.108111, 0.401517, 0.402358, -0.107503, 0.399257, 0.410730, -0.000609, 0.002260, 0.000969, -0.000000, -0.000000, -0.009341, -0.558464, 0.322862, 0.000000, -3.370880, -1.010215, -19.651489, -0.386460, -0.315949, -0.273820, 0.001769, 14.356445, 19.561768, 287.414551
-0.092496, 0.061082, 1060.000000, 0.000000, 2000.000000, 1000.000000, 15.992826, 14.736393, 16.829823, 16.440956, -0.216892, 0.635390, 0.411325, -0.215290, 0.630696, 0.417122, -0.001602, 0.004694, 0.001294, 0.000000, -0.000000, -0.007091, -0.462478, 0.305410, 0.000000, -4.785134, -3.166976, -20.856213, -0.118015, -0.703703, -0.278081, 0.002326, 14.614258, 8.959961, 134.094238
-0.085515, 0.059337, 1060.000000, 0.000000, 2000.000000, 1000.000000, 16.090246, 15.081850, 16.830147, 15.997753, -0.044001, 0.413951, 0.460197, -0.043673, 0.410859, 0.466656, -0.000329, 0.003092, 0.001463, -0.000000, -0.000000, -0.007923, -0.427574, 0.296684, 0.000000, -5.886535, -4.371517, -21.735023, -0.357698, -0.360690, -0.311104, 0.002352, 14.329102, 20.800781, 305.297852
-0.083770, 0.045375, 1059.000000, 0.000000, 2000.000000, 1000.000000, 15.275300, 14.411494, 15.539689, 14.773517, -0.024408, 0.156603, 0.407494, -0.024237, 0.155509, 0.413926, -0.000171, 0.001094, 0.001214, -0.000000, -0.000000, -0.007646, -0.418848, 0.226876, 0.000000, -7.607520, -4.084834, -23.088490, -0.380068, -0.021938, -0.275951, 0.002199, 14.555664, 11.318970, 168.701157
-0.069808, 0.029668, 1055.000000, 0.000000, 2000.000000, 1000.000000, 15.278333, 14.081834, 15.513116, 15.126718, -0.202526, 0.319916, 0.395724, -0.200983, 0.317479, 0.401143, -0.001543, 0.002437, 0.001283, 0.000000, -0.000000, -0.006702, -0.349040, 0.148342, 0.000000, -8.169415, -4.415087, -23.879671, -0.027468, -0.359625, -0.267429, 0.002399, 14.508789, 13.519287, 200.805649
-0.029668, -0.001745, 1054.000000, -0.001745, 2000.000000, 1000.000000, 15.111011, 13.833152, 15.614465, 15.441373, -0.276192, 0.527919, 0.362738, -0.274616, 0.524907, 0.370477, -0.001576, 0.003012, 0.000886, 0.000000, -0.000000, -0.008625, -0.148342, -0.008726, -0.008726, -8.311538, -6.264135, -24.618690, 0.291044, -0.848578, -0.255711, 0.001793, 14.497070, 13.079834, 194.213852
-0.024433, -0.001745, 1055.000000, -0.001745, 2000.000000, 1000.000000, 14.926141, 14.082461, 15.617337, 15.374061, -0.150100, 0.495699, 0.271739, -0.149066, 0.492284, 0.276202, -0.001034, 0.003415, 0.000798, 0.000000, -0.000000, -0.005261, -0.122164, -0.008726, -0.008726, -8.713170, -9.977318, -25.687214, 0.116342, -0.796380, -0.192861, 0.002168, 14.543945, 12.481689, 185.791000
-0.022688, -0.001745, 1055.000000, 0.000000, 2000.000000, 1000.000000, 15.209616, 14.244184, 15.557791, 14.988409, -0.099012, 0.273100, 0.383703, -0.098339, 0.271243, 0.389958, -0.000673, 0.001857, 0.001112, 0.000000, -0.000000, -0.007367, -0.113438, -0.008726, 0.000000, -9.255482, -11.504600, -26.418728, 0.043905, -0.442715, -0.259972, 0.002139, 14.461914, 15.121460, 223.999008
-0.026178, -0.001745, 1056.000000, -0.001745, 2000.000000, 1000.000000, 15.427621, 14.251491, 15.281943, 15.038945, -0.233283, 0.160444, 0.354782, -0.231751, 0.159391, 0.360890, -0.001531, 0.001053, 0.000994, 0.000000, -0.000000, -0.007102, -0.130890, -0.008726, -0.008726, -9.309715, -12.347517, -27.208889, 0.239912, -0.263751, -0.249319, 0.002065, 14.512695, 13.320923, 197.998032
-0.024433, -0.001745, 1056.000000, -0.001745, 2000.000000, 1000.000000, 15.461850, 13.734254, 15.188931, 15.614964, -0.538407, 0.401948, 0.325390, -0.534556, 0.399074, 0.330530, -0.003851, 0.002875, 0.000992, 0.000000, -0.000000, -0.006132, -0.122164, -0.008726, -0.008726, -8.319532, -14.806821, -27.985905, 0.733126, -0.647244, -0.229079, 0.002251, 14.504883, 13.000488, 190.185532
-0.026178, -0.001745, 1056.000000, -0.001745, 2000.000000, 1000.000000, 15.381949, 13.905105, 15.065003, 15.647943, -0.514946, 0.356473, 0.223476, -0.512047, 0.354466, 0.228265, -0.002899, 0.002007, 0.000538, 0.000000, -0.000000, -0.005328, -0.130890, -0.008726, -0.008726, -7.401430, -17.149090, -28.333414, 0.688385, -0.575872, -0.160903, 0.001769, 14.504883, 13.040161, 193.786606
-0.022688, 0.052356, 1055.000000, -0.001745, 2000.000000, 1000.000000, 15.217596, 14.151672, 15.156759, 15.473972, -0.345784, 0.315366, 0.187178, -0.343348, 0.313144, 0.189916, -0.002436, 0.002222, 0.000561, 0.000000, -0.000000, -0.003300, -0.113438, 0.261780, -0.008726, -6.281698, -19.549099, -28.493126, 0.435919, -0.239250, -0.135337, 0.002217, 14.469727, 14.440918, 213.989243
-0.020942, 0.137871, 1056.000000, -0.001745, 2000.000000, 1000.000000, 14.976199, 13.999377, 15.492900, 15.531524, -0.253861, 0.512212, 0.234550, -0.252008, 0.508473, 0.237853, -0.001853, 0.003739, 0.000729, 0.000000, -0.000000, -0.004032, -0.104712, 0.689354, -0.008726, -5.726799, -20.353218, -28.694736, 0.298501, -0.124203, -0.167294, 0.002298, 14.516602, 11.880493, 176.879868
-0.026178, 0.184991, 1056.000000, -0.001745, 2000.000000, 1000.000000, 15.054124, 14.063466, 15.465005, 15.417405, -0.235765, 0.441205, 0.259565, -0.234414, 0.438678, 0.265017, -0.001350, 0.002527, 0.000636, 0.000000, -0.000000, -0.006088, -0.130890, 0.924956, -0.008726, -5.081487, -20.682827, -28.966251, 0.244173, 0.223071, -0.185404, 0.001800, 14.458008, 15.560913, 230.407700
-0.033159, 0.239092, 1056.000000, -0.001745, 2000.000000, 1000.000000, 15.323770, 14.450976, 15.098237, 15.127017, -0.225393, 0.112627, 0.211003, -0.223606, 0.111733, 0.213884, -0.001787, 0.000893, 0.000712, 0.000000, 0.000000, -0.003594, -0.165794, 1.195462, -0.008726, -2.631376, -18.736952, -28.897676, 0.191975, 1.016688, -0.151316, 0.002498, 14.465820, 14.401245, 213.378891
-0.034904, 0.270506, 1056.000000, -0.001745, 2000.000000, 1000.000000, 15.371913, 14.752463, 14.973863, 14.901761, -0.136837, -0.062188, 0.172888, -0.135850, -0.061740, 0.175535, -0.000987, -0.000449, 0.000532, 0.000000, 0.000000, -0.003179, -0.174520, 1.352530, -0.008726, -0.585641, -16.022755, -28.703133, 0.042839, 1.451313, -0.125749, 0.002271, 14.512695, 13.198853, 196.228012
-0.034904, 0.289703, 1056.000000, -0.001745, 2000.000000, 1000.000000, 15.262240, 14.753331, 15.112681, 14.871747, -0.066994, -0.007785, 0.187461, -0.066608, -0.007741, 0.191514, -0.000386, -0.000045, 0.000462, 0.000000, 0.000000, -0.004516, -0.174520, 1.448516, -0.008726, 1.631546, -12.449857, -28.527191, -0.067947, 1.460901, -0.136402, 0.001811, 14.540039, 11.880493, 176.879868
-0.036649, 0.287958, 1056.000000, -0.001745, 2000.000000, 1000.000000, 15.074726, 14.627270, 15.106846, 15.191158, -0.132942, 0.149002, 0.090786, -0.131982, 0.147926, 0.092445, -0.000960, 0.001076, 0.000280, 0.000000, 0.000000, -0.001939, -0.183246, 1.439790, -0.008726, 4.393519, -7.462725, -28.568224, 0.027926, 1.203108, -0.070356, 0.002273, 14.473633, 14.721680, 218.200668
-0.041885, 0.279232, 1056.000000, -0.001745, 2000.000000, 1000.000000, 15.261030, 14.676989, 15.068501, 14.993481, -0.127255, 0.030991, 0.164766, -0.126373, 0.030776, 0.167546, -0.000882, 0.000215, 0.000487, 0.000000, 0.000000, -0.003267, -0.209424, 1.396160, -0.008726, 6.103114, -4.583998, -28.634869, -0.007228, 1.346918, -0.120423, 0.002182, 14.481445, 13.681030, 203.002914
-0.043630, 0.279232, 1056.000000, -0.001745, 2000.000000, 1000.000000, 15.313684, 14.956520, 14.957773, 14.772022, -0.042853, -0.135102, 0.135729, -0.042611, -0.134339, 0.138784, -0.000242, -0.000763, 0.000328, 0.000000, 0.000000, -0.003383, -0.218150, 1.396160, -0.008726, 7.970656, -1.029884, -28.858492, -0.149972, 1.611102, -0.101248, 0.001775, 14.547852, 11.959839, 178.100571
-0.048866, 0.258290, 1057.000000, -0.001745, 2000.000000, 1000.000000, 15.396425, 14.918989, 14.997049, 14.687536, -0.041981, -0.157707, 0.196738, -0.041662, -0.156508, 0.199503, -0.000319, -0.001199, 0.000637, -0.000000, 0.000000, -0.003403, -0.244328, 1.291448, -0.008726, 10.738504, 4.965149, -29.338856, -0.177669, 1.541860, -0.141728, 0.002394, 14.520508, 12.799072, 190.307602
-0.052356, 0.253054, 1057.000000, -0.001745, 2000.000000, 1000.000000, 15.032447, 14.933549, 15.306584, 14.727420, 0.120067, 0.017002, 0.169516, 0.119203, 0.016880, 0.172339, 0.000864, 0.000122, 0.000520, -0.000000, 0.000000, -0.003344, -0.261780, 1.265270, -0.008726, 11.832560, 8.579296, -29.807079, -0.452506, 1.238262, -0.123619, 0.002264, 14.477539, 14.361572, 213.012680
-0.057592, 0.237347, 1061.000000, -0.001745, 2000.000000, 1000.000000, 16.038233, 15.935469, 16.252699, 15.773599, 0.094084, 0.013148, 0.145466, 0.093521, 0.013070, 0.148371, 0.000563, 0.000079, 0.000372, -0.000000, 0.000000, -0.003277, -0.287958, 1.186736, -0.008726, 12.311725, 11.892023, -30.159897, -0.437592, 1.165824, -0.107640, 0.001881, 14.297852, 24.081421, 352.477997
-0.066318, 0.179756, 1071.000000, -0.001745, 2000.000000, 1000.000000, 17.463703, 16.830959, 16.859886, 16.845451, -0.154577, -0.147332, 0.161795, -0.153457, -0.146265, 0.164350, -0.001120, -0.001067, 0.000500, 0.000000, 0.000000, -0.003054, -0.331588, 0.898778, -0.008726, 14.186966, 16.564724, -31.007750, -0.086057, 1.132801, -0.118293, 0.002280, 14.262695, 22.079468, 322.509735
-0.095986, 0.130890, 1070.000000, -0.001745, 2000.000000, 1000.000000, 17.221901, 16.538460, 17.250301, 16.989338, -0.105620, 0.119820, 0.236101, -0.105024, 0.119144, 0.241048, -0.000596, 0.000676, 0.000570, -0.000000, 0.000000, -0.005517, -0.479930, 0.654450, -0.008726, 14.948159, 18.608805, -31.618214, -0.311892, 0.463820, -0.169425, 0.001772, 14.266602, 22.079468, 322.692841
-0.101222, 0.064572, 1070.000000, -0.001745, 2000.000000, 1000.000000, 16.693733, 16.681320, 17.599472, 17.025475, 0.140397, 0.312474, 0.146603, 0.139603, 0.310707, 0.149969, 0.000794, 0.001767, 0.000355, -0.000000, -0.000000, -0.003721, -0.506108, 0.322862, -0.008726, 13.738071, 19.724567, -31.606211, -0.729473, -0.174270, -0.108705, 0.001777, 14.340820, 18.359375, 269.714355
-0.061082, 0.001745, 1070.000000, 0.000000, 2000.000000, 1000.000000, 17.116837, 16.579063, 17.598053, 16.706047, 0.088557, 0.152051, 0.357445, 0.087940, 0.150991, 0.362794, 0.000617, 0.001060, 0.001061, -0.000000, -0.000000, -0.006410, -0.305410, 0.008726, 0.000000, 10.268138, 20.191269, -31.116776, -0.446114, -0.232859, -0.241862, 0.002194, 14.340820, 18.560791, 272.521973
-0.036649, -0.001745, 1071.000000, -0.001745, 2000.000000, 1000.000000, 17.115356, 16.554600, 17.494644, 16.835400, 0.024622, 0.165022, 0.305000, 0.024477, 0.164051, 0.311355, 0.000145, 0.000970, 0.000767, -0.000000, -0.000000, -0.007123, -0.183246, -0.008726, -0.008726, 9.066815, 20.074371, -31.346563, -0.222410, -0.271208, -0.216296, 0.001848, 14.293945, 20.361328, 298.217773
-0.033159, -0.001745, 1071.000000, -0.001745, 2000.000000, 1000.000000, 17.378866, 15.876401, 17.806005, 16.938726, -0.158796, 0.372366, 0.592437, -0.157693, 0.369779, 0.602171, -0.001103, 0.002587, 0.001755, 0.000000, -0.000000, -0.011489, -0.165794, -0.008726, -0.008726, 8.468094, 19.073204, -32.272675, 0.086515, -0.600373, -0.410173, 0.002186, 14.297852, 19.400024, 284.118652
-0.031414, -0.001745, 1071.000000, -0.001745, 2000.000000, 1000.000000, 16.937672, 16.231781, 17.562176, 17.268372, -0.103021, 0.415274, 0.249924, -0.102305, 0.412390, 0.253832, -0.000716, 0.002885, 0.000740, 0.000000, -0.000000, -0.004647, -0.157068, -0.008726, -0.008726, 7.317829, 16.610928, -32.710201, 0.006621, -0.668549, -0.177947, 0.002186, 14.325195, 19.320679, 283.508301
-0.031414, -0.001745, 1071.000000, -0.001745, 2000.000000, 1000.000000, 17.594816, 15.848914, 18.013613, 16.542658, -0.068737, 0.278135, 0.804214, -0.068350, 0.276569, 0.821081, -0.000387, 0.001566, 0.001937, 0.000000, -0.000000, -0.018804, -0.157068, -0.008726, -0.008726, 6.467811, 15.339897, -33.391899, -0.047708, -0.451237, -0.556113, 0.001769, 14.274414, 20.999146, 306.884766
-0.029668, -0.001745, 1070.000000, -0.001745, 2000.000000, 1000.000000, 17.337177, 16.466438, 17.071491, 17.124893, -0.231035, 0.098192, 0.204335, -0.229343, 0.097473, 0.207493, -0.001692, 0.000719, 0.000638, 0.000000, -0.000000, -0.003796, -0.148342, -0.008726, -0.008726, 6.227829, 14.214491, -34.645786, 0.218607, -0.164682, -0.147055, 0.002306, 14.278320, 20.361328, 297.424316
-0.027923, -0.001745, 1071.000000, -0.001745, 2000.000000, 1000.000000, 17.465387, 16.170786, 17.096903, 17.266924, -0.366155, 0.181914, 0.281146, -0.363704, 0.180696, 0.285789, -0.002451, 0.001218, 0.000802, 0.000000, -0.000000, -0.005446, -0.139616, -0.008726, -0.008726, 6.648921, 13.242993, -35.195633, 0.442311, -0.297840, -0.199252, 0.002106, 14.266602, 20.800781, 304.016113
-0.026178, -0.001745, 1070.000000, -0.001745, 2000.000000, 1000.000000, 17.359180, 16.044346, 17.310055, 17.286419, -0.322800, 0.298237, 0.334617, -0.320967, 0.296543, 0.341715, -0.001833, 0.001694, 0.000813, 0.000000, -0.000000, -0.007912, -0.130890, -0.008726, -0.008726, 6.920892, 11.739774, -35.856564, 0.382657, -0.483194, -0.236536, 0.001785, 14.278320, 19.561768, 286.010742
-0.026178, -0.001745, 1070.000000, -0.001745, 2000.000000, 1000.000000, 17.195103, 16.026604, 17.713135, 17.065159, -0.130131, 0.389147, 0.454118, -0.129220, 0.386424, 0.461557, -0.000911, 0.002723, 0.001355, 0.000000, -0.000000, -0.008793, -0.130890, -0.008726, -0.008726, 6.189431, 9.224800, -37.749954, 0.075862, -0.627004, -0.316431, 0.002202, 14.375977, 16.558838, 243.713364
-0.027923, -0.001745, 1071.000000, -0.001745, 2000.000000, 1000.000000, 16.802565, 16.418535, 17.334589, 17.444311, -0.123438, 0.389451, 0.068578, -0.122690, 0.387090, 0.070075, -0.000748, 0.002361, 0.000178, 0.000000, -0.000000, -0.001675, -0.139616, -0.008726, -0.008726, 5.418783, 7.755941, -37.986649, 0.056688, -0.628070, -0.055442, 0.001906, 14.313477, 18.679810, 273.803711
-0.027923, -0.001745, 1071.000000, -0.001745, 2000.000000, 1000.000000, 17.749285, 15.495305, 18.022974, 16.732435, -0.240860, 0.377704, 0.886130, -0.239202, 0.375106, 0.900976, -0.001657, 0.002599, 0.002601, 0.000000, -0.000000, -0.017446, -0.139616, -0.008726, -0.008726, 4.771303, 6.185750, -38.809513, 0.243108, -0.608895, -0.609376, 0.002165, 14.266602, 21.160889, 309.082031
-0.029668, -0.001745, 1070.000000, -0.001745, 2000.000000, 1000.000000, 17.236671, 16.148552, 16.850334, 17.764442, -0.500556, 0.307389, 0.043503, -0.496989, 0.305198, 0.044508, -0.003567, 0.002191, 0.000133, 0.000000, -0.000000, -0.001138, -0.148342, -0.008726, -0.008726, 5.256679, 2.996456, -39.701424, 0.646840, -0.497043, -0.038398, 0.002243, 14.309570, 19.158936, 280.700684
-0.027923, -0.001745, 1070.000000, -0.001745, 2000.000000, 1000.000000, 17.082754, 15.947207, 17.364130, 17.605909, -0.344332, 0.485020, 0.223441, -0.342399, 0.482297, 0.228265, -0.001933, 0.002722, 0.000537, 0.000000, -0.000000, -0.005361, -0.139616, -0.008726, -0.008726, 5.495423, 0.639757, -39.978508, 0.408223, -0.780401, -0.160903, 0.001764, 14.293945, 19.720459, 294.494629
-0.026178, -0.001745, 1070.000000, -0.001745, 2000.000000, 1000.000000, 16.427443, 16.415911, 17.710043, 17.446604, 0.062978, 0.578323, 0.068743, 0.062526, 0.574176, 0.070075, 0.000452, 0.004147, 0.000211, -0.000000, -0.000000, -0.001542, -0.130890, -0.008726, -0.008726, 3.276669, -2.831693, -41.381573, -0.230932, -0.927407, -0.055442, 0.002257, 14.305664, 18.399048, 269.714355
-0.027923, -0.001745, 1070.000000, -0.001745, 2000.000000, 1000.000000, 16.913944, 16.618050, 17.345413, 17.122593, -0.018269, 0.234004, 0.129678, -0.018161, 0.232627, 0.132392, -0.000107, 0.001376, 0.000326, 0.000000, -0.000000, -0.003040, -0.139616, -0.008726, -0.008726, 1.839402, -3.847606, -41.613594, -0.110558, -0.380930, -0.096987, 0.001849, 14.309570, 19.720459, 288.879395
-0.027923, -0.001745, 1042.000000, 0.000000, 2000.000000, 1000.000000, 14.608276, 13.439125, 14.007902, 13.944696, -0.276486, -0.023700, 0.308089, -0.276486, -0.023700, 0.314857, 0.000000, 0.000000, 0.000000, 0.000000, 0.000000, -0.006768, -0.139616, -0.008726, 0.000000, 1.789896, -4.379587, -42.097115, 0.302762, 0.029194, -0.209905, 0.001875, 14.758789, 2.398682, 36.193848
-0.027923, -0.001745, 1038.000000, 0.000000, 2000.000000, 1000.000000, 13.592706, 12.232322, 12.979016, 13.195956, -0.394331, 0.087486, 0.285861, -0.394331, 0.087486, 0.290889, 0.000000, 0.000000, 0.000000, 0.000000, -0.000000, -0.005028, -0.139616, -0.008726, 0.000000, 3.346301, -5.552318, -42.715172, 0.491313, -0.148704, -0.193926, 0.002308, 14.680664, 6.719971, 100.891106
-0.027923, -0.001745, 1038.000000, 0.000000, 2000.000000, 1000.000000, 13.184116, 12.057684, 13.547800, 13.210400, -0.197258, 0.379100, 0.365958, -0.197258, 0.379100, 0.373979, 0.000000, 0.000000, 0.000000, 0.000000, -0.000000, -0.008021, -0.139616, -0.008726, 0.000000, 3.256004, -6.880365, -43.350338, 0.175997, -0.615286, -0.249319, 0.001861, 14.618164, 8.639526, 129.272461
-0.027923, -0.001745, 1039.000000, -0.001745, 2000.000000, 1000.000000, 12.766464, 12.094505, 13.919771, 13.219259, 0.007139, 0.569515, 0.343117, 0.007139, 0.569515, 0.349705, 0.000000, 0.000000, 0.000000, -0.000000, -0.000000, -0.006587, -0.139616, -0.008726, -0.008726, 1.687214, -8.343181, -44.209160, -0.151038, -0.919950, -0.241862, 0.002139, 14.641602, 7.800293, 116.882317
-0.027923, -0.001745, 1039.000000, -0.001745, 2000.000000, 1000.000000, 12.895879, 12.078275, 13.885402, 13.140445, -0.018161, 0.512923, 0.390640, -0.018161, 0.512923, 0.397641, 0.000000, 0.000000, 0.000000, -0.000000, -0.000000, -0.007001, -0.139616, -0.008726, -0.008726, -1.546192, -10.356506, -45.848312, -0.110558, -0.829403, -0.273820, 0.002364, 14.586914, 9.960938, 148.925781
-0.027923, -0.001745, 1039.000000, -0.001745, 2000.000000, 1000.000000, 13.348886, 12.127271, 13.343724, 13.180120, -0.264502, 0.261922, 0.346305, -0.264502, 0.261922, 0.354498, 0.000000, 0.000000, 0.000000, 0.000000, -0.000000, -0.008193, -0.139616, -0.008726, -0.008726, -2.557423, -11.660042, -46.735157, 0.283588, -0.427801, -0.245058, 0.001786, 14.598633, 9.161377, 136.901855
-0.026178, -0.001745, 1039.000000, -0.001745, 2000.000000, 1000.000000, 13.563208, 12.236521, 13.057631, 13.142641, -0.352924, 0.100136, 0.310419, -0.352924, 0.100136, 0.316149, 0.000000, 0.000000, 0.000000, 0.000000, -0.000000, -0.005730, -0.130890, -0.008726, -0.008726, -2.109300, -13.674182, -47.576080, 0.433789, -0.168943, -0.219492, 0.002286, 14.602539, 8.801270, 131.713867
-0.026178, -0.001745, 1039.000000, -0.001745, 2000.000000, 1000.000000, 13.529913, 12.277805, 13.169477, 13.022804, -0.276359, 0.096141, 0.349695, -0.276359, 0.096141, 0.356096, 0.000000, 0.000000, 0.000000, 0.000000, -0.000000, -0.006402, -0.130890, -0.008726, -0.008726, -1.729456, -14.720199, -48.101650, 0.311284, -0.162552, -0.246124, 0.002246, 14.606445, 8.880615, 132.873535
-0.026178, -0.001745, 1039.000000, -0.001745, 2000.000000, 1000.000000, 13.444630, 12.313820, 13.307898, 12.933653, -0.189141, 0.120775, 0.376263, -0.189141, 0.120775, 0.384858, 0.000000, 0.000000, 0.000000, 0.000000, -0.000000, -0.008595, -0.130890, -0.008726, -0.008726, -1.660231, -15.504580, -48.779354, 0.171735, -0.201966, -0.265298, 0.001829, 14.633789, 8.560181, 128.173828
-0.026178, -0.001745, 1039.000000, -0.001745, 2000.000000, 1000.000000, 13.175956, 12.246938, 13.463996, 13.113111, -0.144533, 0.288553, 0.319976, -0.144533, 0.288553, 0.325736, 0.000000, 0.000000, 0.000000, 0.000000, -0.000000, -0.005761, -0.130890, -0.008726, -0.008726, -2.400819, -16.727062, -49.954655, 0.100363, -0.470411, -0.225884, 0.002274, 14.598633, 10.040283, 150.024414
-0.027923, -0.001745, 1039.000000, -0.001745, 2000.000000, 1000.000000, 13.124381, 12.129403, 13.725085, 13.021131, -0.072756, 0.373108, 0.424734, -0.072756, 0.373108, 0.432795, 0.000000, 0.000000, 0.000000, 0.000000, -0.000000, -0.008061, -0.139616, -0.008726, -0.008726, -3.491900, -17.746948, -50.971844, -0.023207, -0.605699, -0.297256, 0.002180, 14.602539, 9.359741, 139.404297
-0.026178, -0.001745, 1039.000000, -0.001745, 2000.000000, 1000.000000, 12.975403, 12.213133, 13.981161, 12.830303, 0.097147, 0.405732, 0.478282, 0.097147, 0.405732, 0.488721, 0.000000, 0.000000, 0.000000, -0.000000, -0.000000, -0.010439, -0.130890, -0.008726, -0.008726, -5.146362, -18.470142, -52.360126, -0.286325, -0.657897, -0.334540, 0.001907, 14.653320, 6.680298, 100.280754
-0.026178, -0.001745, 1039.000000, -0.001745, 2000.000000, 1000.000000, 13.119877, 12.105944, 13.834021, 12.940159, -0.030018, 0.387090, 0.476949, -0.030018, 0.387090, 0.485525, 0.000000, 0.000000, 0.000000, -0.000000, -0.000000, -0.008576, -0.130890, -0.008726, -0.008726, -8.333129, -19.286892, -54.809170, -0.082861, -0.628070, -0.332409, 0.002310, 14.641602, 7.998657, 119.873039
-0.026178, -0.001745, 1039.000000, -0.001745, 2000.000000, 1000.000000, 13.545922, 11.920913, 13.451802, 13.081363, -0.313643, 0.266582, 0.498862, -0.313643, 0.266582, 0.507895, 0.000000, 0.000000, 0.000000, 0.000000, -0.000000, -0.009033, -0.130890, -0.008726, -0.008726, -9.224998, -20.429293, -56.012516, 0.370939, -0.435258, -0.347323, 0.002285, 14.625977, 8.401489, 125.793449
-0.026178, -0.001745, 1039.000000, -0.001745, 2000.000000, 1000.000000, 13.554911, 12.154270, 13.406197, 12.884623, -0.219767, 0.145409, 0.480554, -0.219767, 0.145409, 0.491917, 0.000000, 0.000000, 0.000000, 0.000000, -0.000000, -0.011363, -0.130890, -0.008726, -0.008726, -9.497764, -21.761747, -57.048748, 0.220737, -0.241381, -0.336670, 0.001766, 14.625977, 8.959961, 130.493164
-0.026178, 0.001745, 1039.000000, -0.001745, 2000.000000, 1000.000000, 13.224802, 12.711569, 13.689119, 12.374510, 0.200344, 0.031815, 0.456960, 0.200344, 0.031815, 0.464753, 0.000000, 0.000000, 0.000000, -0.000000, -0.000000, -0.007792, -0.130890, 0.008726, -0.008726, -10.179982, -21.495010, -58.632290, -0.451440, -0.042178, -0.318561, 0.002407, 14.633789, 8.560181, 128.295898
-0.033159, 0.017452, 1039.000000, -0.001745, 2000.000000, 1000.000000, 12.889742, 12.783346, 13.982504, 12.344408, 0.382925, 0.163456, 0.436123, 0.382925, 0.163456, 0.443980, 0.000000, 0.000000, 0.000000, -0.000000, -0.000000, -0.007857, -0.165794, 0.087260, -0.008726, -11.317062, -20.173557, -59.871983, -0.778474, -0.174270, -0.304713, 0.002322, 14.657227, 7.238770, 107.421867
-0.089005, 0.041885, 1039.000000, -0.001745, 2000.000000, 1000.000000, 12.833773, 12.484211, 14.096382, 12.585634, 0.290297, 0.341008, 0.465077, 0.290297, 0.341008, 0.475938, 0.000000, 0.000000, 0.000000, -0.000000, -0.000000, -0.010861, -0.445026, 0.209424, -0.008726, -13.205902, -18.477154, -61.351528, -0.909501, -0.336189, -0.326018, 0.001777, 14.610352, 9.078979, 135.925293
-0.164049, 0.087260, 1039.000000, -0.001745, 2000.000000, 1000.000000, 13.415005, 12.104076, 13.529461, 12.951458, -0.183232, 0.240459, 0.472233, -0.183232, 0.240459, 0.480731, 0.000000, 0.000000, 0.000000, -0.000000, -0.000000, -0.008498, -0.820244, 0.436300, -0.008726, -15.306676, -16.100031, -63.290585, -0.527074, 0.051565, -0.329214, 0.002286, 14.629883, 8.840942, 132.385254
-0.191972, 0.113438, 1039.000000, -0.001745, 2000.000000, 1000.000000, 13.532573, 11.952058, 13.463017, 13.052352, -0.292462, 0.257684, 0.497795, -0.292462, 0.257684, 0.506298, 0.000000, 0.000000, 0.000000, -0.000000, -0.000000, -0.008503, -0.959860, 0.567190, -0.008726, -15.614500, -14.846545, -64.266335, -0.491920, 0.154895, -0.346258, 0.002390, 14.633789, 8.200073, 122.802727
-0.209424, 0.143106, 1039.000000, -0.001745, 2000.000000, 1000.000000, 13.186461, 12.357751, 13.688603, 12.767184, 0.023177, 0.227894, 0.437532, 0.023177, 0.227894, 0.447176, 0.000000, 0.000000, 0.000000, -0.000000, -0.000000, -0.009643, -1.047120, 0.715532, -0.008726, -15.922478, -12.689332, -65.228119, -1.084203, 0.350902, -0.306843, 0.001882, 14.465820, 15.719604, 232.788071
-0.226876, 0.165794, 1040.000000, -0.001745, 2000.000000, 1000.000000, 13.507246, 13.937780, 15.229872, 13.325102, 0.583826, 0.277487, 0.368559, 0.583826, 0.277487, 0.375271, 0.000000, 0.000000, 0.000000, -0.000000, -0.000000, -0.006712, -1.134380, 0.828970, -0.008726, -17.171432, -5.875007, -66.543640, -2.068501, 0.384991, -0.258907, 0.002266, 14.540039, 11.560059, 172.180161
-0.228621, 0.178010, 1040.000000, -0.001745, 2000.000000, 1000.000000, 13.561387, 14.093574, 15.132413, 13.212626, 0.612993, 0.172519, 0.346900, 0.612993, 0.172519, 0.354498, 0.000000, 0.000000, 0.000000, -0.000000, 0.000000, -0.007598, -1.143106, 0.890052, -0.008726, -18.191589, 0.047697, -67.315727, -2.123895, 0.614021, -0.245058, 0.001888, 14.532227, 11.999512, 178.588852
-0.225131, 0.179756, 1040.000000, -0.001745, 2000.000000, 1000.000000, 14.230766, 13.775475, 14.734636, 13.259123, 0.255055, -0.003121, 0.482702, 0.255055, -0.003121, 0.493514, 0.000000, 0.000000, 0.000000, -0.000000, 0.000000, -0.010813, -1.125654, 0.898778, -0.008726, -18.170023, 5.537291, -68.168770, -1.533742, 0.903771, -0.337736, 0.001841, 14.559570, 11.199951, 166.992172
-0.225131, 0.165794, 1040.000000, -0.001745, 2000.000000, 1000.000000, 14.714223, 13.986476, 14.080220, 13.219081, 0.033348, -0.350349, 0.397222, 0.033348, -0.350349, 0.404033, 0.000000, 0.000000, 0.000000, -0.000000, 0.000000, -0.006811, -1.125654, 0.828970, -0.008726, -15.418430, 12.032766, -69.948425, -1.179011, 1.389529, -0.278081, 0.002416, 14.571289, 11.001587, 164.123520
-0.172775, 0.146597, 1043.000000, -0.001745, 2000.000000, 1000.000000, 14.638449, 14.335363, 14.142447, 12.883741, 0.238905, -0.486906, 0.390447, 0.238905, -0.486906, 0.399239, 0.000000, 0.000000, 0.000000, -0.000000, 0.000000, -0.008792, -0.863874, 0.732984, -0.008726, -12.598135, 16.406647, -71.386848, -1.246123, 1.512033, -0.274885, 0.001828, 14.563477, 10.760498, 160.522461
-0.090750, 0.083770, 1047.000000, -0.001745, 2000.000000, 1000.000000, 14.564610, 14.610124, 14.207234, 12.618032, 0.408679, -0.587368, 0.385923, 0.408679, -0.587368, 0.392848, 0.000000, 0.000000, 0.000000, -0.000000, 0.000000, -0.006925, -0.453752, 0.418848, -0.008726, -9.509034, 20.804029, -73.145599, -1.107639, 1.358636, -0.270624, 0.002330, 14.586914, 10.400391, 155.273438
-0.033159, -0.001745, 1050.000000, -0.001745, 2000.000000, 1000.000000, 15.653016, 14.906051, 15.178693, 14.262240, 0.042371, -0.279533, 0.415855, 0.042043, -0.277365, 0.421610, 0.000329, -0.002168, 0.001373, -0.000000, 0.000000, -0.007128, -0.165794, -0.008726, -0.008726, -6.274319, 24.490009, -75.561058, -0.233062, 0.435058, -0.289799, 0.002443, 14.481445, 13.601685, 201.721176
-0.029668, -0.001745, 1052.000000, -0.001745, 2000.000000, 1000.000000, 15.691368, 13.842031, 15.369858, 15.096743, -0.394055, 0.233300, 0.530613, -0.391795, 0.231962, 0.541451, -0.002260, 0.001338, 0.001302, 0.000000, -0.000000, -0.012140, -0.148342, -0.008726, -0.008726, -6.152154, 24.012911, -76.506927, 0.478530, -0.379864, -0.369693, 0.001803, 14.497070, 13.681030, 203.124985
-0.031414, -0.001745, 1053.000000, -0.001745, 2000.000000, 1000.000000, 15.814558, 13.452765, 15.411938, 15.320740, -0.567649, 0.366339, 0.613248, -0.563695, 0.363787, 0.622943, -0.003954, 0.002552, 0.001821, 0.000000, -0.000000, -0.011516, -0.157068, -0.008726, -0.008726, -8.042255, 20.655737, -77.511642, 0.744844, -0.590786, -0.424022, 0.002192, 14.508789, 12.921143, 192.016586
-0.027923, -0.001745, 1052.000000, -0.001745, 2000.000000, 1000.000000, 15.900486, 14.076162, 15.224382, 14.798969, -0.349727, 0.011675, 0.562435, -0.347060, 0.011586, 0.570213, -0.002668, 0.000089, 0.001826, 0.000000, -0.000000, -0.009605, -0.139616, -0.008726, -0.008726, -8.527010, 19.159010, -78.450043, 0.415679, -0.027264, -0.388868, 0.002402, 14.520508, 12.200928, 181.396469
-0.027923, -0.001745, 1053.000000, -0.001745, 2000.000000, 1000.000000, 16.015789, 14.722905, 14.876304, 14.385001, -0.200395, -0.369347, 0.446046, -0.199255, -0.367246, 0.455165, -0.001140, -0.002101, 0.001085, 0.000000, 0.000000, -0.010204, -0.139616, -0.008726, -0.008726, -7.473392, 18.875071, -79.694756, 0.179192, 0.578867, -0.312169, 0.001788, 14.532227, 12.078857, 179.687485
-0.029668, -0.001745, 1052.000000, -0.001745, 2000.000000, 1000.000000, 15.871982, 14.521556, 14.680276, 14.926187, -0.399084, -0.196769, 0.276128, -0.396455, -0.195473, 0.280996, -0.002629, -0.001296, 0.000776, 0.000000, 0.000000, -0.005644, -0.148342, -0.008726, -0.008726, -4.691372, 17.663460, -81.712227, 0.485987, 0.304031, -0.196056, 0.002072, 14.543945, 11.199951, 166.809067
-0.027923, -0.001745, 1052.000000, -0.001745, 2000.000000, 1000.000000, 15.454384, 13.950834, 15.077618, 15.517164, -0.485774, 0.297391, 0.266001, -0.482214, 0.295211, 0.269810, -0.003560, 0.002179, 0.000830, 0.000000, -0.000000, -0.004639, -0.139616, -0.008726, -0.008726, -4.880254, 16.051022, -82.129929, 0.631927, -0.481064, -0.188600, 0.002307, 14.504883, 13.000488, 196.594223
-0.029668, -0.001745, 1052.000000, -0.001745, 2000.000000, 1000.000000, 15.284157, 13.754972, 15.081821, 15.879049, -0.581603, 0.480435, 0.182989, -0.578215, 0.477637, 0.186720, -0.003388, 0.002799, 0.000456, 0.000000, -0.000000, -0.004187, -0.148342, -0.008726, -0.008726, -6.521675, 13.997415, -82.174751, 0.776802, -0.772945, -0.133206, 0.001831, 14.493164, 13.839722, 205.383286
-0.029668, -0.001745, 1052.000000, -0.001745, 2000.000000, 1000.000000, 15.444714, 14.299911, 14.523191, 15.732183, -0.588449, 0.127688, -0.016048, -0.584207, 0.126767, -0.016211, -0.004242, 0.000920, -0.000049, 0.000000, -0.000000, 0.000213, -0.148342, -0.008726, -0.008726, -8.275488, 10.382680, -81.922066, 0.786389, -0.211554, 0.002082, 0.002269, 14.489258, 13.241577, 196.533188
-0.027923, -0.001745, 1052.000000, -0.001745, 2000.000000, 1000.000000, 15.840017, 14.229219, 14.352049, 15.578714, -0.709365, -0.034619, 0.096033, -0.703921, -0.034353, 0.097239, -0.005444, -0.000266, 0.000313, 0.000000, 0.000000, -0.001519, -0.139616, -0.008726, -0.008726, -8.083720, 7.956006, -82.055725, 0.986658, 0.046239, -0.073552, 0.002417, 14.500977, 13.119507, 194.824203
-0.029668, -0.001745, 1052.000000, -0.001745, 2000.000000, 1000.000000, 15.931788, 14.127963, 14.299838, 15.640410, -0.786100, -0.029876, 0.115813, -0.781280, -0.029692, 0.118011, -0.004820, -0.000183, 0.000303, 0.000000, 0.000000, -0.002501, -0.148342, -0.008726, -0.008726, -7.595246, 5.119536, -82.343056, 1.101705, 0.038782, -0.087400, 0.001928, 14.497070, 12.881470, 191.406235
-0.031414, -0.001745, 1052.000000, -0.001745, 2000.000000, 1000.000000, 15.799829, 13.966193, 14.177484, 16.056494, -0.928162, 0.116989, -0.011344, -0.921222, 0.116115, -0.011418, -0.006939, 0.000875, -0.000036, 0.000000, -0.000000, 0.000110, -0.157068, -0.008726, -0.008726, -7.220520, -0.013373, -82.610695, 1.316887, -0.194510, -0.001114, 0.002354, 14.469727, 15.719604, 232.727036
-0.031414, -0.001745, 1052.000000, -0.001745, 2000.000000, 1000.000000, 15.593810, 13.966876, 14.487807, 15.951507, -0.772658, 0.219657, 0.040808, -0.766760, 0.217980, 0.041313, -0.005899, 0.001677, 0.000132, 0.000000, -0.000000, -0.000637, -0.157068, -0.008726, -0.008726, -7.581321, -3.285052, -82.615723, 1.069748, -0.357494, -0.036268, 0.002404, 14.504883, 12.680054, 188.293442
-0.029668, -0.001745, 1052.000000, -0.001745, 2000.000000, 1000.000000, 15.369353, 14.430583, 14.723821, 15.476243, -0.422798, 0.100032, 0.046587, -0.420424, 0.099470, 0.047704, -0.002375, 0.000562, 0.000112, 0.000000, -0.000000, -0.001229, -0.148342, -0.008726, -0.008726, -7.936302, -5.419473, -82.784225, 0.524336, -0.167878, -0.040529, 0.001765, 14.504883, 13.119507, 194.824203
-0.029668, -0.001745, 1053.000000, -0.001745, 2000.000000, 1000.000000, 14.998516, 14.964727, 15.022570, 15.014187, -0.006351, 0.018378, 0.010543, -0.006305, 0.018244, 0.010953, -0.000046, 0.000134, 0.000034, 0.000000, -0.000000, -0.000443, -0.148342, -0.008726, -0.008726, -8.108434, -6.137055, -82.984367, -0.138255, -0.037917, -0.016028, 0.002299, 14.469727, 13.839722, 205.078110
-0.029668, -0.001745, 1053.000000, -0.001745, 2000.000000, 1000.000000, 15.148104, 15.044218, 14.857384, 14.950294, -0.049199, -0.096160, 0.002743, -0.048915, -0.095605, 0.002963, -0.000284, -0.000555, 0.000007, -0.000000, 0.000000, -0.000227, -0.148342, -0.008726, -0.008726, -7.983722, -5.641578, -82.952438, -0.070078, 0.144242, -0.010702, 0.001815, 14.485352, 13.681030, 202.819809
-0.026178, 0.001745, 1053.000000, -0.001745, 2000.000000, 1000.000000, 15.586589, 14.157416, 14.680474, 15.575521, -0.581055, 0.127997, 0.133532, -0.576628, 0.127022, 0.135588, -0.004427, 0.000975, 0.000434, 0.000000, -0.000000, -0.002490, -0.130890, 0.008726, -0.008726, -7.383088, -7.231646, -83.234795, 0.791716, -0.194510, -0.099118, 0.002399, 14.500977, 13.320923, 197.631821
-0.026178, 0.045375, 1053.000000, -0.001745, 2000.000000, 1000.000000, 15.523273, 13.621930, 14.746312, 16.108484, -0.815879, 0.427399, 0.134792, -0.810319, 0.424486, 0.137186, -0.005559, 0.002912, 0.000392, 0.000000, -0.000000, -0.002786, -0.130890, 0.226876, -0.008726, -8.028520, -10.137947, -83.642784, 1.165621, -0.452302, -0.100183, 0.002144, 14.536133, 12.039185, 179.077133
-0.029668, 0.089005, 1053.000000, -0.001745, 2000.000000, 1000.000000, 15.259416, 13.865447, 14.996734, 15.878405, -0.568910, 0.437569, 0.128075, -0.565565, 0.434996, 0.130794, -0.003345, 0.002572, 0.000322, 0.000000, -0.000000, -0.003042, -0.148342, 0.445026, -0.008726, -8.822348, -12.910675, -84.057076, 0.756562, -0.250968, -0.095922, 0.001848, 14.536133, 11.401367, 169.799789
-0.061082, 0.115183, 1053.000000, -0.001745, 2000.000000, 1000.000000, 14.964770, 15.108685, 15.107352, 14.819192, 0.108019, -0.036728, 0.036061, 0.107248, -0.036466, 0.036519, 0.000771, -0.000262, 0.000109, -0.000000, 0.000000, -0.000567, -0.305410, 0.575916, -0.008726, -8.045440, -12.809126, -84.133553, -0.477006, 0.634261, -0.033072, 0.002248, 14.481445, 14.361572, 212.829575
-0.052356, 0.136126, 1053.000000, -0.001745, 2000.000000, 1000.000000, 15.397722, 15.442547, 14.809668, 14.350063, 0.126107, -0.420135, 0.103695, 0.125196, -0.417097, 0.105228, 0.000912, -0.003038, 0.000319, -0.000000, 0.000000, -0.001852, -0.261780, 0.680628, -0.008726, -5.340213, -10.885021, -83.731392, -0.462093, 1.347983, -0.078878, 0.002276, 14.485352, 13.400269, 198.913559
-0.036649, 0.239092, 1053.000000, -0.001745, 2000.000000, 1000.000000, 15.383047, 14.406729, 15.141195, 15.069029, -0.226038, 0.105112, 0.262121, -0.224527, 0.104410, 0.266615, -0.001511, 0.000703, 0.000748, 0.000000, 0.000000, -0.005241, -0.183246, 1.195462, -0.008726, 0.067488, -9.726516, -83.369408, 0.175997, 1.028406, -0.186469, 0.002103, 14.442383, 15.200806, 224.792465
-0.043630, 0.239092, 1053.000000, -0.001745, 2000.000000, 1000.000000, 15.099207, 14.184896, 15.475809, 15.240088, -0.169647, 0.357948, 0.287508, -0.168445, 0.355411, 0.292181, -0.001203, 0.002537, 0.000869, 0.000000, 0.000000, -0.005542, -0.218150, 1.195462, -0.008726, 2.193739, -10.089285, -83.522163, 0.051361, 0.626804, -0.203513, 0.002231, 14.481445, 13.879395, 205.627426
-0.041885, 0.207679, 1052.000000, -0.001745, 2000.000000, 1000.000000, 14.993503, 14.666865, 15.593434, 14.746198, 0.130149, 0.169816, 0.293468, 0.129289, 0.168694, 0.298572, 0.000860, 0.001122, 0.000828, -0.000000, 0.000000, -0.005932, -0.209424, 1.038394, -0.008726, 3.981826, -9.774039, -83.781738, -0.416287, 0.768483, -0.207774, 0.002079, 14.543945, 11.160278, 166.198715
-0.045375, 0.188482, 1053.000000, -0.001745, 2000.000000, 1000.000000, 15.047792, 15.163881, 15.740370, 14.047956, 0.452126, -0.105837, 0.394082, 0.448612, -0.105014, 0.399239, 0.003514, -0.000823, 0.001303, -0.000000, 0.000000, -0.006461, -0.226876, 0.942408, -0.008726, 7.381058, -6.477219, -84.140099, -0.944655, 1.110431, -0.274885, 0.002448, 14.485352, 13.558960, 201.110825
-0.045375, 0.151832, 1053.000000, -0.001745, 2000.000000, 1000.000000, 15.289913, 14.922670, 15.686367, 14.101049, 0.304519, -0.106292, 0.488140, 0.302804, -0.105694, 0.498308, 0.001714, -0.000598, 0.001175, -0.000000, 0.000000, -0.011343, -0.226876, 0.759162, -0.008726, 9.965077, -3.863147, -84.797607, -0.711363, 0.928272, -0.340931, 0.001769, 14.520508, 11.560059, 179.016098
-0.036649, 0.050611, 1053.000000, -0.001745, 2000.000000, 1000.000000, 14.763009, 14.810208, 15.705941, 14.720841, 0.258074, 0.213391, 0.234475, 0.256171, 0.211817, 0.237853, 0.001903, 0.001574, 0.000736, -0.000000, -0.000000, -0.004114, -0.183246, 0.253054, -0.008726, 11.494987, -1.319133, -85.691483, -0.593120, -0.085853, -0.167294, 0.002322, 14.524414, 12.121582, 180.175766
-0.033159, 0.083770, 1053.000000, -0.001745, 2000.000000, 1000.000000, 14.144581, 14.827980, 16.327408, 14.700031, 0.577694, 0.513719, 0.235994, 0.573340, 0.509848, 0.239451, 0.004354, 0.003872, 0.000758, -0.000000, -0.000000, -0.004214, -0.165794, 0.418848, -0.008726, 10.481527, 0.994233, -86.140923, -1.083138, -0.396909, -0.168360, 0.002373, 14.477539, 13.281250, 196.899399
-0.029668, 0.143106, 1057.000000, -0.001745, 2000.000000, 1000.000000, 14.324644, 14.678638, 16.251440, 14.745277, 0.465040, 0.498359, 0.288042, 0.462409, 0.495540, 0.293779, 0.002631, 0.002819, 0.000696, -0.000000, -0.000000, -0.006433, -0.148342, 0.715532, -0.008726, 9.551674, 3.661071, -86.578506, -0.888196, -0.077331, -0.204578, 0.001778, 14.489258, 13.558960, 201.110825
-0.082024, 0.095986, 1000.000000, -0.001745, 2000.000000, 1000.000000, 10.926080, 9.286807, 10.188270, 9.598844, -0.262461, -0.106444, 0.557175, -0.262461, -0.106444, 0.568615, 0.000000, 0.000000, 0.000000, 0.000000, 0.000000, -0.011440, -0.410122, 0.479930, -0.008726, 10.850121, 5.662547, -87.889305, 0.009816, 0.650240, -0.387803, 0.002025, 19.641602, 0.000000, 0.000000
-0.034904, 0.000000, 1000.000000, -0.019197, 2000.000000, 1000.000000, 11.326767, 9.985373, 9.364761, 9.323099, -0.324933, -0.656070, 0.345764, -0.324933, -0.656070, 0.353037, 0.000000, 0.000000, 0.000000, 0.000000, 0.000000, -0.007273, -0.174520, 0.000000, -0.095986, 13.315832, 5.125009, -89.125237, 0.345372, 1.049711, -0.331344, 0.002355, 15.961914, 0.119019, 1.892090
-0.033159, 0.000000, 1000.000000, 0.001745, 2000.000000, 1000.000000, 11.423354, 9.658423, 9.795829, 9.122394, -0.272874, -0.540889, 0.609591, -0.272874, -0.540889, 0.623555, 0.000000, 0.000000, 0.000000, 0.000000, 0.000000, -0.013964, -0.165794, 0.000000, 0.008726, 16.022636, 4.244744, -90.295418, 0.270804, 0.865422, -0.406977, 0.001772, 14.813477, 2.319336, 35.217285
-0.033159, 0.000000, 1000.000000, 0.031414, 2000.000000, 1000.000000, 11.249422, 9.005449, 10.689817, 9.055311, -0.152367, -0.127435, 0.969620, -0.152367, -0.127435, 0.986682, 0.000000, 0.000000, 0.000000, 0.000000, 0.000000, -0.017062, -0.165794, 0.000000, 0.157068, 17.502214, 3.785024, -91.713402, 0.077993, 0.203897, -0.500720, 0.002037, 14.762695, 4.638672, 70.129395
