


<<< NEW FLIGHT DATA >>>


-0.062827, 0.027923, 1000.000000, -0.036649, 2000.000000, 1000.000000, 9.975955, 9.843728, 9.751689, 10.428628, -0.202291, 0.090159, -0.136178, -0.314136, 0.139616, -0.183246, -5.662652, -1.118766, -0.231451, 0.000059, -0.000454, -0.000189, 0.001781, 14.610352, 0.601196, 8.972168
-0.062827, 0.027923, 1000.000000, -0.036649, 2000.000000, 1000.000000, 9.967274, 9.845133, 9.750885, 10.436708, -0.201991, 0.093796, -0.140921, -0.314136, 0.139616, -0.183246, -5.646760, -1.121843, -0.240588, 0.000059, -0.006845, 0.006203, 0.001769, 14.465820, 5.718994, 84.594719
-0.061082, 0.027923, 1000.000000, -0.036649, 2000.000000, 1000.000000, 9.968540, 9.845938, 9.754105, 10.431417, -0.199979, 0.092761, -0.138677, -0.305410, 0.139616, -0.183246, -5.640950, -1.136175, -0.261253, 0.000059, -0.002584, 0.000877, 0.002183, 14.567383, 1.879883, 28.015135
-0.061082, 0.027923, 1000.000000, -0.036649, 2000.000000, 1000.000000, 9.952205, 9.858289, 9.762893, 10.426614, -0.189409, 0.094753, -0.142451, -0.305410, 0.139616, -0.183246, -5.616241, -1.162429, -0.291691, -0.018051, -0.004715, 0.005138, 0.002357, 14.473633, 5.239868, 77.697754
-0.062827, 0.027923, 1000.000000, -0.036649, 2000.000000, 1000.000000, 9.978638, 9.848190, 9.744476, 10.428696, -0.203667, 0.086586, -0.138443, -0.314136, 0.139616, -0.183246, -5.666200, -1.152408, -0.303410, -0.004202, 0.008068, -0.000189, 0.002285, 14.508789, 3.601074, 53.527828
-0.062827, 0.027923, 1000.000000, -0.036649, 2000.000000, 1000.000000, 9.980724, 9.850681, 9.754498, 10.414097, -0.197411, 0.084297, -0.132389, -0.314136, 0.139616, -0.183246, -5.685045, -1.142169, -0.306218, -0.008464, 0.009134, -0.005515, 0.001769, 14.516602, 4.000854, 59.509274
-0.062827, 0.027923, 1000.000000, -0.036649, 2000.000000, 1000.000000, 9.977367, 9.840384, 9.749634, 10.432615, -0.204992, 0.091125, -0.136500, -0.314136, 0.139616, -0.183246, -5.689486, -1.129921, -0.306290, 0.003254, -0.001519, -0.000189, 0.001860, 14.512695, 3.118896, 46.386715
-0.062827, 0.027923, 1000.000000, -0.036649, 2000.000000, 1000.000000, 9.972252, 9.848375, 9.754454, 10.424919, -0.198585, 0.089686, -0.136648, -0.314136, 0.139616, -0.183246, -5.703595, -1.130000, -0.305609, -0.005268, 0.000611, 0.000877, 0.001747, 14.520508, 3.921509, 58.288570
-0.062827, 0.027923, 1000.000000, -0.036649, 2000.000000, 1000.000000, 9.975374, 9.838383, 9.747711, 10.438532, -0.206953, 0.093122, -0.138457, -0.314136, 0.139616, -0.183246, -5.659654, -1.135853, -0.306932, 0.001124, -0.002584, -0.000189, 0.002289, 14.520508, 3.201294, 47.607418
-0.062827, 0.027923, 1000.000000, -0.036649, 2000.000000, 1000.000000, 9.977057, 9.837085, 9.746631, 10.439227, -0.208142, 0.092929, -0.138156, -0.314136, 0.139616, -0.183246, -5.649195, -1.141204, -0.305099, 0.004320, -0.002584, -0.000189, 0.002206, 14.520508, 3.479004, 51.696774
-0.062827, 0.027923, 1000.000000, -0.036649, 2000.000000, 1000.000000, 9.970046, 9.839993, 9.758843, 10.431117, -0.200582, 0.094980, -0.135555, -0.314136, 0.139616, -0.183246, -5.658976, -1.141307, -0.305028, -0.003137, -0.007911, -0.001254, 0.001811, 14.520508, 3.878784, 57.678219
-0.062827, 0.027923, 1000.000000, -0.036649, 2000.000000, 1000.000000, 9.978140, 9.847836, 9.751474, 10.422550, -0.200345, 0.087013, -0.135193, -0.314136, 0.139616, -0.183246, -5.639892, -1.144784, -0.308974, -0.002072, 0.004872, -0.001254, 0.001748, 14.516602, 3.720093, 55.297848
-0.062827, 0.027923, 1000.000000, -0.036649, 2000.000000, 1000.000000, 9.975782, 9.849079, 9.746422, 10.428717, -0.202249, 0.087569, -0.138898, -0.314136, 0.139616, -0.183246, -5.644217, -1.135066, -0.308947, -0.003137, 0.004872, 0.001942, 0.002034, 14.524414, 3.640747, 54.077145
-0.061082, 0.027923, 1000.000000, -0.036649, 2000.000000, 1000.000000, 9.965671, 9.851987, 9.757184, 10.425159, -0.195415, 0.091171, -0.138572, -0.305410, 0.139616, -0.183246, -5.622036, -1.129599, -0.316507, -0.008464, 0.000611, -0.000189, 0.002309, 14.516602, 3.158569, 46.874996
-0.062827, 0.027923, 1000.000000, -0.036649, 2000.000000, 1000.000000, 9.980262, 9.838382, 9.747134, 10.434222, -0.207242, 0.090678, -0.136302, -0.314136, 0.139616, -0.183246, -5.559478, -1.128571, -0.324366, 0.001124, 0.001677, -0.003384, 0.002354, 14.524414, 3.799438, 43.395992
-0.062827, 0.027923, 1000.000000, -0.036649, 2000.000000, 1000.000000, 9.968735, 9.831129, 9.756666, 10.443470, -0.206103, 0.100068, -0.137300, -0.314136, 0.139616, -0.183246, -5.557558, -1.140431, -0.325115, 0.001124, -0.014302, -0.001254, 0.002192, 14.520508, 3.799438, 48.828121
-0.061082, 0.027923, 1000.000000, -0.036649, 2000.000000, 1000.000000, 9.971678, 9.856504, 9.755985, 10.415833, -0.193755, 0.085909, -0.136169, -0.305410, 0.139616, -0.183246, -5.571617, -1.137920, -0.324935, -0.004202, 0.007003, -0.000189, 0.001769, 14.520508, 3.118896, 57.128902
-0.062827, 0.027923, 1000.000000, -0.036649, 2000.000000, 1000.000000, 9.977865, 9.842005, 9.753069, 10.427061, -0.202463, 0.090065, -0.134533, -0.314136, 0.139616, -0.183246, -5.557761, -1.139389, -0.325370, 0.001124, -0.000454, -0.002319, 0.001760, 14.520508, 3.320312, 49.377438
-0.062827, 0.027923, 1000.000000, -0.036649, 2000.000000, 1000.000000, 9.981305, 9.841691, 9.749026, 10.427978, -0.204641, 0.088502, -0.134834, -0.314136, 0.139616, -0.183246, -5.560934, -1.135095, -0.324345, 0.003254, 0.002742, -0.002319, 0.001835, 14.520508, 3.720093, 55.297848
-0.062827, 0.027923, 1000.000000, -0.036649, 2000.000000, 1000.000000, 9.971328, 9.836087, 9.752835, 10.439750, -0.205539, 0.096293, -0.137919, -0.314136, 0.139616, -0.183246, -5.559961, -1.125421, -0.327804, -0.001007, -0.006845, -0.001254, 0.002341, 14.516602, 3.878784, 57.617184
-0.062827, 0.027923, 1000.000000, -0.036649, 2000.000000, 1000.000000, 9.977256, 9.842292, 9.746812, 10.433640, -0.205448, 0.090226, -0.137966, -0.314136, 0.139616, -0.183246, -5.549352, -1.134314, -0.327803, 0.000059, 0.001677, -0.000189, 0.002169, 14.516602, 3.921509, 58.288570
-0.062827, 0.027923, 1000.000000, -0.036649, 2000.000000, 1000.000000, 9.979419, 9.839437, 9.751657, 10.429488, -0.204453, 0.090573, -0.134463, -0.314136, 0.139616, -0.183246, -5.546247, -1.130462, -0.328981, 0.004320, -0.001519, -0.002319, 0.001748, 14.520508, 3.759766, 55.908199
-0.062827, 0.027923, 1000.000000, -0.036649, 2000.000000, 1000.000000, 9.974818, 9.839898, 9.748675, 10.436608, -0.205714, 0.092642, -0.138253, -0.314136, 0.139616, -0.183246, -5.528879, -1.120350, -0.328946, 0.000059, -0.001519, -0.000189, 0.002232, 14.516602, 3.479004, 51.696774
-0.064572, 0.027923, 1000.000000, -0.036649, 2000.000000, 1000.000000, 9.978999, 9.829982, 9.741784, 10.449235, -0.214117, 0.095510, -0.139608, -0.322862, 0.139616, -0.183246, -5.541202, -1.127472, -0.330631, 0.003254, -0.005780, 0.000877, 0.002378, 14.516602, 3.759766, 55.908199
-0.062827, 0.027923, 1000.000000, -0.036649, 2000.000000, 1000.000000, 9.970061, 9.840087, 9.752423, 10.437428, -0.203745, 0.094926, -0.138757, -0.314136, 0.139616, -0.183246, -5.518357, -1.130930, -0.330688, -0.003137, -0.005780, 0.000877, 0.002191, 14.512695, 3.439331, 51.086422
-0.062827, 0.027923, 1000.000000, -0.036649, 2000.000000, 1000.000000, 9.976496, 9.852680, 9.748577, 10.422247, -0.199371, 0.085412, -0.137463, -0.314136, 0.139616, -0.183246, -5.517705, -1.141405, -0.329666, -0.004202, 0.007003, 0.001942, 0.001751, 14.512695, 3.601074, 57.617184
-0.061082, 0.027923, 1000.000000, -0.036649, 2000.000000, 1000.000000, 9.970540, 9.847301, 9.753020, 10.429139, -0.199839, 0.091080, -0.138220, -0.305410, 0.139616, -0.183246, -5.521311, -1.141020, -0.331466, 0.004320, -0.001519, 0.001942, 0.001863, 14.516602, 3.878784, 57.617184
-0.062827, 0.027923, 1000.000000, -0.036649, 2000.000000, 1000.000000, 9.977137, 9.839500, 9.743753, 10.439610, -0.208373, 0.091681, -0.139555, -0.314136, 0.139616, -0.183246, -5.512255, -1.135219, -0.333817, 0.005385, -0.000454, 0.001942, 0.002140, 14.512695, 3.158569, 46.874996
-0.062827, 0.027923, 1000.000000, -0.036649, 2000.000000, 1000.000000, 9.972838, 9.838859, 9.752976, 10.435327, -0.204083, 0.094152, -0.137092, -0.314136, 0.139616, -0.183246, -5.498852, -1.128123, -0.336952, -0.002072, -0.004715, -0.001254, 0.002151, 14.516602, 3.839111, 57.006832
-0.062827, 0.027923, 1000.000000, -0.036649, 2000.000000, 1000.000000, 9.968628, 9.841131, 9.756466, 10.433775, -0.201201, 0.095120, -0.137453, -0.314136, 0.139616, -0.183246, -5.471949, -1.134707, -0.337418, -0.007398, -0.005780, -0.001254, 0.002207, 14.516602, 3.759766, 55.908199
-0.061082, 0.027923, 1000.000000, -0.036649, 2000.000000, 1000.000000, 9.972963, 9.840660, 9.751560, 10.434816, -0.203890, 0.093188, -0.137738, -0.305410, 0.139616, -0.183246, -5.466052, -1.131947, -0.343498, 0.007515, -0.003650, -0.000189, 0.002100, 14.512695, 3.518677, 52.307125
-0.062827, 0.027923, 1000.000000, -0.036649, 2000.000000, 1000.000000, 9.980798, 9.849877, 9.745322, 10.424003, -0.202400, 0.084663, -0.136940, -0.314136, 0.139616, -0.183246, -5.448014, -1.126193, -0.347435, 0.000059, 0.009134, 0.000877, 0.001786, 14.516602, 3.201294, 47.607418
-0.061082, 0.027923, 1000.000000, -0.036649, 2000.000000, 1000.000000, 9.962659, 9.851729, 9.762029, 10.423583, -0.193121, 0.092805, -0.137656, -0.305410, 0.139616, -0.183246, -5.436810, -1.142770, -0.348716, -0.004202, -0.004715, 0.001942, 0.001773, 14.508789, 3.439331, 51.086422
-0.061082, 0.027923, 1000.000000, -0.036649, 2000.000000, 1000.000000, 9.965904, 9.847118, 9.756594, 10.430384, -0.198144, 0.093488, -0.138751, -0.305410, 0.139616, -0.183246, -5.449912, -1.135525, -0.349541, -0.003137, -0.003650, 0.000877, 0.002177, 14.512695, 3.799438, 56.518551
-0.061082, 0.027923, 1000.000000, -0.036649, 2000.000000, 1000.000000, 9.976232, 9.838628, 9.748420, 10.436721, -0.206477, 0.092570, -0.137674, -0.305410, 0.139616, -0.183246, -5.420482, -1.119950, -0.362127, 0.009646, -0.001519, -0.001254, 0.002309, 14.508789, 3.640747, 54.077145
-0.061082, 0.027923, 1000.000000, -0.036649, 2000.000000, 1000.000000, 9.972771, 9.847424, 9.750229, 10.429577, -0.201174, 0.089903, -0.138500, -0.305410, 0.139616, -0.183246, -5.385653, -1.103603, -0.370728, 0.001124, 0.002742, -0.000189, 0.002288, 14.508789, 3.839111, 57.006832
-0.061082, 0.027923, 1000.000000, -0.036649, 2000.000000, 1000.000000, 9.970870, 9.846898, 9.757812, 10.424420, -0.197645, 0.091116, -0.135659, -0.305410, 0.139616, -0.183246, -5.381713, -1.107529, -0.372046, 0.001124, -0.001519, -0.001254, 0.001830, 14.516602, 3.601074, 53.527828
-0.061082, 0.027923, 1001.000000, -0.036649, 2000.000000, 1000.000000, 9.978786, 9.850530, 9.747895, 10.422790, -0.200787, 0.085343, -0.136660, -0.305410, 0.139616, -0.183246, -5.378439, -1.110192, -0.371998, 0.007515, 0.007003, 0.000877, 0.001749, 14.512695, 3.479004, 51.696774
-0.061082, 0.027923, 1001.000000, -0.036649, 2000.000000, 1000.000000, 9.966978, 9.847656, 9.762403, 10.422962, -0.194970, 0.092683, -0.135309, -0.305410, 0.139616, -0.183246, -5.381688, -1.113018, -0.375596, -0.002072, -0.004715, -0.001254, 0.001747, 14.512695, 3.280640, 48.828121
-0.061082, 0.027923, 1002.000000, -0.036649, 2000.000000, 1000.000000, 9.968519, 9.850615, 9.753040, 10.427826, -0.198173, 0.090433, -0.139220, -0.305410, 0.139616, -0.183246, -5.380105, -1.123670, -0.376203, -0.003137, 0.001677, 0.000877, 0.002277, 14.520508, 3.201294, 47.607418
-0.062827, 0.027923, 1007.000000, -0.036649, 2000.000000, 1000.000000, 9.975513, 9.838513, 9.746278, 10.439696, -0.207605, 0.092987, -0.139105, -0.314136, 0.139616, -0.183246, -5.371357, -1.105703, -0.383750, 0.002189, -0.002584, 0.000877, 0.002258, 14.512695, 3.561401, 52.917477
-0.062827, 0.027923, 1013.000000, -0.036649, 2000.000000, 1000.000000, 10.969973, 10.845945, 10.757721, 11.426361, -0.198167, 0.092041, -0.136153, -0.314136, 0.139616, -0.183246, -5.340147, -1.103300, -0.387258, -0.007398, -0.003650, -0.000189, 0.001756, 14.512695, 3.359985, 58.898922
-0.061082, 0.027923, 1023.000000, -0.036649, 2000.000000, 1000.000000, 11.975924, 11.851908, 11.750647, 12.421522, -0.198723, 0.086084, -0.136715, -0.305410, 0.139616, -0.183246, -5.336544, -1.103419, -0.387610, 0.004320, 0.005938, 0.000877, 0.001748, 14.356445, 8.920288, 131.103516
-0.062827, 0.027923, 1033.000000, -0.036649, 2000.000000, 1000.000000, 12.992556, 12.873846, 12.756279, 13.377319, -0.184938, 0.066799, -0.125583, -0.314136, 0.139616, -0.183246, -5.298162, -1.047298, -0.403624, -0.029769, 0.038961, -0.015102, 0.001773, 14.403320, 7.321167, 108.032219
-0.062827, 0.027923, 1042.000000, -0.036649, 2000.000000, 1000.000000, 14.025961, 13.845886, 13.752226, 14.375927, -0.200944, 0.064076, -0.110906, -0.314136, 0.139616, -0.183246, -5.380657, -0.946818, -0.476657, -0.009529, 0.043222, -0.038538, 0.002316, 14.278320, 11.599731, 169.677719
-0.062827, 0.027923, 1043.000000, -0.036649, 2000.000000, 1000.000000, 14.042983, 13.837342, 13.745851, 14.373824, -0.208403, 0.059838, -0.105584, -0.314136, 0.139616, -0.183246, -5.317392, -0.840711, -0.613810, 0.012842, 0.050679, -0.044929, 0.001758, 14.297852, 11.199951, 163.879379
-0.062827, 0.027923, 1047.000000, -0.036649, 2000.000000, 1000.000000, 13.767447, 13.919337, 14.046521, 14.266694, -0.017071, 0.156608, -0.093015, -0.314136, 0.139616, -0.183246, -5.621080, -0.920137, -0.724748, -0.306736, -0.113371, -0.063039, 0.001747, 14.344727, 9.881592, 145.080566
-0.062827, 0.027923, 1046.000000, -0.036649, 2000.000000, 1000.000000, 13.818074, 13.993196, 14.054744, 14.133986, 0.023970, 0.094365, -0.063591, -0.314136, 0.139616, -0.183246, -6.657106, -1.130079, -1.016654, -0.387695, -0.010041, -0.105649, 0.001854, 14.305664, 11.120605, 162.902817
-0.062827, 0.027923, 1046.000000, -0.036649, 2000.000000, 1000.000000, 14.424059, 14.132397, 13.547544, 13.896000, -0.160030, -0.278228, -0.014198, -0.314136, 0.139616, -0.183246, -7.716133, 0.038804, -1.527672, -0.072379, 0.600352, -0.173826, 0.002420, 14.321289, 10.519409, 154.174805
-0.062827, 0.027923, 1046.000000, -0.036649, 2000.000000, 1000.000000, 14.628364, 13.880754, 13.286044, 14.204839, -0.416601, -0.254558, -0.042797, -0.314136, 0.139616, -0.183246, -7.080808, 1.811826, -1.961967, 0.372899, 0.585438, -0.136542, 0.001830, 14.317383, 10.720825, 157.226562
-0.062827, 0.027923, 1050.000000, -0.036649, 2000.000000, 1000.000000, 15.545568, 14.517901, 14.333440, 15.603091, -0.574329, -0.031735, -0.060496, -0.314136, 0.139616, -0.183246, -5.406722, 2.724921, -2.364493, 0.636017, 0.210467, -0.110975, 0.001749, 14.317383, 10.241699, 150.085449
-0.062827, 0.027923, 1051.000000, -0.036649, 2000.000000, 1000.000000, 15.332542, 14.338779, 14.498137, 15.830542, -0.581542, 0.164339, -0.084661, -0.314136, 0.139616, -0.183246, -3.546457, 2.740425, -2.663672, 0.617908, -0.120828, -0.075822, 0.002094, 14.204102, 16.760254, 243.591293
-0.062827, 0.027923, 1050.000000, -0.036649, 2000.000000, 1000.000000, 14.602869, 14.071602, 15.254055, 16.071474, -0.337171, 0.662764, -0.071538, -0.314136, 0.139616, -0.183246, -2.078131, 0.504149, -2.981623, 0.208849, -0.927228, -0.093931, 0.002294, 14.188477, 15.359497, 223.205551
-0.062827, 0.027923, 1050.000000, -0.036649, 2000.000000, 1000.000000, 14.605209, 14.265511, 15.321220, 15.808060, -0.206634, 0.564640, -0.036785, -0.314136, 0.139616, -0.183246, -2.008655, -2.004206, -3.338291, -0.004202, -0.770635, -0.142933, 0.002349, 14.258789, 12.719727, 185.729965
-0.064572, 0.027923, 1050.000000, -0.036649, 2000.000000, 1000.000000, 14.981816, 14.703099, 14.899137, 15.415948, -0.198882, 0.157542, -0.059523, -0.322862, 0.139616, -0.183246, -2.277481, -3.195808, -3.680697, -0.014855, -0.120828, -0.112041, 0.001747, 14.258789, 12.561035, 183.410629
-0.062827, 0.027923, 1051.000000, -0.036649, 2000.000000, 1000.000000, 15.627837, 14.947413, 14.288259, 15.136491, -0.382164, -0.287625, -0.041952, -0.314136, 0.139616, -0.183246, -1.805141, -2.478551, -3.990556, 0.306853, 0.638701, -0.137607, 0.001750, 14.243164, 13.439941, 196.105942
-0.064572, 0.027923, 1050.000000, -0.036649, 2000.000000, 1000.000000, 15.675889, 15.171639, 14.262527, 14.889945, -0.282917, -0.423764, -0.030792, -0.322862, 0.139616, -0.183246, -1.027792, -0.317301, -4.335422, 0.114041, 0.845361, -0.151455, 0.002196, 14.239258, 12.759399, 186.096176
-0.062827, 0.027923, 1051.000000, -0.036649, 2000.000000, 1000.000000, 15.091267, 14.404892, 14.937710, 15.566132, -0.328699, 0.251920, 0.014489, -0.314136, 0.139616, -0.183246, -0.525733, 1.227825, -5.092727, 0.192870, -0.253985, -0.214305, 0.002396, 14.243164, 12.881470, 186.706528
-0.062827, 0.027923, 1051.000000, -0.036649, 2000.000000, 1000.000000, 14.645499, 14.132958, 15.448590, 15.772952, -0.209226, 0.610771, 0.047044, -0.314136, 0.139616, -0.183246, -0.376634, -0.482888, -5.741632, 0.001124, -0.830289, -0.257981, 0.002547, 14.235352, 12.881470, 187.927231
-0.064572, 0.027923, 1051.000000, -0.036649, 2000.000000, 1000.000000, 14.865551, 14.221195, 15.269567, 15.643686, -0.254619, 0.456627, 0.067559, -0.322862, 0.139616, -0.183246, -0.423635, -2.524653, -6.498413, 0.087410, -0.624695, -0.296330, 0.001761, 14.247070, 12.960815, 189.025864
-0.062827, 0.027923, 1051.000000, -0.036649, 2000.000000, 1000.000000, 15.322295, 14.417344, 14.802382, 15.457978, -0.390136, 0.130181, 0.062339, -0.314136, 0.139616, -0.183246, 0.026963, -3.441910, -7.338134, 0.328158, -0.070761, -0.289939, 0.001749, 14.227539, 12.759399, 185.974106
-0.062827, 0.027923, 1050.000000, -0.036649, 2000.000000, 1000.000000, 15.686736, 14.526187, 14.405240, 15.381837, -0.534286, -0.106461, 0.045988, -0.314136, 0.139616, -0.183246, 1.461417, -3.120002, -8.046579, 0.530557, 0.321254, -0.259046, 0.002257, 14.254883, 12.521362, 182.678207
-0.064572, 0.027923, 1050.000000, -0.036649, 2000.000000, 1000.000000, 15.449147, 14.808135, 14.669070, 15.073647, -0.261397, -0.128641, 0.059108, -0.322862, 0.139616, -0.183246, 2.915053, -1.689400, -9.202183, 0.090605, 0.367060, -0.281417, 0.001971, 14.243164, 13.000488, 189.697250
-0.064572, 0.027923, 1051.000000, -0.036649, 2000.000000, 1000.000000, 15.153741, 14.958573, 14.989223, 14.898463, -0.026102, -0.056157, 0.071482, -0.322862, 0.139616, -0.183246, 2.800241, -0.787232, -10.044331, -0.298214, 0.239229, -0.294200, 0.002335, 14.266602, 11.761475, 171.813950
-0.062827, 0.027923, 1051.000000, -0.036649, 2000.000000, 1000.000000, 14.759085, 14.948589, 15.288935, 15.003391, 0.118762, 0.146163, 0.024010, -0.314136, 0.139616, -0.183246, 1.597633, -0.395800, -10.780132, -0.527244, -0.086740, -0.227088, 0.002449, 14.204102, 14.440918, 210.082993
-0.064572, 0.027923, 1051.000000, -0.036649, 2000.000000, 1000.000000, 14.781917, 14.687095, 15.267858, 15.263131, -0.022524, 0.265494, 0.024887, -0.322862, 0.139616, -0.183246, 0.188274, -0.681704, -11.423168, -0.309931, -0.296595, -0.233480, 0.001804, 14.219727, 13.320923, 194.030746
-0.064572, 0.027923, 1050.000000, -0.036649, 2000.000000, 1000.000000, 15.269741, 14.385008, 14.843536, 15.501715, -0.385727, 0.172626, 0.056639, -0.322862, 0.139616, -0.183246, 0.122007, -1.337955, -12.154020, 0.280221, -0.134676, -0.275025, 0.002140, 14.235352, 13.040161, 190.002426
-0.064572, 0.027923, 1050.000000, -0.036649, 2000.000000, 1000.000000, 15.199279, 14.539876, 14.978545, 15.282300, -0.240790, 0.130423, 0.088912, -0.322862, 0.139616, -0.183246, 1.044028, -1.645779, -13.374057, 0.052256, -0.063304, -0.319766, 0.002231, 14.231445, 12.438965, 181.396469
-0.064572, 0.027923, 1050.000000, -0.036649, 2000.000000, 1000.000000, 14.878281, 14.581741, 15.312162, 15.227816, -0.053048, 0.269989, 0.095221, -0.322862, 0.139616, -0.183246, 0.560487, -2.029891, -14.317253, -0.268386, -0.288073, -0.327223, 0.002345, 14.196289, 14.920044, 216.918930
-0.064572, 0.027923, 1050.000000, -0.036649, 2000.000000, 1000.000000, 14.620472, 14.797331, 15.543943, 15.038254, 0.170637, 0.291099, 0.082208, -0.322862, 0.139616, -0.183246, -1.010274, -2.529166, -15.208656, -0.631639, -0.328553, -0.311244, 0.002121, 14.239258, 12.680054, 184.814438
-0.062827, 0.027923, 1050.000000, -0.036649, 2000.000000, 1000.000000, 14.827701, 14.840459, 15.408595, 14.923245, 0.124527, 0.165921, 0.118147, -0.314136, 0.139616, -0.183246, -2.832585, -2.647773, -16.239719, -0.554941, -0.127219, -0.368768, 0.001815, 14.262695, 11.441040, 167.114243
-0.062827, 0.027923, 1051.000000, -0.036649, 2000.000000, 1000.000000, 15.154420, 14.837476, 15.046332, 14.961772, -0.058096, 0.004052, 0.100377, -0.314136, 0.139616, -0.183246, -3.908515, -2.261327, -17.292816, -0.236429, 0.142291, -0.341071, 0.001942, 14.168945, 15.600586, 226.318344
-0.062827, 0.027923, 1050.000000, -0.036649, 2000.000000, 1000.000000, 15.562417, 14.568030, 14.636600, 15.232953, -0.397685, -0.065224, 0.099508, -0.314136, 0.139616, -0.183246, -3.004828, -1.444491, -18.602686, 0.302592, 0.254143, -0.332549, 0.002378, 14.223633, 12.759399, 185.791000
-0.064572, 0.027923, 1050.000000, -0.036649, 2000.000000, 1000.000000, 15.249390, 14.623755, 14.975937, 15.150919, -0.200154, 0.063428, 0.112664, -0.322862, 0.139616, -0.183246, -2.573966, -1.070694, -19.552122, -0.024442, 0.048548, -0.351724, 0.002291, 14.227539, 12.759399, 185.913071
-0.062827, 0.027923, 1050.000000, -0.036649, 2000.000000, 1000.000000, 14.760530, 14.890073, 15.374747, 14.974650, 0.132410, 0.174699, 0.067638, -0.314136, 0.139616, -0.183246, -3.438694, -0.910397, -20.508310, -0.554941, -0.143198, -0.296330, 0.001813, 14.215820, 13.198853, 192.077621
-0.062827, 0.027923, 1050.000000, -0.036649, 2000.000000, 1000.000000, 14.922054, 14.937967, 15.211346, 14.928633, 0.074657, 0.069989, 0.066700, -0.314136, 0.139616, -0.183246, -4.854613, -0.641457, -21.335892, -0.470785, 0.030439, -0.295265, 0.001756, 14.250977, 11.679077, 170.410141
-0.062827, 0.027923, 1050.000000, -0.036649, 2000.000000, 1000.000000, 15.603498, 14.902884, 14.395880, 15.097738, -0.350618, -0.253191, -0.000311, -0.314136, 0.139616, -0.183246, -4.902611, 0.998191, -22.449522, 0.234415, 0.572655, -0.196196, 0.002006, 14.196289, 14.160156, 205.932602
-0.062827, 0.027923, 1050.000000, -0.036649, 2000.000000, 1000.000000, 15.622888, 14.821410, 14.473542, 15.082160, -0.352524, -0.222149, 0.048215, -0.314136, 0.139616, -0.183246, -3.572265, 2.118899, -23.069748, 0.247198, 0.510870, -0.261177, 0.002316, 14.219727, 12.399292, 180.603012
-0.062827, 0.027923, 1050.000000, -0.036649, 2000.000000, 1000.000000, 15.488479, 14.675708, 14.628573, 15.207240, -0.347860, -0.082093, 0.058526, -0.314136, 0.139616, -0.183246, -2.384262, 2.722684, -23.844936, 0.226958, 0.282905, -0.276090, 0.002337, 14.227539, 12.640381, 184.020981
-0.062827, 0.027923, 1050.000000, -0.036649, 2000.000000, 1000.000000, 15.125837, 14.834061, 14.945059, 15.095043, -0.110440, 0.020051, 0.035448, -0.314136, 0.139616, -0.183246, -2.072658, 3.091767, -24.550770, -0.145882, 0.117790, -0.249459, 0.001846, 14.227539, 12.121582, 176.574692
-0.062827, 0.027923, 1050.000000, -0.036649, 2000.000000, 1000.000000, 14.826801, 15.067299, 15.178848, 14.927052, 0.123074, 0.052950, 0.002825, -0.314136, 0.139616, -0.183246, -2.800884, 3.607047, -25.123270, -0.544288, 0.061331, -0.201522, 0.001877, 14.239258, 11.920166, 173.706039
-0.062827, 0.027923, 1050.000000, -0.036649, 2000.000000, 1000.000000, 15.032551, 15.071917, 14.938309, 14.957224, 0.005113, -0.052234, -0.014570, -0.314136, 0.139616, -0.183246, -3.961744, 4.578612, -25.477669, -0.362129, 0.240294, -0.175956, 0.001835, 14.204102, 13.159180, 191.528305
-0.062827, 0.027923, 1051.000000, -0.036649, 2000.000000, 1000.000000, 15.731477, 14.422702, 14.318669, 15.527152, -0.629314, -0.077089, 0.025073, -0.314136, 0.139616, -0.183246, -2.563836, 5.066775, -26.400633, 0.688215, 0.274383, -0.229219, 0.002316, 14.215820, 12.078857, 175.903305
-0.062827, 0.027923, 1051.000000, -0.036649, 2000.000000, 1000.000000, 15.721858, 14.304677, 14.327123, 15.646342, -0.684101, -0.013268, 0.024490, -0.314136, 0.139616, -0.183246, -0.412579, 4.543597, -27.135416, 0.774501, 0.169987, -0.229219, 0.002276, 14.215820, 12.521362, 182.373032
-0.062827, 0.027923, 1051.000000, -0.036649, 2000.000000, 1000.000000, 15.444779, 14.445718, 14.600207, 15.509295, -0.477038, 0.054751, 0.022493, -0.314136, 0.139616, -0.183246, 1.055091, 4.021531, -27.798395, 0.459185, 0.058135, -0.230284, 0.001761, 14.219727, 12.680054, 184.020981
-0.064572, 0.027923, 1050.000000, -0.036649, 2000.000000, 1000.000000, 15.003277, 14.690004, 15.028820, 15.277899, -0.140588, 0.153360, 0.016049, -0.322862, 0.139616, -0.183246, 1.370870, 3.737344, -28.391684, -0.111794, -0.102719, -0.220697, 0.001833, 14.219727, 12.561035, 182.922348
-0.064572, 0.027923, 1051.000000, -0.036649, 2000.000000, 1000.000000, 14.684444, 14.934992, 15.287834, 15.092730, 0.111413, 0.190282, -0.013861, -0.322862, 0.139616, -0.183246, 0.210088, 3.830333, -28.810871, -0.544288, -0.169830, -0.178087, 0.001767, 14.204102, 12.881470, 187.194809
-0.064572, 0.027923, 1050.000000, -0.036649, 2000.000000, 1000.000000, 15.124192, 14.967448, 14.908719, 14.999640, -0.061917, -0.045820, 0.016456, -0.322862, 0.139616, -0.183246, -1.606821, 4.935021, -29.379349, -0.247081, 0.224316, -0.217501, 0.002296, 14.208008, 12.799072, 186.218246
-0.064572, 0.027923, 1051.000000, -0.036649, 2000.000000, 1000.000000, 15.476276, 14.552479, 14.471941, 15.499304, -0.487790, -0.014377, -0.025891, -0.322862, 0.139616, -0.183246, -0.986372, 5.262294, -29.906960, 0.442140, 0.172118, -0.157847, 0.002398, 14.208008, 12.960815, 188.476547
-0.064572, 0.027923, 1051.000000, -0.036649, 2000.000000, 1000.000000, 15.319263, 14.335608, 14.583583, 15.761546, -0.540405, 0.172564, -0.048578, -0.322862, 0.139616, -0.183246, 0.259853, 4.486400, -30.339407, 0.539079, -0.131480, -0.126954, 0.002174, 14.211914, 12.600708, 183.288559
-0.064572, 0.027923, 1050.000000, -0.036649, 2000.000000, 1000.000000, 14.936937, 14.363710, 14.915939, 15.783413, -0.360176, 0.349677, -0.073562, -0.322862, 0.139616, -0.183246, 0.720818, 3.213994, -30.607403, 0.248264, -0.440405, -0.090735, 0.001780, 14.235352, 11.920166, 169.128403
-0.064572, 0.027923, 1050.000000, -0.036649, 2000.000000, 1000.000000, 14.573653, 14.520738, 15.262897, 15.642713, -0.108183, 0.452805, -0.081725, -0.322862, 0.139616, -0.183246, -0.091406, 1.870803, -30.773756, -0.162926, -0.617238, -0.079018, 0.001752, 14.208008, 13.479614, 195.983871
-0.062827, 0.027923, 1051.000000, -0.036649, 2000.000000, 1000.000000, 14.974069, 14.653308, 14.803327, 15.569297, -0.271683, 0.186312, -0.111302, -0.314136, 0.139616, -0.183246, -1.206668, 0.511493, -30.986313, 0.103389, -0.153851, -0.038538, 0.002290, 14.235352, 11.801147, 171.997055
-0.062827, 0.027923, 1053.000000, -0.036649, 2000.000000, 1000.000000, 15.354219, 14.818560, 14.399214, 15.428007, -0.391113, -0.086389, -0.123283, -0.314136, 0.139616, -0.183246, -0.494486, 0.477969, -31.111168, 0.304722, 0.292492, -0.021494, 0.002079, 14.196289, 12.881470, 187.194809
-0.062827, 0.027923, 1077.000000, -0.036649, 2000.000000, 1000.000000, 17.154215, 17.044512, 16.559900, 17.241373, -0.197795, -0.099364, -0.142942, -0.314136, 0.139616, -0.183246, 0.361819, 1.044950, -31.114088, -0.004202, 0.324450, 0.010464, 0.001747, 13.868164, 25.439453, 361.328094
-0.062827, 0.027923, 1077.000000, -0.036649, 2000.000000, 1000.000000, 16.754940, 16.990673, 17.056843, 17.197544, 0.023757, 0.127194, -0.094108, -0.314136, 0.139616, -0.183246, 0.107752, 1.593456, -31.171083, -0.378108, -0.068630, -0.061973, 0.001785, 14.016602, 20.278931, 290.832520
-0.062827, 0.027923, 1078.000000, -0.036649, 2000.000000, 1000.000000, 16.916626, 16.829334, 16.839058, 17.414982, -0.165804, 0.127019, -0.122158, -0.314136, 0.139616, -0.183246, -1.474866, 1.500409, -31.330099, -0.067053, -0.056912, -0.022559, 0.002228, 14.043945, 18.640137, 267.883301
-0.062827, 0.027923, 1077.000000, -0.036649, 2000.000000, 1000.000000, 17.498308, 16.971144, 16.228289, 17.302259, -0.400285, -0.234726, -0.136702, -0.314136, 0.139616, -0.183246, -0.602186, 1.875798, -31.377741, 0.317505, 0.533240, -0.003384, 0.002223, 14.032227, 19.479370, 279.907227
-0.062827, 0.027923, 1077.000000, -0.036649, 2000.000000, 1000.000000, 17.480227, 16.953459, 16.278025, 17.288290, -0.384259, -0.216843, -0.120873, -0.314136, 0.139616, -0.183246, 0.907936, 2.832679, -31.442108, 0.284482, 0.507674, -0.024689, 0.002307, 14.012695, 19.201660, 275.512695
-0.062827, 0.027923, 1077.000000, -0.036649, 2000.000000, 1000.000000, 17.063572, 16.836994, 16.707161, 17.392273, -0.227923, 0.049717, -0.114633, -0.314136, 0.139616, -0.183246, 1.748520, 3.282087, -31.605671, 0.043734, 0.073049, -0.032146, 0.001807, 14.043945, 18.560791, 267.028809
-0.062827, 0.027923, 1077.000000, -0.036649, 2000.000000, 1000.000000, 16.572868, 16.919498, 17.176640, 17.330994, 0.048068, 0.253817, -0.125247, -0.314136, 0.139616, -0.183246, 0.996615, 3.245471, -31.608631, -0.423914, -0.268899, -0.018298, 0.002157, 14.040039, 18.521118, 266.296387
-0.062827, 0.027923, 1076.000000, -0.036649, 2000.000000, 1000.000000, 16.814104, 17.118807, 16.940107, 17.126982, 0.029457, 0.033544, -0.122894, -0.314136, 0.139616, -0.183246, -1.182137, 3.768062, -31.490122, -0.385565, 0.097550, -0.022559, 0.002286, 13.997070, 19.918823, 285.583496
-0.062827, 0.027923, 1067.000000, -0.036649, 2000.000000, 1000.000000, 16.558695, 15.843003, 15.398166, 16.200136, -0.379415, -0.200850, -0.021570, -0.314136, 0.139616, -0.183246, -0.871899, 4.609522, -31.767368, 0.273830, 0.475716, -0.164238, 0.002261, 14.176758, 10.079956, 146.423340
-0.064572, 0.027923, 1066.000000, -0.036649, 2000.000000, 1000.000000, 16.537407, 15.666245, 15.422543, 16.373806, -0.455606, -0.101826, -0.020025, -0.322862, 0.139616, -0.183246, 0.702909, 4.905612, -32.376633, 0.409117, 0.313797, -0.167434, 0.002194, 14.165039, 13.479614, 195.495590
-0.062827, 0.027923, 1066.000000, -0.036649, 2000.000000, 1000.000000, 16.173557, 15.519406, 15.736815, 16.570221, -0.371890, 0.153519, -0.044814, -0.314136, 0.139616, -0.183246, 1.717253, 4.572138, -32.860035, 0.281287, -0.104849, -0.133346, 0.001752, 14.137695, 14.959717, 216.430649
-0.062827, 0.027923, 1065.000000, -0.036649, 2000.000000, 1000.000000, 15.607248, 15.647975, 16.300714, 16.444063, -0.025655, 0.372389, -0.046019, -0.314136, 0.139616, -0.183246, 1.264093, 3.827521, -33.146862, -0.284365, -0.462776, -0.130150, 0.002172, 14.094727, 16.439819, 237.426743
-0.064572, 0.027923, 1049.000000, -0.036649, 2000.000000, 1000.000000, 13.690159, 13.706144, 14.227043, 14.376654, -0.033406, 0.301848, -0.041399, -0.322862, 0.139616, -0.183246, -0.997713, 2.850682, -33.495480, -0.295018, -0.342402, -0.135476, 0.002387, 14.325195, 6.320190, 92.712395
-0.064572, 0.027923, 1048.000000, -0.036649, 2000.000000, 1000.000000, 14.123970, 13.800566, 13.815868, 14.259596, -0.191783, 0.037732, -0.030081, -0.322862, 0.139616, -0.183246, -1.631813, 2.876406, -33.878651, -0.037225, 0.086897, -0.152520, 0.002195, 14.278320, 9.359741, 136.779785
-0.064572, 0.027923, 1049.000000, -0.036649, 2000.000000, 1000.000000, 14.426658, 13.928226, 13.532678, 14.112439, -0.269548, -0.177442, -0.020332, -0.322862, 0.139616, -0.183246, -1.071790, 3.485312, -34.339432, 0.102323, 0.453346, -0.168499, 0.001814, 14.262695, 9.680176, 141.296387
-0.064572, 0.027923, 1047.000000, -0.036649, 2000.000000, 1000.000000, 14.287174, 14.039310, 13.678200, 13.995316, -0.141245, -0.163242, -0.017313, -0.322862, 0.139616, -0.183246, -0.310504, 4.499733, -34.857536, -0.113924, 0.433106, -0.173826, 0.001747, 14.239258, 10.720825, 156.311035
-0.064572, 0.027923, 1048.000000, -0.036649, 2000.000000, 1000.000000, 13.935294, 13.971984, 14.081592, 14.011130, 0.026787, 0.046361, 0.008443, -0.322862, 0.139616, -0.183246, -0.493077, 5.617539, -35.358803, -0.396217, 0.078375, -0.207914, 0.002107, 14.223633, 10.720825, 156.188965
-0.064572, 0.027923, 1049.000000, -0.036649, 2000.000000, 1000.000000, 13.705365, 13.385264, 14.344129, 14.565242, -0.135303, 0.454685, 0.024747, -0.322862, 0.139616, -0.183246, -2.303962, 5.252351, -36.070839, -0.120316, -0.590607, -0.229219, 0.002305, 14.239258, 10.479736, 152.832031
-0.064572, 0.027923, 1049.000000, -0.036649, 2000.000000, 1000.000000, 14.077825, 13.155395, 13.986993, 14.779788, -0.428806, 0.383390, 0.032408, -0.322862, 0.139616, -0.183246, -2.898524, 3.834044, -36.646885, 0.347333, -0.474493, -0.238806, 0.002383, 14.235352, 10.079956, 146.972656
-0.064572, 0.027923, 1057.000000, -0.036649, 2000.000000, 1000.000000, 15.341530, 14.200422, 14.686033, 15.772015, -0.556772, 0.229024, 0.013782, -0.322862, 0.139616, -0.183246, -2.367213, 2.305877, -37.291847, 0.597668, -0.236941, -0.219632, 0.001748, 14.239258, 10.159302, 148.193359
-0.064572, 0.027923, 1065.000000, -0.036649, 2000.000000, 1000.000000, 16.225479, 15.205170, 15.811296, 16.758053, -0.491767, 0.284675, 0.018389, -0.322862, 0.139616, -0.183246, -1.492942, 0.788660, -37.913372, 0.485816, -0.328553, -0.224958, 0.001766, 13.958008, 21.719360, 310.485840
-0.064572, 0.027923, 1067.000000, -0.036649, 2000.000000, 1000.000000, 15.507011, 15.196667, 16.555981, 16.740341, -0.123676, 0.648161, 0.031496, -0.322862, 0.139616, -0.183246, -2.361462, -1.638812, -38.893349, -0.143751, -0.902727, -0.238806, 0.002320, 14.086914, 16.040039, 231.323227
-0.064572, 0.027923, 1067.000000, -0.036649, 2000.000000, 1000.000000, 15.491807, 15.201932, 16.596380, 16.709879, -0.100843, 0.653130, 0.044094, -0.322862, 0.139616, -0.183246, -4.536674, -3.231779, -39.650894, -0.189557, -0.913380, -0.255850, 0.002318, 14.110352, 15.240479, 220.092758
-0.064572, 0.027923, 1068.000000, -0.036649, 2000.000000, 1000.000000, 16.211771, 15.374961, 15.906808, 16.506460, -0.359116, 0.206634, 0.059290, -0.322862, 0.139616, -0.183246, -6.098845, -5.049488, -40.879128, 0.245068, -0.190070, -0.278221, 0.002245, 14.059570, 17.321777, 249.206528
-0.062827, 0.027923, 1068.000000, -0.036649, 2000.000000, 1000.000000, 16.544415, 15.489196, 15.497272, 16.469116, -0.506766, -0.016806, 0.020844, -0.314136, 0.139616, -0.183246, -5.164818, -5.771640, -41.437843, 0.491142, 0.172118, -0.223893, 0.002252, 14.110352, 15.399170, 222.412094
-0.062827, 0.027923, 1068.000000, -0.036649, 2000.000000, 1000.000000, 16.232178, 15.549257, 15.806726, 16.411839, -0.322008, 0.109283, 0.019452, -0.314136, 0.139616, -0.183246, -4.277549, -6.283038, -41.936386, 0.201392, -0.031346, -0.226023, 0.001748, 14.110352, 15.280151, 220.581039
-0.064572, 0.027923, 1068.000000, -0.036649, 2000.000000, 1000.000000, 15.550847, 15.601545, 16.486692, 16.360916, 0.044118, 0.423804, 0.018769, -0.322862, 0.139616, -0.183246, -5.814852, -6.716900, -43.026634, -0.422849, -0.533083, -0.219632, 0.002388, 14.110352, 15.161133, 219.116196
-0.064572, 0.027923, 1068.000000, -0.036649, 2000.000000, 1000.000000, 15.732091, 15.766505, 16.319231, 16.182173, 0.042868, 0.250702, 0.025661, -0.322862, 0.139616, -0.183246, -7.532241, -6.624985, -43.814072, -0.415392, -0.258246, -0.229219, 0.002361, 14.094727, 15.438843, 222.900375
-0.064572, 0.027923, 1070.000000, -0.036649, 2000.000000, 1000.000000, 17.221777, 16.905020, 16.805223, 17.067980, -0.144879, -0.063399, 0.013501, -0.322862, 0.139616, -0.183246, -8.015419, -6.183676, -44.481327, -0.107532, 0.258404, -0.218566, 0.001758, 14.067383, 17.321777, 249.633774
-0.064572, 0.027923, 1069.000000, -0.036649, 2000.000000, 1000.000000, 16.476683, 16.058321, 15.542442, 15.922557, -0.199619, -0.267501, 0.009561, -0.322862, 0.139616, -0.183246, -6.269853, -4.835915, -45.168667, -0.014855, 0.588634, -0.208979, 0.002178, 14.125977, 13.800049, 199.707016
-0.064572, 0.027923, 1069.000000, -0.036649, 2000.000000, 1000.000000, 16.200525, 15.662635, 15.850320, 16.286520, -0.243523, 0.068420, 0.025423, -0.322862, 0.139616, -0.183246, -5.652339, -4.132476, -45.727932, 0.043734, 0.042157, -0.230284, 0.002213, 14.110352, 15.481567, 223.510727
-0.062827, 0.027923, 1068.000000, -0.036649, 2000.000000, 1000.000000, 15.769987, 15.345230, 16.269459, 16.615326, -0.192656, 0.442392, 0.019723, -0.314136, 0.139616, -0.183246, -6.312946, -4.759297, -46.402027, -0.023377, -0.581019, -0.223893, 0.002098, 14.094727, 15.560913, 224.487289
-0.062827, 0.027923, 1068.000000, -0.036649, 2000.000000, 1000.000000, 16.083271, 15.321611, 15.981804, 16.613312, -0.348292, 0.297558, 0.032538, -0.314136, 0.139616, -0.183246, -7.985205, -6.406456, -47.482567, 0.223763, -0.331749, -0.239872, 0.002329, 14.083008, 15.798950, 227.783188
-0.062827, 0.027923, 1068.000000, -0.036649, 2000.000000, 1000.000000, 16.604710, 15.539136, 15.455371, 16.400784, -0.502747, -0.071923, 0.030040, -0.314136, 0.139616, -0.183246, -7.250178, -7.166608, -48.048916, 0.511382, 0.270122, -0.242002, 0.001758, 14.086914, 15.399170, 222.106918
-0.064572, 0.027923, 1069.000000, -0.036649, 2000.000000, 1000.000000, 16.602074, 15.595454, 15.479289, 16.323181, -0.462628, -0.098765, 0.040682, -0.322862, 0.139616, -0.183246, -5.664689, -7.537888, -48.515831, 0.428292, 0.323385, -0.256916, 0.001766, 14.086914, 15.200806, 219.421371
-0.064572, 0.027923, 1068.000000, -0.036649, 2000.000000, 1000.000000, 15.948326, 15.862916, 16.126545, 16.062214, -0.005269, 0.094379, 0.037436, -0.322862, 0.139616, -0.183246, -5.022303, -7.168442, -49.480026, -0.335498, -0.002584, -0.248394, 0.002191, 14.086914, 16.159058, 232.910141
-0.064572, 0.027923, 1067.000000, -0.036649, 2000.000000, 1000.000000, 15.638719, 16.057085, 16.424616, 15.879582, 0.240850, 0.152098, 0.031667, -0.322862, 0.139616, -0.183246, -6.192362, -6.189335, -50.286617, -0.738165, -0.100588, -0.239872, 0.002167, 14.075195, 16.079712, 231.689438
-0.066318, 0.027923, 1065.000000, -0.036649, 2000.000000, 1000.000000, 15.924739, 15.957398, 16.163879, 15.953984, 0.060638, 0.058931, 0.044309, -0.331588, 0.139616, -0.183246, -7.358706, -4.824230, -51.070507, -0.463329, 0.054940, -0.262242, 0.001768, 14.083008, 15.719604, 226.684555
-0.064572, 0.027923, 1054.000000, -0.036649, 2000.000000, 1000.000000, 15.701478, 14.221162, 14.405028, 15.672332, -0.686905, 0.038680, 0.053253, -0.322862, 0.139616, -0.183246, -6.354848, -5.478302, -52.086838, 0.772370, 0.086897, -0.269699, 0.002237, 14.192383, 11.160278, 162.231430
-0.066318, 0.027923, 1053.000000, -0.036649, 2000.000000, 1000.000000, 15.697978, 14.131871, 14.467769, 15.702382, -0.700180, 0.085075, 0.082873, -0.331588, 0.139616, -0.183246, -4.845369, -7.082600, -52.760025, 0.781958, 0.012329, -0.310179, 0.002284, 14.172852, 12.359619, 179.321274
-0.064572, 0.027923, 1053.000000, -0.036649, 2000.000000, 1000.000000, 15.440202, 14.365445, 14.776128, 15.418225, -0.429213, 0.097176, 0.108165, -0.322862, 0.139616, -0.183246, -3.839941, -8.335569, -53.613914, 0.363311, -0.010041, -0.348528, 0.002124, 14.161133, 12.521362, 181.579575
-0.064572, 0.027923, 1055.000000, -0.036649, 2000.000000, 1000.000000, 15.093809, 14.861641, 15.127701, 14.916849, -0.005329, 0.022275, 0.110755, -0.322862, 0.139616, -0.183246, -3.686178, -8.288160, -55.063675, -0.339759, 0.110333, -0.351724, 0.002174, 14.149414, 12.719727, 184.326157
-0.064572, 0.027923, 1042.000000, -0.036649, 2000.000000, 1000.000000, 13.970200, 14.179724, 14.074869, 13.775208, 0.127297, -0.074962, 0.022535, -0.322862, 0.139616, -0.183246, -4.108902, -6.802948, -55.879902, -0.578376, 0.278644, -0.230284, 0.001830, 14.274414, 7.559204, 110.412590
-0.064572, 0.027923, 1042.000000, -0.036649, 2000.000000, 1000.000000, 14.486696, 13.902363, 13.643543, 13.967398, -0.227047, -0.194529, 0.065120, -0.322862, 0.139616, -0.183246, -3.338287, -4.583850, -56.872696, 0.027755, 0.467194, -0.285678, 0.002313, 14.227539, 10.040283, 146.179199
-0.066318, 0.027923, 1043.000000, -0.036649, 2000.000000, 1000.000000, 14.588965, 13.413655, 13.610171, 14.387208, -0.488087, -0.001310, 0.099569, -0.331588, 0.139616, -0.183246, -2.210474, -4.810258, -57.614529, 0.441075, 0.151878, -0.333614, 0.002330, 14.223633, 10.479736, 152.526855
-0.064572, 0.027923, 1043.000000, -0.036649, 2000.000000, 1000.000000, 14.359628, 13.316941, 13.852963, 14.470468, -0.415048, 0.161715, 0.106296, -0.322862, 0.139616, -0.183246, -1.609025, -5.801259, -58.479546, 0.359050, -0.120828, -0.352789, 0.001784, 14.223633, 10.400391, 151.428223
-0.062827, 0.027923, 1043.000000, -0.036649, 2000.000000, 1000.000000, 13.908284, 13.634517, 14.208333, 14.248866, -0.078576, 0.228600, 0.058309, -0.314136, 0.139616, -0.183246, -2.275565, -6.431826, -59.943802, -0.212993, -0.228419, -0.279286, 0.002055, 14.219727, 10.040283, 146.118164
-0.062827, 0.027923, 1043.000000, -0.036649, 2000.000000, 1000.000000, 13.907459, 13.982672, 14.167536, 13.942333, 0.075104, 0.054934, 0.037498, -0.314136, 0.139616, -0.183246, -3.004891, -5.758089, -60.709919, -0.454807, 0.057070, -0.247328, 0.002316, 14.215820, 10.000610, 145.629883
-0.064572, 0.027923, 1044.000000, -0.036649, 2000.000000, 1000.000000, 14.226383, 14.202341, 13.791693, 13.779583, -0.002983, -0.214362, 0.009038, -0.322862, 0.139616, -0.183246, -2.839108, -4.363583, -61.323170, -0.349346, 0.517262, -0.211110, 0.001771, 14.196289, 10.839844, 157.592773
-0.062827, 0.027923, 1044.000000, -0.036649, 2000.000000, 1000.000000, 14.358259, 14.014763, 13.675074, 13.951904, -0.155082, -0.186511, 0.016666, -0.314136, 0.139616, -0.183246, -1.777456, -3.077639, -61.826473, -0.081966, 0.460803, -0.218566, 0.002163, 14.211914, 10.519409, 153.015137
-0.064572, 0.027923, 1044.000000, -0.036649, 2000.000000, 1000.000000, 14.063039, 13.304269, 14.040908, 14.591784, -0.327412, 0.316346, 0.051973, -0.322862, 0.139616, -0.183246, -1.412352, -3.370212, -62.778049, 0.189674, -0.369033, -0.268633, 0.002154, 14.208008, 10.000610, 145.385742
-0.064572, 0.027923, 1044.000000, -0.036649, 2000.000000, 1000.000000, 13.708606, 13.315669, 14.352231, 14.623494, -0.166050, 0.487863, 0.030418, -0.322862, 0.139616, -0.183246, -2.725031, -4.122827, -63.569962, -0.076640, -0.675827, -0.242002, 0.001794, 14.211914, 10.360718, 150.817871
-0.062827, 0.027923, 1044.000000, -0.036649, 2000.000000, 1000.000000, 13.847123, 13.781384, 14.196517, 14.174975, -0.011049, 0.185746, 0.021820, -0.314136, 0.139616, -0.183246, -5.080932, -4.037475, -64.702003, -0.318454, -0.155981, -0.224958, 0.002309, 14.215820, 10.400391, 151.306152
-0.064572, 0.027923, 1044.000000, -0.036649, 2000.000000, 1000.000000, 14.234381, 14.174511, 13.791256, 13.799852, -0.017117, -0.204446, 0.012819, -0.322862, 0.139616, -0.183246, -5.003574, -3.115790, -65.297943, -0.312062, 0.481043, -0.212175, 0.002294, 14.184570, 11.199951, 162.719711
-0.062827, 0.027923, 1050.000000, -0.036649, 2000.000000, 1000.000000, 15.431994, 15.249520, 14.602683, 14.715802, -0.073899, -0.340757, 0.017338, -0.314136, 0.139616, -0.183246, -3.645325, -1.708151, -65.795280, -0.219385, 0.732444, -0.222827, 0.001780, 14.219727, 10.079956, 146.606445
-0.062827, 0.027923, 1069.000000, -0.036649, 2000.000000, 1000.000000, 16.015574, 15.596645, 16.043379, 16.344404, -0.179988, 0.193891, 0.029476, -0.314136, 0.139616, -0.183246, -2.622447, -0.298653, -66.778496, -0.053204, -0.166634, -0.237741, 0.002064, 14.122070, 13.800049, 199.523911
-0.062827, 0.027923, 1075.000000, -0.036649, 2000.000000, 1000.000000, 16.469688, 16.541656, 17.546471, 17.442184, 0.044064, 0.494328, 0.008079, -0.314136, 0.139616, -0.183246, -4.034432, -0.186289, -67.415543, -0.404739, -0.650261, -0.204718, 0.002370, 13.872070, 23.681641, 336.608856
-0.062827, 0.027923, 1078.000000, -0.036649, 2000.000000, 1000.000000, 16.623856, 16.757397, 17.361664, 17.257084, 0.059529, 0.309373, -0.007240, -0.314136, 0.139616, -0.183246, -5.873839, 0.412405, -67.926529, -0.455872, -0.374359, -0.187674, 0.001751, 13.958008, 19.439697, 277.832031
-0.064572, 0.027923, 1077.000000, -0.036649, 2000.000000, 1000.000000, 17.109056, 17.181684, 16.905561, 16.803698, 0.043623, -0.145371, 0.007309, -0.322862, 0.139616, -0.183246, -6.276057, 1.567954, -68.451019, -0.415392, 0.386235, -0.205783, 0.002132, 13.965820, 18.719482, 267.822266
-0.062827, 0.027923, 1077.000000, -0.029668, 2000.000000, 1000.000000, 17.391163, 16.828091, 16.672386, 17.108360, -0.249762, -0.109626, 0.031775, -0.314136, 0.139616, -0.148342, -4.447489, 3.005955, -69.386871, 0.061843, 0.329776, -0.202588, 0.002210, 13.989258, 19.360352, 277.282715
-0.064572, 0.027923, 1077.000000, 0.036649, 2000.000000, 1000.000000, 17.146446, 16.130787, 17.408630, 17.314137, -0.230292, 0.361383, 0.277538, -0.322862, 0.139616, 0.183246, -4.649107, 2.789977, -69.916847, 0.029886, -0.452123, -0.202588, 0.001833, 13.950195, 20.520020, 293.090820
-0.064572, 0.027923, 1072.000000, 0.209424, 2000.000000, 1000.000000, 17.312355, 16.041538, 18.179699, 16.466408, 0.110618, 0.323054, 0.746028, -0.322862, 0.139616, 1.047120, -7.179512, 3.125298, -70.210945, -0.524048, -0.371163, 0.066923, 0.002336, 13.989258, 18.240356, 261.291504
-0.062827, 0.027923, 1057.000000, 0.260035, 2000.000000, 1000.000000, 15.773066, 14.617432, 15.647532, 13.961971, 0.132482, -0.195248, 0.710299, -0.314136, 0.139616, 1.300174, -7.533809, 4.724829, -69.508026, -0.556006, 0.469325, 0.383304, 0.002210, 14.122070, 13.281250, 192.016586
-0.062827, 0.027923, 1039.000000, 0.312391, 2000.000000, 1000.000000, 14.387648, 12.639441, 13.168888, 11.804024, -0.095836, -0.513544, 0.778268, -0.314136, 0.139616, 1.561954, -5.863591, 6.465681, -68.435875, -0.184231, 0.993432, 0.565463, 0.002173, 14.290039, 6.838989, 99.975578
-0.062827, 0.027923, 1042.000000, 0.328098, 2000.000000, 1000.000000, 15.201847, 13.102886, 14.042109, 13.653158, -0.427502, -0.152367, 0.621978, -0.314136, 0.139616, 1.640488, -2.437426, 7.208360, -65.622681, 0.357985, 0.401148, 0.867997, 0.002290, 14.188477, 11.120605, 161.499008
-0.062827, 0.027923, 1043.000000, 0.328098, 2000.000000, 1000.000000, 14.687973, 12.748016, 14.411510, 14.152500, -0.420236, 0.282006, 0.549742, -0.314136, 0.139616, 1.640488, -2.010632, 6.427493, -63.229347, 0.345202, -0.310444, 0.970261, 0.002244, 14.235352, 8.480835, 123.596184
-0.061082, 0.027923, 1042.000000, 0.287958, 2000.000000, 1000.000000, 14.181131, 12.910292, 14.473650, 14.434927, -0.308030, 0.454288, 0.327390, -0.305410, 0.139616, 1.439790, -2.942011, 5.161431, -60.377781, 0.183283, -0.604455, 1.068265, 0.002042, 14.200195, 10.119629, 147.094727
-0.061082, 0.027923, 1042.000000, 0.253054, 2000.000000, 1000.000000, 14.025253, 13.409306, 14.353809, 14.211632, -0.118442, 0.282720, 0.189531, -0.305410, 0.139616, 1.265270, -4.071112, 4.438838, -57.271351, -0.136294, -0.317901, 1.083179, 0.002057, 14.180664, 10.879517, 157.897949
-0.062827, 0.027923, 1043.000000, 0.211169, 2000.000000, 1000.000000, 14.281982, 14.014849, 13.774059, 13.929110, -0.105546, -0.148416, 0.028021, -0.314136, 0.139616, 1.055846, -4.370035, 5.283314, -52.987095, -0.167187, 0.390496, 1.079983, 0.002264, 14.223633, 9.078979, 132.202148
-0.062827, 0.027923, 1043.000000, 0.204188, 2000.000000, 1000.000000, 14.476211, 13.933093, 13.601645, 13.989051, -0.232630, -0.204652, 0.038928, -0.314136, 0.139616, 1.020942, -3.418330, 6.286589, -50.189816, 0.044799, 0.503413, 1.046960, 0.001796, 14.192383, 9.280396, 135.131836
-0.061082, 0.027923, 1043.000000, 0.198953, 2000.000000, 1000.000000, 14.472228, 13.520484, 13.667375, 14.339913, -0.406071, 0.003644, 0.069801, -0.305410, 0.139616, 0.994764, -2.332638, 6.468664, -47.539768, 0.355855, 0.147617, 0.975588, 0.001764, 14.192383, 10.360718, 150.573730
-0.062827, 0.027923, 1042.000000, 0.130890, 2000.000000, 1000.000000, 14.045888, 13.532664, 13.645991, 14.775456, -0.410673, 0.210723, -0.154061, -0.314136, 0.139616, 0.654450, -1.459603, 5.167367, -43.830601, 0.335615, -0.196461, 0.913803, 0.002210, 14.200195, 10.198975, 148.315430
-0.062827, 0.027923, 1046.000000, 0.102967, 2000.000000, 1000.000000, 13.811364, 13.700257, 13.742923, 14.745456, -0.278410, 0.244189, -0.222856, -0.314136, 0.139616, 0.514834, -1.466183, 4.310236, -41.446560, 0.121498, -0.251855, 0.862670, 0.002188, 14.227539, 9.359741, 136.413574
-0.062827, 0.027923, 1045.000000, 0.085515, 2000.000000, 1000.000000, 13.851892, 13.837005, 13.720128, 14.590976, -0.221434, 0.155552, -0.213990, -0.314136, 0.139616, 0.427574, -1.679822, 3.797468, -39.187733, 0.033082, -0.111241, 0.774254, 0.001769, 14.211914, 9.521484, 138.610840
-0.062827, 0.027923, 1045.000000, 0.083770, 2000.000000, 1000.000000, 14.124703, 14.058778, 13.534318, 14.282201, -0.203452, -0.091740, -0.170490, -0.314136, 0.139616, 0.418848, -1.408289, 4.087417, -36.282978, 0.000059, 0.298884, 0.685837, 0.002223, 14.153320, 13.198853, 191.223129
-0.061082, 0.027923, 1055.000000, 0.097731, 2000.000000, 1000.000000, 15.245928, 14.979906, 14.568169, 15.205997, -0.225963, -0.112917, -0.092951, -0.305410, 0.139616, 0.488656, -0.838897, 4.872930, -34.519077, 0.037343, 0.338298, 0.651749, 0.002175, 14.176758, 11.279297, 163.696274
-0.062827, 0.027923, 1072.000000, 0.099476, 2000.000000, 1000.000000, 17.032972, 16.748945, 16.876825, 17.341257, -0.187115, 0.109041, -0.045101, -0.314136, 0.139616, 0.497382, -0.485333, 5.230361, -32.876804, -0.014855, -0.030281, 0.600617, 0.001853, 13.813477, 25.521851, 361.022919
-0.062827, 0.027923, 1072.000000, 0.034904, 2000.000000, 1000.000000, 16.355177, 16.766008, 17.054338, 17.824476, -0.089826, 0.439408, -0.295243, -0.314136, 0.139616, 0.174520, -1.446003, 3.949042, -30.325108, -0.182101, -0.567171, 0.598486, 0.002266, 13.946289, 19.561768, 279.602051
-0.061082, 0.027923, 1082.000000, -0.022688, 2000.000000, 1000.000000, 17.621231, 17.990185, 17.418312, 18.970272, -0.295752, 0.194292, -0.480228, -0.305410, 0.139616, -0.113438, -1.962732, 3.017990, -28.708496, 0.166239, -0.179417, 0.575051, 0.001781, 14.004883, 17.321777, 257.019043
-0.062827, 0.027923, 1097.000000, -0.036649, 2000.000000, 1000.000000, 19.206522, 19.040030, 18.009581, 19.743868, -0.475195, -0.123276, -0.391949, -0.314136, 0.139616, -0.183246, -0.817753, 2.720093, -27.422604, 0.473033, 0.357473, 0.371586, 0.001762, 13.680664, 30.560303, 428.100555
-0.062827, 0.027923, 1096.000000, -0.036649, 2000.000000, 1000.000000, 19.200916, 18.773319, 18.240772, 19.784992, -0.492955, 0.012883, -0.279155, -0.314136, 0.139616, -0.183246, 1.886535, 3.312632, -26.352003, 0.465576, 0.132703, 0.197949, 0.002243, 13.782227, 25.720215, 363.098114
-0.062827, 0.027923, 1096.000000, -0.029668, 2000.000000, 1000.000000, 18.538006, 18.465687, 18.975525, 20.020782, -0.279394, 0.498153, -0.243234, -0.314136, 0.139616, -0.148342, 2.254805, 2.248609, -25.867441, 0.124694, -0.661979, 0.185166, 0.002161, 13.829102, 24.240112, 343.078583
-0.061082, 0.027923, 1093.000000, -0.012216, 2000.000000, 1000.000000, 18.443531, 18.329742, 19.289623, 19.937103, -0.190317, 0.613363, -0.133423, -0.305410, 0.139616, -0.061082, 1.334050, 0.197044, -25.445026, -0.009529, -0.885683, 0.127642, 0.001769, 13.770508, 26.040649, 367.309540
-0.062827, 0.027923, 1090.000000, -0.038394, 2000.000000, 1000.000000, 19.288370, 18.491396, 18.330996, 19.889238, -0.588804, 0.110116, -0.190318, -0.314136, 0.139616, -0.191972, 1.620469, -2.037732, -24.976629, 0.625365, -0.035607, 0.063727, 0.002182, 13.930664, 20.120239, 286.987305
-0.062827, 0.027923, 1088.000000, -0.038394, 2000.000000, 1000.000000, 18.506836, 17.573303, 17.102985, 18.816875, -0.661856, -0.040069, -0.195090, -0.314136, 0.139616, -0.191972, 3.558069, -2.508847, -24.748796, 0.743608, 0.220055, 0.069053, 0.002235, 13.891602, 20.919800, 297.607422
-0.062827, 0.027923, 1088.000000, -0.038394, 2000.000000, 1000.000000, 18.336214, 17.725618, 17.290987, 18.647181, -0.491697, -0.030916, -0.186400, -0.314136, 0.139616, -0.191972, 5.447654, -2.583317, -24.477306, 0.482620, 0.206206, 0.061596, 0.001934, 13.872070, 22.479248, 319.702148
-0.061082, 0.027923, 1089.000000, -0.038394, 2000.000000, 1000.000000, 17.817598, 17.915155, 17.855516, 18.411730, -0.114665, 0.133622, -0.163442, -0.305410, 0.139616, -0.191972, 6.167713, -2.634325, -24.202532, -0.138425, -0.068630, 0.025378, 0.002384, 13.918945, 20.440674, 291.198730
-0.061082, 0.027923, 1067.000000, -0.038394, 2000.000000, 1000.000000, 15.760958, 15.969850, 16.092613, 16.176582, 0.031230, 0.134597, -0.073216, -0.305410, 0.139616, -0.191972, 5.405370, -2.607515, -24.334709, -0.380238, -0.078218, -0.100323, 0.001764, 13.848633, 23.001099, 326.232880
-0.061082, 0.027923, 1023.000000, -0.038394, 2000.000000, 1000.000000, 12.406465, 12.139161, 11.557570, 11.896804, -0.151634, -0.272813, -0.017982, -0.305410, 0.139616, -0.191972, 4.872331, -1.361291, -24.875328, -0.084097, 0.589699, -0.177021, 0.002426, 15.176758, 0.000000, 0.000000
-0.061082, 0.027923, 1025.000000, -0.036649, 2000.000000, 1000.000000, 12.413922, 12.049693, 11.540412, 11.995973, -0.204948, -0.231807, -0.022833, -0.305410, 0.139616, -0.183246, 5.450337, 0.217357, -25.345291, 0.007515, 0.532175, -0.163173, 0.002191, 14.340820, 4.040527, 59.326168
-0.061082, 0.027923, 1025.000000, -0.036649, 2000.000000, 1000.000000, 12.142411, 11.593991, 11.763932, 12.499665, -0.321038, 0.131799, -0.046828, -0.305410, 0.139616, -0.183246, 5.970535, 0.667251, -25.745262, 0.199262, -0.063304, -0.129085, 0.002141, 14.290039, 5.801392, 84.899895
-0.059337, 0.027923, 1026.000000, -0.036649, 2000.000000, 1000.000000, 11.734421, 11.372042, 12.171427, 12.722111, -0.228266, 0.446769, -0.047076, -0.296684, 0.139616, -0.183246, 5.886023, -1.124988, -26.199562, 0.056517, -0.578889, -0.128019, 0.002294, 14.274414, 6.838989, 99.914543
-0.061082, 0.027923, 1026.000000, -0.033159, 2000.000000, 1000.000000, 11.837275, 11.502747, 12.082918, 12.577061, -0.207168, 0.329990, -0.039904, -0.305410, 0.139616, -0.165794, 5.347590, -2.373185, -26.547436, 0.012842, -0.393534, -0.120563, 0.002169, 14.274414, 6.600952, 96.496574
-0.068063, 0.029668, 1027.000000, -0.012216, 2000.000000, 1000.000000, 12.244322, 11.635685, 11.823357, 12.296637, -0.270479, 0.059997, 0.033840, -0.340314, 0.148342, -0.061082, 5.274508, -2.822924, -26.879377, 0.085279, 0.058135, -0.115236, 0.001831, 14.274414, 6.039429, 88.317863
-0.071553, 0.029668, 1041.000000, -0.005236, 2000.000000, 1000.000000, 14.470186, 13.852018, 13.655926, 14.021870, -0.246028, -0.161102, 0.063056, -0.357766, 0.148342, -0.026178, 5.846270, -2.248889, -27.148535, 0.022429, 0.425649, -0.116302, 0.002139, 14.176758, 11.441040, 166.076645
-0.076789, 0.027923, 1060.000000, 0.013962, 2000.000000, 1000.000000, 16.150667, 16.079790, 15.971907, 15.797634, 0.025849, -0.115229, 0.061288, -0.383944, 0.139616, 0.069808, 5.967591, -0.232469, -27.451359, -0.449480, 0.338298, -0.012972, 0.002284, 13.981445, 17.999268, 257.690430
-0.066318, 0.027923, 1059.000000, 0.012216, 2000.000000, 1000.000000, 14.779007, 14.860550, 15.328386, 15.032057, 0.094468, 0.180221, 0.053697, -0.331588, 0.139616, 0.061082, 4.821394, 0.638011, -27.490572, -0.532570, -0.152786, -0.011906, 0.001748, 14.114258, 12.359619, 178.710922
-0.076789, 0.027923, 1051.000000, -0.034904, 2000.000000, 1000.000000, 14.907719, 14.791992, 14.940578, 15.359711, -0.133714, 0.150145, -0.075851, -0.383944, 0.139616, -0.174520, 2.998847, 0.277041, -27.600834, -0.190623, -0.095262, -0.079018, 0.002393, 14.122070, 13.040161, 188.476547
-0.115183, 0.015707, 1047.000000, -0.036649, 2000.000000, 1000.000000, 14.744428, 13.975390, 13.238433, 14.041749, -0.393088, -0.359909, -0.008570, -0.575916, 0.078534, -0.183246, 3.175852, 1.036089, -27.964104, 0.021364, 0.669593, -0.183413, 0.002146, 14.211914, 8.639526, 125.732414
-0.155323, -0.020942, 1048.000000, -0.031414, 2000.000000, 1000.000000, 15.162696, 14.307277, 12.919995, 13.610032, -0.386364, -0.734986, 0.041345, -0.776614, -0.104712, -0.157068, 4.234133, 3.394984, -28.581781, -0.191688, 1.132980, -0.230284, 0.001805, 14.137695, 12.359619, 179.016098
-0.153578, -0.038394, 1048.000000, -0.029668, 2000.000000, 1000.000000, 14.274703, 13.997514, 13.847970, 13.879813, -0.077258, -0.136109, 0.061336, -0.767888, -0.191972, -0.148342, 4.340765, 6.849144, -29.503534, -0.696620, 0.022982, -0.245198, 0.002105, 14.184570, 10.360718, 150.512695
-0.120419, -0.038394, 1048.000000, -0.029668, 2000.000000, 1000.000000, 13.287665, 13.562854, 14.788590, 14.360890, 0.175722, 0.574741, 0.038128, -0.602094, -0.191972, -0.148342, 1.519814, 6.530735, -29.797195, -0.935238, -1.141345, -0.211110, 0.002266, 14.172852, 10.559082, 153.320312
-0.099476, -0.041885, 1045.000000, -0.027923, 2000.000000, 1000.000000, 13.046088, 13.484307, 15.043590, 14.426015, 0.263948, 0.734802, 0.044839, -0.497382, -0.209424, -0.139616, -2.607395, 4.583855, -29.978540, -0.990631, -1.480097, -0.216436, 0.001784, 14.153320, 11.718750, 169.799789
-0.082024, -0.054101, 1044.000000, -0.024433, 2000.000000, 1000.000000, 13.508430, 13.651725, 14.597571, 14.242274, 0.124648, 0.419923, 0.053001, -0.410122, -0.270506, -0.122164, -6.299868, 2.658363, -30.288307, -0.639096, -0.983687, -0.204718, 0.002245, 14.184570, 10.000610, 145.202637
-0.127400, -0.089005, 1046.000000, -0.017452, 2000.000000, 1000.000000, 14.606803, 13.936608, 13.583444, 13.873145, -0.239974, -0.271705, 0.095123, -0.636998, -0.445026, -0.087260, -8.732474, 1.797037, -31.155319, -0.285431, -0.036673, -0.227088, 0.002211, 14.208008, 9.399414, 136.718750
-0.130890, -0.089005, 1046.000000, -0.015707, 2000.000000, 1000.000000, 14.646482, 14.013374, 13.467890, 13.872253, -0.259368, -0.329929, 0.057186, -0.654450, -0.445026, -0.078534, -9.187443, 2.310591, -31.629705, -0.268386, 0.077310, -0.168499, 0.001748, 14.172852, 10.720825, 155.578613
-0.057592, 0.027923, 1046.000000, -0.010471, 2000.000000, 1000.000000, 13.474670, 13.211994, 14.681412, 14.631924, -0.053297, 0.656668, 0.078041, -0.287958, 0.139616, -0.052356, -10.785853, 1.569937, -32.322643, -0.225776, -0.918706, -0.165303, 0.002292, 14.168945, 10.800171, 156.616211
-0.057592, 0.027923, 1046.000000, -0.012216, 2000.000000, 1000.000000, 13.458917, 12.826118, 14.686570, 15.028396, -0.243656, 0.857483, 0.072743, -0.287958, 0.139616, -0.061082, -12.582888, -0.949007, -32.749199, 0.088475, -1.256393, -0.167434, 0.002219, 14.192383, 9.521484, 138.427734
-0.057592, 0.027923, 1046.000000, -0.033159, 2000.000000, 1000.000000, 13.785303, 13.055403, 14.192312, 14.966982, -0.376143, 0.579647, -0.011192, -0.287958, 0.139616, -0.165794, -13.659212, -3.748030, -33.201996, 0.319636, -0.833485, -0.163173, 0.001812, 14.165039, 10.839844, 157.226562
-0.055846, 0.027923, 1046.000000, -0.038394, 2000.000000, 1000.000000, 14.695316, 13.897249, 13.386780, 14.020655, -0.357986, -0.296283, 0.041048, -0.279232, 0.139616, -0.191972, -12.730115, -4.589578, -34.037609, 0.286613, 0.630179, -0.261177, 0.002293, 14.176758, 10.559082, 153.320312
-0.057592, 0.027923, 1046.000000, -0.036649, 2000.000000, 1000.000000, 14.893244, 14.198908, 13.284988, 13.622860, -0.258052, -0.546076, 0.089117, -0.287958, 0.139616, -0.183246, -10.898230, -2.945106, -34.667080, 0.114041, 1.033911, -0.317635, 0.002411, 14.180664, 10.839844, 157.409668
-0.057592, 0.027923, 1046.000000, -0.036649, 2000.000000, 1000.000000, 14.764870, 13.931587, 13.525431, 13.778112, -0.271491, -0.348228, 0.145150, -0.287958, 0.139616, -0.183246, -9.206946, -1.070954, -35.583572, 0.152390, 0.750553, -0.410313, 0.001749, 14.188477, 9.960938, 144.714355
-0.059337, 0.029668, 1046.000000, -0.033159, 2000.000000, 1000.000000, 14.458781, 13.364514, 13.937247, 14.239457, -0.349119, 0.088353, 0.198014, -0.296684, 0.148342, -0.165794, -8.072578, -0.636445, -36.776531, 0.261047, 0.016590, -0.457184, 0.002148, 14.184570, 10.281372, 149.230957
-0.059337, 0.027923, 1072.000000, -0.003490, 2000.000000, 1000.000000, 17.093628, 16.143578, 17.475677, 17.287117, -0.190372, 0.381396, 0.284653, -0.296684, 0.139616, -0.017452, -8.356489, -2.035720, -38.707821, -0.011659, -0.472363, -0.418835, 0.002201, 13.766602, 30.160522, 425.903290
-0.059337, 0.027923, 1086.000000, 0.013962, 2000.000000, 1000.000000, 18.161835, 17.312397, 18.426895, 18.098873, -0.130354, 0.262885, 0.294365, -0.296684, 0.139616, 0.069808, -9.183120, -2.606036, -39.762867, -0.105402, -0.288073, -0.352789, 0.001762, 13.668945, 31.719971, 444.213837
-0.059337, 0.027923, 1107.000000, 0.094241, 2000.000000, 1000.000000, 20.697279, 19.234991, 20.278120, 19.789610, -0.243445, 0.033865, 0.487699, -0.296684, 0.139616, 0.471204, -9.507586, -2.437032, -40.925495, 0.078888, 0.098615, -0.179152, 0.002309, 13.403320, 42.480469, 583.007812
-0.057592, 0.027923, 1117.000000, 0.146597, 2000.000000, 1000.000000, 22.010244, 19.868517, 21.083456, 21.037783, -0.524013, 0.060620, 0.546849, -0.287958, 0.139616, 0.732984, -8.637742, -2.780052, -41.043800, 0.546536, 0.051744, 0.011529, 0.002194, 13.313477, 45.199585, 616.699219
-0.059337, 0.027923, 1128.000000, 0.155323, 2000.000000, 1000.000000, 22.915922, 20.873892, 21.948709, 22.261477, -0.588700, 0.105092, 0.432316, -0.296684, 0.139616, 0.776614, -7.273802, -4.107105, -40.677464, 0.673301, -0.031346, 0.213928, 0.001813, 13.274414, 45.800781, 622.680664
-0.057592, 0.027923, 1126.000000, 0.160558, 2000.000000, 1000.000000, 22.356556, 21.717133, 22.483528, 21.442783, 0.100330, -0.036845, 0.420042, -0.287958, 0.139616, 0.802792, -6.901543, -4.088680, -39.566933, -0.477177, 0.211532, 0.262930, 0.001971, 13.305664, 44.201660, 601.806641
-0.055846, 0.029668, 1088.000000, 0.200698, 2000.000000, 1000.000000, 18.633698, 17.503929, 18.340839, 17.521534, -0.077616, -0.068814, 0.487268, -0.279232, 0.148342, 1.003490, -7.308382, -2.893913, -38.685856, -0.175709, 0.266926, 0.383304, 0.002395, 13.512695, 34.881592, 482.482880
-0.055846, 0.029668, 1058.000000, 0.233857, 2000.000000, 1000.000000, 16.058098, 13.918710, 15.045445, 14.977746, -0.517922, 0.011596, 0.551772, -0.279232, 0.148342, 1.169284, -6.592580, -2.803200, -37.518818, 0.568906, 0.142291, 0.464264, 0.001752, 15.165039, 0.000000, 0.000000
-0.055846, 0.029668, 1054.000000, 0.240838, 2000.000000, 1000.000000, 16.123846, 13.748323, 14.785856, 15.341974, -0.732910, 0.063915, 0.454852, -0.279232, 0.148342, 1.204188, -4.610865, -4.011329, -35.844315, 0.900201, 0.050679, 0.642162, 0.002227, 14.211914, 8.120728, 118.103020
-0.057592, 0.029668, 1053.000000, 0.239092, 2000.000000, 1000.000000, 15.393479, 14.357244, 15.391623, 14.857654, -0.125566, 0.124639, 0.392551, -0.287958, 0.148342, 1.195462, -3.214151, -5.111190, -32.946590, -0.106467, -0.043064, 0.719926, 0.002224, 14.106445, 11.761475, 169.921860
-0.055846, 0.029668, 1053.000000, 0.214660, 2000.000000, 1000.000000, 15.168036, 14.815259, 15.299434, 14.717271, 0.057346, 0.008353, 0.233736, -0.279232, 0.148342, 1.073298, -4.001220, -4.355516, -30.968628, -0.411131, 0.147617, 0.822190, 0.001764, 14.118164, 12.438965, 179.626450
-0.054101, 0.029668, 1052.000000, 0.186736, 2000.000000, 1000.000000, 15.180631, 14.921830, 14.955649, 14.941890, -0.061260, -0.051231, 0.068140, -0.270506, 0.148342, 0.933682, -4.563767, -3.324504, -28.581022, -0.191688, 0.252012, 0.911672, 0.001768, 14.102539, 12.280273, 177.429184
-0.052356, 0.029668, 1047.000000, 0.197208, 2000.000000, 1000.000000, 14.642750, 13.493128, 13.612345, 14.251778, -0.447264, -0.067939, 0.127548, -0.261780, 0.148342, 0.986038, -3.428372, -2.679632, -24.793535, 0.445336, 0.269056, 0.870127, 0.002212, 14.196289, 8.560181, 124.389641
-0.055846, 0.029668, 1048.000000, 0.191972, 2000.000000, 1000.000000, 14.567292, 13.538615, 13.751138, 14.142955, -0.355124, -0.052953, 0.159215, -0.279232, 0.148342, 0.959860, -2.270065, -2.458705, -22.532984, 0.300461, 0.249882, 0.806212, 0.001792, 14.172852, 9.320068, 135.192871
-0.055846, 0.029668, 1049.000000, 0.120419, 2000.000000, 1000.000000, 14.154979, 13.884727, 13.674182, 14.286113, -0.220546, -0.019852, -0.085419, -0.279232, 0.148342, 0.602094, -1.550205, -2.098937, -20.385576, 0.073561, 0.196619, 0.767862, 0.001833, 14.165039, 9.719849, 140.930176
-0.055846, 0.029668, 1048.000000, -0.038394, 2000.000000, 1000.000000, 13.555082, 14.484867, 13.233728, 14.726322, -0.140702, -0.019975, -0.605594, -0.279232, 0.148342, -0.191972, -1.381607, -1.313808, -17.418926, -0.074509, 0.192358, 0.647488, 0.002260, 14.153320, 10.281372, 148.986816
-0.055846, 0.029668, 1048.000000, -0.038394, 2000.000000, 1000.000000, 13.811217, 14.174298, 13.275798, 14.738687, -0.274952, 0.007242, -0.456493, -0.279232, 0.148342, -0.191972, -1.254849, -0.885321, -15.976873, 0.150260, 0.146552, 0.440828, 0.002186, 14.153320, 10.198975, 147.827148
-0.055846, 0.027923, 1048.000000, -0.038394, 2000.000000, 1000.000000, 14.201218, 13.736134, 13.145674, 14.916975, -0.559097, 0.031325, -0.326554, -0.279232, 0.139616, -0.191972, -0.142395, -0.874010, -15.019373, 0.642409, 0.099680, 0.268256, 0.001773, 14.184570, 8.920288, 129.272461
-0.061082, 0.029668, 1043.000000, -0.038394, 2000.000000, 1000.000000, 14.529317, 13.529078, 12.959285, 14.982320, -0.755819, -0.029198, -0.255699, -0.305410, 0.148342, -0.191972, 3.449838, -1.245230, -14.041669, 0.911919, 0.206206, 0.156404, 0.002213, 14.153320, 10.800171, 156.433105
-0.059337, 0.027923, 1041.000000, -0.029668, 2000.000000, 1000.000000, 14.331817, 13.838813, 13.364833, 14.464538, -0.398177, -0.085315, -0.151675, -0.296684, 0.139616, -0.148342, 5.275918, -0.971962, -13.766129, 0.357985, 0.297818, 0.059466, 0.001827, 14.153320, 10.519409, 152.404785
-0.059337, 0.027923, 1043.000000, 0.061082, 2000.000000, 1000.000000, 14.215254, 14.016304, 14.084038, 13.684404, 0.050171, -0.115779, 0.149646, -0.296684, 0.139616, 0.305410, 5.361718, 0.381895, -13.412517, -0.399413, 0.339363, 0.113794, 0.002251, 14.168945, 14.001465, 202.331528
-0.059337, 0.027923, 1043.000000, 0.061082, 2000.000000, 1000.000000, 14.050527, 14.013095, 14.140283, 13.796096, 0.076689, -0.031811, 0.095404, -0.296684, 0.139616, 0.305410, 4.345132, 1.382151, -12.992091, -0.439893, 0.201945, 0.189427, 0.002317, 14.165039, 9.600830, 139.282227
-0.083770, 0.027923, 1043.000000, 0.022688, 2000.000000, 1000.000000, 14.087782, 13.742216, 13.692829, 14.477173, -0.282477, 0.085001, -0.109695, -0.418848, 0.139616, 0.113438, 3.971305, 1.738465, -12.343252, 0.025625, 0.009134, 0.277844, 0.001747, 14.157227, 10.241699, 148.498535
-0.176265, 0.026178, 1042.000000, -0.033159, 2000.000000, 1000.000000, 14.447945, 13.279297, 13.086729, 15.186029, -0.816987, 0.136379, -0.232664, -0.881326, 0.130890, -0.165794, 5.226637, 1.267058, -11.461174, 0.398465, -0.083544, 0.154274, 0.002078, 14.122070, 11.959839, 172.790512
-0.198953, 0.026178, 1043.000000, -0.036649, 2000.000000, 1000.000000, 14.492379, 13.412522, 13.242967, 14.852132, -0.672255, 0.047549, -0.132327, -0.994764, 0.130890, -0.183246, 5.918077, 1.071500, -11.293794, 0.057582, 0.061331, -0.005515, 0.001747, 14.165039, 9.478760, 137.512207
-0.216405, 0.026178, 1043.000000, -0.036649, 2000.000000, 1000.000000, 14.335410, 13.906920, 13.548663, 14.209006, -0.272208, -0.121166, -0.057964, -1.082024, 0.130890, -0.183246, 4.741880, 2.269881, -11.570070, -0.717925, 0.338298, -0.113106, 0.002263, 14.165039, 9.960938, 144.409180
-0.226876, 0.026178, 1043.000000, -0.038394, 2000.000000, 1000.000000, 14.100153, 14.130127, 13.825659, 13.944061, -0.022107, -0.115140, -0.037094, -1.134380, 0.130890, -0.191972, 2.406621, 3.688693, -11.800845, -1.182377, 0.331907, -0.152520, 0.002159, 14.129883, 11.718750, 172.485336
-0.226876, 0.026178, 1043.000000, -0.038394, 2000.000000, 1000.000000, 13.910940, 14.045700, 14.167690, 13.875669, 0.106695, 0.021680, 0.039315, -1.134380, 0.130890, -0.191972, -0.949085, 5.068902, -12.133704, -1.414604, 0.108202, -0.263307, 0.001879, 14.122070, 12.121582, 175.292953
-0.230366, 0.019197, 1043.000000, -0.031414, 2000.000000, 1000.000000, 14.146864, 13.295897, 14.089231, 14.468008, -0.307436, 0.278620, 0.118048, -1.151832, 0.095986, -0.157068, -5.489027, 5.244538, -12.843136, -0.727512, -0.349858, -0.330418, 0.002390, 14.137695, 11.120605, 161.010727
-0.225131, 0.022688, 1043.000000, -0.022688, 2000.000000, 1000.000000, 14.568176, 12.970118, 13.747614, 14.714092, -0.641134, 0.230853, 0.157895, -1.125654, 0.113438, -0.113438, -6.731961, 4.679194, -13.629328, -0.163991, -0.256116, -0.343202, 0.002215, 14.172852, 10.079956, 146.179199
-0.233857, 0.019197, 1043.000000, -0.019197, 2000.000000, 1000.000000, 14.717797, 12.905160, 13.694327, 14.682715, -0.700257, 0.188522, 0.206062, -1.169284, 0.095986, -0.095986, -7.153337, 4.134143, -14.658044, -0.087293, -0.217766, -0.403921, 0.001767, 14.184570, 9.521484, 138.305664
-0.235602, -0.010471, 1039.000000, -0.003490, 2000.000000, 1000.000000, 13.616816, 12.326788, 13.016193, 13.040203, -0.328509, 0.028198, 0.316504, -1.178010, -0.052356, -0.017452, -8.869267, 3.955985, -16.238960, -0.725382, -0.101653, -0.463576, 0.002193, 14.157227, 10.720825, 155.395508
-0.242583, -0.008726, 1061.000000, 0.013962, 2000.000000, 1000.000000, 16.466894, 15.512659, 16.309980, 15.710466, -0.088680, 0.010224, 0.388437, -1.212914, -0.043630, 0.069808, -11.503803, 4.558869, -17.346718, -1.177051, -0.064369, -0.481685, 0.001941, 13.860352, 23.959351, 332.702606
-0.246073, -0.008726, 1061.000000, 0.024433, 2000.000000, 1000.000000, 16.408283, 15.409001, 16.313923, 15.868794, -0.138538, 0.091358, 0.361102, -1.230366, -0.043630, 0.122164, -14.869006, 5.325573, -18.238390, -1.102483, -0.194331, -0.377290, 0.002228, 13.985352, 16.918945, 242.126450
-0.239092, -0.003490, 1065.000000, 0.101222, 2000.000000, 1000.000000, 16.888622, 14.517263, 16.339714, 16.254402, -0.571512, 0.297058, 0.614168, -1.195462, -0.017452, 0.506108, -18.523991, 5.100508, -19.262691, -0.366390, -0.495799, -0.319766, 0.002373, 14.012695, 15.881348, 226.806625
-0.226876, 0.000000, 1066.000000, 0.184991, 2000.000000, 1000.000000, 17.353451, 14.255281, 16.423149, 15.968121, -0.660785, 0.195634, 0.888300, -1.134380, 0.000000, 0.924956, -19.565964, 4.309750, -19.986395, -0.125642, -0.328553, -0.286743, 0.001750, 14.008789, 16.601562, 237.976059
-0.204188, 0.000000, 1066.000000, 0.205934, 2000.000000, 1000.000000, 17.219725, 14.640609, 16.191341, 15.948329, -0.584026, 0.069835, 0.705532, -1.020942, 0.000000, 1.029668, -20.487309, 4.110568, -20.273153, -0.156534, -0.109110, 0.106337, 0.002387, 14.024414, 15.560913, 223.388657
-0.179756, 0.001745, 1066.000000, 0.207679, 2000.000000, 1000.000000, 16.834724, 14.820607, 16.331564, 16.013103, -0.423914, 0.172334, 0.583145, -0.898778, 0.008726, 1.038394, -21.328478, 3.940559, -19.662928, -0.274778, -0.269964, 0.285301, 0.002226, 14.020508, 16.400146, 235.412582
-0.130890, 0.005236, 1066.000000, 0.209424, 2000.000000, 1000.000000, 16.593754, 15.048267, 16.569820, 15.788158, -0.190956, 0.178990, 0.581787, -0.654450, 0.026178, 1.047120, -22.447420, 3.372270, -18.768250, -0.388761, -0.281682, 0.289562, 0.001820, 14.055664, 13.800049, 195.190414
-0.066318, -0.010471, 1066.000000, 0.218150, 2000.000000, 1000.000000, 17.029325, 15.216068, 16.225439, 15.529164, -0.279246, -0.122697, 0.627383, -0.331588, -0.052356, 1.090750, -23.558643, 3.502967, -17.530033, 0.089540, 0.144421, 0.277844, 0.002170, 14.024414, 16.241455, 233.093246
-0.055846, -0.024433, 1066.000000, 0.219895, 2000.000000, 1000.000000, 17.491877, 15.010429, 15.655981, 15.841711, -0.666794, -0.251153, 0.573929, -0.279232, -0.122164, 1.099476, -22.179813, 3.746415, -16.799286, 0.791545, 0.273317, 0.363064, 0.002318, 14.028320, 15.560913, 223.388657
-0.050611, -0.022688, 1067.000000, 0.219895, 2000.000000, 1000.000000, 17.490709, 14.375467, 15.528671, 16.605154, -1.047931, 0.066912, 0.509690, -0.253054, -0.113438, 1.099476, -18.956539, 2.930597, -15.888406, 1.506333, -0.233745, 0.448285, 0.001762, 14.024414, 15.280151, 219.421371
-0.043630, 0.006981, 1048.000000, 0.129145, 2000.000000, 1000.000000, 14.526937, 12.352684, 13.800594, 15.319784, -0.923361, 0.560189, 0.163766, -0.218150, 0.034904, 0.645724, -13.816284, -1.090672, -14.093036, 1.270911, -0.876096, 0.455742, 0.002274, 14.047852, 1.000977, 14.587401
-0.034904, 0.026178, 1042.000000, 0.033159, 2000.000000, 1000.000000, 13.894590, 13.334059, 13.852682, 14.918669, -0.406629, 0.385675, -0.126364, -0.174520, 0.130890, 0.165794, -11.968955, -3.559824, -12.970938, 0.480490, -0.490472, 0.351346, 0.002427, 14.219727, 7.800293, 113.525383
-0.022688, 0.026178, 1042.000000, 0.003490, 2000.000000, 1000.000000, 14.027939, 14.043755, 13.754873, 14.173433, -0.100686, -0.035847, -0.108594, -0.113438, 0.130890, 0.017452, -11.381536, -4.024521, -12.291954, 0.055452, 0.204076, 0.175579, 0.001747, 14.192383, 9.320068, 135.131836
-0.022688, 0.026178, 1043.000000, -0.038394, 2000.000000, 1000.000000, 14.631053, 13.985183, 13.077899, 14.305865, -0.468459, -0.308118, -0.145524, -0.113438, 0.130890, -0.191972, -9.696693, -1.970229, -11.902000, 0.644539, 0.645092, 0.000877, 0.002237, 14.145508, 10.879517, 157.592773
-0.034904, 0.026178, 1043.000000, -0.038394, 2000.000000, 1000.000000, 14.950526, 13.248424, 12.873256, 14.927794, -0.939160, -0.099475, -0.088109, -0.174520, 0.130890, -0.191972, -6.667962, -1.232574, -12.001325, 1.355066, 0.306340, -0.080083, 0.002192, 14.184570, 9.078979, 131.774902
-0.057592, 0.026178, 1043.000000, -0.038394, 2000.000000, 1000.000000, 15.089662, 12.559436, 12.888566, 15.462337, -1.275999, 0.175452, -0.010887, -0.287958, 0.130890, -0.191972, -2.160940, -1.982629, -12.278092, 1.852542, -0.154916, -0.190870, 0.001769, 14.137695, 10.919189, 158.081055
-0.061082, 0.027923, 1043.000000, -0.038394, 2000.000000, 1000.000000, 14.464919, 12.580874, 13.503575, 15.450631, -0.957775, 0.477103, -0.015753, -0.305410, 0.139616, -0.191972, 3.717423, -5.242390, -12.692404, 1.236823, -0.627891, -0.181282, 0.002295, 14.149414, 10.040283, 153.015137
-0.066318, 0.029668, 1043.000000, -0.038394, 2000.000000, 1000.000000, 14.413561, 12.982594, 13.554945, 15.048901, -0.731231, 0.301923, -0.015747, -0.331588, 0.148342, -0.191972, 6.103525, -7.175529, -12.919333, 0.875700, -0.351989, -0.184478, 0.001804, 14.149414, 10.159302, 147.094727
-0.059337, 0.029668, 1027.000000, -0.036649, 2000.000000, 1000.000000, 12.596341, 11.419282, 11.405192, 12.579185, -0.587763, -0.007812, 0.000767, -0.296684, 0.148342, -0.183246, 8.005416, -7.845220, -13.181514, 0.666910, 0.173183, -0.198326, 0.001823, 14.254883, 5.639648, 82.397453
-0.059337, 0.027923, 1034.000000, -0.036649, 2000.000000, 1000.000000, 13.950188, 12.464273, 12.069559, 13.515980, -0.733084, -0.207231, 0.009874, -0.296684, 0.139616, -0.183246, 11.133734, -6.963664, -13.602938, 0.885288, 0.491695, -0.208979, 0.002181, 14.274414, 5.920410, 86.486809
-0.066318, 0.027923, 1047.000000, -0.031414, 2000.000000, 1000.000000, 15.166165, 13.233949, 12.807103, 14.792783, -0.979474, -0.200057, -0.013366, -0.331588, 0.139616, -0.157068, 14.322102, -6.355973, -13.737741, 1.253867, 0.479977, -0.148259, 0.002170, 14.075195, 13.601685, 195.983871
-0.071553, 0.027923, 1061.000000, -0.015707, 2000.000000, 1000.000000, 17.029896, 14.885669, 15.040269, 17.044167, -1.037031, 0.042217, 0.035082, -0.357766, 0.139616, -0.078534, 18.139351, -6.441544, -13.687580, 1.365719, 0.082636, -0.135476, 0.001763, 13.817383, 26.199341, 370.727509
-0.071553, 0.027923, 1106.000000, -0.012216, 2000.000000, 1000.000000, 20.345314, 19.143070, 19.642757, 20.868858, -0.607087, 0.255807, -0.005964, -0.357766, 0.139616, -0.061082, 21.743649, -8.326294, -13.500575, 0.602994, -0.265703, -0.056647, 0.002257, 13.254883, 59.442139, 801.330505
-0.083770, 0.029668, 1109.000000, -0.008726, 2000.000000, 1000.000000, 20.221254, 19.965502, 19.814104, 19.999140, -0.110197, -0.093378, 0.017680, -0.418848, 0.148342, -0.043630, 22.034081, -8.202620, -13.641081, -0.272647, 0.319124, -0.072626, 0.001828, 13.512695, 34.600830, 478.637665
-0.148342, 0.027923, 1107.000000, -0.008726, 2000.000000, 1000.000000, 20.086639, 20.165028, 19.972481, 19.775852, 0.068754, -0.125834, 0.029559, -0.741710, 0.139616, -0.043630, 20.548876, -6.556787, -14.054017, -0.908606, 0.360669, -0.088605, 0.002154, 13.563477, 33.840942, 470.336884
-0.174520, 0.027923, 1110.000000, 0.017452, 2000.000000, 1000.000000, 20.617756, 19.652809, 21.465759, 22.263676, -0.440715, 0.864718, 0.041757, -0.872600, 0.139616, 0.087260, 17.490274, -8.082954, -14.603260, -0.221515, -1.254262, 0.032834, 0.002332, 13.590820, 32.962036, 452.819794
-0.176265, 0.027923, 1081.000000, 0.061082, 2000.000000, 1000.000000, 18.489918, 17.249443, 17.929146, 18.331493, -0.410706, 0.130319, 0.209531, -0.881326, 0.139616, 0.305410, 16.580538, -10.002337, -14.720948, -0.264125, -0.075022, 0.028573, 0.001750, 13.997070, 13.958740, 199.890121
-0.172775, 0.026178, 1072.000000, 0.064572, 2000.000000, 1000.000000, 17.936420, 17.471355, 16.440712, 16.151512, -0.043966, -0.703888, 0.188566, -0.863874, 0.130890, 0.322862, 15.573565, -7.558549, -14.701147, -0.870257, 1.339640, 0.075445, 0.001759, 14.028320, 15.161133, 217.712387
-0.176265, 0.024433, 1046.000000, 0.092496, 2000.000000, 1000.000000, 14.700649, 14.327436, 13.855387, 13.116528, 0.091412, -0.514043, 0.278018, -0.881326, 0.122164, 0.462478, 12.777759, -1.044276, -14.661736, -1.102483, 0.976388, 0.099946, 0.002194, 14.196289, 7.760620, 112.792961
-0.174520, 0.019197, 1042.000000, 0.101222, 2000.000000, 1000.000000, 14.069383, 13.498370, 14.450040, 13.982207, -0.025795, 0.216123, 0.259711, -0.872600, 0.095986, 0.506108, 10.374039, 0.484689, -14.310367, -0.897954, -0.246528, 0.171318, 0.002118, 14.211914, 7.998657, 116.271965
-0.167539, 0.026178, 1043.000000, 0.104712, 2000.000000, 1000.000000, 13.749718, 12.987442, 14.687815, 14.575026, -0.162371, 0.631420, 0.218766, -0.837696, 0.130890, 0.523560, 7.866791, -0.813644, -13.642382, -0.642292, -0.905923, 0.249082, 0.002067, 14.165039, 9.039307, 131.103516
-0.169284, 0.026178, 1042.000000, 0.104712, 2000.000000, 1000.000000, 13.954061, 13.341424, 14.483312, 14.221204, -0.087632, 0.352258, 0.218686, -0.846422, 0.130890, 0.523560, 4.547239, -3.325759, -12.801024, -0.759470, -0.438275, 0.249082, 0.002238, 14.145508, 10.159302, 147.094727
-0.174520, 0.026178, 1043.000000, 0.102967, 2000.000000, 1000.000000, 14.265017, 13.864687, 14.102476, 13.767820, -0.016418, -0.064852, 0.183746, -0.872600, 0.130890, 0.514834, 2.374408, -2.995153, -12.251387, -0.933107, 0.253078, 0.288496, 0.001758, 14.149414, 9.600830, 139.099121
-0.174520, 0.026178, 1043.000000, 0.123909, 2000.000000, 1000.000000, 14.365956, 14.323504, 13.980868, 13.329671, 0.152186, -0.344731, 0.173412, -0.872600, 0.130890, 0.619546, -0.289870, -0.950388, -11.343983, -1.193030, 0.705812, 0.416327, 0.002208, 14.137695, 10.281372, 148.803711
-0.178010, 0.019197, 1043.000000, 0.179756, 2000.000000, 1000.000000, 14.482651, 14.059542, 14.318802, 13.139006, 0.189172, -0.271096, 0.400726, -0.890052, 0.095986, 0.898778, -4.960964, 2.717288, -9.663645, -1.275055, 0.551350, 0.392892, 0.002153, 14.129883, 11.401367, 164.978012
-0.179756, 0.015707, 1043.000000, 0.211169, 2000.000000, 1000.000000, 14.454703, 13.736529, 14.507569, 13.301198, 0.122050, -0.095616, 0.481136, -0.898778, 0.078534, 1.055846, -8.049571, 4.263064, -8.381554, -1.193030, 0.250947, 0.441893, 0.001748, 14.149414, 9.921265, 143.676758
-0.178010, 0.026178, 1043.000000, 0.212914, 2000.000000, 1000.000000, 14.132402, 13.585913, 14.626101, 13.655584, 0.106007, 0.140842, 0.379251, -0.890052, 0.130890, 1.064572, -12.792648, 5.059719, -5.817246, -1.131245, -0.088870, 0.597421, 0.002317, 14.149414, 10.000610, 144.897461
-0.158813, 0.026178, 1043.000000, 0.212914, 2000.000000, 1000.000000, 13.883670, 13.695542, 14.750047, 13.670741, 0.222794, 0.210394, 0.316858, -0.794066, 0.130890, 1.064572, -16.079657, 4.903573, -3.800570, -1.227118, -0.206049, 0.685837, 0.002191, 14.165039, 9.399414, 136.413574
-0.094241, 0.027923, 1043.000000, 0.216405, 2000.000000, 1000.000000, 13.712669, 13.933277, 14.954813, 13.399240, 0.444045, 0.177026, 0.333741, -0.471204, 0.139616, 1.082024, -19.488298, 4.541503, -1.699285, -1.231379, -0.141068, 0.680511, 0.002201, 14.161133, 9.521484, 138.122559
-0.057592, 0.029668, 1043.000000, 0.216405, 2000.000000, 1000.000000, 13.894993, 14.038576, 14.801186, 13.265245, 0.419881, 0.033216, 0.348089, -0.287958, 0.148342, 1.082024, -22.647938, 4.502504, 0.395052, -1.009806, 0.102876, 0.662402, 0.001985, 14.137695, 10.519409, 152.404785
-0.055846, 0.029668, 1043.000000, 0.111693, 2000.000000, 1000.000000, 14.181204, 13.909576, 13.724972, 14.184248, -0.182726, -0.045390, -0.046912, -0.279232, 0.148342, 0.558464, -24.610060, 5.314829, 3.083627, -0.006333, 0.232838, 0.652814, 0.002330, 14.168945, 8.761597, 127.075188
-0.055846, 0.029668, 1043.000000, -0.033159, 2000.000000, 1000.000000, 13.677224, 14.216670, 13.218076, 14.888030, -0.282627, 0.053053, -0.552350, -0.279232, 0.148342, -0.165794, -24.287485, 5.756210, 4.769483, 0.173696, 0.074114, 0.614465, 0.001938, 14.137695, 10.839844, 156.921387
-0.055846, 0.029668, 1043.000000, -0.038394, 2000.000000, 1000.000000, 13.664178, 14.041732, 13.515861, 14.778230, -0.221204, 0.147045, -0.409981, -0.279232, 0.148342, -0.191972, -23.897886, 5.770847, 6.120521, 0.070366, -0.082479, 0.380108, 0.002017, 14.145508, 10.479736, 151.794434
-0.057592, 0.027923, 1044.000000, -0.085515, 2000.000000, 1000.000000, 13.639113, 13.908452, 13.538327, 14.914107, -0.276610, 0.226218, -0.411280, -0.287958, 0.139616, -0.427574, -23.353107, 5.089358, 6.973590, 0.140673, -0.218832, 0.123381, 0.002316, 14.165039, 9.799194, 142.089844
-0.041885, 0.027923, 1044.000000, -0.094241, 2000.000000, 1000.000000, 13.707382, 14.007729, 13.571573, 14.713316, -0.210349, 0.142444, -0.360522, -0.209424, 0.139616, -0.471204, -22.937494, 4.704821, 7.117339, 0.130020, -0.092066, 0.014725, 0.001808, 14.168945, 9.399414, 136.413574
-0.022688, 0.026178, 1044.000000, -0.087260, 2000.000000, 1000.000000, 13.933174, 13.928804, 13.591093, 14.546928, -0.240052, 0.069011, -0.237866, -0.113438, 0.130890, -0.436300, -22.389200, 4.721502, 6.919557, 0.282352, 0.025112, -0.123758, 0.001793, 14.168945, 9.719849, 140.991211
-0.019197, 0.022688, 1081.000000, -0.041885, 2000.000000, 1000.000000, 18.363054, 17.561129, 17.574224, 18.501593, -0.432324, 0.037909, -0.031360, -0.095986, 0.113438, -0.209424, -20.474459, 5.231936, 6.052153, 0.606190, 0.063462, -0.178087, 0.002217, 13.606445, 41.119385, 570.922852
-0.019197, 0.026178, 1086.000000, -0.041885, 2000.000000, 1000.000000, 18.056068, 17.353481, 17.874168, 18.716282, -0.386174, 0.295224, -0.034881, -0.095986, 0.130890, -0.209424, -18.850086, 5.132396, 5.462170, 0.532687, -0.338140, -0.173826, 0.002197, 13.719727, 26.400757, 371.032684
-0.026178, 0.026178, 1086.000000, -0.041885, 2000.000000, 1000.000000, 17.745117, 17.180084, 18.273449, 18.801350, -0.273233, 0.537398, 0.009283, -0.130890, 0.130890, -0.209424, -17.458628, 3.608819, 4.775445, 0.329223, -0.767439, -0.239872, 0.001781, 13.817383, 22.680664, 320.922852
-0.064572, 0.026178, 1086.000000, -0.040140, 2000.000000, 1000.000000, 18.702631, 17.042048, 17.440783, 18.814539, -0.758586, 0.127660, 0.071708, -0.322862, 0.130890, -0.200698, -14.929813, 1.766253, 3.530530, 0.894875, -0.067565, -0.314440, 0.002192, 13.836914, 22.720337, 322.021454
-0.061082, 0.029668, 1086.000000, -0.040140, 2000.000000, 1000.000000, 18.982286, 17.141821, 17.186865, 18.689028, -0.835656, -0.062053, 0.084576, -0.305410, 0.148342, -0.200698, -12.268641, 2.296313, 2.571644, 1.038685, 0.261600, -0.332549, 0.002227, 13.848633, 22.119141, 313.598633
-0.062827, 0.027923, 1085.000000, -0.036649, 2000.000000, 1000.000000, 18.915403, 17.243895, 17.223433, 18.617270, -0.766337, -0.079648, 0.069418, -0.314136, 0.139616, -0.183246, -9.550603, 3.226777, 1.560165, 0.958790, 0.289296, -0.299526, 0.001785, 13.801758, 24.121094, 340.820282
-0.064572, 0.027923, 1078.000000, -0.036649, 2000.000000, 1000.000000, 17.171837, 16.210648, 16.888454, 17.729061, -0.450449, 0.308758, 0.030146, -0.322862, 0.139616, -0.183246, -6.798418, 3.186505, 0.388298, 0.387812, -0.348793, -0.236676, 0.002360, 14.016602, 14.041138, 201.416000
-0.062827, 0.027923, 1077.000000, -0.036649, 2000.000000, 1000.000000, 16.987053, 16.069736, 17.125370, 17.817841, -0.402446, 0.471605, 0.056212, -0.314136, 0.139616, -0.183246, -5.974569, 1.848292, -0.338535, 0.324962, -0.636413, -0.277156, 0.001930, 13.926758, 19.079590, 272.277832
-0.062827, 0.026178, 1077.000000, -0.036649, 2000.000000, 1000.000000, 17.179050, 15.995250, 16.918007, 17.907692, -0.543372, 0.412850, 0.048529, -0.314136, 0.130890, -0.183246, -5.041914, 0.142465, -1.079874, 0.571037, -0.556518, -0.269699, 0.001752, 13.907227, 20.001221, 284.729004
-0.064572, 0.000000, 1068.000000, -0.036649, 2000.000000, 1000.000000, 17.100430, 15.131818, 14.991958, 16.775795, -0.938112, -0.116123, 0.046194, -0.322862, 0.000000, -0.183246, -1.078049, -0.671902, -2.042711, 1.184625, 0.184901, -0.259046, 0.002274, 14.008789, 15.359497, 220.397934
-0.066318, -0.019197, 1063.000000, -0.036649, 2000.000000, 1000.000000, 17.046463, 15.377544, 15.012991, 16.563000, -0.804732, -0.212004, 0.029727, -0.331588, -0.095986, -0.183246, 1.813284, -0.026674, -2.686238, 0.952399, 0.245621, -0.236676, 0.002253, 14.004883, 15.798950, 223.205551
-0.064572, -0.015707, 1065.000000, -0.036649, 2000.000000, 1000.000000, 16.248535, 15.487897, 15.734273, 16.529297, -0.388915, 0.131785, -0.008597, -0.322862, -0.078534, -0.183246, 3.374187, -0.152331, -3.245490, 0.302592, -0.308313, -0.185543, 0.001820, 14.024414, 14.678955, 210.693344
-0.076789, 0.005236, 1066.000000, -0.036649, 2000.000000, 1000.000000, 15.663871, 15.156507, 16.447573, 16.732050, -0.197960, 0.589812, 0.055722, -0.383944, 0.026178, -0.183246, 3.249139, -3.090188, -4.186425, -0.088358, -0.929358, -0.271829, 0.002347, 14.004883, 15.759277, 225.891098
-0.090750, 0.006981, 1065.000000, -0.036649, 2000.000000, 1000.000000, 16.196161, 15.012682, 15.984570, 16.806585, -0.501374, 0.395577, 0.090366, -0.453752, 0.034904, -0.183246, 3.374542, -5.309020, -4.976665, 0.353724, -0.638543, -0.329353, 0.001771, 13.985352, 16.360474, 234.313950
-0.125654, 0.019197, 1066.000000, -0.036649, 2000.000000, 1000.000000, 16.721506, 14.974483, 15.323961, 16.980051, -0.850778, 0.152006, 0.022733, -0.628272, 0.095986, -0.183246, 5.022995, -6.498943, -5.568118, 0.727630, -0.149590, -0.228154, 0.002154, 14.032227, 14.480591, 208.129868
-0.179756, 0.019197, 1058.000000, -0.036649, 2000.000000, 1000.000000, 15.859893, 14.348826, 14.191697, 15.599584, -0.729738, -0.104359, 0.025795, -0.898778, 0.095986, -0.183246, 7.453548, -6.487965, -6.136378, 0.223763, 0.269056, -0.230284, 0.002317, 14.114258, 10.919189, 157.775879
-0.197208, 0.026178, 1056.000000, -0.036649, 2000.000000, 1000.000000, 15.670770, 14.660640, 14.469726, 15.198865, -0.434818, -0.165705, 0.070247, -0.986038, 0.130890, -0.183246, 7.291607, -5.474200, -6.917136, -0.339759, 0.417127, -0.297395, 0.001892, 14.090820, 11.999512, 172.973618
-0.144852, 0.029668, 1057.000000, -0.036649, 2000.000000, 1000.000000, 15.185594, 14.996411, 14.975085, 14.842910, -0.014251, -0.091003, 0.080340, -0.724258, 0.148342, -0.183246, 4.884172, -3.488023, -8.480538, -0.750948, 0.305275, -0.304852, 0.002463, 14.055664, 14.041138, 202.026352
-0.123909, 0.033159, 1058.000000, -0.036649, 2000.000000, 1000.000000, 14.877812, 14.817864, 15.269481, 15.034842, 0.043673, 0.152162, 0.073646, -0.619546, 0.165794, -0.183246, 2.773475, -2.778251, -9.409177, -0.732839, -0.068630, -0.298461, 0.002220, 14.098633, 11.279297, 162.780746
-0.132635, 0.033159, 1049.000000, -0.036649, 2000.000000, 1000.000000, 14.182409, 13.189947, 13.959795, 14.667849, -0.425129, 0.313821, 0.071102, -0.663176, 0.165794, -0.183246, 1.610733, -3.274147, -10.276558, -0.021247, -0.334945, -0.293134, 0.002347, 14.145508, 8.480835, 122.924797
-0.151832, 0.031414, 1046.000000, -0.036649, 2000.000000, 1000.000000, 14.713246, 12.960036, 13.525603, 14.801114, -0.757180, 0.163358, 0.119425, -0.759162, 0.157068, -0.183246, 2.311620, -4.021925, -11.199749, 0.457054, -0.104849, -0.370898, 0.001830, 14.188477, 7.879639, 114.501945
-0.153578, 0.027923, 1044.000000, -0.036649, 2000.000000, 1000.000000, 14.646724, 13.472005, 13.467174, 14.414098, -0.530410, -0.059364, 0.056949, -0.767888, 0.139616, -0.183246, 3.633557, -3.890970, -12.393053, 0.044799, 0.245621, -0.273960, 0.002348, 14.133789, 10.479736, 151.672363
-0.153578, 0.027923, 1044.000000, -0.036649, 2000.000000, 1000.000000, 14.379223, 13.835848, 13.711672, 14.073257, -0.226240, -0.107535, 0.045447, -0.767888, 0.139616, -0.183246, 3.335239, -3.011735, -13.112961, -0.448415, 0.328711, -0.261177, 0.002051, 14.133789, 10.198975, 147.583008
-0.155323, 0.027923, 1043.000000, -0.036649, 2000.000000, 1000.000000, 14.128823, 14.091769, 13.944703, 13.834704, 0.018236, -0.110296, 0.036763, -0.776614, 0.139616, -0.183246, 1.832408, -1.698665, -13.879992, -0.870257, 0.335102, -0.248394, 0.002035, 14.122070, 11.080933, 160.095215
-0.211169, 0.026178, 1043.000000, -0.034904, 2000.000000, 1000.000000, 14.069977, 13.750376, 13.947519, 14.232128, -0.151052, 0.089824, 0.008748, -1.055846, 0.130890, -0.174520, -1.927212, 0.052190, -14.821712, -0.891562, -0.005780, -0.197261, 0.002273, 14.129883, 10.681152, 154.418945
-0.216405, 0.026178, 1044.000000, -0.006981, 2000.000000, 1000.000000, 14.333353, 13.262093, 13.903444, 14.501110, -0.417232, 0.202277, 0.118398, -1.082024, 0.130890, -0.034904, -3.625837, 0.164882, -15.351865, -0.472916, -0.200722, -0.210044, 0.001769, 14.137695, 10.360718, 150.024414
-0.216405, 0.026178, 1044.000000, 0.082024, 2000.000000, 1000.000000, 14.638088, 12.886099, 14.207844, 14.267969, -0.453029, 0.237906, 0.422966, -1.082024, 0.130890, 0.410122, -4.820844, -0.209518, -15.910245, -0.416457, -0.260377, -0.170630, 0.001820, 14.129883, 10.760498, 155.700684
-0.188482, 0.026178, 1044.000000, 0.020942, 2000.000000, 1000.000000, 14.285867, 13.999921, 13.761607, 13.952605, -0.119236, -0.142894, 0.023737, -0.942408, 0.130890, 0.104712, -7.072500, 0.449802, -16.004459, -0.808472, 0.372386, 0.077575, 0.002225, 14.137695, 10.440063, 151.123047
-0.171030, 0.026178, 1044.000000, -0.024433, 2000.000000, 1000.000000, 14.123453, 14.554996, 13.562878, 13.758673, 0.058937, -0.339224, -0.156835, -0.855148, 0.130890, -0.122164, -8.919409, 2.591900, -15.717682, -1.006610, 0.696225, 0.088228, 0.002240, 14.129883, 10.519409, 152.221680
-0.165794, 0.005236, 1042.000000, -0.038394, 2000.000000, 1000.000000, 14.097922, 14.313973, 13.552135, 14.035970, -0.066946, -0.205948, -0.174971, -0.828970, 0.026178, -0.191972, -10.878519, 4.779229, -15.422120, -0.794624, 0.379843, 0.046683, 0.001782, 14.137695, 10.198975, 147.583008
-0.158813, 0.005236, 1042.000000, -0.038394, 2000.000000, 1000.000000, 13.785020, 13.471488, 13.981215, 14.762277, -0.273648, 0.371746, -0.116883, -0.794066, 0.026178, -0.191972, -13.166526, 4.851789, -15.188128, -0.400478, -0.577823, -0.039603, 0.002271, 14.165039, 9.320068, 135.192871
-0.148342, 0.015707, 1042.000000, -0.038394, 2000.000000, 1000.000000, 13.767466, 13.188074, 13.984241, 15.060219, -0.413842, 0.522230, -0.124147, -0.741710, 0.078534, -0.191972, -14.318073, 3.134746, -15.222583, -0.108598, -0.806854, -0.026820, 0.001748, 14.118164, 10.919189, 157.897949
-0.055846, 0.027923, 1042.000000, -0.038394, 2000.000000, 1000.000000, 13.767646, 13.444022, 14.102912, 14.685420, -0.226533, 0.394166, -0.064721, -0.279232, 0.139616, -0.191972, -14.770125, 1.327483, -15.356518, 0.075692, -0.505386, -0.113106, 0.002038, 14.133789, 10.360718, 150.024414
-0.055846, 0.027923, 1042.000000, -0.038394, 2000.000000, 1000.000000, 14.480614, 13.875601, 13.353504, 14.290281, -0.385447, -0.178107, -0.082941, -0.279232, 0.139616, -0.191972, -14.015422, 1.067645, -15.832608, 0.326027, 0.437367, -0.087540, 0.002263, 14.137695, 10.400391, 150.573730
-0.057592, 0.029668, 1042.000000, -0.038394, 2000.000000, 1000.000000, 14.590364, 14.081586, 13.249845, 14.078206, -0.334285, -0.335975, -0.079896, -0.287958, 0.148342, -0.191972, -12.917569, 2.443389, -16.083851, 0.241872, 0.731378, -0.090735, 0.001838, 14.118164, 11.480713, 166.015610
-0.057592, 0.027923, 1042.000000, -0.038394, 2000.000000, 1000.000000, 14.644562, 13.869915, 13.414801, 14.070723, -0.357642, -0.257239, 0.029681, -0.287958, 0.139616, -0.191972, -11.207083, 5.147743, -16.950411, 0.279156, 0.570524, -0.245198, 0.002330, 14.145508, 9.881592, 143.127441
-0.057592, 0.029668, 1042.000000, -0.038394, 2000.000000, 1000.000000, 14.620106, 13.479153, 13.537415, 14.363327, -0.491717, -0.049629, 0.078760, -0.287958, 0.148342, -0.191972, -9.767056, 5.771699, -17.840906, 0.504991, 0.242425, -0.315505, 0.002172, 14.137695, 10.281372, 148.803711
-0.055846, 0.029668, 1146.000000, -0.036649, 2000.000000, 1000.000000, 24.625841, 23.380903, 23.618555, 24.374701, -0.500270, -0.003371, 0.122198, -0.279232, 0.148342, -0.183246, -8.216891, 5.763657, -18.916201, 0.548666, 0.167857, -0.375159, 0.001764, 12.579102, 88.162231, 1133.789062
-0.057592, 0.029668, 1193.000000, -0.036649, 2000.000000, 1000.000000, 29.461439, 28.329504, 28.846849, 29.362207, -0.411824, 0.104529, 0.154144, -0.287958, 0.148342, -0.183246, -6.360473, 5.533988, -20.626917, 0.369703, -0.013237, -0.410313, 0.002019, 12.133789, 97.882080, 1216.918945
-0.057592, 0.029668, 1208.000000, -0.038394, 2000.000000, 1000.000000, 30.331928, 29.279160, 29.992077, 30.396835, -0.364383, 0.194457, 0.162002, -0.287958, 0.148342, -0.191972, -5.675248, 4.983063, -21.775417, 0.283417, -0.159177, -0.429487, 0.002344, 12.145508, 98.562622, 1226.501465
-0.057592, 0.029668, 1208.000000, -0.036649, 2000.000000, 1000.000000, 30.352583, 28.955732, 30.131659, 30.560026, -0.456305, 0.345843, 0.242120, -0.287958, 0.148342, -0.183246, -5.151794, 3.938859, -23.092558, 0.452793, -0.420165, -0.541339, 0.001798, 12.184570, 95.401001, 1191.406250
-0.055846, 0.029668, 1207.000000, -0.036649, 2000.000000, 1000.000000, 30.584530, 28.627678, 29.756836, 31.030956, -0.807744, 0.393896, 0.170682, -0.279232, 0.148342, -0.183246, -3.851612, 1.956369, -24.436016, 1.024837, -0.484081, -0.435879, 0.002161, 12.301758, 88.601685, 1116.027832
-0.055846, 0.029668, 1201.000000, -0.036649, 2000.000000, 1000.000000, 30.533379, 28.778938, 29.920120, 30.767563, -0.650471, 0.343841, 0.226749, -0.279232, 0.148342, -0.183246, -0.737719, -1.444677, -26.324728, 0.768109, -0.398860, -0.514708, 0.002221, 12.282227, 87.762451, 1104.431152
-0.057592, 0.029668, 1144.000000, -0.036649, 2000.000000, 1000.000000, 24.148701, 23.137314, 24.248795, 24.465191, -0.306946, 0.356993, 0.198748, -0.287958, 0.148342, -0.183246, -0.101895, -2.961355, -27.642328, 0.212045, -0.441470, -0.489142, 0.001748, 13.278320, 30.639648, 417.419403
-0.055846, 0.029668, 1000.000000, -0.008726, 2000.000000, 1000.000000, 10.546182, 9.411677, 10.108293, 9.933848, -0.240015, 0.021070, 0.327237, -0.279232, 0.148342, -0.043630, -0.442334, -4.230637, -29.735563, 0.093801, 0.119920, -0.504055, 0.002257, 16.438477, 0.000000, 1.708984
-0.055846, 0.029668, 1000.000000, 0.052356, 2000.000000, 1000.000000, 11.351478, 9.768495, 9.514112, 9.365916, -0.358697, -0.559986, 0.432794, -0.279232, 0.148342, 0.261780, 0.977057, -2.884788, -30.847057, 0.290874, 1.082913, -0.333614, 0.002164, 23.489258, 0.079346, 1.892090
-0.055846, 0.029668, 1000.000000, 0.054101, 2000.000000, 1000.000000, 10.818279, 9.831005, 9.710152, 9.640564, -0.229422, -0.324642, 0.264215, -0.279232, 0.148342, 0.270506, 2.840167, -0.941411, -31.297071, 0.082083, 0.714334, -0.090735, 0.001837, 19.684570, 0.000000, 0.793457
-0.054101, 0.027923, 1000.000000, -0.036649, 2000.000000, 1000.000000, 9.608108, 9.976449, 10.164845, 10.250598, 0.070647, 0.207722, -0.113524, -0.270506, 0.139616, -0.183246, 2.708326, -0.125474, -31.388651, -0.412196, -0.195396, -0.033212, 0.001829, 16.020508, 0.039673, 0.610352
-0.059337, 0.027923, 1000.000000, -0.038394, 2000.000000, 1000.000000, 9.541055, 9.538461, 10.529197, 10.391288, 0.033829, 0.460242, 0.035126, -0.296684, 0.139616, -0.191972, 0.068729, -0.985903, -32.067532, -0.373847, -0.601259, -0.252655, 0.002303, 14.286133, 1.361084, 19.897461
-0.057592, 0.027923, 1000.000000, -0.036649, 2000.000000, 1000.000000, 9.863050, 9.592944, 10.282874, 10.261132, -0.062091, 0.272003, 0.072962, -0.287958, 0.139616, -0.183246, -1.242744, -1.577298, -32.843739, -0.207667, -0.296595, -0.297395, 0.002236, 14.250977, 3.201294, 41.992184
-0.057592, 0.027923, 1000.000000, -0.038394, 2000.000000, 1000.000000, 10.216216, 9.719831, 9.902123, 10.161830, -0.189023, 0.031976, 0.059170, -0.287958, 0.139616, -0.191972, -1.579757, -1.635916, -33.680225, 0.005385, 0.097550, -0.294200, 0.001772, 14.250977, 2.758789, 44.372555
-0.054101, 0.029668, 1000.000000, -0.038394, 2000.000000, 1000.000000, 10.443595, 9.882615, 9.693889, 9.979901, -0.211748, -0.163105, 0.068742, -0.270506, 0.148342, -0.191972, -0.594988, -0.729736, -34.853107, 0.056517, 0.425649, -0.300591, 0.002260, 14.243164, 3.479004, 50.720211
-0.055846, 0.029668, 1000.000000, -0.038394, 2000.000000, 1000.000000, 10.268486, 9.984129, 9.761255, 9.986130, -0.127308, -0.126307, 0.014870, -0.279232, 0.148342, -0.191972, -0.028470, 0.206827, -35.569553, -0.091554, 0.368125, -0.226023, 0.002154, 14.258789, 2.960205, 43.212887
-0.057592, 0.029668, 1000.000000, -0.038394, 2000.000000, 1000.000000, 10.061392, 9.965864, 9.909407, 10.063337, -0.062365, -0.013628, -0.014601, -0.287958, 0.148342, -0.191972, 0.064175, 1.050884, -36.080177, -0.207667, 0.184901, -0.185543, 0.001860, 14.227539, 4.400635, 64.086914
-0.057592, 0.029668, 1000.000000, -0.038394, 2000.000000, 1000.000000, 9.877029, 9.861658, 10.166790, 10.094522, 0.014224, 0.130656, 0.021910, -0.287958, 0.148342, -0.191972, -0.747556, 1.795815, -36.937565, -0.332302, -0.054782, -0.234545, 0.002246, 14.250977, 3.479004, 50.781246
-0.057592, 0.029668, 1000.000000, -0.038394, 2000.000000, 1000.000000, 10.038001, 9.832746, 10.071908, 10.057345, -0.047673, 0.064627, 0.054955, -0.287958, 0.148342, -0.191972, -1.409453, 2.245164, -37.615353, -0.232168, 0.052809, -0.281417, 0.002234, 14.239258, 4.760742, 69.396973
-0.057592, 0.029668, 1000.000000, -0.038394, 2000.000000, 1000.000000, 10.296186, 9.874485, 9.802542, 10.026787, -0.161487, -0.085336, 0.049364, -0.287958, 0.148342, -0.191972, -1.381052, 2.873767, -38.378391, -0.041487, 0.306340, -0.279286, 0.001779, 14.258789, 3.640747, 53.222652
-0.055846, 0.029668, 1000.000000, -0.038394, 2000.000000, 1000.000000, 10.322825, 9.910640, 9.700217, 10.066318, -0.194572, -0.116732, 0.011522, -0.279232, 0.148342, -0.191972, -0.408026, 4.031727, -39.582237, 0.020298, 0.353212, -0.221762, 0.002104, 14.254883, 4.119873, 59.020992
-0.054101, 0.029668, 1000.000000, -0.038394, 2000.000000, 1000.000000, 10.161368, 9.862657, 9.790847, 10.185128, -0.173249, -0.012013, -0.023892, -0.270506, 0.148342, -0.191972, 0.062260, 4.547782, -40.119858, -0.005268, 0.179575, -0.170630, 0.002205, 14.250977, 4.080200, 59.631344
-0.054101, 0.029668, 1000.000000, -0.038394, 2000.000000, 1000.000000, 9.980515, 9.801508, 9.964483, 10.253494, -0.117004, 0.108988, -0.027501, -0.270506, 0.148342, -0.191972, 0.085292, 4.795971, -40.575920, -0.097945, -0.021759, -0.167434, 0.001829, 14.258789, 3.921509, 57.189938
-0.054101, 0.029668, 1000.000000, -0.036649, 2000.000000, 1000.000000, 9.885087, 9.695945, 10.172732, 10.246236, -0.065662, 0.209484, 0.028910, -0.270506, 0.148342, -0.183246, -0.882133, 4.835891, -41.301926, -0.182101, -0.182613, -0.234545, 0.002339, 14.258789, 3.799438, 55.480953
-0.054101, 0.029668, 1000.000000, -0.036649, 2000.000000, 1000.000000, 10.206736, 9.617174, 9.883150, 10.292940, -0.249838, 0.088045, 0.044943, -0.270506, 0.148342, -0.183246, -1.122252, 4.715095, -41.953171, 0.125759, 0.012329, -0.263307, 0.001786, 14.270508, 3.839111, 56.091305
-0.054101, 0.029668, 1000.000000, -0.036649, 2000.000000, 1000.000000, 10.486690, 9.439055, 9.659314, 10.414941, -0.450815, 0.037128, 0.073002, -0.270506, 0.148342, -0.183246, 0.169074, 4.106071, -43.198135, 0.444271, 0.098615, -0.296330, 0.002338, 14.266602, 3.961182, 57.922359
-0.054101, 0.029668, 1000.000000, -0.036649, 2000.000000, 1000.000000, 10.363218, 9.353024, 9.798178, 10.485580, -0.424399, 0.141879, 0.080698, -0.270506, 0.148342, -0.183246, 1.054629, 3.315405, -44.068855, 0.427227, -0.078218, -0.315505, 0.001779, 14.270508, 3.878784, 56.701656
-0.054101, 0.029668, 1000.000000, -0.036649, 2000.000000, 1000.000000, 10.213126, 9.227883, 9.986804, 10.572186, -0.392656, 0.279496, 0.099965, -0.270506, 0.148342, -0.183246, 1.436518, 2.152133, -44.995529, 0.372899, -0.313640, -0.344267, 0.001755, 14.270508, 3.799438, 55.480953
-0.054101, 0.029668, 1000.000000, -0.038394, 2000.000000, 1000.000000, 10.191537, 8.930934, 9.952710, 10.924819, -0.558178, 0.438765, 0.072124, -0.270506, 0.148342, -0.191972, 1.360693, -0.373193, -46.359089, 0.621104, -0.558649, -0.305918, 0.002234, 14.301758, 2.120972, 31.127928
-0.057592, 0.029668, 1000.000000, -0.038394, 2000.000000, 1000.000000, 10.399630, 8.634502, 9.703779, 11.262089, -0.830859, 0.482934, 0.051705, -0.287958, 0.148342, -0.191972, 1.715831, -3.126014, -47.110508, 1.046142, -0.630021, -0.276090, 0.002290, 14.274414, 3.921509, 57.312008
-0.054101, 0.029668, 1000.000000, -0.038394, 2000.000000, 1000.000000, 10.769669, 8.510967, 9.384209, 11.335155, -1.052413, 0.359682, 0.076939, -0.270506, 0.148342, -0.191972, 2.947055, -6.731122, -47.808048, 1.477571, -0.446797, -0.317635, 0.001870, 14.278320, 3.561401, 52.124020
-0.055846, 0.029668, 1000.000000, -0.038394, 2000.000000, 1000.000000, 11.616817, 8.304749, 8.686815, 11.391619, -1.504218, 0.039217, 0.151816, -0.279232, 0.148342, -0.191972, 7.441289, -12.735563, -48.526932, 2.150814, 0.093289, -0.415639, 0.002334, 14.278320, 3.640747, 53.222652
-0.055846, 0.029668, 1000.000000, -0.038394, 2000.000000, 1000.000000, 11.531764, 8.160558, 8.876407, 11.431272, -1.481518, 0.153839, 0.204086, -0.279232, 0.148342, -0.191972, 11.557975, -17.057781, -48.685463, 2.124182, -0.091001, -0.490207, 0.002279, 14.278320, 4.199219, 61.401363
-0.055846, 0.029668, 1000.000000, -0.038394, 2000.000000, 1000.000000, 10.598264, 8.366105, 9.774146, 11.261485, -0.929874, 0.517815, 0.186205, -0.279232, 0.148342, -0.191972, 13.997482, -21.399435, -49.247650, 1.286890, -0.718437, -0.479555, 0.001749, 14.266602, 4.479980, 65.490723
-0.054101, 0.029668, 1002.000000, -0.038394, 2000.000000, 1000.000000, 9.144489, 9.027514, 11.247772, 10.580225, 0.137642, 0.913999, 0.196131, -0.270506, 0.148342, -0.191972, 11.160459, -25.504847, -52.365349, -0.508069, -1.327765, -0.477424, 0.002357, 14.309570, 2.481079, 36.376953
-0.068063, 0.029668, 1001.000000, -0.036649, 2000.000000, 1000.000000, 8.857960, 9.621593, 11.520056, 10.000391, 0.570824, 0.760224, 0.189008, -0.340314, 0.148342, -0.183246, 6.529061, -25.322512, -55.581680, -1.303817, -1.094473, -0.462510, 0.002153, 14.290039, 3.961182, 57.922359
-0.068063, 0.029668, 1000.000000, -0.036649, 2000.000000, 1000.000000, 9.254332, 10.087528, 11.111746, 9.546394, 0.599637, 0.329070, 0.183039, -0.340314, 0.148342, -0.183246, 2.390933, -23.268629, -58.584827, -1.389037, -0.398860, -0.463576, 0.001820, 14.282227, 4.159546, 60.791012
-0.059337, 0.029668, 1000.000000, -0.036649, 2000.000000, 1000.000000, 10.367666, 10.683317, 9.997841, 8.951176, 0.340579, -0.525492, 0.182754, -0.296684, 0.148342, -0.183246, 0.955561, -18.659227, -60.860607, -0.874518, 1.013672, -0.450793, 0.002286, 14.266602, 5.120850, 70.678711
-0.057592, 0.029668, 1017.000000, -0.036649, 2000.000000, 1000.000000, 11.853413, 12.193140, 10.462564, 9.490883, 0.327852, -1.023276, 0.157989, -0.287958, 0.148342, -0.183246, 3.560710, -14.765226, -61.286625, -0.842560, 1.824333, -0.415639, 0.002332, 14.293945, 4.080200, 59.692379
-0.059337, 0.029668, 1043.000000, -0.036649, 2000.000000, 1000.000000, 14.763728, 14.831046, 13.574412, 12.830813, 0.202729, -0.797387, 0.169070, -0.296684, 0.148342, -0.183246, 6.820074, -10.540286, -61.724182, -0.672119, 1.524995, -0.444401, 0.001765, 13.911133, 20.880127, 297.485352
-0.054101, 0.029668, 1049.000000, -0.036649, 2000.000000, 1000.000000, 14.798044, 12.953709, 13.608212, 14.640036, -0.719039, 0.124123, 0.203128, -0.270506, 0.148342, -0.183246, 9.745971, -9.377928, -63.059097, 0.884222, -0.040934, -0.480620, 0.002216, 14.086914, 12.680054, 182.800278
-0.054101, 0.029668, 1097.000000, -0.036649, 2000.000000, 1000.000000, 19.429962, 16.890362, 19.097145, 20.582531, -1.006247, 0.839838, 0.263554, -0.270506, 0.148342, -0.183246, 9.552219, -12.971951, -64.607956, 1.367849, -1.228696, -0.570101, 0.002037, 13.524414, 36.160278, 500.915497
-0.055846, 0.029668, 1115.000000, -0.036649, 2000.000000, 1000.000000, 20.469158, 19.093079, 21.756557, 22.681206, -0.575182, 1.218882, 0.112857, -0.279232, 0.148342, -0.183246, 6.345259, -17.468948, -66.873238, 0.645605, -1.850806, -0.355985, 0.002109, 13.184570, 49.920654, 674.682556
-0.057592, 0.029668, 1073.000000, -0.036649, 2000.000000, 1000.000000, 15.404794, 17.190142, 17.953081, 17.451982, 0.571612, 0.702531, -0.321063, -0.287958, 0.148342, -0.183246, -1.001351, -19.226324, -69.465607, -1.232445, -0.991143, 0.254408, 0.002289, 14.114258, 9.078979, 131.225586
-0.055846, 0.029668, 1071.000000, -0.036649, 2000.000000, 1000.000000, 15.527317, 19.237724, 17.762417, 15.472542, 1.500071, -0.382521, -0.355133, -0.279232, 0.148342, -0.183246, -2.930675, -13.946711, -69.291069, -2.839918, 0.805946, 0.316193, 0.001779, 14.036133, 14.480591, 208.129868
-0.054101, 0.029668, 1071.000000, -0.036649, 2000.000000, 1000.000000, 15.752808, 19.745586, 17.626152, 14.875454, 1.685869, -0.749197, -0.310520, -0.270506, 0.148342, -0.183246, -2.090374, 0.670412, -67.882217, -3.038056, 1.382251, 0.241625, 0.002257, 13.973633, 15.078735, 215.698227
-0.055846, 0.029668, 1070.000000, -0.036649, 2000.000000, 1000.000000, 15.956072, 17.562090, 17.452818, 17.029020, 0.507454, 0.240919, -0.295555, -0.279232, 0.148342, -0.183246, -2.858995, 6.338143, -67.223526, -1.129115, -0.229484, 0.218189, 0.002332, 13.922852, 17.919922, 255.493149
-0.050611, 0.029668, 1070.000000, -0.036649, 2000.000000, 1000.000000, 16.250990, 16.375231, 17.008379, 18.365400, -0.308196, 0.686889, -0.370316, -0.253054, 0.148342, -0.183246, -5.180971, 6.184235, -66.250854, 0.244003, -0.987948, 0.333237, 0.001936, 13.868164, 21.200562, 301.025391
-0.052356, 0.029668, 1060.000000, -0.036649, 2000.000000, 1000.000000, 15.423318, 16.025610, 15.607306, 16.943766, -0.183543, 0.275536, -0.484688, -0.261780, 0.148342, -0.183246, -7.057621, 3.779510, -64.293350, 0.012842, -0.290204, 0.482373, 0.002353, 14.059570, 13.079834, 189.880356
-0.052356, 0.029668, 1057.000000, -0.036649, 2000.000000, 1000.000000, 14.201530, 16.342442, 15.004498, 14.451531, 0.673469, -0.271985, -0.396986, -0.261780, 0.148342, -0.183246, -7.406739, 5.725501, -63.091137, -1.381581, 0.599286, 0.361999, 0.002283, 14.125977, 10.079956, 145.690918
-0.052356, 0.029668, 1057.000000, -0.036649, 2000.000000, 1000.000000, 13.658830, 16.521343, 15.858788, 13.961040, 1.190065, -0.090087, -0.241192, -0.261780, 0.148342, -0.183246, -8.610630, 11.247490, -62.277946, -2.306224, 0.313797, 0.152143, 0.001782, 14.098633, 10.919189, 157.775879
-0.054101, 0.029668, 1056.000000, -0.036649, 2000.000000, 1000.000000, 13.265496, 15.674359, 16.217499, 14.842645, 0.945929, 0.530072, -0.258502, -0.270506, 0.148342, -0.183246, -12.076407, 16.184671, -61.000652, -1.840707, -0.708850, 0.169187, 0.002177, 14.055664, 12.719727, 183.105453
-0.055846, 0.029668, 1056.000000, -0.036649, 2000.000000, 1000.000000, 14.427918, 14.635762, 14.930089, 16.006229, -0.217074, 0.468160, -0.320996, -0.279232, 0.148342, -0.183246, -17.211443, 17.343634, -58.528042, 0.052256, -0.607651, 0.255473, 0.002256, 14.024414, 14.880371, 213.623032
-0.054101, 0.029668, 1056.000000, -0.036649, 2000.000000, 1000.000000, 15.911338, 14.962825, 13.671802, 15.454036, -0.682687, -0.437081, -0.208430, -0.270506, 0.148342, -0.183246, -16.029230, 16.222759, -58.468521, 0.859721, 0.895428, 0.104207, 0.001804, 14.086914, 11.480713, 165.588364
-0.055846, 0.027923, 1077.000000, -0.036649, 2000.000000, 1000.000000, 18.749220, 17.278219, 15.264595, 16.707964, -0.728591, -1.013720, 0.006908, -0.279232, 0.139616, -0.183246, -7.475168, 16.117657, -61.155712, 0.877831, 1.796636, -0.203653, 0.002347, 13.782227, 24.081421, 340.087860
-0.055846, 0.027923, 1087.000000, -0.036649, 2000.000000, 1000.000000, 18.809252, 17.525412, 17.362123, 18.303213, -0.556233, -0.167332, 0.085687, -0.279232, 0.139616, -0.183246, -3.578349, 15.847795, -62.941097, 0.618973, 0.433106, -0.315505, 0.002200, 13.731445, 27.239990, 382.629364
-0.055846, 0.029668, 1090.000000, -0.036649, 2000.000000, 1000.000000, 18.976124, 17.642284, 19.266788, 20.114803, -0.545464, 0.690795, 0.121457, -0.279232, 0.148342, -0.183246, -3.877180, 13.957315, -63.816681, 0.605125, -0.996470, -0.370898, 0.001940, 13.594727, 32.919312, 458.435028
-0.055846, 0.027923, 1092.000000, -0.036649, 2000.000000, 1000.000000, 19.575371, 17.832832, 18.608459, 19.983337, -0.779355, 0.295899, 0.091916, -0.279232, 0.139616, -0.183246, -6.471022, 9.110975, -64.631157, 0.969443, -0.336010, -0.324027, 0.002278, 13.692383, 27.120972, 380.493134
-0.057592, 0.027923, 1093.000000, -0.036649, 2000.000000, 1000.000000, 20.915133, 18.854029, 17.128656, 19.102182, -1.008657, -0.884580, 0.021895, -0.287958, 0.139616, -0.183246, -3.423442, 7.203506, -65.799995, 1.325239, 1.582519, -0.226023, 0.002287, 13.680664, 27.960205, 392.028778
-0.054101, 0.027923, 1093.000000, -0.036649, 2000.000000, 1000.000000, 20.704691, 18.877951, 17.315565, 19.101793, -0.903243, -0.791321, 0.010128, -0.270506, 0.139616, -0.183246, 2.341521, 5.692443, -66.931442, 1.243214, 1.501559, -0.213240, 0.001764, 13.704102, 26.281738, 369.018524
-0.054101, 0.027923, 1100.000000, -0.036649, 2000.000000, 1000.000000, 20.076128, 19.217993, 20.202742, 20.503138, -0.289633, 0.352939, 0.139435, -0.270506, 0.139616, -0.183246, 4.485176, 4.327311, -67.999413, 0.193935, -0.422296, -0.391138, 0.002164, 13.661133, 39.999390, 548.522949
-0.052356, 0.027923, 1100.000000, -0.036649, 2000.000000, 1000.000000, 19.216110, 19.319397, 21.248127, 20.216366, 0.283761, 0.732246, 0.232119, -0.261780, 0.139616, -0.183246, -0.894727, 4.264660, -69.346245, -0.744557, -1.051863, -0.521100, 0.002197, 13.493164, 35.241699, 487.487762
-0.052356, 0.027923, 1069.000000, -0.036649, 2000.000000, 1000.000000, 17.124264, 16.247040, 15.300149, 15.328549, -0.226406, -0.685651, 0.212206, -0.261780, 0.139616, -0.183246, -0.945484, 5.278623, -70.765800, 0.089540, 1.301291, -0.505121, 0.001828, 14.098633, 4.559326, 65.795898
-0.050611, 0.027923, 1006.000000, -0.036649, 2000.000000, 1000.000000, 12.762024, 10.198772, 7.698524, 9.340679, -1.051352, -1.480398, 0.230274, -0.253054, 0.139616, -0.183246, 9.928736, 4.744141, -73.756706, 1.447744, 2.578535, -0.518969, 0.002248, 14.317383, 0.518799, 10.620116
-0.050611, 0.027923, 1002.000000, -0.036649, 2000.000000, 1000.000000, 11.488679, 9.472817, 8.978152, 10.060351, -0.774515, -0.480748, 0.233416, -0.253054, 0.139616, -0.183246, 15.548346, 2.649609, -75.648643, 0.997140, 0.938038, -0.522165, 0.002297, 17.825195, 0.000000, 0.671387
-0.050611, 0.027923, 1007.000000, -0.036649, 2000.000000, 1000.000000, 9.734830, 8.999391, 10.655463, 10.610316, -0.172573, 0.632889, 0.195147, -0.253054, 0.139616, -0.183246, 15.472119, 1.331789, -76.933594, 0.017103, -0.921902, -0.482750, 0.001750, 14.579102, 0.000000, 4.211426
-0.050611, 0.027923, 1011.000000, -0.036649, 2000.000000, 1000.000000, 10.044076, 9.970513, 12.360705, 11.624705, 0.165610, 0.992705, 0.202391, -0.253054, 0.139616, -0.183246, 11.665730, 1.443413, -78.221962, -0.559202, -1.539751, -0.493403, 0.001764, 14.282227, 2.679443, 39.184570
-0.050611, 0.027923, 1027.000000, -0.036649, 2000.000000, 1000.000000, 11.554086, 11.567088, 12.779996, 12.098830, 0.173542, 0.439413, 0.167041, -0.253054, 0.139616, -0.183246, 6.447769, 3.172093, -79.797348, -0.559202, -0.574628, -0.430553, 0.002204, 14.149414, 7.958984, 115.417473
-0.052356, 0.027923, 1002.000000, -0.034904, 2000.000000, 1000.000000, 10.492165, 9.921335, 9.832251, 9.754250, -0.123207, -0.206750, 0.162207, -0.261780, 0.139616, -0.174520, 6.316290, 3.945762, -80.928246, -0.080901, 0.485304, -0.413509, 0.002277, 14.329102, 0.918579, 13.488769
-0.052356, 0.027923, 1004.000000, -0.038394, 2000.000000, 1000.000000, 8.825592, 8.324223, 11.516792, 11.333393, -0.079492, 1.425093, 0.171192, -0.261780, 0.139616, -0.191972, 6.761446, 3.754137, -82.114624, -0.143751, -2.236430, -0.455054, 0.001834, 14.219727, 6.478882, 94.421379
-0.052356, 0.027923, 1000.000000, -0.036649, 2000.000000, 1000.000000, 8.641555, 5.287980, 13.495894, 12.574571, -0.608063, 3.035233, 1.068724, -0.261780, 0.139616, -0.183246, -12.168620, 1.297047, -85.189186, 0.708455, -4.797309, -1.689687, 0.002331, 14.200195, 6.640625, 96.496574
-0.052356, 0.027923, 1000.000000, -0.036649, 2000.000000, 1000.000000, 9.448491, 7.231055, 11.846225, 11.474229, -0.461360, 1.660227, 0.647358, -0.261780, 0.139616, -0.183246, -21.651974, -0.852424, -89.247810, 0.478359, -2.592226, -1.114448, 0.002157, 14.254883, 4.559326, 66.528320
-0.052356, 0.027923, 1000.000000, -0.036649, 2000.000000, 1000.000000, 10.141434, 9.167713, 10.023571, 10.667282, -0.404358, 0.345426, 0.082502, -0.261780, 0.139616, -0.183246, -25.536539, -2.037822, -91.105179, 0.403791, -0.443601, -0.320831, 0.001748, 14.266602, 4.278564, 62.499996
-0.054101, 0.027923, 1000.000000, -0.036649, 2000.000000, 1000.000000, 10.918036, 11.620089, 8.397718, 9.064157, 0.008904, -1.269063, -0.342123, -0.270506, 0.139616, -0.183246, -21.481552, -2.214760, -90.620888, -0.304605, 2.221674, 0.286366, 0.002249, 14.262695, 4.519653, 65.979004
-0.054101, 0.027923, 1000.000000, -0.038394, 2000.000000, 1000.000000, 11.902926, 12.475327, 7.376197, 8.245549, -0.074238, -2.189127, -0.360438, -0.270506, 0.139616, -0.191972, -13.214681, -1.420658, -89.600929, -0.169317, 3.687469, 0.299149, 0.002438, 14.254883, 4.681396, 68.298340
-0.052356, 0.027923, 1000.000000, -0.038394, 2000.000000, 1000.000000, 10.985478, 11.427405, 8.584233, 9.002883, 0.005819, -1.206442, -0.215144, -0.261780, 0.139616, -0.191972, -4.207483, -0.848815, -88.775391, -0.297148, 2.220609, 0.106337, 0.001767, 14.282227, 3.640747, 53.222652
-0.052356, 0.027923, 1000.000000, -0.038394, 2000.000000, 1000.000000, 9.609157, 9.333453, 10.118487, 10.938903, -0.274030, 0.528695, -0.136178, -0.261780, 0.139616, -0.191972, -2.979980, -0.232155, -88.785751, 0.164108, -0.710981, -0.012972, 0.002334, 14.274414, 4.159546, 60.791012
-0.052356, 0.027923, 1000.000000, -0.038394, 2000.000000, 1000.000000, 9.925652, 9.644573, 9.792471, 10.637304, -0.281478, 0.214887, -0.140939, -0.261780, 0.139616, -0.191972, -4.313034, -0.893945, -88.758636, 0.180087, -0.203918, -0.005515, 0.002277, 14.293945, 3.399658, 49.804684
-0.052356, 0.027923, 1000.000000, -0.038394, 2000.000000, 1000.000000, 9.999413, 10.092292, 9.692666, 10.215629, -0.107521, -0.045852, -0.153960, -0.261780, 0.139616, -0.191972, -4.039513, -1.024513, -88.803154, -0.103271, 0.229642, 0.015790, 0.001825, 14.262695, 4.681396, 68.420410
-0.052356, 0.027923, 1000.000000, -0.038394, 2000.000000, 1000.000000, 9.947840, 9.818075, 9.749443, 10.484642, -0.216241, 0.117043, -0.151359, -0.261780, 0.139616, -0.191972, -3.672980, -0.772562, -88.823952, 0.071431, -0.040934, 0.008334, 0.002348, 14.297852, 3.039551, 44.494625
-0.055846, 0.027923, 1000.000000, -0.038394, 2000.000000, 1000.000000, 9.947578, 9.877323, 9.765186, 10.409912, -0.178745, 0.087550, -0.143617, -0.279232, 0.139616, -0.191972, -3.729946, -0.910345, -88.835861, -0.003137, 0.003807, 0.000877, 0.001827, 14.293945, 3.359985, 50.292965
-0.054101, 0.027923, 1000.000000, -0.038394, 2000.000000, 1000.000000, 9.951784, 9.873308, 9.763285, 10.411623, -0.181704, 0.087454, -0.142466, -0.270506, 0.139616, -0.191972, -3.693649, -0.880044, -88.836151, 0.012842, 0.003807, -0.000189, 0.001748, 14.293945, 3.640747, 53.283688
-0.054101, 0.027923, 1000.000000, -0.038394, 2000.000000, 1000.000000, 9.937676, 9.894877, 9.772580, 10.394866, -0.166272, 0.083723, -0.144872, -0.270506, 0.139616, -0.191972, -3.607040, -0.855551, -88.850517, -0.018051, 0.013395, -0.000189, 0.002252, 14.293945, 3.518677, 51.513668
-0.052356, 0.027923, 1000.000000, -0.038394, 2000.000000, 1000.000000, 9.940648, 9.880622, 9.767303, 10.411427, -0.176038, 0.089365, -0.146024, -0.261780, 0.139616, -0.191972, -3.574943, -0.858766, -88.862244, 0.006450, 0.003807, 0.000877, 0.002334, 14.297852, 3.720093, 54.382320
-0.052356, 0.027923, 1000.000000, -0.038394, 2000.000000, 1000.000000, 9.937118, 9.882358, 9.784135, 10.396390, -0.166754, 0.090262, -0.139374, -0.261780, 0.139616, -0.191972, -3.552793, -0.843211, -88.863495, -0.003137, -0.000454, -0.004450, 0.001750, 14.297852, 3.640747, 53.283688
-0.050611, 0.027923, 1000.000000, -0.038394, 2000.000000, 1000.000000, 9.922043, 9.903164, 9.788874, 10.385920, -0.153982, 0.087397, -0.144541, -0.253054, 0.139616, -0.191972, -3.544822, -0.818749, -88.865372, -0.020181, 0.007003, -0.001254, 0.002332, 14.301758, 3.320312, 48.583981
-0.052356, 0.027923, 1000.000000, -0.038394, 2000.000000, 1000.000000, 9.944221, 9.878216, 9.764513, 10.413050, -0.178636, 0.088782, -0.145633, -0.261780, 0.139616, -0.191972, -3.537009, -0.806328, -88.863609, 0.011776, 0.003807, 0.000877, 0.002253, 14.301758, 3.280640, 47.973629
-0.052356, 0.027923, 1000.000000, -0.038394, 2000.000000, 1000.000000, 9.938485, 9.888444, 9.775315, 10.397756, -0.168120, 0.086536, -0.143100, -0.261780, 0.139616, -0.191972, -3.520262, -0.801666, -88.873314, -0.002072, 0.005938, -0.000189, 0.001845, 14.305664, 3.280640, 48.095699
-0.048866, 0.027923, 1000.000000, -0.038394, 2000.000000, 1000.000000, 9.921736, 9.899530, 9.784117, 10.394617, -0.158176, 0.089367, -0.147073, -0.244328, 0.139616, -0.191972, -3.533947, -0.810450, -88.872978, -0.004202, 0.003807, 0.001942, 0.002391, 14.305664, 3.359985, 49.194332
-0.050611, 0.027923, 1000.000000, -0.038394, 2000.000000, 1000.000000, 9.925945, 9.896725, 9.782673, 10.394657, -0.160301, 0.088665, -0.145691, -0.253054, 0.139616, -0.191972, -3.512280, -0.785381, -88.877937, -0.003137, 0.001677, 0.004072, 0.001767, 14.309570, 3.680420, 53.283688
-0.052356, 0.027923, 1000.000000, -0.038394, 2000.000000, 1000.000000, 9.931564, 9.878866, 9.784431, 10.405138, -0.168351, 0.094785, -0.142002, -0.261780, 0.139616, -0.191972, -3.509799, -0.794130, -88.883568, 0.000059, -0.007911, -0.001254, 0.001782, 14.309570, 3.399658, 49.804684
-0.050611, 0.027923, 1000.000000, -0.038394, 2000.000000, 1000.000000, 9.932766, 9.888664, 9.779284, 10.399286, -0.166026, 0.089285, -0.143975, -0.253054, 0.139616, -0.191972, -3.454901, -0.783443, -88.915810, 0.001124, 0.003807, -0.001254, 0.002228, 14.309570, 3.399658, 49.804684
-0.052356, 0.027923, 1000.000000, -0.038394, 2000.000000, 1000.000000, 9.930269, 9.887486, 9.778610, 10.403635, -0.166952, 0.091123, -0.145560, -0.261780, 0.139616, -0.191972, -3.402954, -0.760851, -88.939011, -0.007398, 0.000611, 0.000877, 0.002222, 14.317383, 3.680420, 53.894039
-0.050611, 0.027923, 1000.000000, -0.038394, 2000.000000, 1000.000000, 9.928719, 9.907452, 9.786665, 10.377165, -0.152942, 0.081915, -0.142309, -0.253054, 0.139616, -0.191972, -3.366987, -0.751473, -88.958344, -0.015920, 0.013395, -0.000189, 0.001752, 14.313477, 3.439331, 50.415035
-0.048866, 0.027923, 1000.000000, -0.038394, 2000.000000, 1000.000000, 9.923366, 9.892360, 9.788016, 10.396258, -0.159812, 0.092137, -0.144309, -0.244328, 0.139616, -0.191972, -3.334130, -0.728101, -88.961349, -0.001007, -0.000454, -0.001254, 0.002305, 14.321289, 3.359985, 49.316402
-0.050611, 0.027923, 1000.000000, -0.038394, 2000.000000, 1000.000000, 9.916636, 9.893793, 9.789787, 10.399784, -0.158209, 0.094785, -0.146789, -0.253054, 0.139616, -0.191972, -3.315129, -0.706970, -88.965004, -0.012725, -0.004715, 0.001942, 0.002335, 14.313477, 3.439331, 50.415035
-0.052356, 0.027923, 1000.000000, -0.038394, 2000.000000, 1000.000000, 9.939589, 9.885675, 9.774300, 10.400436, -0.170012, 0.087368, -0.143056, -0.261780, 0.139616, -0.191972, -3.309636, -0.706537, -88.968330, 0.001124, 0.004872, -0.000189, 0.001868, 14.309570, 3.399658, 49.804684
-0.050611, 0.027923, 1000.000000, -0.038394, 2000.000000, 1000.000000, 9.931395, 9.886286, 9.779743, 10.402576, -0.166985, 0.091160, -0.144431, -0.253054, 0.139616, -0.191972, -3.300915, -0.703202, -88.969383, 0.004320, -0.000454, 0.000877, 0.001978, 14.317383, 3.479004, 50.415035
-0.052356, 0.027923, 1000.000000, -0.038394, 2000.000000, 1000.000000, 9.931523, 9.881312, 9.777333, 10.409831, -0.170678, 0.093582, -0.145572, -0.261780, 0.139616, -0.191972, -3.297763, -0.708664, -88.969604, -0.003137, -0.002584, -0.000189, 0.002412, 14.313477, 3.601074, 52.795406
-0.052356, 0.027923, 1000.000000, -0.038394, 2000.000000, 1000.000000, 9.936502, 9.884982, 9.776956, 10.401561, -0.169031, 0.089258, -0.143272, -0.261780, 0.139616, -0.191972, -3.295076, -0.715107, -88.974586, 0.001124, 0.000611, 0.000877, 0.001760, 14.321289, 3.240967, 47.485348
-0.052356, 0.027923, 1000.000000, -0.038394, 2000.000000, 1000.000000, 9.937271, 9.878077, 9.776760, 10.407892, -0.172582, 0.092326, -0.142984, -0.261780, 0.139616, -0.191972, -3.305766, -0.723665, -88.973976, 0.002189, -0.001519, -0.002319, 0.002156, 14.321289, 3.359985, 49.316402
-0.050611, 0.027923, 1000.000000, -0.038394, 2000.000000, 1000.000000, 9.928007, 9.885990, 9.785885, 10.400118, -0.164063, 0.093002, -0.143054, -0.253054, 0.139616, -0.191972, -3.285572, -0.714646, -88.986511, -0.003137, -0.002584, -0.002319, 0.002198, 14.321289, 3.561401, 52.185055
-0.050611, 0.027923, 1000.000000, -0.036649, 2000.000000, 1000.000000, 9.934871, 9.881227, 9.794719, 10.389184, -0.162027, 0.091952, -0.135205, -0.253054, 0.139616, -0.183246, -3.269904, -0.700057, -88.987686, -0.001007, -0.003650, -0.001254, 0.001750, 14.321289, 3.518677, 51.574703
-0.052356, 0.027923, 1000.000000, -0.036649, 2000.000000, 1000.000000, 9.947111, 9.885786, 9.780073, 10.387030, -0.167071, 0.083551, -0.136408, -0.261780, 0.139616, -0.183246, -3.266191, -0.703328, -88.996140, -0.003137, 0.011264, -0.000189, 0.001843, 14.325195, 3.201294, 46.997066
-0.050611, 0.027923, 1000.000000, -0.036649, 2000.000000, 1000.000000, 9.936676, 9.893152, 9.786413, 10.383759, -0.160217, 0.085086, -0.138456, -0.253054, 0.139616, -0.183246, -3.237617, -0.690834, -89.001022, -0.009529, 0.010199, -0.000189, 0.002262, 14.321289, 3.839111, 56.274410
-0.050611, 0.027923, 1000.000000, -0.036649, 2000.000000, 1000.000000, 9.936322, 9.878625, 9.789395, 10.395658, -0.165990, 0.092526, -0.137142, -0.253054, 0.139616, -0.183246, -3.211952, -0.696697, -89.009163, 0.005385, -0.004715, 0.000877, 0.001790, 14.333008, 3.399658, 49.926754
-0.050611, 0.027923, 1000.000000, -0.036649, 2000.000000, 1000.000000, 9.936221, 9.890590, 9.794049, 10.379140, -0.157681, 0.086594, -0.134865, -0.253054, 0.139616, -0.183246, -3.178717, -0.692785, -89.029602, -0.009529, 0.005938, -0.002319, 0.001830, 14.329102, 3.320312, 48.706051
-0.050611, 0.027923, 1000.000000, -0.034904, 2000.000000, 1000.000000, 9.938326, 9.881954, 9.797812, 10.381908, -0.160117, 0.089860, -0.131931, -0.253054, 0.139616, -0.174520, -3.188653, -0.709021, -89.035637, -0.004202, -0.000454, 0.003007, 0.001768, 14.336914, 3.201294, 46.997066
-0.052356, 0.027923, 1000.000000, -0.034904, 2000.000000, 1000.000000, 9.948736, 9.871134, 9.785994, 10.394136, -0.171436, 0.090065, -0.132635, -0.261780, 0.139616, -0.174520, -3.145440, -0.695464, -89.046165, 0.003254, 0.000611, 0.003007, 0.001912, 14.336914, 3.439331, 50.476070
-0.052356, 0.027923, 1000.000000, -0.034904, 2000.000000, 1000.000000, 9.952077, 9.867974, 9.784616, 10.395333, -0.173705, 0.089974, -0.131654, -0.261780, 0.139616, -0.174520, -3.136374, -0.681809, -89.048477, 0.003254, 0.002742, -0.000189, 0.002243, 14.325195, 3.601074, 52.795406
-0.054101, 0.027923, 1000.000000, -0.033159, 2000.000000, 1000.000000, 9.959611, 9.857032, 9.789002, 10.394355, -0.176983, 0.091679, -0.125693, -0.270506, 0.139616, -0.165794, -3.141587, -0.689589, -89.045662, 0.000059, -0.000454, 0.000877, 0.002206, 14.336914, 3.439331, 50.476070
-0.054101, 0.027923, 1000.000000, -0.033159, 2000.000000, 1000.000000, 9.966138, 9.868764, 9.786351, 10.378747, -0.172443, 0.082549, -0.123756, -0.270506, 0.139616, -0.165794, -3.123975, -0.692320, -89.055634, -0.002072, 0.012329, 0.000877, 0.001771, 14.336914, 3.240967, 47.607418
-0.052356, 0.027923, 1000.000000, -0.033159, 2000.000000, 1000.000000, 9.958156, 9.863637, 9.794843, 10.383365, -0.170760, 0.089104, -0.123501, -0.261780, 0.139616, -0.165794, -3.120646, -0.693099, -89.056953, -0.001007, 0.003807, -0.002319, 0.002214, 14.336914, 3.359985, 49.316402
-0.054101, 0.027923, 1000.000000, -0.033159, 2000.000000, 1000.000000, 9.954877, 9.852668, 9.793323, 10.399133, -0.177005, 0.096228, -0.125900, -0.270506, 0.139616, -0.165794, -3.074303, -0.683053, -89.077103, 0.000059, -0.007911, 0.000877, 0.002253, 14.333008, 3.561401, 52.307125
-0.052356, 0.027923, 1000.000000, -0.033159, 2000.000000, 1000.000000, 9.953197, 9.871963, 9.801209, 10.373631, -0.163414, 0.087421, -0.122797, -0.261780, 0.139616, -0.165794, -3.031231, -0.679481, -89.099213, -0.009529, 0.004872, -0.001254, 0.001836, 14.336914, 3.561401, 52.307125
-0.052356, 0.027923, 1000.000000, -0.031414, 2000.000000, 1000.000000, 9.965435, 9.848875, 9.793806, 10.391884, -0.178660, 0.092845, -0.120380, -0.261780, 0.139616, -0.157068, -2.986969, -0.692075, -89.113495, 0.010711, -0.001519, 0.001942, 0.002326, 14.336914, 3.359985, 49.316402
-0.054101, 0.027923, 1000.000000, -0.031414, 2000.000000, 1000.000000, 9.964134, 9.849823, 9.793833, 10.392210, -0.178172, 0.093021, -0.121017, -0.270506, 0.139616, -0.157068, -2.990518, -0.690597, -89.118599, 0.001124, -0.002584, 0.003007, 0.002270, 14.333008, 3.561401, 52.307125
-0.054101, 0.027923, 1000.000000, -0.031414, 2000.000000, 1000.000000, 9.963881, 9.861245, 9.805861, 10.369012, -0.166447, 0.087436, -0.115129, -0.270506, 0.139616, -0.157068, -2.959122, -0.669495, -89.135376, -0.012725, 0.003807, -0.002319, 0.001758, 14.336914, 3.399658, 49.926754
-0.054101, 0.027923, 1000.000000, -0.031414, 2000.000000, 1000.000000, 9.965731, 9.855551, 9.796719, 10.382000, -0.173866, 0.089359, -0.118775, -0.270506, 0.139616, -0.157068, -2.947817, -0.672765, -89.145737, -0.006333, 0.003807, -0.000189, 0.002313, 14.340820, 3.439331, 50.476070
-0.054101, 0.027923, 1000.000000, -0.027923, 2000.000000, 1000.000000, 9.980512, 9.838151, 9.808036, 10.373302, -0.176907, 0.090668, -0.105726, -0.270506, 0.139616, -0.139616, -2.928258, -0.677205, -89.154205, -0.001007, 0.001677, 0.000877, 0.002350, 14.340820, 3.640747, 53.405758
-0.054101, 0.027923, 1000.000000, -0.027923, 2000.000000, 1000.000000, 9.986141, 9.833158, 9.811382, 10.369318, -0.177730, 0.090350, -0.101238, -0.270506, 0.139616, -0.139616, -2.908443, -0.672714, -89.160988, 0.006450, -0.000454, -0.003384, 0.001756, 14.340820, 3.280640, 48.217770
-0.052356, 0.027923, 1000.000000, -0.027923, 2000.000000, 1000.000000, 9.980408, 9.837063, 9.810650, 10.371880, -0.176144, 0.091265, -0.104471, -0.261780, 0.139616, -0.139616, -2.887821, -0.666379, -89.166336, 0.007515, 0.000611, -0.001254, 0.002239, 14.344727, 3.720093, 54.626461
-0.054101, 0.027923, 1000.000000, -0.024433, 2000.000000, 1000.000000, 9.997477, 9.822254, 9.816074, 10.364195, -0.180836, 0.090134, -0.093225, -0.270506, 0.139616, -0.122164, -2.882863, -0.666705, -89.175636, 0.004320, 0.002742, 0.000877, 0.002400, 14.344727, 3.561401, 52.307125
-0.052356, 0.027923, 1000.000000, -0.024433, 2000.000000, 1000.000000, 9.991562, 9.833014, 9.826847, 10.348577, -0.170069, 0.087712, -0.090796, -0.261780, 0.139616, -0.122164, -2.872915, -0.664984, -89.175766, 0.002189, 0.003807, -0.000189, 0.001795, 14.348633, 3.439331, 50.476070
-0.052356, 0.027923, 1000.000000, -0.020942, 2000.000000, 1000.000000, 10.001764, 9.827059, 9.838291, 10.332886, -0.167325, 0.085589, -0.079972, -0.261780, 0.139616, -0.104712, -2.867253, -0.649893, -89.183342, -0.007398, 0.010199, 0.000877, 0.002319, 14.325195, 4.159546, 60.974117
-0.052356, 0.027923, 1000.000000, -0.020942, 2000.000000, 1000.000000, 9.985969, 9.802773, 9.857505, 10.353753, -0.169861, 0.105629, -0.078263, -0.261780, 0.139616, -0.104712, -2.872437, -0.635004, -89.180008, -0.003137, -0.022824, -0.001254, 0.002293, 14.356445, 2.960205, 43.518063
-0.052356, 0.027923, 1000.000000, -0.020942, 2000.000000, 1000.000000, 10.006820, 9.826644, 9.834033, 10.332503, -0.169661, 0.083268, -0.079573, -0.261780, 0.139616, -0.104712, -2.865441, -0.634563, -89.199547, -0.002072, 0.013395, 0.000877, 0.002239, 14.336914, 3.839111, 56.396481
-0.052356, 0.027923, 1000.000000, -0.017452, 2000.000000, 1000.000000, 10.001863, 9.804155, 9.865522, 10.328459, -0.165161, 0.096991, -0.066307, -0.261780, 0.139616, -0.087260, -2.878377, -0.629922, -89.194702, -0.005268, -0.012172, 0.001942, 0.001782, 14.336914, 3.799438, 55.786129
-0.052356, 0.027923, 1000.000000, -0.017452, 2000.000000, 1000.000000, 10.004280, 9.798296, 9.864002, 10.333422, -0.168851, 0.098712, -0.065858, -0.261780, 0.139616, -0.087260, -2.871546, -0.612916, -89.211906, -0.004202, -0.012172, -0.000189, 0.002203, 14.340820, 3.961182, 58.227535
-0.050611, 0.027923, 1000.000000, -0.012216, 2000.000000, 1000.000000, 10.028636, 9.786784, 9.879470, 10.305110, -0.166873, 0.092290, -0.045947, -0.253054, 0.139616, -0.061082, -2.875958, -0.603341, -89.214447, 0.002189, -0.001519, -0.000189, 0.002193, 14.340820, 3.839111, 56.396481
-0.052356, 0.027923, 1000.000000, -0.012216, 2000.000000, 1000.000000, 10.031588, 9.791059, 9.879139, 10.298214, -0.164901, 0.088676, -0.044637, -0.261780, 0.139616, -0.061082, -2.854966, -0.600290, -89.228615, -0.006333, 0.001677, -0.001254, 0.001783, 14.348633, 3.561401, 52.307125
-0.052356, 0.027923, 1000.000000, -0.006981, 2000.000000, 1000.000000, 10.057605, 9.763627, 9.891414, 10.287354, -0.172480, 0.089384, -0.025491, -0.261780, 0.139616, -0.034904, -2.847756, -0.587782, -89.231323, 0.001124, 0.003807, -0.001254, 0.002267, 14.340820, 3.961182, 58.227535
-0.052356, 0.027923, 1000.000000, -0.006981, 2000.000000, 1000.000000, 10.050145, 9.765271, 9.897435, 10.287148, -0.168647, 0.092291, -0.026210, -0.261780, 0.139616, -0.034904, -2.855085, -0.568150, -89.237679, -0.004202, -0.001519, -0.000189, 0.002210, 14.340820, 3.720093, 54.626461
-0.052356, 0.027923, 1000.000000, -0.006981, 2000.000000, 1000.000000, 10.048423, 9.765721, 9.900048, 10.285808, -0.167116, 0.092928, -0.025765, -0.261780, 0.139616, -0.034904, -2.783976, -0.529479, -89.267990, -0.003137, -0.004715, -0.000189, 0.001826, 14.344727, 3.961182, 58.227535
-0.050611, 0.027923, 1000.000000, -0.001745, 2000.000000, 1000.000000, 10.069336, 9.742474, 9.919237, 10.268953, -0.169144, 0.094095, -0.005714, -0.253054, 0.139616, -0.008726, -2.725900, -0.506061, -89.295769, 0.004320, -0.003650, -0.001254, 0.002356, 14.348633, 3.839111, 56.396481
-0.050611, 0.027923, 1000.000000, -0.001745, 2000.000000, 1000.000000, 10.067777, 9.744981, 9.917552, 10.269691, -0.168734, 0.093621, -0.007336, -0.253054, 0.139616, -0.008726, -2.701779, -0.482718, -89.320045, 0.003254, -0.002584, 0.000877, 0.002410, 14.348633, 4.040527, 59.326168
-0.052356, 0.027923, 1000.000000, 0.000000, 2000.000000, 1000.000000, 10.081369, 9.741205, 9.925127, 10.252298, -0.166834, 0.088713, 0.003248, -0.261780, 0.139616, 0.000000, -2.673899, -0.488654, -89.333633, -0.004202, 0.001677, -0.004450, 0.001832, 14.340820, 3.839111, 56.396481
-0.050611, 0.029668, 1000.000000, 0.000000, 2000.000000, 1000.000000, 10.059599, 9.725817, 9.942196, 10.272388, -0.165994, 0.107292, 0.000897, -0.253054, 0.148342, 0.000000, -2.640903, -0.474226, -89.346176, -0.001007, -0.015367, -0.001254, 0.002364, 14.348633, 3.921509, 57.617184
-0.050611, 0.029668, 1000.000000, 0.000000, 2000.000000, 1000.000000, 10.060999, 9.735809, 9.944019, 10.259172, -0.160086, 0.101596, 0.002509, -0.253054, 0.148342, 0.000000, -2.631336, -0.462876, -89.360367, -0.009529, -0.005780, -0.003384, 0.002336, 14.352539, 3.839111, 56.396481
-0.052356, 0.027923, 1000.000000, 0.000000, 2000.000000, 1000.000000, 10.083617, 9.731141, 9.914939, 10.270303, -0.176960, 0.092620, -0.000722, -0.261780, 0.139616, 0.000000, -2.621637, -0.460526, -89.369713, 0.012842, -0.003650, 0.000877, 0.001861, 14.348633, 3.878784, 57.006832
-0.052356, 0.027923, 1000.000000, 0.001745, 2000.000000, 1000.000000, 10.092236, 9.729103, 9.924284, 10.254377, -0.173306, 0.089330, 0.008260, -0.261780, 0.139616, 0.008726, -2.565356, -0.444882, -89.400520, 0.002189, 0.003807, -0.002319, 0.002320, 14.348633, 3.601074, 52.917477
-0.050611, 0.027923, 1000.000000, 0.001745, 2000.000000, 1000.000000, 10.079056, 9.735886, 9.937416, 10.247643, -0.163349, 0.092530, 0.008236, -0.253054, 0.139616, 0.008726, -2.552061, -0.430864, -89.411926, -0.004202, -0.001519, -0.002319, 0.002226, 14.348633, 3.839111, 56.396481
-0.052356, 0.027923, 1000.000000, 0.001745, 2000.000000, 1000.000000, 10.081171, 9.731627, 9.935402, 10.251801, -0.166486, 0.093601, 0.008286, -0.261780, 0.139616, 0.008726, -2.521819, -0.434323, -89.428856, -0.004202, -0.005780, -0.002319, 0.001849, 14.348633, 3.561401, 52.307125
-0.052356, 0.027923, 1000.000000, 0.001745, 2000.000000, 1000.000000, 10.086434, 9.727120, 9.925231, 10.261214, -0.173825, 0.093223, 0.005832, -0.261780, 0.139616, 0.008726, -2.493338, -0.442130, -89.445206, 0.003254, -0.002584, 0.000877, 0.002275, 14.344727, 3.878784, 57.006832
-0.052356, 0.027923, 1000.000000, 0.001745, 2000.000000, 1000.000000, 10.079477, 9.732626, 9.932394, 10.255503, -0.167490, 0.093948, 0.005935, -0.261780, 0.139616, 0.008726, -2.453957, -0.442868, -89.468033, -0.007398, -0.003650, 0.000877, 0.002335, 14.348633, 3.601074, 52.917477
-0.052356, 0.027923, 1000.000000, 0.001745, 2000.000000, 1000.000000, 10.091498, 9.735198, 9.923306, 10.249997, -0.170747, 0.086651, 0.007402, -0.261780, 0.139616, 0.008726, -2.433883, -0.431581, -89.483879, 0.004320, 0.004872, -0.001254, 0.001749, 14.348633, 4.000854, 58.776852
-0.052356, 0.027923, 1000.000000, 0.001745, 2000.000000, 1000.000000, 10.084511, 9.721384, 9.927273, 10.266832, -0.175671, 0.097053, 0.005892, -0.261780, 0.139616, 0.008726, -2.408558, -0.404689, -89.496628, 0.007515, -0.010041, 0.000877, 0.002072, 14.348633, 3.640747, 54.077145
-0.052356, 0.027923, 1000.000000, 0.001745, 2000.000000, 1000.000000, 10.074764, 9.736158, 9.938700, 10.250378, -0.162571, 0.094538, 0.006732, -0.261780, 0.139616, 0.008726, -2.386327, -0.401593, -89.511665, -0.014855, -0.004715, -0.000189, 0.002279, 14.352539, 3.759766, 55.297848
-0.052356, 0.027923, 1000.000000, 0.001745, 2000.000000, 1000.000000, 10.097771, 9.736364, 9.915449, 10.250416, -0.174093, 0.082932, 0.006610, -0.261780, 0.139616, 0.008726, -2.306662, -0.404798, -89.547523, 0.007515, 0.012329, -0.000189, 0.001950, 14.352539, 3.601074, 52.917477
-0.052356, 0.027923, 1000.000000, 0.001745, 2000.000000, 1000.000000, 10.074246, 9.735005, 9.934405, 10.256343, -0.165294, 0.095374, 0.004326, -0.261780, 0.139616, 0.008726, -2.286601, -0.387120, -89.552994, -0.007398, -0.007911, 0.003007, 0.001942, 14.356445, 3.921509, 57.617184
-0.052356, 0.027923, 1000.000000, 0.001745, 2000.000000, 1000.000000, 10.079377, 9.726235, 9.934114, 10.260274, -0.169826, 0.097194, 0.006745, -0.261780, 0.139616, 0.008726, -2.290707, -0.408685, -89.559494, -0.004202, -0.008976, -0.000189, 0.002357, 14.348633, 3.799438, 55.786129
-0.052356, 0.027923, 1000.000000, 0.001745, 2000.000000, 1000.000000, 10.091729, 9.727765, 9.923318, 10.257188, -0.174458, 0.090253, 0.007524, -0.261780, 0.139616, 0.008726, -2.286201, -0.384430, -89.567322, 0.007515, 0.000611, -0.001254, 0.001978, 14.352539, 3.720093, 54.687496
-0.052356, 0.027923, 1000.000000, 0.001745, 2000.000000, 1000.000000, 10.083655, 9.737279, 9.928071, 10.250995, -0.167325, 0.089533, 0.005863, -0.261780, 0.139616, 0.008726, -2.288994, -0.394702, -89.567581, -0.006333, 0.002742, 0.000877, 0.002187, 14.360352, 3.720093, 54.687496
-0.052356, 0.027923, 1000.000000, 0.001745, 2000.000000, 1000.000000, 10.083474, 9.725715, 9.930017, 10.260795, -0.172134, 0.095406, 0.006745, -0.261780, 0.139616, 0.008726, -2.246492, -0.402493, -89.585159, 0.000059, -0.005780, -0.000189, 0.002356, 14.360352, 3.921509, 57.678219
-0.052356, 0.027923, 1000.000000, 0.001745, 2000.000000, 1000.000000, 10.084404, 9.742945, 9.928885, 10.243767, -0.164086, 0.086326, 0.006644, -0.261780, 0.139616, 0.008726, -2.226613, -0.393532, -89.592834, -0.008464, 0.007003, -0.000189, 0.001866, 14.356445, 3.640747, 53.527828
-0.050611, 0.027923, 1000.000000, 0.001745, 2000.000000, 1000.000000, 10.084397, 9.725104, 9.930530, 10.259969, -0.172183, 0.095249, 0.007463, -0.253054, 0.139616, 0.008726, -2.219451, -0.382137, -89.597359, 0.016037, -0.008976, -0.001254, 0.001749, 14.356445, 3.759766, 52.917477
-0.050611, 0.027923, 1000.000000, 0.001745, 2000.000000, 1000.000000, 10.073498, 9.737934, 9.939871, 10.248697, -0.161097, 0.094284, 0.006684, -0.253054, 0.139616, 0.008726, -2.210296, -0.387637, -89.604752, -0.007398, -0.004715, -0.000189, 0.002272, 14.352539, 3.799438, 55.908199
-0.050611, 0.027923, 1000.000000, 0.001745, 2000.000000, 1000.000000, 10.073740, 9.739998, 9.937983, 10.248280, -0.161010, 0.093131, 0.005861, -0.253054, 0.139616, 0.008726, -2.199275, -0.360804, -89.613884, -0.007398, -0.002584, 0.000877, 0.002176, 14.352539, 3.799438, 55.786129
-0.050611, 0.027923, 1000.000000, 0.003490, 2000.000000, 1000.000000, 10.093920, 9.719614, 9.937086, 10.249380, -0.171650, 0.093233, 0.015503, -0.253054, 0.139616, 0.017452, -2.188007, -0.387335, -89.630325, 0.013907, -0.005780, -0.003384, 0.001894, 14.364258, 3.479004, 51.208492
-0.050611, 0.027923, 1000.000000, 0.003490, 2000.000000, 1000.000000, 10.082162, 9.731418, 9.939631, 10.246789, -0.164475, 0.093210, 0.010897, -0.253054, 0.139616, 0.017452, -2.065416, -0.300492, -89.658501, -0.002072, -0.002584, 0.003007, 0.002220, 14.356445, 3.799438, 55.908199
-0.050611, 0.027923, 1000.000000, 0.003490, 2000.000000, 1000.000000, 10.092022, 9.727064, 9.936348, 10.244566, -0.168294, 0.090457, 0.014185, -0.253054, 0.139616, 0.017452, -2.072848, -0.315014, -89.667229, 0.003254, 0.001677, -0.001254, 0.002286, 14.352539, 3.878784, 57.006832
-0.050611, 0.027923, 1000.000000, 0.003490, 2000.000000, 1000.000000, 10.086990, 9.731325, 9.939175, 10.242510, -0.164750, 0.090842, 0.013082, -0.253054, 0.139616, 0.017452, -2.046185, -0.294372, -89.683174, 0.002189, -0.001519, -0.000189, 0.001834, 14.356445, 3.921509, 57.678219
-0.052356, 0.027923, 1000.000000, 0.005236, 2000.000000, 1000.000000, 10.101208, 9.714348, 9.940001, 10.244444, -0.172826, 0.092222, 0.020604, -0.261780, 0.139616, 0.026178, -2.058214, -0.299343, -89.685570, 0.003254, -0.001519, -0.001254, 0.002138, 14.360352, 3.839111, 56.518551
-0.050611, 0.027923, 1000.000000, 0.005236, 2000.000000, 1000.000000, 10.093071, 9.729658, 9.948513, 10.228758, -0.160914, 0.088635, 0.020792, -0.253054, 0.139616, 0.026178, -2.043059, -0.288691, -89.687706, -0.008464, 0.004872, -0.001254, 0.002303, 14.356445, 4.080200, 59.997555
-0.050611, 0.027923, 1000.000000, 0.005236, 2000.000000, 1000.000000, 10.097026, 9.716491, 9.944613, 10.241870, -0.169447, 0.093242, 0.020820, -0.253054, 0.139616, 0.026178, -2.004736, -0.284680, -89.701111, 0.005385, -0.002584, -0.001254, 0.002265, 14.360352, 3.601074, 52.978512
-0.052356, 0.027923, 1000.000000, 0.005236, 2000.000000, 1000.000000, 10.095130, 9.721890, 9.947108, 10.235871, -0.165500, 0.091490, 0.021119, -0.261780, 0.139616, 0.026178, -1.977121, -0.263842, -89.713326, -0.005268, -0.002584, -0.002319, 0.001772, 14.360352, 4.080200, 59.997555
-0.052356, 0.027923, 1000.000000, 0.005236, 2000.000000, 1000.000000, 10.103300, 9.724751, 9.938450, 10.233500, -0.168399, 0.085975, 0.020875, -0.261780, 0.139616, 0.026178, -1.931984, -0.260082, -89.744583, -0.006333, 0.009134, -0.001254, 0.002382, 14.360352, 3.280640, 48.278805
-0.050611, 0.027923, 1000.000000, 0.005236, 2000.000000, 1000.000000, 10.099748, 9.720672, 9.939904, 10.239676, -0.169712, 0.089790, 0.019826, -0.253054, 0.139616, 0.026178, -1.932327, -0.266644, -89.753952, 0.006450, 0.002742, -0.000189, 0.002263, 14.360352, 3.839111, 56.518551
-0.052356, 0.027923, 1000.000000, 0.005236, 2000.000000, 1000.000000, 10.098867, 9.727699, 9.940285, 10.233149, -0.166008, 0.086717, 0.019576, -0.261780, 0.139616, 0.026178, -1.880017, -0.248800, -89.773476, -0.004202, 0.004872, -0.000189, 0.001750, 14.360352, 3.878784, 57.006832
-0.050611, 0.027923, 1000.000000, 0.006981, 2000.000000, 1000.000000, 10.092114, 9.717614, 9.957480, 10.232791, -0.162453, 0.095135, 0.024797, -0.253054, 0.139616, 0.034904, -1.854583, -0.268049, -89.789597, -0.005268, -0.005780, 0.001942, 0.002244, 14.356445, 4.080200, 59.997555
-0.050611, 0.027923, 1000.000000, 0.006981, 2000.000000, 1000.000000, 10.088694, 9.722153, 9.957966, 10.231188, -0.159940, 0.094577, 0.023330, -0.253054, 0.139616, 0.034904, -1.820055, -0.264628, -89.793930, -0.009529, -0.004715, 0.004072, 0.002243, 14.360352, 4.040527, 58.776852
-0.050611, 0.027923, 1000.000000, 0.006981, 2000.000000, 1000.000000, 10.109034, 9.712206, 9.940353, 10.238407, -0.173721, 0.089380, 0.024693, -0.253054, 0.139616, 0.034904, -1.827598, -0.268911, -89.797516, 0.018168, 0.000611, 0.001942, 0.001787, 14.364258, 3.759766, 55.297848
-0.052356, 0.027923, 1000.000000, 0.005236, 2000.000000, 1000.000000, 10.096274, 9.728387, 9.938817, 10.236522, -0.166398, 0.087669, 0.017546, -0.261780, 0.139616, 0.026178, -1.778352, -0.293660, -89.818962, -0.004202, 0.003807, 0.001942, 0.001799, 14.360352, 3.759766, 55.297848
-0.050611, 0.027923, 1000.000000, 0.005236, 2000.000000, 1000.000000, 10.090425, 9.710124, 9.950910, 10.248542, -0.169483, 0.099725, 0.020667, -0.253054, 0.139616, 0.026178, -1.738114, -0.299817, -89.837852, 0.005385, -0.013237, -0.001254, 0.002328, 14.360352, 4.080200, 59.997555
-0.048866, 0.027923, 1000.000000, 0.006981, 2000.000000, 1000.000000, 10.085446, 9.725408, 9.968284, 10.220862, -0.153154, 0.094573, 0.026865, -0.244328, 0.139616, 0.034904, -1.735121, -0.284091, -89.842628, -0.006333, -0.007911, -0.001254, 0.001763, 14.360352, 3.961182, 58.288570
-0.050611, 0.027923, 1001.000000, 0.006981, 2000.000000, 1000.000000, 10.106903, 9.714909, 9.951183, 10.227005, -0.166954, 0.089095, 0.029043, -0.253054, 0.139616, 0.034904, -1.685641, -0.255278, -89.859497, 0.000059, 0.004872, -0.003384, 0.002424, 14.364258, 3.839111, 56.518551
-0.048866, 0.027923, 1003.000000, 0.006981, 2000.000000, 1000.000000, 10.091805, 9.713197, 9.959451, 10.235547, -0.163677, 0.097499, 0.025628, -0.244328, 0.139616, 0.034904, -1.687153, -0.253582, -89.866867, 0.006450, -0.010041, 0.000877, 0.002214, 14.360352, 3.759766, 55.297848
-0.050611, 0.027923, 1007.000000, 0.006981, 2000.000000, 1000.000000, 10.100321, 9.723940, 9.951281, 10.224459, -0.162390, 0.087870, 0.025801, -0.253054, 0.139616, 0.034904, -1.689833, -0.254547, -89.868889, -0.005268, 0.005938, 0.000877, 0.002183, 14.368164, 3.921509, 57.678219
-0.050611, 0.027923, 1014.000000, 0.006981, 2000.000000, 1000.000000, 11.096917, 10.722219, 10.951936, 11.228929, -0.162923, 0.090432, 0.024427, -0.253054, 0.139616, 0.034904, -1.646230, -0.250195, -89.884804, 0.000059, -0.000454, 0.001942, 0.001761, 14.364258, 3.961182, 58.227535
-0.052356, 0.027923, 1042.000000, 0.006981, 2000.000000, 1000.000000, 14.114535, 13.712335, 13.940108, 14.233022, -0.173779, 0.086565, 0.027322, -0.261780, 0.139616, 0.034904, -1.663388, -0.248217, -89.886986, 0.004320, 0.008068, -0.001254, 0.002199, 14.067383, 17.321777, 249.633774
-0.050611, 0.027923, 1042.000000, 0.006981, 2000.000000, 1000.000000, 13.972933, 13.699266, 14.090216, 14.237585, -0.105259, 0.163900, 0.031574, -0.253054, 0.139616, 0.034904, -1.773517, -0.183886, -89.905922, -0.095815, -0.117632, -0.007645, 0.002252, 14.086914, 15.359497, 221.496567
-0.052356, 0.027923, 1049.000000, 0.006981, 2000.000000, 1000.000000, 13.840226, 13.618878, 14.219939, 14.320956, -0.080591, 0.270448, 0.030083, -0.261780, 0.139616, 0.034904, -2.339330, 0.190058, -89.909142, -0.148012, -0.307248, -0.005515, 0.001803, 14.188477, 10.839844, 153.930664
-0.050611, 0.027923, 1064.000000, 0.006981, 2000.000000, 1000.000000, 15.599026, 15.240953, 16.417362, 16.742661, -0.170843, 0.580011, 0.008194, -0.253054, 0.139616, 0.034904, -4.624527, 0.686036, -89.901848, 0.007515, -0.796201, 0.025378, 0.002279, 13.965820, 20.800781, 285.583496
-0.050611, 0.027923, 1064.000000, 0.006981, 2000.000000, 1000.000000, 15.465994, 14.841646, 16.437967, 17.254393, -0.360194, 0.846180, -0.048019, -0.253054, 0.139616, 0.034904, -7.349198, 0.189569, -89.686493, 0.318571, -1.212717, 0.103141, 0.002445, 14.040039, 17.041016, 245.117172
-0.050611, 0.027923, 1065.000000, 0.006981, 2000.000000, 1000.000000, 15.806235, 14.500279, 16.057192, 17.636292, -0.721264, 0.846742, -0.068286, -0.253054, 0.139616, 0.034904, -10.865468, -1.662747, -89.390793, 0.942812, -1.289416, 0.137230, 0.001754, 14.083008, 15.121460, 217.895493
-0.050611, 0.027923, 1064.000000, 0.006981, 2000.000000, 1000.000000, 16.195032, 14.863950, 15.593091, 17.347925, -0.771480, 0.470509, -0.105938, -0.253054, 0.139616, 0.034904, -13.682363, -4.454232, -89.085487, 0.993944, -0.628956, 0.186232, 0.002139, 14.063477, 16.641235, 239.624008
-0.052356, 0.027923, 1063.000000, 0.006981, 2000.000000, 1000.000000, 16.463394, 16.641518, 15.300737, 15.594349, -0.028872, -0.552457, -0.117934, -0.261780, 0.139616, 0.034904, -12.475320, -6.330723, -88.128334, -0.226841, 1.047760, 0.203276, 0.002185, 14.040039, 17.279053, 248.413071
-0.052356, 0.027923, 1062.000000, 0.006981, 2000.000000, 1000.000000, 16.041092, 17.078766, 15.728223, 15.151919, 0.403494, -0.559929, -0.115343, -0.261780, 0.139616, 0.034904, -9.521532, -4.420718, -87.318039, -0.976783, 1.108479, 0.205406, 0.001750, 14.020508, 17.840576, 256.286621
-0.052356, 0.027923, 1046.000000, 0.013962, 2000.000000, 1000.000000, 13.421558, 14.280094, 14.585331, 13.713017, 0.432713, 0.149174, 0.003445, -0.261780, 0.139616, 0.069808, -7.538365, 0.509512, -86.620193, -0.987435, -0.093131, 0.069053, 0.002254, 14.250977, 8.358765, 122.009270
-0.050611, 0.027923, 1047.000000, 0.008726, 2000.000000, 1000.000000, 13.471783, 13.434158, 14.497494, 14.596565, -0.034174, 0.547030, -0.015362, -0.253054, 0.139616, 0.043630, -8.936634, 1.957038, -86.444901, -0.217254, -0.747199, 0.067988, 0.002213, 14.208008, 9.759521, 142.028809
-0.050611, 0.027923, 1043.000000, 0.033159, 2000.000000, 1000.000000, 13.939163, 13.025238, 14.170614, 14.864985, -0.402074, 0.517799, 0.054889, -0.253054, 0.139616, 0.165794, -11.031178, 1.422675, -86.169243, 0.397400, -0.724829, 0.099946, 0.001880, 14.196289, 10.079956, 146.606445
-0.052356, 0.027923, 1035.000000, 0.082024, 2000.000000, 1000.000000, 13.604598, 12.504272, 12.715198, 13.175933, -0.390266, -0.054435, 0.159898, -0.261780, 0.139616, 0.410122, -12.091516, -0.561867, -85.534615, 0.365442, 0.239229, 0.210732, 0.002111, 14.266602, 7.199097, 105.224602
-0.050611, 0.027923, 1035.000000, 0.092496, 2000.000000, 1000.000000, 13.712629, 13.048878, 12.695642, 12.542850, -0.127740, -0.380753, 0.204136, -0.253054, 0.139616, 0.462478, -10.576312, -0.871837, -84.978348, -0.061726, 0.770793, 0.204341, 0.002266, 14.274414, 7.199097, 105.285637
-0.050611, 0.027923, 1035.000000, 0.089005, 2000.000000, 1000.000000, 13.456450, 13.348842, 12.899781, 12.294927, 0.124311, -0.402646, 0.178116, -0.253054, 0.139616, 0.445026, -8.428289, 0.161725, -84.361664, -0.484634, 0.838969, 0.221385, 0.001780, 14.243164, 8.200073, 119.628899
-0.050611, 0.027923, 1034.000000, 0.101222, 2000.000000, 1000.000000, 13.277975, 13.110538, 13.171961, 12.439526, 0.141250, -0.194256, 0.224968, -0.253054, 0.139616, 0.506108, -6.774621, 1.801873, -83.803505, -0.505939, 0.469325, 0.221385, 0.002178, 14.223633, 9.078979, 132.202148
-0.050611, 0.027923, 1034.000000, 0.102967, 2000.000000, 1000.000000, 13.153746, 12.645473, 13.150064, 13.050716, -0.102231, 0.100390, 0.151905, -0.253054, 0.139616, 0.514834, -6.216586, 3.158560, -82.717834, -0.104337, -0.014302, 0.334302, 0.002201, 14.219727, 10.000610, 145.507812
-0.052356, 0.027923, 1034.000000, 0.130890, 2000.000000, 1000.000000, 13.316209, 12.529830, 13.159291, 12.994670, -0.155440, 0.076980, 0.237750, -0.261780, 0.139616, 0.654450, -6.323766, 3.208199, -81.754852, -0.020181, 0.021917, 0.361999, 0.001751, 14.223633, 8.920288, 129.882812
-0.050611, 0.027923, 1042.000000, 0.190227, 2000.000000, 1000.000000, 14.739839, 13.673280, 14.043460, 13.543422, -0.141631, -0.206559, 0.391649, -0.253054, 0.139616, 0.951134, -5.268558, 3.581654, -80.167091, -0.041487, 0.487434, 0.463199, 0.002205, 14.122070, 14.041138, 203.124985
-0.052356, 0.027923, 1048.000000, 0.249564, 2000.000000, 1000.000000, 15.170794, 13.653837, 13.950487, 13.224882, -0.197838, -0.412315, 0.560641, -0.261780, 0.139616, 1.247818, -3.480455, 3.905363, -78.894234, 0.042669, 0.821925, 0.537767, 0.002328, 14.153320, 12.921143, 187.072739
-0.052356, 0.027923, 1050.000000, 0.303665, 2000.000000, 1000.000000, 16.179129, 14.723086, 15.130174, 13.967612, -0.073370, -0.451107, 0.654651, -0.261780, 0.139616, 1.518324, -1.110527, 4.505177, -77.471024, -0.168252, 0.915668, 0.692229, 0.001817, 14.032227, 17.440796, 250.732407
-0.050611, 0.027923, 1048.000000, 0.382199, 2000.000000, 1000.000000, 15.009251, 13.844465, 14.256907, 12.889378, 0.050686, -0.426858, 0.633079, -0.253054, 0.139616, 1.910994, 2.207844, 6.804362, -73.887520, -0.358933, 0.859209, 1.141768, 0.002093, 14.196289, 10.241699, 148.925781
-0.052356, 0.027923, 1053.000000, 0.404886, 2000.000000, 1000.000000, 15.850161, 14.637049, 15.281559, 14.231232, -0.040696, -0.243605, 0.565860, -0.261780, 0.139616, 2.024432, 3.792486, 8.089377, -70.643997, -0.211928, 0.550284, 1.356950, 0.002208, 14.188477, 17.239380, 248.413071
-0.052356, 0.027923, 1062.000000, 0.415358, 2000.000000, 1000.000000, 17.263805, 15.309584, 15.905361, 15.521247, -0.392527, -0.286695, 0.584584, -0.261780, 0.139616, 2.076788, 5.196533, 8.499245, -67.107765, 0.355855, 0.613135, 1.384646, 0.002319, 13.918945, 21.600342, 307.922363
-0.052356, 0.027923, 1076.000000, 0.411867, 2000.000000, 1000.000000, 18.565624, 16.103199, 16.432972, 16.898205, -0.731914, -0.334412, 0.499298, -0.261780, 0.139616, 2.059336, 7.867105, 7.602376, -63.506073, 0.940681, 0.718595, 1.498629, 0.001880, 14.036133, 16.479492, 235.778793
-0.052356, 0.027923, 1106.000000, 0.390925, 2000.000000, 1000.000000, 19.883127, 19.113405, 20.561808, 20.441660, -0.162393, 0.501733, 0.222468, -0.261780, 0.139616, 1.954624, 9.669987, 5.346577, -57.113243, -0.006333, -0.659848, 1.759617, 0.002330, 13.442383, 41.241455, 567.810059
-0.052356, 0.027923, 1105.000000, 0.315881, 2000.000000, 1000.000000, 18.940285, 20.536057, 20.808605, 19.715054, 0.672331, 0.261829, -0.125555, -0.261780, 0.139616, 1.579406, 6.909153, 6.119271, -51.860485, -1.431648, -0.295530, 1.886383, 0.001762, 13.629883, 32.800293, 457.580536
-0.052356, 0.027923, 1104.000000, 0.263525, 2000.000000, 1000.000000, 19.776762, 21.543261, 19.809587, 18.870390, 0.676425, -0.660011, -0.206826, -0.261780, 0.139616, 1.317626, 5.073637, 10.731569, -46.631248, -1.444431, 1.275725, 1.727659, 0.001765, 13.614258, 33.239746, 463.195770
-0.052356, 0.027923, 1072.000000, 0.132635, 2000.000000, 1000.000000, 18.070013, 16.576906, 14.698117, 18.654963, -1.362488, -0.323461, -0.615934, -0.261780, 0.139616, 0.663176, 9.933599, 14.166148, -41.095455, 1.945219, 0.685572, 1.571066, 0.002169, 14.129883, 9.439087, 136.474609
-0.052356, 0.027923, 1064.000000, 0.092496, 2000.000000, 1000.000000, 16.299408, 13.984427, 14.548013, 19.168152, -1.733780, 0.858082, -0.576290, -0.261780, 0.139616, 0.462478, 14.608816, 9.149705, -38.235386, 2.567330, -1.253197, 1.307948, 0.002146, 14.141602, 14.199829, 205.017075
-0.052356, 0.027923, 1002.000000, 0.033159, 2000.000000, 1000.000000, 8.703355, 8.526490, 10.123807, 12.646348, -0.674851, 1.385077, -0.586419, -0.261780, 0.139616, 0.165794, 15.411978, 2.118902, -35.180038, 0.845873, -2.140556, 1.011806, 0.002073, 16.661133, 0.000000, 1.281738
-0.054101, 0.027923, 1000.000000, 0.010471, 2000.000000, 1000.000000, 8.701081, 10.765565, 10.297755, 10.235599, 0.531660, 0.266677, -0.500582, -0.270506, 0.139616, 0.052356, 10.994686, -1.766527, -31.791315, -1.156811, -0.290204, 0.757210, 0.002308, 16.024414, 0.000000, 0.610352
-0.052356, 0.027923, 1000.000000, 0.029668, 2000.000000, 1000.000000, 9.591438, 11.336874, 9.694340, 9.377348, 0.515607, -0.464156, -0.357111, -0.261780, 0.139616, 0.148342, 8.732656, 0.900165, -29.961514, -1.133376, 0.912472, 0.663467, 0.002153, 14.379883, 1.559448, 23.010252
-0.052356, 0.027923, 1000.000000, 0.027923, 2000.000000, 1000.000000, 10.148145, 10.806960, 9.212108, 9.832788, 0.009534, -0.477552, -0.319874, -0.261780, 0.139616, 0.139616, 8.352692, 4.360908, -28.199377, -0.303540, 0.947626, 0.605943, 0.002018, 14.340820, 2.920532, 42.907711
-0.052356, 0.027923, 1000.000000, 0.006981, 2000.000000, 1000.000000, 10.160090, 9.749120, 9.017043, 11.073747, -0.616919, 0.045395, -0.411433, -0.261780, 0.139616, 0.034904, 10.450675, 5.665263, -25.822348, 0.720173, 0.077310, 0.611269, 0.002398, 14.309570, 4.479980, 65.673828
-0.054101, 0.029668, 1008.000000, 0.006981, 2000.000000, 1000.000000, 9.852076, 9.411987, 9.398315, 11.337622, -0.594848, 0.367968, -0.374805, -0.270506, 0.148342, 0.034904, 12.043625, 4.226182, -24.416683, 0.715912, -0.461710, 0.582507, 0.001791, 14.243164, 7.559204, 110.229485
-0.054101, 0.029668, 1043.000000, 0.005236, 2000.000000, 1000.000000, 13.588138, 13.541295, 13.740285, 15.130282, -0.359210, 0.435284, -0.335789, -0.270506, 0.148342, 0.026178, 12.747752, 2.228446, -22.936428, 0.318571, -0.581019, 0.518592, 0.001748, 13.934570, 21.240234, 303.100586
-0.055846, 0.029668, 1068.000000, 0.005236, 2000.000000, 1000.000000, 15.460252, 16.262251, 16.021002, 16.256495, 0.141626, 0.138748, -0.259374, -0.279232, 0.148342, 0.026178, 11.744456, 1.099001, -21.112806, -0.527244, -0.068630, 0.392892, 0.002223, 13.825195, 24.880981, 352.294891
-0.055846, 0.027923, 1099.000000, 0.005236, 2000.000000, 1000.000000, 18.599663, 19.405270, 18.866760, 19.128307, 0.136014, -0.002467, -0.266789, -0.279232, 0.139616, 0.026178, 10.333429, 1.841961, -20.003056, -0.519787, 0.154009, 0.402479, 0.002233, 13.485352, 42.681885, 588.806152
-0.057592, 0.027923, 1107.000000, 0.005236, 2000.000000, 1000.000000, 19.862631, 19.888086, 19.901403, 20.347879, -0.105255, 0.124641, -0.117983, -0.287958, 0.139616, 0.026178, 9.657526, 2.376820, -19.091841, -0.139490, -0.052651, 0.199015, 0.001826, 13.473633, 38.241577, 527.893066
-0.080279, 0.026178, 1105.000000, 0.005236, 2000.000000, 1000.000000, 19.654570, 19.673758, 20.255106, 20.416567, -0.035568, 0.335837, -0.045163, -0.401396, 0.130890, 0.026178, 8.480505, 1.139840, -18.802359, -0.370651, -0.406317, 0.091424, 0.002309, 13.614258, 32.720947, 456.298798
-0.094241, 0.001745, 1105.000000, 0.005236, 2000.000000, 1000.000000, 20.177559, 20.377007, 19.647610, 19.797825, 0.012308, -0.277283, -0.087417, -0.471204, 0.008726, 0.026178, 7.325661, 1.611740, -18.397303, -0.536831, 0.483173, 0.155339, 0.001748, 13.583008, 38.681030, 537.231445
-0.115183, -0.040140, 1078.000000, 0.005236, 2000.000000, 1000.000000, 17.321754, 17.738552, 16.594604, 16.345089, 0.166577, -0.530153, -0.041821, -0.575916, -0.200698, 0.026178, 6.162026, 4.178839, -18.054735, -0.890497, 0.654680, 0.087163, 0.002155, 14.012695, 14.761353, 211.914047
-0.165794, -0.120419, 1045.000000, 0.005236, 2000.000000, 1000.000000, 13.302214, 13.638441, 14.613733, 14.445612, 0.126087, 0.529672, -0.042027, -0.828970, -0.602094, 0.026178, 1.616395, 3.876759, -17.331179, -1.101418, -1.519511, 0.087163, 0.002144, 14.372070, 0.561523, 8.178711
-0.183246, -0.130890, 1045.000000, 0.006981, 2000.000000, 1000.000000, 13.014155, 12.859227, 14.936906, 15.189712, -0.101933, 1.063309, -0.024469, -0.916230, -0.654450, 0.034904, -2.580245, -0.792079, -16.981695, -0.837234, -2.511266, 0.073314, 0.001836, 14.211914, 8.358765, 121.582024
-0.211169, -0.129145, 1009.000000, 0.006981, 2000.000000, 1000.000000, 9.511695, 9.185704, 10.468247, 10.834353, -0.173024, 0.651300, -0.010029, -1.055846, -0.645724, 0.034904, -8.519389, -9.000324, -17.396893, -0.850017, -1.755998, 0.050944, 0.002314, 15.950195, 0.039673, 0.610352
-0.212914, -0.129145, 1000.000000, 0.006981, 2000.000000, 1000.000000, 9.787025, 10.131208, 10.152306, 9.929461, 0.141757, 0.040883, -0.030335, -1.064572, -0.645724, 0.034904, -12.437947, -11.159398, -17.919903, -1.373059, -0.761048, 0.079706, 0.002261, 15.500977, 0.000000, 0.610352
-0.197208, -0.129145, 1000.000000, 0.006981, 2000.000000, 1000.000000, 9.950339, 10.529052, 9.943250, 9.577359, 0.236150, -0.239696, -0.053206, -0.986038, -0.645724, 0.034904, -16.588388, -11.075534, -18.462259, -1.481715, -0.299791, 0.114859, 0.001791, 14.375977, 1.000977, 14.709472
-0.167539, -0.106457, 1001.000000, 0.006981, 2000.000000, 1000.000000, 9.865796, 10.234752, 10.056535, 9.842917, 0.145643, -0.050273, -0.038834, -0.837696, -0.532286, 0.034904, -20.390793, -10.820707, -18.891504, -1.147224, -0.490472, 0.092489, 0.002060, 14.317383, 3.720093, 54.504391
-0.108202, -0.057592, 1039.000000, 0.006981, 2000.000000, 1000.000000, 12.429962, 12.611231, 13.313694, 13.645113, -0.037538, 0.479404, -0.128172, -0.541012, -0.287958, 0.034904, -24.745991, -12.881830, -19.229326, -0.521918, -1.095539, 0.217124, 0.002208, 14.008789, 18.240356, 261.596680
-0.082024, -0.034904, 1048.000000, 0.006981, 2000.000000, 1000.000000, 13.436362, 13.568944, 14.115521, 14.879172, -0.157768, 0.497347, -0.224058, -0.410122, -0.174520, 0.034904, -26.562521, -15.349748, -18.885571, -0.181035, -1.033754, 0.361999, 0.001812, 14.036133, 15.240479, 216.430649
-0.052356, -0.027923, 1092.000000, 0.006981, 2000.000000, 1000.000000, 18.742188, 18.841877, 18.619900, 19.796036, -0.269112, 0.207968, -0.318956, -0.261780, -0.139616, 0.034904, -27.271400, -17.335661, -17.906227, 0.154521, -0.492603, 0.485569, 0.002212, 13.762695, 27.801514, 391.418427
-0.020942, -0.015707, 1144.000000, 0.006981, 2000.000000, 1000.000000, 24.010534, 24.335985, 23.170683, 24.482798, -0.246667, -0.173260, -0.409392, -0.104712, -0.078534, 0.034904, -26.284573, -17.837423, -15.422802, 0.293004, 0.198749, 0.613400, 0.002196, 12.665039, 77.120972, 1002.929626
-0.024433, -0.008726, 1144.000000, 0.006981, 2000.000000, 1000.000000, 23.682058, 24.037081, 23.344011, 24.936850, -0.309455, 0.140430, -0.486965, -0.122164, -0.043630, 0.034904, -25.373692, -18.043785, -13.309332, 0.391008, -0.280617, 0.745492, 0.001752, 13.016602, 59.841919, 797.607361
-0.054101, 0.008726, 1143.000000, 0.006981, 2000.000000, 1000.000000, 23.536476, 23.310265, 23.297932, 25.855328, -0.695902, 0.576630, -0.582796, -0.270506, 0.043630, 0.034904, -23.017052, -21.562195, -9.114243, 0.876766, -0.918706, 0.877584, 0.001919, 13.079102, 55.001831, 737.487732
-0.048866, 0.024433, 1118.000000, 0.008726, 2000.000000, 1000.000000, 20.526464, 20.498075, 20.097773, 22.877687, -0.702076, 0.487729, -0.687881, -0.244328, 0.122164, 0.043630, -20.755568, -24.049770, -5.625750, 0.874635, -0.663044, 1.006480, 0.002350, 13.668945, 24.758911, 346.313446
-0.052356, 0.027923, 1083.000000, 0.012216, 2000.000000, 1000.000000, 17.612722, 17.859095, 17.158087, 19.370096, -0.491409, 0.264091, -0.614595, -0.261780, 0.139616, 0.061082, -18.767469, -25.468834, -2.118728, 0.552927, -0.291269, 0.957478, 0.001789, 14.094727, 9.600830, 138.488770
-0.033159, 0.029668, 1073.000000, 0.006981, 2000.000000, 1000.000000, 16.812498, 17.447138, 16.166399, 17.573965, -0.193232, -0.129818, -0.510552, -0.165794, 0.148342, 0.034904, -17.732929, -25.311598, 0.699408, 0.139607, 0.369191, 0.754014, 0.002263, 14.059570, 11.761475, 169.372543
-0.020942, 0.029668, 1020.000000, 0.006981, 2000.000000, 1000.000000, 12.327275, 12.405505, 10.973149, 12.294070, -0.310672, -0.366391, -0.349788, -0.104712, 0.148342, 0.034904, -17.213533, -22.633705, 3.382807, 0.385682, 0.760140, 0.528179, 0.002295, 14.278320, 0.961304, 17.028809
-0.020942, 0.029668, 1014.000000, 0.006981, 2000.000000, 1000.000000, 11.403430, 10.981057, 10.129958, 11.485555, -0.444492, -0.192243, -0.233306, -0.104712, 0.148342, 0.034904, -15.833032, -20.738764, 5.103111, 0.647735, 0.491695, 0.379043, 0.001747, 15.981445, 0.000000, 0.610352
-0.020942, 0.029668, 1017.000000, 0.006981, 2000.000000, 1000.000000, 11.202289, 10.587136, 10.354320, 11.856256, -0.529272, 0.105287, -0.221696, -0.104712, 0.148342, 0.034904, -13.775553, -19.985928, 6.744888, 0.759587, -0.013237, 0.350281, 0.002168, 14.340820, 1.119995, 16.418457
-0.022688, 0.029668, 1016.000000, 0.006981, 2000.000000, 1000.000000, 10.881014, 10.485977, 10.592648, 12.040361, -0.460687, 0.316505, -0.263169, -0.113438, 0.148342, 0.034904, -10.590240, -20.519579, 9.451488, 0.633887, -0.359446, 0.407805, 0.002224, 14.258789, 4.919434, 71.777344
-0.022688, 0.029668, 1004.000000, 0.006981, 2000.000000, 1000.000000, 10.111268, 9.499974, 9.615764, 10.772994, -0.442131, 0.194379, -0.136484, -0.113438, 0.148342, 0.034904, -8.695996, -21.008629, 10.977117, 0.630691, -0.170895, 0.237364, 0.001751, 14.333008, 1.879883, 27.587889
-0.020942, 0.031414, 1002.000000, 0.005236, 2000.000000, 1000.000000, 10.374172, 9.755892, 9.208464, 10.661472, -0.517822, -0.065032, -0.208682, -0.104712, 0.157068, 0.026178, -5.768015, -20.086185, 13.116297, 0.734021, 0.273317, 0.320454, 0.002299, 14.282227, 3.561401, 52.124020
-0.050611, 0.054101, 1004.000000, 0.005236, 2000.000000, 1000.000000, 10.416248, 9.681185, 9.082127, 10.820440, -0.618345, -0.048717, -0.250812, -0.253054, 0.270506, 0.026178, -3.955721, -18.759689, 14.668936, 0.738282, 0.370256, 0.380108, 0.002267, 14.282227, 3.961182, 57.922359
-0.055846, 0.087260, 1007.000000, 0.005236, 2000.000000, 1000.000000, 10.338852, 9.594244, 9.124086, 10.942818, -0.640835, 0.033452, -0.268531, -0.279232, 0.436300, 0.026178, -2.283520, -17.211683, 16.228220, 0.753196, 0.416062, 0.407805, 0.002144, 14.282227, 3.720093, 54.382320
-0.052356, 0.116928, 1019.000000, -0.019197, 2000.000000, 1000.000000, 11.166027, 10.589308, 10.078180, 12.166485, -0.666256, 0.122332, -0.377897, -0.261780, 0.584642, -0.095986, -0.518492, -15.471600, 17.885532, 0.820307, 0.428845, 0.434437, 0.002073, 14.188477, 8.840942, 128.417969
-0.054101, 0.118674, 1030.000000, -0.054101, 2000.000000, 1000.000000, 13.332516, 12.650635, 11.834600, 14.182249, -0.757383, 0.008425, -0.416442, -0.270506, 0.593368, -0.270506, 2.339716, -12.343701, 20.066574, 0.947073, 0.622722, 0.298084, 0.002258, 14.079102, 14.199829, 204.711899
-0.054101, 0.104712, 1030.000000, -0.075044, 2000.000000, 1000.000000, 13.441301, 12.871225, 11.709412, 13.978062, -0.709682, -0.156263, -0.424643, -0.270506, 0.523560, -0.375218, 3.978583, -9.616961, 21.036467, 0.909789, 0.836839, 0.210732, 0.001801, 14.153320, 9.439087, 136.779785
-0.064572, 0.076789, 1041.000000, -0.101222, 2000.000000, 1000.000000, 14.668327, 14.115524, 12.299896, 14.916252, -0.792289, -0.391926, -0.515888, -0.322862, 0.383944, -0.506108, 5.384424, -6.263247, 21.745949, 0.953464, 1.054151, 0.188362, 0.002211, 14.040039, 16.519165, 237.426743
-0.090750, 0.033159, 1067.000000, -0.139616, 2000.000000, 1000.000000, 17.343712, 15.560726, 13.524622, 17.570938, -1.457326, -0.452219, -0.565833, -0.453752, 0.165794, -0.698080, 8.729980, -0.310710, 22.485271, 1.878108, 0.913537, 0.050944, 0.002304, 13.993164, 16.961670, 241.516098
-0.092496, 0.033159, 1074.000000, -0.181501, 2000.000000, 1000.000000, 18.223398, 15.987011, 14.440786, 19.348806, -1.786102, -0.105204, -0.667907, -0.462478, 0.165794, -0.907504, 13.716490, 3.540592, 22.389091, 2.530046, 0.356408, -0.012972, 0.001757, 13.762695, 26.199341, 368.896454
-0.092496, 0.033159, 1072.000000, -0.190227, 2000.000000, 1000.000000, 17.616901, 15.895924, 15.037422, 19.449753, -1.533327, 0.243588, -0.672838, -0.462478, 0.165794, -0.951134, 23.224171, 6.995052, 21.246380, 1.984634, -0.217766, -0.070496, 0.002439, 13.977539, 16.201782, 231.933578
-0.092496, 0.033159, 1059.000000, -0.188482, 2000.000000, 1000.000000, 15.355189, 15.090423, 13.420333, 16.134054, -0.744623, -0.222806, -0.612239, -0.462478, 0.165794, -0.942408, 26.515921, 8.576065, 20.510012, 0.732956, 0.540697, -0.140803, 0.002171, 14.086914, 11.840820, 170.715317
-0.099476, 0.033159, 1030.000000, -0.179756, 2000.000000, 1000.000000, 13.527188, 14.136956, 11.333198, 13.002658, -0.264923, -0.832072, -0.569807, -0.497382, 0.165794, -0.898778, 26.121752, 11.697542, 20.198046, -0.096880, 1.593172, -0.145064, 0.001816, 14.418945, 0.039673, 0.610352
-0.148342, 0.031414, 1001.000000, -0.139616, 2000.000000, 1000.000000, 10.897483, 10.912183, 8.340749, 9.849586, -0.373534, -0.904833, -0.380884, -0.741710, 0.157068, -0.698080, 23.708744, 16.042328, 20.332973, -0.181035, 1.661348, -0.205783, 0.002179, 17.758789, 0.000000, 0.671387
-0.228621, 0.027923, 1012.000000, -0.013962, 2000.000000, 1000.000000, 12.282889, 9.652764, 9.832889, 12.231458, -1.257174, 0.032173, 0.057889, -1.143106, 0.139616, -0.069808, 23.983589, 20.001757, 19.399969, 0.828829, 0.101811, -0.155716, 0.002259, 14.360352, 1.239014, 18.188477
-0.280977, 0.026178, 1027.000000, 0.000000, 2000.000000, 1000.000000, 12.782401, 10.312438, 11.211904, 13.693257, -1.237829, 0.452580, -0.002847, -1.404886, 0.130890, 0.000000, 27.933523, 19.529671, 17.737255, 0.547601, -0.614042, 0.004072, 0.001984, 14.188477, 7.760620, 112.731926
-0.350785, 0.022688, 1026.000000, -0.026178, 2000.000000, 1000.000000, 12.596803, 11.098067, 11.050456, 13.254674, -0.925738, 0.152565, -0.176370, -1.753926, 0.113438, -0.130890, 28.566507, 18.492268, 17.725914, -0.366390, -0.130415, 0.107402, 0.002446, 14.215820, 7.040405, 102.478020
-0.352530, 0.013962, 1026.000000, -0.078534, 2000.000000, 1000.000000, 12.379334, 12.667335, 10.846683, 12.106648, -0.242991, -0.523335, -0.386992, -1.762652, 0.069808, -0.392670, 25.747831, 18.636549, 18.954910, -1.511542, 0.960409, 0.134034, 0.001796, 14.219727, 7.040405, 102.478020
-0.319372, -0.010471, 1043.000000, -0.125654, 2000.000000, 1000.000000, 14.078756, 16.450445, 12.947453, 12.523346, 0.698949, -1.264601, -0.486896, -1.596858, -0.052356, -0.628272, 17.921583, 20.606009, 21.814661, -2.864419, 2.023536, 0.016856, 0.002158, 14.125977, 11.480713, 166.015610
-0.294939, -0.036649, 1056.000000, -0.167539, 2000.000000, 1000.000000, 14.300772, 17.477789, 14.815673, 13.405766, 1.146731, -0.889281, -0.441778, -1.474694, -0.183246, -0.837696, 1.603091, 21.882172, 27.282585, -3.456703, 1.261877, -0.270764, 0.002200, 13.965820, 18.399048, 263.305664
-0.296684, -0.040140, 1063.000000, -0.197208, 2000.000000, 1000.000000, 15.454921, 16.936779, 15.732391, 15.875907, 0.334586, -0.195851, -0.406343, -1.483420, -0.200698, -0.986038, -6.565674, 19.742512, 29.247894, -2.197568, 0.114594, -0.476359, 0.001771, 13.942383, 18.200684, 260.009766
-0.289703, -0.038394, 1064.000000, -0.247818, 2000.000000, 1000.000000, 16.743427, 15.140953, 14.454000, 17.661617, -1.202523, 0.057809, -0.401286, -1.448516, -0.191972, -1.239092, -8.570219, 17.093618, 27.325920, 0.411248, -0.300856, -0.753326, 0.002279, 14.004883, 15.759277, 226.013168
-0.246073, -0.031414, 1070.000000, -0.190227, 2000.000000, 1000.000000, 18.502237, 16.544954, 15.507496, 17.445311, -0.973774, -0.523596, 0.004867, -1.230366, -0.157068, -0.951134, -7.397668, 18.109316, 24.641405, 0.272765, 0.682376, -1.015379, 0.002262, 13.864258, 22.680664, 322.204559
-0.160558, -0.034904, 1133.000000, -0.130890, 2000.000000, 1000.000000, 24.164888, 23.596071, 22.276274, 21.962767, -0.063827, -0.880480, 0.220581, -0.802792, -0.174520, -0.654450, -9.259399, 20.589018, 22.517902, -0.769058, 1.288508, -1.022836, 0.001863, 13.040039, 61.322021, 820.739685
-0.062827, -0.059337, 1170.000000, -0.076789, 2000.000000, 1000.000000, 25.931574, 26.600935, 28.520441, 26.947050, 0.560687, 0.733745, 0.226007, -0.314136, -0.296684, -0.383944, -15.300982, 18.657129, 20.928686, -1.271859, -1.529099, -0.733086, 0.002011, 12.442383, 91.000366, 1159.729004
-0.059337, -0.061082, 1159.000000, -0.045375, 2000.000000, 1000.000000, 24.295671, 21.969568, 26.266645, 27.468115, -0.881893, 1.867381, 0.281159, -0.296684, -0.305410, -0.226876, -13.104027, 12.006645, 18.556864, 1.095144, -3.330449, -0.635082, 0.002447, 12.934570, 59.802246, 791.320740
-0.050611, -0.020942, 1141.000000, -0.013962, 2000.000000, 1000.000000, 24.329973, 19.959208, 24.284338, 27.426481, -1.878228, 1.855410, 0.307156, -0.253054, -0.104712, -0.069808, -4.654394, 4.911521, 15.734118, 2.920995, -3.278252, -0.522165, 0.001748, 13.129883, 51.721191, 695.312439
-0.022688, 0.012216, 1137.000000, -0.010471, 2000.000000, 1000.000000, 23.482719, 20.969521, 22.644432, 24.903328, -1.193024, 0.773879, 0.063575, -0.113438, 0.061082, -0.052356, 3.885243, 0.595061, 14.467148, 1.849346, -1.223370, -0.148259, 0.002075, 13.321289, 39.599609, 539.794922
-0.022688, -0.020942, 1059.000000, -0.010471, 2000.000000, 1000.000000, 14.841569, 16.487700, 15.355613, 13.315120, 0.921656, -0.664634, 0.098591, -0.113438, -0.104712, -0.052356, 2.770600, 1.463257, 13.907690, -1.626590, 0.976388, -0.196196, 0.002185, 14.137695, 4.681396, 67.687988
-0.022688, -0.038394, 1003.000000, -0.006981, 2000.000000, 1000.000000, 9.711754, 10.262104, 10.651602, 9.374540, 0.456852, 0.013071, 0.181678, -0.113438, -0.191972, -0.034904, -1.242476, 1.694346, 13.299673, -0.910737, -0.230549, -0.302722, 0.001771, 24.329102, 0.039673, 0.976562
-0.024433, -0.027923, 1004.000000, -0.008726, 2000.000000, 1000.000000, 10.325043, 8.170958, 10.073185, 11.430815, -0.877928, 0.752000, 0.199113, -0.122164, -0.139616, -0.043630, -0.081940, -0.743520, 12.372513, 1.341218, -1.425769, -0.335745, 0.001825, 19.336914, 0.000000, 0.000000
-0.095986, -0.026178, 1000.000000, -0.047120, 2000.000000, 1000.000000, 11.055271, 7.726120, 9.030045, 12.188564, -1.621918, 0.609305, 0.042658, -0.479930, -0.130890, -0.235602, 9.629769, -4.674029, 11.772679, 2.141227, -1.140280, -0.310179, 0.002244, 14.352539, 0.399780, 5.920410
-0.111693, -0.027923, 1002.000000, -0.055846, 2000.000000, 1000.000000, 10.799438, 8.974396, 9.282589, 10.943577, -0.871508, 0.113083, 0.041013, -0.558464, -0.139616, -0.279232, 13.910535, -5.721738, 11.219556, 0.879961, -0.348793, -0.362376, 0.001747, 14.278320, 1.480103, 21.728514
-0.115183, -0.022688, 1003.000000, -0.052356, 2000.000000, 1000.000000, 10.377655, 10.024942, 9.712124, 9.885279, -0.131467, -0.201299, 0.044889, -0.575916, -0.113438, -0.261780, 14.356801, -5.678531, 10.292943, -0.402609, 0.216859, -0.348528, 0.001776, 14.258789, 3.561401, 52.001949
-0.097731, 0.015707, 1004.000000, -0.029668, 2000.000000, 1000.000000, 9.917459, 10.436074, 10.298301, 9.348166, 0.367187, -0.176767, 0.107879, -0.488656, 0.078534, -0.148342, 10.421987, -4.800606, 8.533482, -1.129115, 0.375582, -0.310179, 0.002206, 14.270508, 3.079224, 44.982906
-0.137871, 0.026178, 1004.000000, -0.048866, 2000.000000, 1000.000000, 10.109480, 10.081163, 9.981668, 9.827688, 0.031416, -0.095322, 0.045574, -0.689354, 0.130890, -0.244328, 7.639549, -4.303492, 7.486817, -0.793558, 0.296753, -0.324027, 0.002226, 14.243164, 4.559326, 66.528320
-0.108202, 0.026178, 1008.000000, -0.075044, 2000.000000, 1000.000000, 10.241860, 9.867024, 9.649821, 10.241294, -0.241577, -0.054443, -0.054159, -0.541012, 0.130890, -0.375218, 6.278821, -3.711896, 6.517409, -0.183166, 0.236033, -0.328288, 0.001792, 14.270508, 3.201294, 46.813961
-0.102967, 0.024433, 1080.000000, -0.080279, 2000.000000, 1000.000000, 18.094288, 17.477970, 17.746540, 18.681202, -0.387745, 0.213870, -0.079587, -0.514834, 0.122164, -0.401396, 6.648155, -3.450938, 5.193203, 0.091671, -0.217766, -0.316570, 0.002046, 13.383789, 46.362305, 635.009766
-0.092496, 0.026178, 1112.000000, -0.029668, 2000.000000, 1000.000000, 20.797300, 20.257360, 21.454042, 21.491297, -0.144298, 0.472670, 0.125672, -0.462478, 0.130890, -0.148342, 6.514154, -4.783572, 4.333849, -0.260930, -0.635347, -0.331484, 0.002227, 13.239258, 50.039673, 678.893982
-0.092496, 0.026178, 1108.000000, -0.015707, 2000.000000, 1000.000000, 20.132710, 19.577496, 20.253128, 20.036667, -0.084688, 0.144897, 0.192918, -0.462478, 0.130890, -0.078534, 5.652498, -6.033646, 3.332381, -0.358933, -0.104849, -0.364507, 0.001776, 13.262695, 46.441650, 635.131836
-0.085515, 0.029668, 1098.000000, 0.006981, 2000.000000, 1000.000000, 19.664593, 19.232735, 18.688141, 18.414532, -0.039562, -0.448663, 0.176367, -0.427574, 0.148342, 0.034904, 4.452770, -3.710609, 2.002060, -0.393022, 0.892232, -0.208979, 0.002260, 13.293945, 46.081543, 627.319336
-0.083770, 0.029668, 1065.000000, 0.006981, 2000.000000, 1000.000000, 16.370785, 15.810220, 16.085178, 15.733816, -0.052301, -0.090502, 0.227982, -0.418848, 0.148342, 0.034904, 3.259881, -1.973922, 1.311139, -0.363194, 0.311667, -0.283547, 0.002179, 14.094727, 8.959961, 129.272461
-0.055846, 0.029668, 1041.000000, 0.006981, 2000.000000, 1000.000000, 14.249509, 13.093602, 14.217158, 14.439731, -0.344620, 0.328445, 0.233334, -0.279232, 0.148342, 0.034904, 3.248178, -2.276943, 0.476136, 0.282352, -0.394599, -0.300591, 0.001802, 14.313477, 0.320435, 4.699707
-0.038394, 0.029668, 1000.000000, 0.006981, 2000.000000, 1000.000000, 10.771247, 9.323680, 9.459619, 10.445455, -0.608351, -0.047463, 0.115433, -0.191972, 0.148342, 0.034904, 6.144014, -3.374442, -0.260741, 0.788349, 0.233903, -0.124824, 0.002356, 17.161133, 0.000000, 0.671387
-0.034904, 0.029668, 1000.000000, 0.006981, 2000.000000, 1000.000000, 10.977818, 9.875914, 9.383171, 9.763098, -0.370458, -0.426866, 0.180494, -0.174520, 0.148342, 0.034904, 7.850096, -1.745049, -0.614630, 0.426162, 0.861340, -0.217501, 0.002153, 14.969727, 0.000000, 1.220703
-0.026178, 0.029668, 1000.000000, 0.006981, 2000.000000, 1000.000000, 10.838062, 10.134819, 9.578178, 9.448940, -0.143501, -0.486441, 0.208120, -0.130890, 0.148342, 0.034904, 8.528292, 0.823415, -1.271338, 0.102323, 0.993432, -0.265438, 0.001753, 14.278320, 2.880859, 42.114254
-0.024433, 0.029668, 1002.000000, 0.006981, 2000.000000, 1000.000000, 10.558800, 9.668306, 9.950333, 9.822561, -0.190680, -0.113553, 0.254566, -0.122164, 0.148342, 0.034904, 9.001101, 3.769953, -2.530307, 0.184348, 0.353212, -0.327223, 0.001962, 14.274414, 3.118896, 45.593258
-0.024433, 0.029668, 1005.000000, 0.006981, 2000.000000, 1000.000000, 10.245272, 9.347702, 10.196276, 10.210751, -0.228011, 0.203513, 0.220774, -0.122164, 0.148342, 0.034904, 9.588327, 3.932254, -3.375660, 0.241872, -0.170895, -0.271829, 0.002355, 14.243164, 4.879761, 71.105957
-0.024433, 0.029668, 1013.000000, 0.006981, 2000.000000, 1000.000000, 10.999486, 10.171706, 11.420077, 11.408731, -0.204108, 0.414404, 0.209781, -0.122164, 0.148342, 0.034904, 10.167593, 2.887258, -4.105795, 0.210980, -0.536278, -0.265438, 0.001852, 14.243164, 4.559326, 66.528320
-0.024433, 0.027923, 1047.000000, 0.006981, 2000.000000, 1000.000000, 13.851496, 13.137978, 14.675766, 14.334761, -0.093128, 0.505263, 0.263631, -0.122164, 0.139616, 0.034904, 10.358432, 1.107358, -4.907487, 0.026690, -0.697132, -0.341071, 0.001913, 14.000977, 15.560913, 223.083481
-0.022688, -0.022688, 1071.000000, 0.006981, 2000.000000, 1000.000000, 17.209877, 16.483166, 17.522831, 16.784126, 0.002999, 0.153478, 0.366353, -0.113438, -0.113438, 0.034904, 9.934002, -1.133130, -6.642816, -0.130968, -0.375425, -0.474228, 0.002339, 13.778320, 23.599243, 333.007782
-0.027923, -0.029668, 1071.000000, 0.006981, 2000.000000, 1000.000000, 16.870262, 16.659081, 17.693672, 16.776985, 0.176377, 0.235329, 0.281967, -0.139616, -0.148342, 0.034904, 8.992912, -2.089158, -7.806675, -0.451611, -0.557584, -0.371964, 0.001766, 13.860352, 21.640015, 270.690918
-0.041885, -0.029668, 1071.000000, 0.008726, 2000.000000, 1000.000000, 16.605307, 16.429941, 17.979361, 16.985392, 0.204652, 0.482375, 0.292333, -0.209424, -0.148342, 0.043630, 7.196730, -4.044338, -8.862087, -0.562398, -0.952794, -0.364507, 0.002199, 13.922852, 18.081665, 257.812500
-0.052356, -0.043630, 1079.000000, 0.006981, 2000.000000, 1000.000000, 16.862440, 16.245249, 17.795473, 17.096838, 0.020361, 0.446155, 0.328956, -0.261780, -0.218150, 0.034904, 4.589928, -8.112437, -10.727098, -0.314192, -0.970904, -0.425226, 0.002218, 13.922852, 19.281006, 274.719238
-0.055846, -0.043630, 1084.000000, 0.006981, 2000.000000, 1000.000000, 18.020596, 17.438805, 18.661716, 17.878883, 0.050261, 0.270300, 0.341156, -0.279232, -0.218150, 0.034904, 3.406405, -10.083488, -12.124993, -0.384499, -0.693937, -0.455054, 0.001836, 13.743164, 25.759888, 362.609833
-0.034904, -0.010471, 1082.000000, 0.006981, 2000.000000, 1000.000000, 17.381958, 17.577419, 19.132397, 17.908226, 0.354907, 0.520312, 0.257178, -0.174520, -0.052356, 0.034904, -0.105266, -12.559887, -14.477648, -0.765862, -0.898466, -0.324027, 0.002262, 13.809570, 22.360229, 316.284180
-0.020942, 0.022688, 1079.000000, 0.006981, 2000.000000, 1000.000000, 16.447866, 16.313700, 17.852110, 17.386324, 0.082904, 0.619216, 0.149988, -0.104712, 0.113438, 0.034904, -2.120352, -14.455050, -15.570398, -0.248147, -0.880357, -0.172760, 0.002302, 13.825195, 12.881470, 183.898911
-0.031414, 0.029668, 1073.000000, 0.006981, 2000.000000, 1000.000000, 16.997252, 16.145163, 17.329844, 17.527742, -0.262496, 0.428793, 0.163548, -0.157068, 0.148342, 0.034904, -2.484680, -16.405159, -16.112408, 0.278091, -0.571432, -0.199392, 0.001799, 13.950195, 17.001343, 247.924789
-0.024433, 0.029668, 1069.000000, 0.006981, 2000.000000, 1000.000000, 16.224794, 15.067733, 16.146906, 16.560564, -0.392680, 0.353736, 0.185851, -0.122164, 0.148342, 0.034904, -1.702726, -17.984257, -16.517704, 0.512448, -0.421231, -0.226023, 0.002092, 13.887695, 18.640137, 266.906738
-0.022688, 0.029668, 1049.000000, 0.008726, 2000.000000, 1000.000000, 14.024027, 13.436037, 14.214401, 14.325535, -0.174781, 0.269968, 0.119215, -0.113438, 0.148342, 0.043630, -0.614326, -19.650009, -16.849939, 0.170500, -0.282747, -0.121628, 0.002282, 14.083008, 10.839844, 156.311035
-0.026178, 0.029668, 1042.000000, 0.008726, 2000.000000, 1000.000000, 13.928717, 13.640285, 14.198555, 14.232443, -0.080580, 0.215499, 0.063636, -0.130890, 0.148342, 0.043630, -0.564711, -20.287603, -17.081949, -0.009529, -0.203918, -0.044929, 0.001851, 14.161133, 7.440186, 107.910149
-0.052356, 0.029668, 1043.000000, 0.008726, 2000.000000, 1000.000000, 13.963947, 13.791702, 14.199413, 14.044937, -0.004442, 0.122175, 0.081680, -0.261780, 0.148342, 0.043630, -1.285207, -20.438231, -17.515873, -0.279039, -0.039868, -0.068365, 0.002238, 14.125977, 9.399414, 135.986328
-0.075044, 0.027923, 1044.000000, 0.024433, 2000.000000, 1000.000000, 14.435090, 14.137570, 13.769006, 13.658334, -0.046712, -0.286330, 0.102048, -0.375218, 0.139616, 0.122164, -2.104838, -18.776867, -18.084509, -0.321649, 0.614200, -0.014037, 0.002343, 14.090820, 10.681152, 154.174805
-0.073298, 0.027923, 1045.000000, 0.031414, 2000.000000, 1000.000000, 14.416451, 14.010931, 13.906366, 13.666252, -0.041351, -0.213691, 0.161409, -0.366492, 0.139616, 0.157068, -2.372191, -16.984634, -18.262644, -0.320584, 0.518327, -0.065169, 0.001774, 14.098633, 10.360718, 149.597168
-0.075044, 0.029668, 1044.000000, 0.031414, 2000.000000, 1000.000000, 14.189167, 13.635303, 14.170582, 14.004948, -0.097057, 0.087764, 0.179875, -0.375218, 0.148342, 0.157068, -2.820334, -16.059574, -18.640858, -0.251342, 0.015525, -0.091801, 0.001778, 14.086914, 11.041260, 159.301758
-0.066318, 0.029668, 1044.000000, 0.052356, 2000.000000, 1000.000000, 13.795453, 13.724586, 14.567361, 13.912601, 0.145973, 0.239981, 0.181407, -0.331588, 0.148342, 0.261780, -4.591587, -16.391821, -19.200632, -0.587964, -0.233745, 0.022182, 0.002179, 14.129883, 8.840942, 127.929680
-0.045375, 0.029668, 1043.000000, 0.052356, 2000.000000, 1000.000000, 13.933436, 14.181687, 14.423869, 13.461007, 0.302778, -0.057562, 0.178653, -0.226876, 0.148342, 0.261780, -6.353249, -15.785840, -19.633699, -0.750948, 0.254143, 0.025378, 0.001975, 14.094727, 11.041260, 159.301758
-0.022688, 0.029668, 1062.000000, 0.045375, 2000.000000, 1000.000000, 16.245184, 16.345285, 16.138577, 15.270951, 0.241932, -0.295235, 0.191881, -0.113438, 0.148342, 0.226876, -7.752182, -13.898271, -20.017345, -0.526179, 0.639766, -0.027885, 0.002231, 13.774414, 26.599121, 375.427216
-0.022688, 0.029668, 1085.000000, 0.008726, 2000.000000, 1000.000000, 18.229603, 18.063908, 17.919827, 17.786663, -0.008132, -0.146755, 0.074715, -0.113438, 0.148342, 0.043630, -8.072887, -11.130458, -20.197376, -0.105402, 0.402214, -0.057712, 0.002284, 13.825195, 30.200195, 422.424286
-0.022688, 0.031414, 1091.000000, 0.005236, 2000.000000, 1000.000000, 18.971342, 18.664598, 19.223257, 19.140802, -0.056073, 0.182029, 0.097299, -0.113438, 0.157068, 0.026178, -8.024711, -10.862750, -20.442492, -0.026573, -0.142133, -0.113106, 0.001784, 13.540039, 35.281372, 489.318817
-0.052356, 0.033159, 1078.000000, 0.005236, 2000.000000, 1000.000000, 16.974525, 16.747459, 17.325180, 16.952835, 0.036321, 0.139008, 0.149854, -0.261780, 0.165794, 0.026178, -9.354816, -11.791258, -21.226515, -0.342954, -0.053717, -0.181282, 0.002330, 13.883789, 18.920898, 268.798828
-0.052356, 0.031414, 1069.000000, 0.006981, 2000.000000, 1000.000000, 16.551056, 16.338312, 15.821808, 15.288825, 0.080060, -0.444684, 0.186431, -0.261780, 0.157068, 0.034904, -9.949743, -10.359794, -21.916679, -0.413261, 0.886906, -0.223893, 0.002270, 13.961914, 16.241455, 232.116684
-0.054101, 0.027923, 1063.000000, 0.008726, 2000.000000, 1000.000000, 16.820560, 16.496143, 15.650060, 15.033237, 0.073101, -0.658352, 0.235310, -0.270506, 0.139616, 0.043630, -9.801419, -7.090190, -22.560818, -0.417522, 1.271464, -0.294200, 0.001748, 14.028320, 13.558960, 194.824203
-0.052356, 0.029668, 1053.000000, 0.034904, 2000.000000, 1000.000000, 15.613859, 14.776121, 15.231026, 14.378994, 0.003573, -0.194990, 0.422443, -0.261780, 0.148342, 0.174520, -9.427804, -2.871515, -24.022657, -0.285431, 0.488499, -0.412443, 0.002062, 13.961914, 8.441162, 106.323235
-0.055846, 0.029668, 1042.000000, 0.033159, 2000.000000, 1000.000000, 14.217138, 13.597174, 14.488253, 13.697435, 0.042713, 0.092844, 0.352695, -0.279232, 0.148342, 0.165794, -9.941233, -2.080147, -25.057045, -0.361064, 0.005938, -0.318701, 0.002338, 14.168945, 7.159424, 103.820793
-0.050611, 0.031414, 1023.000000, 0.033159, 2000.000000, 1000.000000, 12.009037, 11.700951, 12.527094, 11.762918, 0.114023, 0.145006, 0.268065, -0.253054, 0.157068, 0.165794, -10.948468, -1.781525, -25.800545, -0.477177, -0.073957, -0.208979, 0.001825, 14.571289, 0.000000, 0.000000
-0.027923, 0.045375, 1002.000000, 0.036649, 2000.000000, 1000.000000, 9.834646, 9.979481, 10.653400, 9.532473, 0.316441, 0.092936, 0.244023, -0.139616, 0.226876, 0.183246, -12.413918, -1.067202, -26.296597, -0.673184, 0.090093, -0.150390, 0.002115, 16.938477, 0.000000, 0.000000
-0.022688, 0.033159, 1005.000000, 0.043630, 2000.000000, 1000.000000, 10.472586, 9.980030, 10.295467, 9.251917, 0.137749, -0.226308, 0.384027, -0.113438, 0.165794, 0.218150, -13.830951, 1.183641, -27.184046, -0.346150, 0.544958, -0.305918, 0.002344, 14.270508, 3.280640, 47.912594
-0.020942, 0.031414, 1007.000000, 0.054101, 2000.000000, 1000.000000, 10.717212, 9.811748, 10.057050, 9.413991, -0.065602, -0.264479, 0.387131, -0.104712, 0.157068, 0.270506, -13.450660, 2.744918, -27.993706, -0.004202, 0.622722, -0.270764, 0.001779, 14.274414, 3.240967, 47.424313
-0.020942, 0.027923, 1011.000000, 0.076789, 2000.000000, 1000.000000, 11.914805, 10.766843, 10.930123, 10.388228, -0.151517, -0.340824, 0.422464, -0.104712, 0.139616, 0.383944, -12.338077, 4.246181, -28.651615, 0.136412, 0.710073, -0.187674, 0.002180, 14.211914, 6.640625, 96.618645
-0.020942, 0.027923, 1034.000000, 0.148342, 2000.000000, 1000.000000, 13.864954, 12.722870, 13.408234, 12.003942, 0.065551, -0.293912, 0.636594, -0.104712, 0.139616, 0.741710, -11.047504, 6.677306, -29.463089, -0.218319, 0.631244, -0.107780, 0.002261, 14.036133, 21.398926, 306.396484
-0.020942, 0.022688, 1045.000000, 0.198953, 2000.000000, 1000.000000, 14.557997, 13.772194, 14.796440, 12.873369, 0.284317, -0.165095, 0.677218, -0.104712, 0.113438, 0.994764, -11.301800, 8.425237, -29.448114, -0.593290, 0.402214, 0.093554, 0.001868, 14.012695, 14.401245, 206.726059
-0.020942, 0.024433, 1048.000000, 0.253054, 2000.000000, 1000.000000, 13.752304, 13.861584, 15.547056, 12.839056, 0.704320, 0.193056, 0.649680, -0.104712, 0.122164, 1.265270, -14.989952, 10.699005, -27.701818, -1.267598, -0.183678, 0.431241, 0.002302, 14.118164, 10.119629, 146.179199
-0.024433, 0.026178, 1047.000000, 0.254799, 2000.000000, 1000.000000, 14.142396, 13.802884, 15.044564, 13.010156, 0.423724, 0.027360, 0.593480, -0.122164, 0.130890, 1.273996, -17.807882, 11.867548, -25.864939, -0.824451, 0.095419, 0.518592, 0.002243, 14.125977, 9.881592, 143.005371
-0.045375, 0.026178, 1048.000000, 0.253054, 2000.000000, 1000.000000, 15.234530, 13.384252, 13.913825, 13.467393, -0.350962, -0.309391, 0.574178, -0.226876, 0.130890, 1.265270, -17.868361, 13.087085, -24.453110, 0.335615, 0.660006, 0.534571, 0.001920, 14.102539, 10.720825, 154.907227
-0.059337, 0.026178, 1048.000000, 0.251309, 2000.000000, 1000.000000, 16.093184, 12.923751, 13.085475, 13.897590, -0.995387, -0.508468, 0.589330, -0.296684, 0.130890, 1.256544, -14.453604, 14.282979, -23.845356, 1.338022, 0.985975, 0.504744, 0.002040, 14.114258, 10.519409, 152.099609
-0.054101, 0.026178, 1072.000000, 0.235602, 2000.000000, 1000.000000, 18.565943, 15.635705, 16.272104, 17.526247, -1.046095, -0.100825, 0.419024, -0.270506, 0.130890, 1.178010, -7.087603, 14.469299, -23.438084, 1.414721, 0.306340, 0.662402, 0.002303, 13.852539, 22.720337, 322.387665
-0.059337, 0.010471, 1078.000000, 0.219895, 2000.000000, 1000.000000, 17.503222, 16.113295, 16.887896, 17.495588, -0.499405, 0.191741, 0.195559, -0.296684, 0.052356, 1.099476, -4.767141, 13.287523, -21.865988, 0.527361, -0.266768, 0.903150, 0.001805, 13.883789, 21.920776, 311.035156
-0.026178, 0.003490, 1078.000000, 0.200698, 2000.000000, 1000.000000, 17.132303, 16.720770, 16.973875, 17.173052, -0.152677, 0.073464, 0.053090, -0.130890, 0.017452, 1.003490, -4.251513, 12.465711, -19.327049, 0.114041, -0.102719, 0.992632, 0.002212, 13.864258, 20.999146, 298.095703
-0.059337, -0.006981, 1082.000000, 0.191972, 2000.000000, 1000.000000, 18.822201, 18.241817, 16.844513, 18.091469, -0.456835, -0.532009, -0.166643, -0.296684, -0.034904, 0.959860, -2.729074, 13.505695, -15.190022, 0.421901, 0.826186, 1.247228, 0.002377, 13.797852, 24.240112, 342.834442
-0.069808, -0.013962, 1083.000000, 0.186736, 2000.000000, 1000.000000, 18.916307, 18.795115, 16.609697, 17.678881, -0.297594, -0.855711, -0.236997, -0.349040, -0.069808, 0.933682, -1.141913, 16.353949, -12.097747, 0.123628, 1.371598, 1.355884, 0.001748, 13.875977, 19.158936, 272.399902
-0.066318, -0.013962, 1114.000000, 0.171030, 2000.000000, 1000.000000, 20.506741, 22.137745, 20.532555, 20.822960, 0.335150, -0.322242, -0.480352, -0.331588, -0.069808, 0.855148, -1.970730, 20.893095, -5.668069, -0.910737, 0.461868, 1.593437, 0.002056, 13.223633, 48.120117, 652.099548
-0.068063, -0.005236, 1113.000000, 0.162304, 2000.000000, 1000.000000, 19.624405, 21.763939, 21.316315, 21.295341, 0.540126, 0.305828, -0.529641, -0.340314, -0.026178, 0.811518, -5.401320, 20.778307, -0.191463, -1.247358, -0.524561, 1.600894, 0.002298, 13.418945, 39.041138, 536.621094
-0.061082, 0.001745, 1112.000000, 0.151832, 2000.000000, 1000.000000, 20.123182, 21.131021, 20.926794, 21.819002, 0.028908, 0.372898, -0.475012, -0.305410, 0.008726, 0.759162, -7.797501, 18.836832, 4.739302, -0.390891, -0.630021, 1.515673, 0.001753, 13.442383, 37.280273, 513.610840
-0.061082, 0.001745, 1052.000000, 0.082024, 2000.000000, 1000.000000, 14.998343, 15.145135, 13.433816, 16.422707, -0.710524, -0.071739, -0.783921, -0.305410, 0.008726, 0.410122, -7.111860, 18.395502, 8.679835, 0.829894, 0.129508, 1.541239, 0.002172, 14.133789, 5.160522, 84.411613
-0.068063, -0.029668, 1042.000000, 0.045375, 2000.000000, 1000.000000, 14.420313, 13.920797, 11.857191, 15.801699, -1.111006, -0.170555, -0.861248, -0.340314, -0.148342, 0.226876, -1.446249, 20.862284, 12.798106, 1.445613, 0.124181, 1.446431, 0.002337, 14.239258, 4.519653, 65.917969
-0.064572, -0.040140, 1000.000000, 0.010471, 2000.000000, 1000.000000, 9.345242, 10.103523, 8.786173, 11.765062, -0.555152, 0.275618, -0.934293, -0.322862, -0.200698, 0.052356, 1.421055, 20.735931, 15.578092, 0.587016, -0.686480, 1.413408, 0.001793, 18.536133, 0.000000, 1.525879
-0.024433, -0.031414, 1002.000000, 0.010471, 2000.000000, 1000.000000, 7.751888, 9.734083, 10.464828, 12.049200, 0.099456, 1.257015, -0.891641, -0.122164, -0.157068, 0.052356, 3.488786, 14.765384, 20.387785, -0.291822, -2.204472, 1.299426, 0.002396, 14.317383, 0.561523, 8.178711
-0.022688, -0.024433, 1000.000000, 0.010471, 2000.000000, 1000.000000, 7.644089, 9.612020, 10.555197, 12.188694, 0.083608, 1.371945, -0.900357, -0.113438, -0.122164, 0.052356, 5.187810, 8.552311, 23.588795, -0.259864, -2.388762, 1.327122, 0.002179, 14.258789, 3.640747, 53.100582
-0.024433, -0.034904, 1000.000000, 0.026178, 2000.000000, 1000.000000, 8.414407, 9.817119, 10.091138, 11.677337, -0.045872, 0.884237, -0.747227, -0.122164, -0.174520, 0.130890, 7.149430, 3.402917, 26.768328, -0.056400, -1.691018, 1.223793, 0.001827, 14.247070, 4.119873, 60.119625
-0.066318, -0.108202, 1002.000000, 0.008726, 2000.000000, 1000.000000, 9.570278, 11.072052, 8.856749, 10.500921, -0.035600, -0.321165, -0.786487, -0.331588, -0.541012, 0.043630, 8.523419, 0.260090, 31.623928, -0.295018, -0.057978, 1.148159, 0.002318, 14.278320, 2.520752, 36.926270
-0.073298, -0.073298, 1059.000000, 0.008726, 2000.000000, 1000.000000, 14.380260, 16.588465, 14.197464, 14.833811, 0.392964, -0.484363, -0.711138, -0.366492, -0.366492, 0.043630, 6.644740, -0.180319, 34.552891, -1.030046, 0.395822, 1.041633, 0.002287, 13.805664, 23.800659, 336.425751
-0.075044, -0.062827, 1060.000000, 0.008726, 2000.000000, 1000.000000, 14.849092, 17.757603, 15.716327, 15.676977, 0.736965, -0.303348, -0.717290, -0.375218, -0.314136, 0.043630, 3.165856, -1.647353, 37.269482, -1.601024, 0.161465, 1.054417, 0.002213, 13.778320, 23.199463, 327.392548
-0.054101, -0.024433, 1034.000000, 0.008726, 2000.000000, 1000.000000, 16.233305, 17.448427, 7.624990, 10.693278, -0.463291, -3.840866, -1.070853, -0.270506, -0.122164, 0.043630, -3.513910, 5.268423, 41.039398, 0.489012, 6.401745, 1.605155, 0.001770, 14.129883, 5.718994, 82.885735
-0.031414, 0.027923, 1000.000000, 0.006981, 2000.000000, 1000.000000, 11.294041, 11.410858, 6.951252, 10.343849, -0.818945, -1.352449, -0.877353, -0.157068, 0.139616, 0.034904, -16.074610, 22.529919, 49.903889, 1.165451, 2.372941, 1.271729, 0.002250, 14.469727, 0.039673, 0.610352
-0.050611, 0.027923, 1000.000000, 0.006981, 2000.000000, 1000.000000, 9.150951, 9.001007, 9.248152, 12.599890, -0.875421, 0.924021, -0.800448, -0.253054, 0.139616, 0.034904, -14.399498, 25.310061, 52.498955, 1.165451, -1.361853, 1.167334, 0.002184, 14.286133, 2.560425, 37.475586
-0.045375, 0.027923, 1000.000000, 0.005236, 2000.000000, 1000.000000, 7.954813, 8.470945, 10.474892, 13.099350, -0.527082, 1.787121, -0.785148, -0.226876, 0.139616, 0.026178, -6.951155, 23.325268, 52.589100, 0.651996, -2.894759, 1.172660, 0.001754, 14.219727, 5.319214, 77.392578
-0.034904, 0.027923, 1000.000000, 0.005236, 2000.000000, 1000.000000, 8.164955, 9.914221, 10.322184, 11.598640, 0.118203, 0.960412, -0.756431, -0.174520, 0.139616, 0.026178, 1.764837, 17.832882, 54.111794, -0.378108, -1.423638, 1.089570, 0.002279, 14.262695, 3.561401, 52.001949
-0.024433, 0.027923, 1000.000000, 0.005236, 2000.000000, 1000.000000, 8.812837, 11.327262, 9.630765, 10.229136, 0.479014, -0.070049, -0.778200, -0.122164, 0.139616, 0.026178, 1.827920, 15.530585, 57.043278, -0.914998, 0.260534, 1.123658, 0.002227, 14.243164, 4.840088, 70.617676
-0.024433, 0.027923, 1000.000000, 0.005236, 2000.000000, 1000.000000, 9.411614, 11.836427, 9.194423, 9.557536, 0.515424, -0.624020, -0.696981, -0.122164, 0.139616, 0.026178, -1.660959, 14.383321, 60.805016, -1.008740, 1.209679, 1.039503, 0.001803, 14.258789, 3.720093, 54.321285
-0.024433, 0.027923, 1000.000000, 0.005236, 2000.000000, 1000.000000, 9.739611, 11.486488, 8.907961, 9.865940, 0.197225, -0.613049, -0.676214, -0.122164, 0.139616, 0.026178, -7.999472, 13.837982, 66.537590, -0.452676, 1.145764, 0.972392, 0.002385, 14.278320, 2.880859, 42.114254
-0.024433, 0.027923, 1000.000000, 0.001745, 2000.000000, 1000.000000, 7.694431, 10.544477, 11.403711, 10.357380, 0.974095, 0.880545, -0.450929, -0.122164, 0.139616, 0.008726, -9.961143, 13.404231, 69.408325, -1.708615, -1.271306, 0.647488, 0.002210, 14.188477, 7.800293, 113.403313
-0.024433, 0.027923, 1000.000000, -0.005236, 2000.000000, 1000.000000, 5.326532, 8.598635, 14.304129, 11.770704, 1.451382, 3.037417, -0.184669, -0.122164, 0.139616, -0.026178, -2.941697, 3.752538, 70.029709, -2.618345, -5.040188, 0.244821, 0.001748, 14.149414, 8.319092, 120.605461
-0.024433, 0.027923, 1000.000000, -0.020942, 2000.000000, 1000.000000, 11.323360, 9.809196, 8.276371, 10.591072, -0.957216, -0.566279, -0.200135, -0.122164, 0.139616, -0.104712, 2.957662, 0.949950, 70.307449, 1.427504, 1.064804, 0.169187, 0.002289, 14.262695, 3.921509, 57.312008
-0.024433, 0.027923, 1000.000000, -0.020942, 2000.000000, 1000.000000, 10.834386, 10.476928, 8.383655, 10.305032, -0.569709, -0.655657, -0.390980, -0.122164, 0.139616, -0.104712, 0.215952, 6.168994, 71.190422, 0.811785, 1.232049, 0.435502, 0.002286, 14.211914, 6.039429, 87.890617
-0.024433, 0.027923, 1000.000000, -0.026178, 2000.000000, 1000.000000, 7.961365, 10.400041, 11.078235, 10.560359, 0.739137, 0.819297, -0.480200, -0.122164, 0.139616, -0.130890, 0.414931, 4.457917, 72.838768, -1.367732, -1.214848, 0.548419, 0.001958, 14.258789, 4.360962, 63.720699
-0.024433, 0.027923, 1000.000000, -0.029668, 2000.000000, 1000.000000, 10.102703, 9.978872, 9.766764, 10.151661, -0.127182, -0.040788, -0.065266, -0.122164, 0.139616, -0.148342, 1.626948, 0.755162, 73.406738, 0.075692, 0.215794, -0.066235, 0.002210, 14.278320, 3.118896, 45.593258
-0.024433, 0.027923, 1000.000000, -0.043630, 2000.000000, 1000.000000, 10.046248, 9.943852, 9.607974, 10.401925, -0.224087, 0.004950, -0.172889, -0.122164, 0.139616, -0.218150, 1.222467, 1.678345, 73.307877, 0.237611, 0.143356, 0.011529, 0.002183, 14.270508, 3.759766, 54.870602
-0.024433, 0.027923, 1000.000000, -0.055846, 2000.000000, 1000.000000, 9.613111, 10.068039, 9.974773, 10.344076, 0.021406, 0.159424, -0.206058, -0.122164, 0.139616, -0.279232, 1.235294, 1.729827, 73.262939, -0.166122, -0.111241, -0.006580, 0.002232, 14.278320, 3.561401, 52.124020
-0.024433, 0.027923, 1000.000000, -0.055846, 2000.000000, 1000.000000, 9.772850, 10.031456, 9.817772, 10.377922, -0.075386, 0.097847, -0.204689, -0.122164, 0.139616, -0.279232, 1.354953, 1.398736, 73.263832, -0.006333, -0.013237, -0.005515, 0.001885, 14.274414, 3.601074, 52.612301
-0.024433, 0.027923, 1000.000000, -0.043630, 2000.000000, 1000.000000, 9.808134, 9.989588, 9.862192, 10.340086, -0.074110, 0.101139, -0.164836, -0.122164, 0.139616, -0.218150, 1.374010, 1.545525, 73.245628, -0.010594, -0.015367, -0.000189, 0.002318, 14.278320, 3.759766, 54.992672
-0.024433, 0.027923, 1009.000000, -0.036649, 2000.000000, 1000.000000, 9.846596, 9.982111, 9.864742, 10.306551, -0.076573, 0.085647, -0.144331, -0.122164, 0.139616, -0.183246, 1.379612, 1.534337, 73.254601, -0.005268, 0.009134, 0.008334, 0.002226, 14.297852, 2.841187, 41.625973
-0.024433, 0.027923, 1006.000000, -0.020942, 2000.000000, 1000.000000, 9.905672, 9.923203, 9.935123, 10.236002, -0.070837, 0.085563, -0.079602, -0.122164, 0.139616, -0.104712, 1.362233, 1.556746, 73.261139, -0.013790, 0.008068, 0.001942, 0.001861, 14.290039, 2.960205, 45.715328
-0.024433, 0.027923, 1023.000000, -0.003490, 2000.000000, 1000.000000, 11.970005, 11.846504, 12.006155, 12.177336, -0.073670, 0.091745, -0.011920, -0.122164, 0.139616, -0.017452, 1.342800, 1.534464, 73.260338, -0.010594, -0.000454, -0.001254, 0.002280, 14.075195, 14.440918, 208.190903
-0.024433, 0.027923, 1036.000000, 0.001745, 2000.000000, 1000.000000, 13.011160, 12.791584, 13.011629, 13.185627, -0.098394, 0.098628, 0.011394, -0.122164, 0.139616, 0.008726, 1.400430, 1.594612, 73.312813, 0.029886, -0.010041, -0.006580, 0.002448, 14.133789, 9.759521, 141.296387
-0.024433, 0.027923, 1047.000000, 0.001745, 2000.000000, 1000.000000, 13.943534, 13.738446, 14.071828, 14.246192, -0.094863, 0.159010, 0.007681, -0.122164, 0.139616, 0.008726, 1.603421, 1.711285, 73.257179, 0.025625, -0.114436, -0.002319, 0.001895, 14.040039, 14.480591, 208.190903
-0.024433, 0.027923, 1056.000000, 0.001745, 2000.000000, 1000.000000, 15.118307, 14.691380, 14.945566, 15.244747, -0.181527, 0.095157, 0.031936, -0.122164, 0.139616, 0.008726, 1.863052, 1.826272, 73.207199, 0.173696, -0.011106, -0.036407, 0.001750, 13.969727, 20.440674, 292.114258
-0.024433, 0.027923, 1070.000000, 0.003490, 2000.000000, 1000.000000, 16.875694, 16.353546, 17.204937, 17.565823, -0.220759, 0.385379, 0.040317, -0.122164, 0.139616, 0.017452, 2.792753, 2.643652, 72.981262, 0.230154, -0.477689, -0.038538, 0.002279, 13.922852, 19.281006, 274.780273
-0.024433, 0.027923, 1070.000000, 0.003490, 2000.000000, 1000.000000, 16.338453, 16.089079, 17.709120, 17.863348, -0.100902, 0.786234, 0.023787, -0.122164, 0.139616, 0.017452, 5.186014, 2.283890, 72.848831, 0.038408, -1.182890, -0.015102, 0.001792, 13.907227, 19.918823, 283.630371
-0.024433, 0.027923, 1069.000000, -0.003490, 2000.000000, 1000.000000, 15.378572, 15.311611, 16.713678, 16.596140, 0.012644, 0.654908, 0.046125, -0.122164, 0.139616, -0.017452, 10.213153, 0.746153, 72.503090, -0.154404, -0.926163, -0.084344, 0.002104, 14.047852, 13.558960, 195.129379
-0.024433, 0.027923, 1069.000000, -0.015707, 2000.000000, 1000.000000, 15.877464, 16.315058, 16.211180, 15.596300, 0.263118, -0.096260, 0.044322, -0.122164, 0.139616, -0.078534, 10.622587, -0.480337, 72.187981, -0.577311, 0.307406, -0.149325, 0.001748, 14.008789, 15.960693, 229.003891
-0.024433, 0.027923, 1065.000000, -0.078534, 2000.000000, 1000.000000, 16.855438, 16.510300, 14.991822, 15.642440, -0.248939, -0.682869, -0.076369, -0.122164, 0.139616, -0.392670, 6.356556, -0.219571, 71.122391, 0.279156, 1.254420, -0.311244, 0.002342, 14.043945, 13.360596, 192.077621
-0.024433, 0.027923, 1066.000000, -0.136126, 2000.000000, 1000.000000, 16.985462, 15.883565, 14.548173, 16.582802, -0.784131, -0.434513, -0.233183, -0.122164, 0.139616, -0.680628, 4.312152, 2.773467, 70.208542, 1.143080, 0.860274, -0.395399, 0.002241, 13.973633, 16.720581, 192.993149
-0.024433, 0.027923, 1058.000000, -0.174520, 2000.000000, 1000.000000, 15.247932, 14.576302, 14.193916, 15.981850, -0.614891, 0.087883, -0.279075, -0.122164, 0.139616, -0.872600, 4.446307, 5.934845, 68.932564, 0.924702, 0.004872, -0.539209, 0.001776, 14.118164, 9.759521, 141.113281
-0.024433, 0.027923, 1056.000000, -0.191972, 2000.000000, 1000.000000, 14.657184, 14.606656, 14.828097, 15.908063, -0.282623, 0.368080, -0.257359, -0.122164, 0.139616, -0.959860, 5.795701, 7.288893, 67.132317, 0.329223, -0.444666, -0.657453, 0.002323, 14.086914, 10.879517, 157.104492
-0.024433, 0.027923, 1052.000000, -0.195462, 2000.000000, 1000.000000, 14.608242, 15.271532, 14.922888, 15.197338, 0.097210, 0.060113, -0.234435, -0.122164, 0.139616, -0.977312, 6.481948, 6.254791, 64.128258, -0.297148, 0.050679, -0.708585, 0.002286, 14.028320, 14.959717, 214.904770
-0.024433, 0.027923, 1038.000000, -0.260035, 2000.000000, 1000.000000, 12.815934, 13.599319, 12.398067, 13.186681, -0.001308, -0.207626, -0.393000, -0.122164, 0.139616, -1.300174, 5.386873, 6.039402, 62.210361, -0.134164, 0.506609, -0.834285, 0.001758, 14.161133, 8.599854, 124.694817
-0.024433, 0.027923, 1036.000000, -0.300174, 2000.000000, 1000.000000, 13.144317, 13.461820, 12.021947, 13.371917, -0.258117, -0.303068, -0.416869, -0.122164, 0.139616, -1.500872, 4.016425, 7.076180, 59.773048, 0.290874, 0.648288, -1.011118, 0.002215, 14.192383, 7.199097, 104.614250
-0.024433, 0.027923, 1036.000000, -0.289703, 2000.000000, 1000.000000, 13.255649, 13.023417, 12.214904, 13.506030, -0.380840, -0.139533, -0.264723, -0.122164, 0.139616, -1.448516, 3.019402, 9.879556, 55.544827, 0.491142, 0.379843, -1.163450, 0.002274, 14.161133, 8.761597, 127.014153
-0.024433, 0.027923, 1036.000000, -0.256544, 2000.000000, 1000.000000, 12.921089, 12.875216, 12.725271, 13.478424, -0.199756, 0.101848, -0.176820, -0.122164, 0.139616, -1.282722, 3.253355, 10.906940, 52.398754, 0.210980, -0.019628, -1.132558, 0.001748, 14.192383, 6.680298, 97.106926
-0.024433, 0.027923, 1037.000000, -0.263525, 2000.000000, 1000.000000, 12.452820, 13.167381, 13.152815, 13.226984, 0.160098, 0.189900, -0.197183, -0.122164, 0.139616, -1.317626, 3.531179, 10.151830, 47.714642, -0.387695, -0.160242, -1.121905, 0.002327, 14.137695, 10.281372, 148.803711
-0.041885, 0.024433, 1037.000000, -0.291448, 2000.000000, 1000.000000, 12.533623, 13.368410, 12.916195, 13.181772, 0.142302, 0.048983, -0.275091, -0.209424, 0.122164, -1.457242, 2.809411, 9.183135, 44.794468, -0.459068, 0.050679, -1.163450, 0.002171, 14.172852, 8.160400, 114.318840
-0.057592, -0.001745, 1044.000000, -0.315881, 2000.000000, 1000.000000, 13.838644, 14.464958, 13.564356, 14.132042, 0.014657, -0.151801, -0.298500, -0.287958, -0.008726, -1.579406, 1.711991, 8.761464, 41.724846, -0.341889, 0.245621, -1.272106, 0.001820, 14.067383, 13.159180, 189.575180
-0.061082, -0.029668, 1060.000000, -0.287958, 2000.000000, 1000.000000, 16.129749, 16.274784, 15.714762, 15.880702, -0.005227, -0.202268, -0.077744, -0.305410, -0.148342, -1.439790, 0.595260, 8.608624, 38.182201, -0.320584, 0.169987, -1.419112, 0.002262, 13.778320, 27.801514, 392.211884
-0.090750, -0.080279, 1109.000000, -0.197208, 2000.000000, 1000.000000, 19.948328, 19.530191, 20.322065, 20.199415, -0.073872, 0.260741, 0.135197, -0.453752, -0.401396, -0.986038, -0.010188, 7.045887, 32.905479, -0.364260, -0.847334, -1.236953, 0.002266, 13.145508, 61.642456, 829.711853
-0.094241, -0.095986, 1119.000000, -0.099476, 2000.000000, 1000.000000, 20.534597, 20.379610, 22.167032, 20.918760, 0.273321, 0.542896, 0.350815, -0.471204, -0.479930, -0.497382, 0.139675, 3.399047, 29.890326, -0.986370, -1.453465, -1.047337, 0.001748, 13.219727, 50.161743, 679.809509
-0.092496, -0.123909, 1136.000000, -0.064572, 2000.000000, 1000.000000, 22.512110, 22.713057, 24.251150, 22.523684, 0.482104, 0.387418, 0.381630, -0.462478, -0.619546, -0.322862, -1.069263, -1.703508, 27.199169, -1.288903, -1.299003, -0.882222, 0.002228, 13.079102, 56.359863, 754.821716
-0.097731, -0.127400, 1168.000000, -0.012216, 2000.000000, 1000.000000, 26.441977, 25.241453, 26.385622, 25.930948, -0.186462, 0.158285, 0.413800, -0.488656, -0.636998, -0.061082, -2.024506, -6.861027, 24.081240, -0.218319, -0.944272, -0.649996, 0.002158, 12.700195, 74.081421, 963.134705
-0.090750, -0.085515, 1150.000000, 0.000000, 2000.000000, 1000.000000, 25.001612, 23.878290, 25.614061, 25.506037, -0.253825, 0.560049, 0.307836, -0.453752, -0.427574, 0.000000, -0.844672, -9.853314, 22.824390, -0.061726, -1.426834, -0.452923, 0.001753, 12.809570, 68.081665, 892.394958
-0.078534, -0.054101, 1009.000000, 0.006981, 2000.000000, 1000.000000, 9.266286, 9.562987, 11.173825, 9.996902, 0.368406, 0.585363, 0.220056, -0.392670, -0.270506, 0.034904, -0.405183, -16.839281, 21.388510, -1.020458, -1.253197, -0.271829, 0.002263, 27.551758, 0.000000, 3.295898
-0.068063, -0.031414, 1000.000000, 0.006981, 2000.000000, 1000.000000, 10.139406, 10.375725, 10.149084, 9.335785, 0.262405, -0.257565, 0.144245, -0.340314, -0.157068, 0.034904, -2.474016, -19.030788, 20.168713, -0.795689, 0.248817, -0.165303, 0.002269, 22.934570, 0.039673, 0.915527
-0.066318, -0.026178, 1000.000000, 0.005236, 2000.000000, 1000.000000, 11.196430, 10.266998, 9.186199, 9.350372, -0.273401, -0.731714, 0.191315, -0.331588, -0.130890, 0.026178, -4.134680, -17.211313, 19.099573, 0.096997, 1.082913, -0.246263, 0.001968, 18.231445, 0.039673, 0.671387
-0.064572, -0.022688, 1000.000000, 0.005236, 2000.000000, 1000.000000, 11.174406, 9.603498, 9.151108, 10.070988, -0.622697, -0.388952, 0.162757, -0.322862, -0.113438, 0.026178, -3.703884, -14.484785, 18.539644, 0.678628, 0.524718, -0.203653, 0.002089, 15.891602, 0.000000, 1.892090
-0.080279, -0.029668, 1000.000000, 0.005236, 2000.000000, 1000.000000, 10.242489, 8.967216, 10.000727, 10.789568, -0.516029, 0.395148, 0.121607, -0.401396, -0.148342, 0.026178, -1.001588, -14.535076, 18.662918, 0.413379, -0.802593, -0.142933, 0.002273, 14.282227, 2.160645, 31.616209
-0.080279, -0.027923, 1000.000000, 0.005236, 2000.000000, 1000.000000, 9.726184, 9.143819, 10.427543, 10.702455, -0.214319, 0.564999, 0.076864, -0.401396, -0.139616, 0.026178, 0.315113, -16.916624, 18.690641, -0.074509, -1.097669, -0.082213, 0.001946, 14.258789, 3.079224, 44.982906
-0.078534, -0.029668, 1000.000000, 0.005236, 2000.000000, 1000.000000, 9.658784, 9.371360, 10.616626, 10.353230, -0.006007, 0.484928, 0.137705, -0.392670, -0.148342, 0.026178, 0.515544, -19.897049, 18.417778, -0.412196, -0.957055, -0.166369, 0.002178, 14.235352, 3.799438, 55.419918
-0.082024, -0.034904, 1000.000000, 0.005236, 2000.000000, 1000.000000, 10.069892, 9.645171, 10.310250, 9.974687, -0.022289, 0.142468, 0.190071, -0.410122, -0.174520, 0.026178, -0.433777, -23.099070, 17.198481, -0.404739, -0.422296, -0.239872, 0.002208, 14.247070, 3.759766, 54.870602
-0.087260, -0.036649, 1025.000000, 0.005236, 2000.000000, 1000.000000, 12.275389, 11.867687, 11.896049, 11.960875, -0.118131, -0.071538, 0.085720, -0.436300, -0.183246, 0.026178, -1.194303, -23.930967, 16.415287, -0.277974, -0.079283, -0.097127, 0.001755, 14.176758, 7.400513, 107.421867
-0.085515, -0.031414, 1061.000000, 0.005236, 2000.000000, 1000.000000, 16.291832, 15.907282, 15.737885, 16.063004, -0.177417, -0.099557, 0.014858, -0.427574, -0.157068, 0.026178, -1.777568, -24.114151, 16.140640, -0.167187, -0.002584, 0.007268, 0.001769, 13.883789, 42.160034, 586.486816
-0.073298, 0.029668, 1074.000000, 0.001745, 2000.000000, 1000.000000, 16.580379, 16.898178, 17.489223, 17.032219, 0.193701, 0.260720, 0.034802, -0.366492, 0.148342, 0.008726, -3.457696, -25.085894, 15.287604, -0.713664, -0.264638, -0.039603, 0.002254, 13.825195, 20.919800, 296.203613
-0.064572, 0.033159, 1073.000000, 0.000000, 2000.000000, 1000.000000, 16.567768, 17.176571, 17.527473, 16.728188, 0.352023, 0.127830, 0.047622, -0.322862, 0.165794, 0.000000, -5.889670, -26.113773, 14.066127, -0.921389, -0.031346, -0.067300, 0.002175, 13.891602, 19.158936, 272.399902
-0.080279, 0.069808, 1064.000000, -0.006981, 2000.000000, 1000.000000, 16.034441, 15.744190, 16.066521, 16.154846, -0.094644, 0.110684, 0.050481, -0.401396, 0.349040, -0.034904, -7.842163, -26.228468, 12.939507, -0.277974, 0.194488, -0.110975, 0.001774, 14.063477, 10.879517, 156.616211
-0.075044, 0.089005, 1020.000000, -0.033159, 2000.000000, 1000.000000, 12.637837, 11.212726, 11.302497, 12.846940, -0.742389, 0.074718, -0.029833, -0.375218, 0.445026, -0.165794, -6.294622, -24.753857, 13.141771, 0.812850, 0.355342, -0.134411, 0.002225, 14.254883, 2.920532, 42.602535
-0.069808, 0.092496, 1003.000000, -0.033159, 2000.000000, 1000.000000, 10.550462, 9.498668, 9.496486, 10.454385, -0.502423, -0.024565, 0.023474, -0.349040, 0.462478, -0.165794, -4.738390, -23.183195, 13.278749, 0.471968, 0.543893, -0.212175, 0.001889, 17.469727, 0.000000, 2.075195
-0.054101, 0.118674, 1004.000000, -0.013962, 2000.000000, 1000.000000, 10.290801, 9.748675, 9.915210, 10.045314, -0.168057, -0.019738, 0.103005, -0.270506, 0.593368, -0.069808, -4.507597, -21.393866, 12.759746, -0.009529, 0.672789, -0.219632, 0.002153, 14.629883, 0.280762, 4.211426
-0.043630, 0.132635, 1017.000000, 0.005236, 2000.000000, 1000.000000, 10.855206, 11.039687, 11.245564, 10.859542, 0.142626, 0.052553, 0.050386, -0.218150, 0.663176, 0.026178, -6.342391, -19.004822, 11.550952, -0.465459, 0.623787, -0.042799, 0.002353, 14.176758, 8.520508, 123.596184
-0.040140, 0.129145, 1048.000000, 0.006981, 2000.000000, 1000.000000, 14.029002, 13.824965, 14.053946, 14.092086, -0.060544, 0.073016, 0.041474, -0.200698, 0.645724, 0.034904, -7.637800, -17.600748, 11.051907, -0.120316, 0.585438, -0.022559, 0.001756, 13.958008, 16.000366, 228.881821
-0.040140, 0.129145, 1049.000000, 0.006981, 2000.000000, 1000.000000, 14.552547, 13.407004, 13.517215, 14.523234, -0.537890, 0.020224, 0.034880, -0.200698, 0.645724, 0.034904, -7.041283, -15.771278, 11.186936, 0.694607, 0.673854, -0.012972, 0.001748, 14.059570, 11.840820, 170.532211
-0.045375, 0.076789, 1054.000000, 0.006981, 2000.000000, 1000.000000, 16.269424, 14.720116, 13.807524, 15.202936, -0.736180, -0.494770, 0.038474, -0.226876, 0.383944, 0.034904, -4.134208, -11.317669, 11.711591, 0.947073, 1.216070, -0.017233, 0.002275, 13.961914, 17.840576, 255.004868
-0.052356, 0.033159, 1068.000000, 0.006981, 2000.000000, 1000.000000, 17.048502, 16.274347, 14.925060, 15.752090, -0.400296, -0.661425, -0.013218, -0.261780, 0.165794, 0.034904, -3.099719, -7.578724, 11.932500, 0.379290, 1.258681, 0.055205, 0.002225, 13.887695, 19.720459, 280.578613
-0.050611, 0.027923, 1070.000000, 0.003490, 2000.000000, 1000.000000, 17.394053, 17.061110, 16.633772, 16.911066, -0.152560, -0.227582, 0.013912, -0.253054, 0.139616, 0.017452, -3.203642, -4.993680, 12.027078, -0.008464, 0.539632, -0.001254, 0.001848, 13.821289, 23.480225, 332.092255
-0.050611, 0.027923, 1061.000000, 0.003490, 2000.000000, 1000.000000, 16.537096, 15.193573, 15.615696, 16.653635, -0.595366, 0.134665, 0.076396, -0.253054, 0.139616, 0.017452, -1.900560, -4.283255, 11.938701, 0.683954, -0.068630, -0.087540, 0.002387, 13.883789, 19.360352, 275.512695
-0.052356, 0.027923, 1044.000000, 0.001745, 2000.000000, 1000.000000, 14.653902, 13.412672, 13.477638, 14.455788, -0.554845, -0.033287, 0.065770, -0.261780, 0.139616, 0.008726, -0.158700, -3.824886, 11.823179, 0.658388, 0.204076, -0.086474, 0.001810, 14.239258, 2.880859, 41.992184
-0.040140, 0.027923, 1045.000000, 0.001745, 2000.000000, 1000.000000, 14.722246, 13.907883, 13.369940, 13.999931, -0.361089, -0.315064, 0.046093, -0.200698, 0.139616, 0.008726, 1.095734, -2.360134, 11.717507, 0.385682, 0.667463, -0.056647, 0.002155, 14.149414, 8.441162, 122.314445
-0.038394, 0.029668, 1046.000000, 0.001745, 2000.000000, 1000.000000, 15.081591, 14.251566, 12.924847, 13.741997, -0.411793, -0.666579, 0.003219, -0.191972, 0.148342, 0.008726, 1.638265, 1.990367, 11.673068, 0.458119, 1.246963, 0.005138, 0.002280, 14.118164, 9.439087, 136.413574
-0.045375, 0.029668, 1047.000000, 0.000000, 2000.000000, 1000.000000, 15.268435, 13.964942, 12.742173, 14.024449, -0.646443, -0.616689, 0.005305, -0.226876, 0.148342, 0.000000, 2.613039, 5.662394, 11.597582, 0.844808, 1.215005, -0.007645, 0.001753, 14.102539, 10.159302, 146.728516
-0.054101, 0.027923, 1047.000000, 0.000000, 2000.000000, 1000.000000, 14.578732, 13.486246, 13.420916, 14.514107, -0.546419, -0.032489, -0.000176, -0.270506, 0.139616, 0.000000, 5.354214, 9.235687, 11.197828, 0.620039, 0.207271, -0.000189, 0.002071, 14.102539, 9.759521, 140.991211
-0.055846, 0.027923, 1046.000000, -0.008726, 2000.000000, 1000.000000, 14.014778, 13.388889, 13.907368, 14.688965, -0.351872, 0.298166, -0.038927, -0.279232, 0.139616, -0.043630, 6.555752, 9.172817, 11.005816, 0.275960, -0.338140, 0.008334, 0.002200, 14.118164, 9.759521, 138.183594
-0.059337, 0.027923, 1047.000000, -0.013962, 2000.000000, 1000.000000, 13.860559, 13.371830, 14.010241, 14.757370, -0.308965, 0.383806, -0.064600, -0.296684, 0.139616, -0.069808, 7.336150, 8.043130, 10.911662, 0.196066, -0.497929, 0.017921, 0.001797, 14.106445, 10.159302, 146.728516
-0.068063, 0.027923, 1044.000000, -0.033159, 2000.000000, 1000.000000, 14.359591, 13.702662, 13.326880, 14.610866, -0.485229, -0.031127, -0.156764, -0.340314, 0.139616, -0.165794, 8.316862, 7.687359, 10.871175, 0.432553, 0.199815, 0.044552, 0.002129, 14.118164, 9.881592, 142.822266
-0.068063, 0.027923, 1068.000000, -0.017452, 2000.000000, 1000.000000, 16.906008, 16.288832, 15.033479, 15.771680, -0.338845, -0.597420, -0.030256, -0.340314, 0.139616, -0.087260, 9.262103, 11.042433, 10.882137, 0.199262, 1.127654, -0.047060, 0.002186, 13.907227, 17.919922, 255.310043
-0.064572, 0.027923, 1071.000000, -0.012216, 2000.000000, 1000.000000, 17.611561, 17.169502, 16.495026, 16.723911, -0.167735, -0.390532, 0.053292, -0.322862, 0.139616, -0.061082, 8.996359, 13.739261, 10.618939, -0.064922, 0.816599, -0.143998, 0.001749, 13.825195, 22.479248, 318.298340
-0.085515, 0.027923, 1070.000000, 0.000000, 2000.000000, 1000.000000, 17.096050, 16.440952, 17.086021, 17.376976, -0.236513, 0.231498, 0.091035, -0.427574, 0.139616, 0.000000, 8.386491, 14.767699, 10.219703, -0.072379, -0.222027, -0.128019, 0.002269, 13.860352, 21.160889, 300.415039
-0.099476, 0.027923, 1070.000000, 0.000000, 2000.000000, 1000.000000, 17.002712, 16.454262, 17.151905, 17.391121, -0.196917, 0.271514, 0.077308, -0.497382, 0.139616, 0.000000, 8.147440, 13.874040, 9.961362, -0.215124, -0.296595, -0.108845, 0.002186, 13.918945, 18.560791, 264.526367
-0.116928, 0.026178, 1070.000000, 0.000000, 2000.000000, 1000.000000, 17.112940, 16.901289, 17.064718, 16.921053, -0.016997, -0.007114, 0.088829, -0.584642, 0.130890, 0.000000, 7.127523, 13.439034, 9.873674, -0.603943, 0.154009, -0.128019, 0.001828, 13.887695, 19.561768, 278.198242
-0.118674, 0.019197, 1070.000000, 0.000000, 2000.000000, 1000.000000, 17.182091, 17.369930, 17.046539, 16.401440, 0.208234, -0.276010, 0.114314, -0.593368, 0.095986, 0.000000, 3.047450, 14.657830, 10.299548, -0.989566, 0.556676, -0.161042, 0.002148, 13.856445, 22.760010, 322.814911
-0.116928, -0.005236, 1069.000000, 0.001745, 2000.000000, 1000.000000, 16.001741, 16.094172, 16.245016, 15.659070, 0.169594, -0.047956, 0.123379, -0.584642, -0.026178, 0.008726, 0.291034, 14.957471, 10.555992, -0.901149, 0.048548, -0.164238, 0.002218, 14.000977, 14.440918, 207.092270
-0.108202, -0.015707, 1069.000000, 0.001745, 2000.000000, 1000.000000, 15.878780, 15.556706, 16.341080, 16.223431, -0.051106, 0.282257, 0.109931, -0.541012, -0.078534, 0.008726, -1.382529, 13.893189, 10.561195, -0.507004, -0.562910, -0.150390, 0.001754, 14.000977, 15.161133, 217.407211
-0.104712, -0.012216, 1070.000000, 0.001745, 2000.000000, 1000.000000, 16.828421, 16.261351, 17.479788, 17.430441, -0.129430, 0.455114, 0.154105, -0.523560, -0.061082, 0.008726, -2.108120, 11.642014, 10.251721, -0.350411, -0.810050, -0.207914, 0.002152, 13.821289, 23.400879, 331.298798
-0.104712, -0.029668, 1060.000000, 0.001745, 2000.000000, 1000.000000, 16.285545, 15.812013, 16.072176, 15.830269, -0.057906, -0.048778, 0.178860, -0.523560, -0.148342, 0.008726, -3.345503, 9.585856, 9.483457, -0.464394, -0.081413, -0.243067, 0.002169, 14.004883, 14.001465, 200.805649
-0.095986, -0.027923, 1057.000000, 0.001745, 2000.000000, 1000.000000, 15.227954, 15.221589, 14.986705, 14.563752, 0.104147, -0.224772, 0.107329, -0.479930, -0.139616, 0.008726, -4.968008, 9.594631, 9.238077, -0.699816, 0.225381, -0.147194, 0.001750, 14.059570, 12.200928, 175.598129
-0.087260, -0.022688, 1054.000000, 0.005236, 2000.000000, 1000.000000, 15.119778, 14.939344, 15.190296, 14.750582, 0.064820, -0.029561, 0.155037, -0.436300, -0.113438, 0.026178, -6.782073, 9.618309, 9.084214, -0.573050, -0.071826, -0.189804, 0.002249, 14.063477, 11.840820, 170.532211
-0.069808, -0.012216, 1043.000000, 0.006981, 2000.000000, 1000.000000, 13.785023, 13.217022, 14.575253, 14.422703, -0.103863, 0.498977, 0.180137, -0.349040, -0.061082, 0.034904, -7.850482, 7.267441, 8.523578, -0.200210, -0.879291, -0.216436, 0.002265, 14.043945, 12.280273, 176.513657
-0.066318, -0.019197, 1042.000000, 0.006981, 2000.000000, 1000.000000, 14.065475, 13.090931, 14.512487, 14.331106, -0.198291, 0.421797, 0.288982, -0.331588, -0.095986, 0.034904, -7.673438, 4.861527, 7.717183, -0.025508, -0.824963, -0.382616, 0.001772, 14.125977, 8.880615, 128.417969
-0.057592, -0.062827, 1043.000000, 0.006981, 2000.000000, 1000.000000, 14.606272, 13.246313, 14.161034, 13.986382, -0.296326, 0.073707, 0.383653, -0.287958, -0.314136, 0.034904, -6.914664, 2.335709, 5.785623, 0.168369, -0.456384, -0.498729, 0.002372, 14.086914, 11.160278, 161.010727
-0.055846, -0.083770, 1043.000000, 0.006981, 2000.000000, 1000.000000, 14.604835, 13.385449, 14.167203, 13.842513, -0.223674, 0.004858, 0.386019, -0.279232, -0.418848, 0.034904, -6.538607, 1.236095, 4.418897, 0.067170, -0.456384, -0.508316, 0.002148, 14.110352, 9.799194, 141.479492
-0.052356, -0.090750, 1059.000000, 0.006981, 2000.000000, 1000.000000, 15.548701, 14.228522, 15.188304, 15.034472, -0.291587, 0.111388, 0.368502, -0.261780, -0.453752, 0.034904, -6.072872, -0.172215, 3.093957, 0.200327, -0.682219, -0.495533, 0.001814, 13.965820, 17.001343, 243.286118
-0.054101, -0.101222, 1059.000000, 0.006981, 2000.000000, 1000.000000, 15.547276, 13.844999, 15.285559, 15.322166, -0.434721, 0.303862, 0.416417, -0.270506, -0.506108, 0.034904, -5.081494, -2.583283, 1.695780, 0.422966, -1.047602, -0.549861, 0.002153, 13.911133, 17.401123, 249.511703
-0.054101, -0.095986, 1061.000000, 0.006981, 2000.000000, 1000.000000, 16.300247, 14.772832, 16.682911, 16.244007, -0.272128, 0.463460, 0.491580, -0.270506, -0.479930, 0.034904, -3.570239, -7.556965, -0.637196, 0.145999, -1.267045, -0.649996, 0.002290, 13.946289, 17.279053, 246.704086
-0.052356, -0.094241, 1061.000000, 0.006981, 2000.000000, 1000.000000, 16.022438, 15.145687, 17.023506, 15.808369, 0.084597, 0.415938, 0.522972, -0.261780, -0.471204, 0.034904, -4.250840, -10.760627, -2.545453, -0.438828, -1.219109, -0.719237, 0.001799, 13.989258, 14.959717, 214.233383
-0.050611, -0.089005, 1062.000000, 0.006981, 2000.000000, 1000.000000, 15.897647, 15.046306, 17.396507, 15.659538, 0.221407, 0.528024, 0.647078, -0.253054, -0.445026, 0.034904, -6.332092, -14.132127, -5.218246, -0.631639, -1.341613, -0.872635, 0.002215, 13.969727, 16.360474, 234.130844
-0.045375, 0.027923, 1079.000000, 0.006981, 2000.000000, 1000.000000, 17.472509, 14.899636, 17.929434, 17.698420, -0.585464, 0.813927, 0.700972, -0.226876, 0.139616, 0.034904, -6.851075, -19.430014, -9.100598, 0.712716, -1.179694, -0.946137, 0.002247, 13.833008, 20.480347, 295.410156
-0.047120, 0.027923, 1080.000000, 0.008726, 2000.000000, 1000.000000, 19.042503, 15.891635, 18.428139, 18.637722, -0.840112, 0.532930, 0.735322, -0.235602, 0.139616, 0.043630, -4.356125, -22.513325, -10.825316, 1.171842, -0.757852, -1.022836, 0.001748, 13.782227, 24.679565, 347.534149
-0.047120, 0.027923, 1079.000000, 0.036649, 2000.000000, 1000.000000, 18.021408, 15.915142, 17.791237, 16.272213, -0.146811, 0.031724, 0.906323, -0.235602, 0.139616, 0.183246, -1.641873, -24.120375, -14.087771, -0.011659, 0.096485, -1.068642, 0.002373, 13.778320, 24.240112, 341.918915
-0.048866, 0.027923, 1079.000000, 0.069808, 2000.000000, 1000.000000, 17.617563, 16.361532, 18.424650, 15.596254, 0.393092, 0.010453, 1.021107, -0.244328, 0.139616, 0.349040, -2.961321, -23.385605, -17.444893, -0.904345, 0.133769, -1.067577, 0.002166, 13.907227, 17.761230, 252.990707
-0.043630, 0.033159, 1075.000000, 0.075044, 2000.000000, 1000.000000, 17.804977, 16.348503, 18.270790, 15.575729, 0.309646, -0.076740, 1.037883, -0.218150, 0.165794, 0.375218, -5.340433, -21.991133, -21.257839, -0.774384, 0.308471, -1.102730, 0.001758, 13.918945, 18.481445, 263.427734
-0.024433, 0.120419, 1061.000000, 0.073298, 2000.000000, 1000.000000, 17.167154, 14.692058, 16.943434, 15.197355, -0.182255, 0.070394, 1.055294, -0.122164, 0.602094, 0.366492, -5.663389, -20.600628, -24.440826, 0.169435, 0.528979, -1.091012, 0.002257, 13.997070, 14.120483, 202.331528
-0.043630, 0.099476, 1056.000000, 0.066318, 2000.000000, 1000.000000, 16.758949, 13.491565, 15.204875, 14.544612, -0.651780, -0.125257, 0.981912, -0.218150, 0.497382, 0.331588, -1.643725, -19.504955, -27.332918, 0.823503, 0.737770, -1.021771, 0.002297, 14.067383, 11.318970, 163.024887
-0.050611, 0.075044, 1054.000000, 0.082024, 2000.000000, 1000.000000, 16.478397, 14.036093, 15.407516, 14.077993, -0.278196, -0.257246, 0.942957, -0.253054, 0.375218, 0.410122, 0.693689, -18.257004, -29.248072, 0.202458, 0.843230, -0.924832, 0.001778, 14.040039, 12.600708, 181.091293
-0.050611, 0.083770, 1043.000000, 0.104712, 2000.000000, 1000.000000, 14.753907, 13.909766, 15.059619, 12.276708, 0.484692, -0.331837, 0.906763, -0.253054, 0.418848, 0.523560, 1.011617, -13.699764, -32.675335, -1.060938, 0.991301, -0.717107, 0.002295, 14.098633, 10.598755, 153.015137
-0.048866, 0.085515, 1044.000000, 0.108202, 2000.000000, 1000.000000, 14.472405, 14.192473, 15.150249, 12.184873, 0.671361, -0.332439, 0.811327, -0.244328, 0.427574, 0.541012, -0.367083, -9.671311, -34.624828, -1.358145, 1.003019, -0.566906, 0.002240, 14.063477, 12.078857, 173.828110
-0.054101, 0.082024, 1045.000000, 0.116928, 2000.000000, 1000.000000, 14.780376, 13.952873, 14.846169, 12.420582, 0.399521, -0.366625, 0.813273, -0.270506, 0.410122, 0.584642, -1.300091, -5.543092, -36.271564, -0.972522, 1.075457, -0.553057, 0.001753, 14.125977, 8.599854, 124.389641
-0.054101, 0.027923, 1045.000000, 0.115183, 2000.000000, 1000.000000, 15.281851, 13.598106, 14.262241, 12.857801, -0.069826, -0.439978, 0.772046, -0.270506, 0.139616, 0.575916, -0.238876, -1.034584, -38.437744, -0.175709, 0.871992, -0.474228, 0.002241, 14.098633, 10.281372, 148.376465
-0.055846, 0.027923, 1045.000000, 0.115183, 2000.000000, 1000.000000, 14.759461, 13.389905, 14.601180, 13.249454, -0.004457, -0.074683, 0.680321, -0.279232, 0.139616, 0.575916, 0.310988, 0.494167, -39.484058, -0.292887, 0.274383, -0.343202, 0.002304, 14.098633, 9.799194, 141.479492
-0.055846, 0.027923, 1045.000000, 0.115183, 2000.000000, 1000.000000, 14.215505, 13.346036, 15.108338, 13.330121, 0.227187, 0.219230, 0.661922, -0.279232, 0.139616, 0.575916, -0.771835, 1.346607, -40.352295, -0.695555, -0.220962, -0.340006, 0.001769, 14.055664, 12.280273, 176.696762
-0.055846, 0.027923, 1046.000000, 0.087260, 2000.000000, 1000.000000, 13.719234, 13.708405, 15.302937, 13.269424, 0.505671, 0.286180, 0.511085, -0.279232, 0.139616, 0.436300, -3.353645, 2.394394, -41.087551, -1.123788, -0.318966, -0.256916, 0.002202, 14.094727, 10.000610, 144.409180
-0.054101, 0.027923, 1088.000000, 0.047120, 2000.000000, 1000.000000, 18.174164, 18.235500, 18.518433, 17.071903, 0.376967, -0.204832, 0.346299, -0.270506, 0.139616, 0.235602, -6.389646, 5.297685, -41.852570, -0.895823, 0.475716, -0.231349, 0.002470, 13.446289, 42.520142, 585.388184
-0.052356, 0.027923, 1103.000000, 0.027923, 2000.000000, 1000.000000, 20.341919, 20.352699, 20.226757, 19.078625, 0.289728, -0.347310, 0.284338, -0.261780, 0.139616, 0.139616, -6.766493, 8.128463, -42.488319, -0.773319, 0.738835, -0.260111, 0.001811, 13.243164, 48.440552, 660.217224
-0.052356, 0.027923, 1105.000000, 0.027923, 2000.000000, 1000.000000, 20.048433, 19.781935, 20.355352, 19.814280, 0.068643, 0.084816, 0.201892, -0.261780, 0.139616, 0.139616, -7.125902, 10.122385, -42.991528, -0.394087, 0.017656, -0.137607, 0.002142, 13.547852, 32.199097, 446.533173
-0.054101, 0.027923, 1104.000000, 0.050611, 2000.000000, 1000.000000, 20.259861, 19.589710, 20.175148, 19.975281, -0.117571, 0.075213, 0.217504, -0.270506, 0.139616, 0.253054, -8.427640, 9.538907, -42.866085, -0.095815, 0.019786, -0.035342, 0.002270, 13.465820, 38.000488, 524.108887
-0.050611, 0.027923, 1074.000000, 0.050611, 2000.000000, 1000.000000, 17.871252, 17.712328, 16.359304, 16.057116, 0.035816, -0.791790, 0.115279, -0.253054, 0.139616, 0.253054, -7.223388, 11.447904, -43.031342, -0.338693, 1.494103, 0.105272, 0.001753, 13.809570, 20.001221, 283.081055
-0.052356, 0.027923, 1048.000000, 0.061082, 2000.000000, 1000.000000, 14.559609, 14.714040, 13.781730, 12.944621, 0.247885, -0.636825, 0.170670, -0.261780, 0.139616, 0.305410, -4.744430, 18.214005, -43.120605, -0.684902, 1.184113, 0.085032, 0.002365, 14.168945, 6.201172, 89.904778
-0.050611, 0.022688, 1042.000000, 0.059337, 2000.000000, 1000.000000, 14.194571, 13.731832, 14.180676, 13.892920, -0.043746, 0.036799, 0.187624, -0.253054, 0.113438, 0.296684, -4.449216, 20.093401, -43.050747, -0.195949, 0.068788, 0.050944, 0.002184, 14.137695, 6.961060, 100.830070
-0.050611, 0.012216, 1044.000000, 0.041885, 2000.000000, 1000.000000, 14.124366, 13.074319, 13.985049, 14.816266, -0.470316, 0.400657, 0.054707, -0.253054, 0.061082, 0.209424, -4.694559, 19.047863, -42.701321, 0.499664, -0.601259, 0.145752, 0.002008, 14.083008, 10.598755, 152.709961
-0.052356, 0.013962, 1043.000000, 0.036649, 2000.000000, 1000.000000, 14.085014, 12.906157, 13.886709, 15.122120, -0.603567, 0.504414, -0.014138, -0.261780, 0.069808, 0.183246, -4.793745, 16.368942, -42.141750, 0.714846, -0.754656, 0.214994, 0.002163, 14.075195, 10.198975, 146.972656
-0.052356, 0.017452, 1024.000000, 0.029668, 2000.000000, 1000.000000, 12.268587, 11.726334, 11.751179, 12.253901, -0.261244, 0.002540, 0.009883, -0.261780, 0.087260, 0.148342, -4.285072, 13.823002, -41.545940, 0.149195, 0.087963, 0.143621, 0.002292, 14.172852, 5.801392, 88.195793
-0.054101, 0.015707, 1001.000000, 0.010471, 2000.000000, 1000.000000, 10.337937, 10.228940, 9.593314, 9.839808, -0.088873, -0.283438, -0.034374, -0.270506, 0.078534, 0.052356, -3.636511, 14.615793, -41.369343, -0.142686, 0.566263, 0.106337, 0.001781, 16.305664, 0.000000, 0.000000
-0.054101, 0.006981, 1003.000000, 0.010471, 2000.000000, 1000.000000, 10.358621, 10.058726, 9.631545, 9.951108, -0.154865, -0.208673, -0.004917, -0.270506, 0.034904, 0.052356, -2.938669, 15.917789, -41.332676, -0.037225, 0.380908, 0.062662, 0.002161, 14.301758, 1.119995, 16.418457
-0.052356, 0.005236, 1004.000000, 0.027923, 2000.000000, 1000.000000, 10.296791, 9.226999, 9.823040, 10.653170, -0.474980, 0.238105, 0.059916, -0.261780, 0.026178, 0.139616, -2.190442, 15.195344, -41.312302, 0.494338, -0.359446, 0.066923, 0.002271, 14.239258, 3.759766, 54.809566
-0.050611, 0.006981, 1007.000000, 0.038394, 2000.000000, 1000.000000, 10.211768, 8.979400, 9.961349, 10.847484, -0.529626, 0.404416, 0.086559, -0.253054, 0.034904, 0.191972, -1.943354, 13.132565, -41.165470, 0.626430, -0.651326, 0.081836, 0.001757, 14.250977, 2.600098, 38.024902
-0.048866, -0.017452, 1008.000000, 0.038394, 2000.000000, 1000.000000, 10.086411, 9.090401, 9.959118, 10.864071, -0.475241, 0.411594, 0.022764, -0.244328, -0.087260, 0.191972, -2.035887, 10.511459, -40.817329, 0.543340, -0.797267, 0.174514, 0.001761, 14.239258, 3.961182, 57.678219
-0.052356, -0.019197, 1009.000000, 0.036649, 2000.000000, 1000.000000, 9.917900, 9.191902, 10.165823, 10.724375, -0.321137, 0.445099, 0.041862, -0.261780, -0.095986, 0.183246, -3.092660, 6.950091, -39.949562, 0.244003, -0.830289, 0.136164, 0.002275, 14.239258, 4.000854, 58.288570
-0.052356, -0.020942, 1032.000000, 0.045375, 2000.000000, 1000.000000, 13.193655, 12.179611, 13.013634, 13.613100, -0.403378, 0.313367, 0.103644, -0.261780, -0.104712, 0.226876, -3.744927, 4.935498, -39.595509, 0.378225, -0.626825, 0.096750, 0.002275, 14.168945, 7.199097, 105.712883
-0.055846, -0.017452, 1071.000000, 0.055846, 2000.000000, 1000.000000, 17.445061, 16.168846, 16.776497, 17.609596, -0.527329, 0.193047, 0.110779, -0.279232, -0.087260, 0.279232, -3.563755, 2.999637, -39.251038, 0.590211, -0.423361, 0.141491, 0.001781, 13.618164, 34.561157, 482.116669
-0.055846, -0.020942, 1075.000000, 0.054101, 2000.000000, 1000.000000, 17.454147, 15.940644, 16.991055, 17.614155, -0.534150, 0.302605, 0.222600, -0.279232, -0.104712, 0.270506, -2.815004, 0.022552, -39.010468, 0.562515, -0.599129, -0.023624, 0.002341, 13.790039, 23.721313, 331.420868
-0.055846, -0.020942, 1075.000000, 0.054101, 2000.000000, 1000.000000, 17.344254, 15.937762, 17.078823, 17.639160, -0.491707, 0.358991, 0.211539, -0.279232, -0.104712, 0.270506, -3.029361, -2.240666, -39.115639, 0.501795, -0.706720, -0.009776, 0.002193, 13.899414, 18.399048, 253.906235
-0.054101, -0.019197, 1075.000000, 0.054101, 2000.000000, 1000.000000, 17.567202, 16.260798, 16.606451, 17.565550, -0.566375, 0.086001, 0.086826, -0.270506, -0.095986, 0.270506, -2.748033, -4.345764, -38.845726, 0.667975, -0.259311, 0.167057, 0.001758, 13.907227, 18.640137, 265.502930
-0.052356, 0.006981, 1074.000000, 0.054101, 2000.000000, 1000.000000, 17.862316, 16.525009, 16.217819, 17.394855, -0.628586, -0.193663, 0.040067, -0.261780, 0.034904, 0.270506, -0.042385, -6.017911, -37.753452, 0.744674, 0.347885, 0.230972, 0.002262, 13.918945, 17.919922, 255.310043
-0.050611, 0.015707, 1074.000000, 0.055846, 2000.000000, 1000.000000, 17.832726, 16.739952, 16.213348, 17.213974, -0.523350, -0.286338, 0.023038, -0.253054, 0.078534, 0.279232, 2.052496, -6.108550, -36.857616, 0.593407, 0.564133, 0.266126, 0.002002, 13.907227, 18.719482, 266.601562
-0.048866, 0.026178, 1074.000000, 0.054101, 2000.000000, 1000.000000, 17.811808, 17.112410, 16.234308, 16.841475, -0.326642, -0.462109, 0.023058, -0.244328, 0.130890, 0.270506, 4.156252, -5.026411, -35.927158, 0.287678, 0.934843, 0.259734, 0.001748, 13.891602, 18.798828, 267.517090
-0.052356, 0.029668, 1060.000000, 0.054101, 2000.000000, 1000.000000, 17.159800, 15.727791, 14.931765, 16.180643, -0.670222, -0.443796, 0.045783, -0.261780, 0.148342, 0.270506, 8.036547, -2.572933, -34.754848, 0.816046, 0.892232, 0.223516, 0.002177, 14.047852, 10.519409, 151.306152
-0.052356, 0.029668, 1049.000000, 0.054101, 2000.000000, 1000.000000, 15.012402, 13.086849, 13.094912, 14.805838, -0.909120, -0.049625, 0.053656, -0.261780, 0.148342, 0.270506, 11.282862, -2.911703, -33.989258, 1.204865, 0.244555, 0.212863, 0.002157, 14.090820, 5.758667, 83.496086
-0.052356, 0.029668, 1048.000000, 0.050611, 2000.000000, 1000.000000, 14.212950, 13.106606, 13.883936, 14.796509, -0.504730, 0.340222, 0.048443, -0.261780, 0.148342, 0.253054, 13.137312, -4.639468, -33.309261, 0.585950, -0.418035, 0.203276, 0.001756, 14.137695, 8.120728, 117.492668
-0.052356, 0.029668, 1045.000000, 0.024433, 2000.000000, 1000.000000, 13.753317, 13.489002, 14.151163, 14.606518, -0.179917, 0.378841, -0.047760, -0.261780, 0.148342, 0.122164, 12.887712, -7.241845, -32.574715, 0.022429, -0.462776, 0.196884, 0.002216, 14.090820, 9.680176, 139.709473
-0.054101, 0.029668, 1043.000000, 0.008726, 2000.000000, 1000.000000, 14.339132, 13.846161, 13.540409, 14.274298, -0.306715, -0.092647, -0.060229, -0.270506, 0.148342, 0.043630, 12.984965, -7.639177, -32.128525, 0.212045, 0.305275, 0.131903, 0.002191, 14.086914, 10.400391, 150.024414
-0.055846, 0.029668, 1043.000000, 0.005236, 2000.000000, 1000.000000, 14.999820, 14.253556, 13.049657, 13.696967, -0.348394, -0.626688, 0.024738, -0.279232, 0.148342, 0.026178, 15.725098, -5.246990, -31.529852, 0.265308, 1.175591, -0.006580, 0.002389, 14.094727, 9.921265, 143.188477
-0.054101, 0.029668, 1040.000000, 0.005236, 2000.000000, 1000.000000, 14.829073, 13.952057, 13.225798, 13.993073, -0.411073, -0.390565, 0.027435, -0.270506, 0.148342, 0.026178, 17.853224, -3.263619, -31.437061, 0.375029, 0.798490, -0.010841, 0.002342, 14.094727, 10.000610, 144.287109
-0.054101, 0.029668, 1073.000000, 0.005236, 2000.000000, 1000.000000, 17.368599, 16.459370, 16.624611, 17.547421, -0.458010, 0.086016, -0.003396, -0.270506, 0.148342, 0.026178, 19.356245, -2.929315, -31.322746, 0.477294, 0.018721, 0.032834, 0.001817, 13.668945, 29.641724, 415.283173
-0.054101, 0.029668, 1085.000000, 0.005236, 2000.000000, 1000.000000, 17.655514, 17.306492, 18.236111, 18.801884, -0.228698, 0.518996, -0.054188, -0.270506, 0.148342, 0.026178, 19.637161, -5.052168, -30.998030, 0.081018, -0.679023, 0.103141, 0.002364, 13.735352, 25.241089, 355.224579
-0.054101, 0.029668, 1083.000000, 0.005236, 2000.000000, 1000.000000, 17.944887, 17.586145, 18.014971, 18.453997, -0.199443, 0.234483, -0.020070, -0.270506, 0.148342, 0.026178, 19.023727, -6.297264, -30.842516, 0.042669, -0.236941, 0.056270, 0.002026, 13.782227, 23.040771, 325.378387
-0.052356, 0.029668, 1083.000000, 0.006981, 2000.000000, 1000.000000, 18.560246, 17.877369, 17.537754, 18.024632, -0.292438, -0.218807, 0.049000, -0.261780, 0.148342, 0.034904, 19.583160, -6.176114, -30.754738, 0.210980, 0.527914, -0.033212, 0.001756, 13.801758, 23.040771, 325.683563
-0.052356, 0.027923, 1069.000000, 0.006981, 2000.000000, 1000.000000, 16.361406, 16.223459, 15.963766, 15.451369, 0.093612, -0.292433, 0.162586, -0.261780, 0.139616, 0.034904, 20.663198, -3.529814, -31.083174, -0.440958, 0.630179, -0.191935, 0.002183, 14.012695, 10.879517, 156.127930
-0.052356, 0.027923, 1052.000000, 0.006981, 2000.000000, 1000.000000, 14.844705, 14.994424, 15.668565, 14.492307, 0.331494, 0.080436, 0.256635, -0.261780, 0.139616, 0.034904, 19.512852, -1.919415, -31.853201, -0.821255, 0.014460, -0.322962, 0.002209, 14.122070, 8.840942, 127.685539
-0.052356, 0.027923, 1043.000000, 0.006981, 2000.000000, 1000.000000, 13.634089, 13.574052, 15.024476, 13.767383, 0.299264, 0.395930, 0.329283, -0.261780, 0.139616, 0.034904, 17.192604, -1.504637, -32.976723, -0.779710, -0.509647, -0.434814, 0.001941, 14.153320, 6.921387, 100.280754
-0.052356, 0.029668, 1020.000000, 0.006981, 2000.000000, 1000.000000, 11.596720, 11.313332, 12.991096, 12.098852, 0.152214, 0.544975, 0.293908, -0.261780, 0.148342, 0.034904, 13.403987, -2.288985, -34.794365, -0.524048, -0.724829, -0.373029, 0.002401, 14.219727, 4.800415, 69.885254
-0.050611, 0.027923, 1025.000000, 0.006981, 2000.000000, 1000.000000, 11.882465, 11.195194, 12.750187, 12.172153, -0.027309, 0.461171, 0.316326, -0.253054, 0.139616, 0.034904, 11.628251, -3.235772, -35.883663, -0.225776, -0.608716, -0.409248, 0.002183, 14.192383, 5.758667, 83.679192
-0.050611, 0.027923, 1048.000000, 0.006981, 2000.000000, 1000.000000, 14.030762, 13.287922, 14.585474, 14.095842, -0.063302, 0.340658, 0.308118, -0.253054, 0.139616, 0.034904, 10.430622, -4.097669, -37.112991, -0.169317, -0.427622, -0.411378, 0.001758, 13.930664, 18.640137, 265.991211
-0.050611, 0.027923, 1072.000000, 0.008726, 2000.000000, 1000.000000, 16.503645, 16.900362, 17.859446, 16.736547, 0.379904, 0.297997, 0.181545, -0.253054, 0.139616, 0.043630, 8.035797, -4.005550, -38.524960, -0.885171, -0.337075, -0.208979, 0.002264, 13.797852, 22.879028, 323.181122
-0.050611, 0.027923, 1074.000000, 0.006981, 2000.000000, 1000.000000, 16.023571, 16.980152, 18.063862, 16.932415, 0.522008, 0.498138, 0.043717, -0.253054, 0.139616, 0.034904, 5.115442, -3.278680, -39.024376, -1.125919, -0.665175, -0.024689, 0.002180, 13.844727, 21.679688, 307.189941
-0.052356, 0.027923, 1075.000000, 0.006981, 2000.000000, 1000.000000, 15.768835, 16.876345, 18.037146, 17.317675, 0.456745, 0.677411, -0.097009, -0.261780, 0.139616, 0.034904, 1.240300, -3.202812, -38.958664, -1.054546, -0.998600, 0.177710, 0.001795, 13.868164, 18.521118, 263.122559
-0.052356, 0.027923, 1074.000000, 0.006981, 2000.000000, 1000.000000, 16.528408, 16.937183, 17.127274, 17.407135, 0.032229, 0.267205, -0.172160, -0.261780, 0.139616, 0.034904, -2.680279, -3.956603, -38.259834, -0.333367, -0.284878, 0.277844, 0.002305, 13.879883, 19.479370, 276.794434
-0.052356, 0.029668, 1074.000000, 0.006981, 2000.000000, 1000.000000, 16.682013, 17.397127, 16.846422, 17.074438, 0.121775, -0.039570, -0.235782, -0.261780, 0.148342, 0.034904, -3.483780, -3.239032, -37.401901, -0.479307, 0.223250, 0.365195, 0.002395, 13.887695, 18.399048, 261.596680
-0.052356, 0.029668, 1072.000000, 0.006981, 2000.000000, 1000.000000, 16.396235, 17.605104, 17.195055, 16.803606, 0.400079, -0.000669, -0.204355, -0.261780, 0.148342, 0.034904, -4.649629, -1.479566, -36.520565, -0.964000, 0.164661, 0.334302, 0.001748, 13.887695, 19.879150, 276.794434
-0.052356, 0.027923, 1068.000000, 0.006981, 2000.000000, 1000.000000, 14.817230, 16.439014, 16.645668, 16.098085, 0.542342, 0.371877, -0.268551, -0.261780, 0.139616, 0.034904, -9.010220, 0.595641, -34.931770, -1.168529, -0.458515, 0.414197, 0.002249, 13.961914, 15.399170, 220.092758
-0.052356, 0.027923, 1074.000000, 0.006981, 2000.000000, 1000.000000, 16.062426, 17.099070, 17.523546, 17.314959, 0.311309, 0.419252, -0.207014, -0.261780, 0.139616, 0.034904, -11.966533, 0.919506, -33.884838, -0.787167, -0.534148, 0.327911, 0.002232, 13.758789, 25.079346, 353.393524
-0.052356, 0.027923, 1076.000000, 0.008726, 2000.000000, 1000.000000, 16.560175, 16.800623, 17.001070, 17.638132, -0.099153, 0.319601, -0.219378, -0.261780, 0.139616, 0.043630, -13.627029, 0.540137, -32.963745, -0.122446, -0.391403, 0.365195, 0.001764, 13.879883, 18.441772, 262.207031
-0.052356, 0.029668, 1031.000000, 0.006981, 2000.000000, 1000.000000, 12.694891, 13.098513, 12.709484, 13.497112, -0.096002, 0.103298, -0.297812, -0.261780, 0.148342, 0.034904, -14.101447, -0.168720, -31.151583, -0.124577, -0.007911, 0.456807, 0.002245, 14.286133, 0.439453, 6.408691
-0.052356, 0.027923, 1008.000000, 0.006981, 2000.000000, 1000.000000, 9.640532, 10.511771, 9.969954, 9.877742, 0.240863, -0.076152, -0.194757, -0.261780, 0.139616, 0.034904, -14.873055, 0.797971, -30.077118, -0.688098, 0.280774, 0.321519, 0.001801, 18.520508, 0.039673, 0.671387
-0.050611, 0.029668, 1012.000000, 0.006981, 2000.000000, 1000.000000, 10.605501, 11.575254, 11.161411, 10.657833, 0.368333, -0.090377, -0.116544, -0.253054, 0.148342, 0.034904, -16.432920, 2.658429, -29.397316, -0.906476, 0.318058, 0.207537, 0.001773, 14.274414, 2.679443, 39.123535
-0.050611, 0.029668, 1037.000000, 0.006981, 2000.000000, 1000.000000, 12.750003, 13.235253, 12.872720, 13.142024, 0.053986, 0.007372, -0.188639, -0.253054, 0.148342, 0.034904, -18.428019, 4.927817, -28.182266, -0.362129, 0.147617, 0.303410, 0.002202, 14.000977, 15.319824, 219.726547
-0.052356, 0.027923, 1040.000000, 0.006981, 2000.000000, 1000.000000, 13.990519, 13.722044, 13.868658, 14.418779, -0.204649, 0.143718, -0.070411, -0.261780, 0.139616, 0.034904, -18.633675, 5.110515, -27.581041, 0.054387, -0.084609, 0.137230, 0.002204, 14.012695, 13.281250, 190.124496
-0.052356, 0.029668, 1040.000000, 0.006981, 2000.000000, 1000.000000, 13.935677, 13.715307, 14.000444, 14.348572, -0.142124, 0.174508, -0.031940, -0.261780, 0.148342, 0.034904, -18.673607, 4.712989, -27.282959, -0.040421, -0.133611, 0.083967, 0.001776, 14.071289, 10.559082, 152.099609
-0.052356, 0.027923, 1039.000000, 0.006981, 2000.000000, 1000.000000, 13.066032, 13.091389, 12.887390, 12.955189, -0.010610, -0.078710, -0.023289, -0.261780, 0.139616, 0.034904, -19.206818, 5.224249, -26.947811, -0.264125, 0.277578, 0.070118, 0.002201, 13.981445, 16.601562, 237.731918
-0.052356, 0.029668, 1046.000000, 0.006981, 2000.000000, 1000.000000, 13.963087, 14.124031, 14.035219, 13.877663, 0.079625, -0.043560, -0.000847, -0.261780, 0.148342, 0.034904, -19.632135, 6.368455, -26.777863, -0.409000, 0.231772, 0.038161, 0.002174, 14.063477, 11.080933, 164.184555
-0.052356, 0.029668, 1067.000000, 0.006981, 2000.000000, 1000.000000, 15.713754, 15.675935, 16.279648, 16.330666, -0.022209, 0.305156, -0.003299, -0.261780, 0.148342, 0.034904, -20.614832, 6.570305, -26.572245, -0.243885, -0.338140, 0.041357, 0.002210, 13.805664, 24.880981, 351.379364
-0.052356, 0.029668, 1071.000000, 0.006981, 2000.000000, 1000.000000, 17.459614, 16.431110, 16.653645, 17.455631, -0.457623, 0.054638, 0.056630, -0.261780, 0.148342, 0.034904, -20.684975, 5.405743, -26.536247, 0.457054, 0.066657, -0.041734, 0.002322, 13.793945, 22.601318, 319.580078
-0.054101, 0.029668, 1076.000000, 0.006981, 2000.000000, 1000.000000, 17.754791, 16.577942, 16.505409, 17.161858, -0.458324, -0.166366, 0.130101, -0.270506, 0.148342, 0.034904, -19.112059, 5.469372, -26.924461, 0.483686, 0.439498, -0.150390, 0.001784, 13.887695, 19.119263, 272.033691
-0.054101, 0.029668, 1075.000000, 0.006981, 2000.000000, 1000.000000, 17.741465, 16.624559, 16.722727, 16.911249, -0.326356, -0.183011, 0.232096, -0.270506, 0.148342, 0.034904, -17.566820, 6.029571, -27.678625, 0.263177, 0.471455, -0.297395, 0.001775, 13.918945, 17.041016, 242.919907
-0.052356, 0.027923, 1078.000000, 0.006981, 2000.000000, 1000.000000, 17.490156, 16.602510, 17.088659, 16.818674, -0.154416, -0.046333, 0.289408, -0.261780, 0.139616, 0.034904, -16.418449, 7.187694, -29.189140, -0.022312, 0.225381, -0.368768, 0.002203, 13.918945, 17.520142, 249.816879
-0.052356, 0.029668, 1085.000000, 0.006981, 2000.000000, 1000.000000, 18.591732, 17.197117, 17.886158, 18.324993, -0.458362, 0.105576, 0.238945, -0.261780, 0.148342, 0.034904, -15.961385, 7.061539, -30.135273, 0.479425, -0.018563, -0.305918, 0.001911, 13.704102, 26.480103, 371.582001
-0.052356, 0.029668, 1090.000000, 0.006981, 2000.000000, 1000.000000, 20.008949, 17.537830, 18.215672, 20.237549, -1.123250, 0.226610, 0.112311, -0.261780, 0.148342, 0.034904, -11.864322, 4.460077, -31.668447, 1.563857, -0.207114, -0.123758, 0.002168, 13.563477, 33.761597, 469.299286
-0.052356, 0.029668, 1090.000000, 0.006981, 2000.000000, 1000.000000, 19.243402, 17.652567, 18.849592, 20.254438, -0.748921, 0.552015, 0.046498, -0.261780, 0.148342, 0.034904, -9.595831, 1.331054, -31.924204, 0.949203, -0.744004, -0.028951, 0.002180, 13.891602, 16.558838, 235.473618
-0.052356, 0.029668, 1088.000000, 0.006981, 2000.000000, 1000.000000, 18.021679, 17.570919, 18.127476, 18.279926, -0.150803, 0.203701, 0.074577, -0.261780, 0.148342, 0.034904, -9.339624, -0.338724, -32.082340, -0.035095, -0.178352, -0.068365, 0.002065, 13.856445, 17.721558, 251.403793
-0.054101, 0.027923, 1063.000000, 0.006981, 2000.000000, 1000.000000, 16.066452, 16.277130, 15.943298, 15.713122, 0.110213, -0.171791, 0.004874, -0.270506, 0.139616, 0.034904, -9.976562, 0.716260, -32.141655, -0.477177, 0.434171, 0.029639, 0.002100, 14.083008, 8.520508, 122.924797
-0.055846, 0.027923, 1063.000000, 0.005236, 2000.000000, 1000.000000, 16.963022, 14.996501, 15.270986, 16.769491, -0.866257, 0.020238, 0.117004, -0.279232, 0.139616, 0.026178, -8.223423, 1.594833, -32.359322, 1.112188, 0.116725, -0.135476, 0.002329, 13.981445, 14.599609, 208.923325
-0.055846, 0.027923, 1065.000000, 0.005236, 2000.000000, 1000.000000, 17.127117, 14.043415, 15.185411, 17.644054, -1.385587, 0.414734, 0.156265, -0.279232, 0.139616, 0.026178, -4.719470, -1.520621, -32.873947, 2.046419, -0.546931, -0.199392, 0.001760, 13.922852, 16.119385, 229.919418
-0.055846, 0.027923, 1063.000000, 0.005236, 2000.000000, 1000.000000, 16.337843, 14.178687, 15.890414, 17.593054, -0.965449, 0.741735, 0.114129, -0.279232, 0.139616, 0.026178, -0.415751, -8.475464, -33.184502, 1.260258, -1.045472, -0.131215, 0.002388, 13.961914, 16.360474, 233.825668
-0.055846, 0.027923, 1055.000000, 0.005236, 2000.000000, 1000.000000, 14.995312, 14.035126, 15.391342, 15.578220, -0.286766, 0.484781, 0.193327, -0.279232, 0.139616, 0.026178, -0.172275, -11.479089, -33.672001, 0.181152, -0.651326, -0.244133, 0.002172, 14.063477, 10.000610, 143.981934
-0.054101, 0.027923, 1047.000000, 0.005236, 2000.000000, 1000.000000, 14.134624, 13.832617, 14.169199, 13.863560, 0.000907, 0.016379, 0.151912, -0.270506, 0.139616, 0.026178, -0.836781, -11.882610, -34.458721, -0.293953, 0.117790, -0.189804, 0.001944, 14.137695, 6.759644, 97.900383
-0.054101, 0.029668, 1041.000000, 0.006981, 2000.000000, 1000.000000, 14.814329, 13.828184, 13.367901, 13.989586, -0.401957, -0.321257, 0.091115, -0.270506, 0.148342, 0.034904, 0.362476, -10.008384, -34.863346, 0.376095, 0.690898, -0.091801, 0.002080, 14.098633, 8.880615, 128.173828
-0.052356, 0.029668, 1001.000000, 0.006981, 2000.000000, 1000.000000, 11.019261, 9.254964, 9.171351, 10.554423, -0.786842, -0.137112, 0.095307, -0.261780, 0.148342, 0.034904, 2.823811, -9.962772, -34.652615, 1.012053, 0.384104, -0.097127, 0.002159, 17.075195, 0.000000, 0.671387
-0.052356, 0.029668, 1000.000000, 0.006981, 2000.000000, 1000.000000, 10.798625, 8.955674, 9.318246, 10.927455, -0.863040, 0.122850, 0.058435, -0.261780, 0.148342, 0.034904, 5.606093, -11.309505, -34.347904, 1.173973, -0.043064, -0.047060, 0.001838, 15.090820, 0.000000, 0.000000
-0.052356, 0.029668, 1000.000000, 0.006981, 2000.000000, 1000.000000, 10.588260, 8.780063, 9.602719, 11.028958, -0.808609, 0.315839, 0.095490, -0.261780, 0.148342, 0.034904, 7.849402, -13.647248, -34.051376, 1.057860, -0.363707, -0.098192, 0.002076, 14.258789, 2.441406, 35.583496
-0.052356, 0.029668, 1000.000000, 0.006981, 2000.000000, 1000.000000, 10.363469, 9.341798, 9.724490, 10.570243, -0.466856, 0.147366, 0.043980, -0.261780, 0.148342, 0.034904, 9.938833, -16.199749, -33.819408, 0.482620, -0.082479, -0.024689, 0.002310, 14.227539, 3.680420, 53.588863
-0.052356, 0.029668, 1000.000000, 0.006981, 2000.000000, 1000.000000, 10.270153, 9.544966, 9.781591, 10.403290, -0.336722, 0.092440, 0.025872, -0.261780, 0.148342, 0.034904, 10.743001, -16.792330, -33.610050, 0.284482, 0.005938, -0.000189, 0.001796, 14.231445, 3.759766, 54.809566
-0.052356, 0.029668, 1000.000000, 0.005236, 2000.000000, 1000.000000, 10.207489, 9.622578, 9.843884, 10.326050, -0.266770, 0.084967, 0.025686, -0.261780, 0.148342, 0.026178, 11.296508, -17.084808, -33.455784, 0.168369, 0.017656, -0.008711, 0.001768, 14.227539, 4.000854, 58.288570
-0.052356, 0.029668, 1039.000000, 0.005236, 2000.000000, 1000.000000, 13.246327, 12.590150, 12.800870, 13.362653, -0.304490, 0.081762, 0.023599, -0.261780, 0.148342, 0.026178, 11.964402, -17.443380, -33.295151, 0.215241, 0.026178, -0.005515, 0.002302, 14.055664, 13.079834, 188.293442
-0.054101, 0.029668, 1046.000000, 0.005236, 2000.000000, 1000.000000, 14.384706, 13.545101, 13.606194, 14.463999, -0.424353, 0.035096, -0.004550, -0.270506, 0.148342, 0.026178, 12.753813, -17.748127, -33.023899, 0.397400, 0.099680, 0.033900, 0.002361, 13.961914, 15.719604, 224.731430
-0.054101, 0.029668, 1046.000000, 0.006981, 2000.000000, 1000.000000, 14.390779, 13.557510, 13.542999, 14.508711, -0.449745, 0.025855, -0.033111, -0.270506, 0.148342, 0.034904, 13.955455, -18.115431, -32.494118, 0.461315, 0.118855, 0.085032, 0.001857, 14.067383, 11.318970, 163.024887
-0.054101, 0.029668, 1046.000000, 0.006981, 2000.000000, 1000.000000, 14.257124, 13.627127, 13.537577, 14.578173, -0.417648, 0.057875, -0.102650, -0.270506, 0.148342, 0.034904, 15.789536, -18.666586, -31.394941, 0.388878, 0.066657, 0.180905, 0.002280, 14.083008, 10.198975, 147.094727
-0.052356, 0.027923, 1046.000000, 0.006981, 2000.000000, 1000.000000, 13.941697, 13.806558, 13.740033, 14.511712, -0.226705, 0.125873, -0.159135, -0.261780, 0.139616, 0.034904, 16.432081, -18.978546, -30.604944, 0.104454, -0.056912, 0.265061, 0.001939, 14.083008, 10.720825, 154.602051
-0.052356, 0.027923, 1046.000000, 0.006981, 2000.000000, 1000.000000, 13.640126, 13.859879, 13.989036, 14.510959, -0.075542, 0.249997, -0.185419, -0.261780, 0.139616, 0.034904, 16.136518, -19.344715, -29.899429, -0.158665, -0.261442, 0.300214, 0.002096, 14.114258, 9.161377, 132.385254
-0.052356, 0.027923, 1075.000000, 0.008726, 2000.000000, 1000.000000, 16.654251, 17.222443, 16.871830, 17.251476, 0.047137, 0.061654, -0.236960, -0.261780, 0.139616, 0.043630, 14.625690, -19.587370, -29.107994, -0.356803, 0.044287, 0.380108, 0.002184, 13.782227, 23.239136, 328.002899
-0.052356, 0.027923, 1037.000000, 0.005236, 2000.000000, 1000.000000, 13.158989, 13.603937, 12.604876, 12.632198, 0.104406, -0.381463, -0.118068, -0.261780, 0.139616, 0.026178, 14.196725, -18.010204, -28.384516, -0.464394, 0.795294, 0.201145, 0.001751, 14.028320, 11.318970, 168.884262
-0.052356, 0.029668, 1000.000000, 0.005236, 2000.000000, 1000.000000, 10.079018, 10.652664, 10.009909, 9.258410, 0.331286, -0.365841, 0.044463, -0.261780, 0.148342, 0.026178, 13.902781, -13.485935, -28.278486, -0.814864, 0.758010, -0.034277, 0.002292, 17.602539, 0.000000, 0.671387
-0.052356, 0.027923, 1000.000000, 0.005236, 2000.000000, 1000.000000, 6.407089, 14.379244, 11.937954, 7.275713, 3.158599, -0.393167, -0.827478, -0.261780, 0.139616, 0.026178, 1.661425, -5.488987, -27.030342, -5.440212, 0.782511, 1.191835, 0.002372, 14.133789, 8.480835, 122.802727
-0.052356, 0.029668, 1000.000000, 0.005236, 2000.000000, 1000.000000, 10.545534, 10.054321, 9.770422, 9.629723, -0.087629, -0.299928, 0.157978, -0.261780, 0.148342, 0.026178, -3.321792, -0.673781, -26.674595, -0.146947, 0.655745, -0.194065, 0.002134, 14.208008, 5.480957, 79.711914
-0.052356, 0.027923, 1000.000000, 0.005236, 2000.000000, 1000.000000, 11.946070, 7.924986, 8.378973, 11.749971, -1.848020, 0.064472, 0.162521, -0.261780, 0.139616, 0.026178, 1.253341, -1.982282, -27.264034, 2.783577, 0.045352, -0.203653, 0.002036, 14.219727, 4.238892, 61.706539
-0.052356, 0.027923, 1000.000000, 0.005236, 2000.000000, 1000.000000, 10.216183, 9.117998, 10.223625, 10.442194, -0.329189, 0.332909, 0.219904, -0.261780, 0.139616, 0.026178, 9.394399, -7.610223, -27.401121, 0.274895, -0.397795, -0.281417, 0.002218, 14.231445, 3.799438, 55.419918
-0.052356, 0.029668, 1000.000000, 0.005236, 2000.000000, 1000.000000, 8.299180, 11.619958, 12.101594, 7.979269, 1.860776, 0.040431, 0.200387, -0.261780, 0.148342, 0.026178, 4.185471, -5.160049, -28.915520, -3.427941, 0.092224, -0.262242, 0.001846, 14.176758, 7.800293, 113.220207
-0.052356, 0.027923, 1000.000000, 0.005236, 2000.000000, 1000.000000, 9.702893, 9.848290, 10.467666, 9.981151, 0.157978, 0.224408, 0.085279, -0.261780, 0.139616, 0.026178, -0.992189, -2.417733, -29.702349, -0.549614, -0.218832, -0.092866, 0.002182, 14.243164, 3.479004, 50.720211
-0.052356, 0.029668, 1000.000000, 0.005236, 2000.000000, 1000.000000, 10.207102, 9.689266, 9.758766, 10.344866, -0.275984, 0.051816, -0.017066, -0.261780, 0.148342, 0.026178, 0.326315, -3.619975, -29.632017, 0.173696, 0.074114, 0.052009, 0.002311, 14.239258, 3.839111, 56.030270
-0.052356, 0.027923, 1000.000000, 0.005236, 2000.000000, 1000.000000, 9.847629, 9.976958, 10.225509, 9.949904, 0.101234, 0.087706, 0.036568, -0.261780, 0.139616, 0.026178, -0.162529, -3.187201, -29.707409, -0.455872, 0.004872, -0.024689, 0.001883, 14.262695, 2.719116, 39.672852
-0.052356, 0.027923, 1000.000000, 0.005236, 2000.000000, 1000.000000, 10.134292, 9.707370, 9.899022, 10.259316, -0.196804, 0.079169, 0.016657, -0.261780, 0.139616, 0.026178, -0.641209, -2.844865, -29.749136, 0.046930, 0.018721, 0.004072, 0.001755, 14.239258, 3.878784, 56.579586
-0.050611, 0.027923, 1000.000000, 0.005236, 2000.000000, 1000.000000, 10.067238, 9.744173, 9.975410, 10.213179, -0.140208, 0.094295, 0.021324, -0.253054, 0.139616, 0.026178, -0.570296, -2.840924, -29.785622, -0.042552, -0.003650, -0.002319, 0.002381, 14.239258, 3.961182, 57.678219
-0.052356, 0.027923, 1000.000000, 0.005236, 2000.000000, 1000.000000, 10.091683, 9.707124, 9.952426, 10.248767, -0.170225, 0.100596, 0.022055, -0.261780, 0.139616, 0.026178, -0.598945, -2.838235, -29.796011, -0.002072, -0.015367, -0.003384, 0.002199, 14.243164, 3.720093, 54.321285
-0.052356, 0.029668, 1000.000000, 0.005236, 2000.000000, 1000.000000, 10.091225, 9.720276, 9.951332, 10.237167, -0.164196, 0.094249, 0.021278, -0.261780, 0.148342, 0.026178, -0.642310, -2.817864, -29.808989, -0.006333, 0.001677, -0.002319, 0.001748, 14.243164, 3.961182, 57.800289
-0.050611, 0.029668, 1000.000000, 0.005236, 2000.000000, 1000.000000, 10.076294, 9.716473, 9.963358, 10.243876, -0.160085, 0.103617, 0.019826, -0.253054, 0.148342, 0.026178, -0.697556, -2.776911, -29.835056, -0.009529, -0.010041, -0.000189, 0.002264, 14.250977, 3.961182, 57.800289
-0.050611, 0.029668, 1000.000000, 0.005236, 2000.000000, 1000.000000, 10.079366, 9.721742, 9.960498, 10.238395, -0.158880, 0.099446, 0.019932, -0.253054, 0.148342, 0.026178, -0.738003, -2.766577, -29.851233, -0.011659, -0.003650, -0.000189, 0.002286, 14.250977, 3.799438, 55.419918
-0.050611, 0.029668, 1000.000000, 0.005236, 2000.000000, 1000.000000, 10.074822, 9.728036, 9.962504, 10.234637, -0.154730, 0.098571, 0.018664, -0.253054, 0.148342, 0.026178, -0.786830, -2.709945, -29.893402, -0.013790, -0.005780, 0.000877, 0.001751, 14.250977, 3.799438, 55.419918
-0.052356, 0.029668, 1000.000000, 0.005236, 2000.000000, 1000.000000, 10.098430, 9.719739, 9.942451, 10.239381, -0.168905, 0.090916, 0.020440, -0.261780, 0.148342, 0.026178, -0.804086, -2.671966, -29.914099, -0.001007, 0.008068, -0.001254, 0.001905, 14.250977, 3.961182, 57.800289
-0.050611, 0.029668, 1000.000000, 0.005236, 2000.000000, 1000.000000, 10.088375, 9.718836, 9.951530, 10.241259, -0.164817, 0.096395, 0.019953, -0.253054, 0.148342, 0.026178, -0.808067, -2.643529, -29.952425, -0.002072, 0.001677, -0.000189, 0.002329, 14.254883, 4.040527, 59.020992
-0.050611, 0.029668, 1000.000000, 0.005236, 2000.000000, 1000.000000, 10.089964, 9.718170, 9.948376, 10.243490, -0.166727, 0.095933, 0.019170, -0.253054, 0.148342, 0.026178, -0.806582, -2.643028, -29.962435, 0.001124, 0.001677, 0.000877, 0.002280, 14.254883, 3.799438, 55.480953
-0.052356, 0.029668, 1000.000000, 0.005236, 2000.000000, 1000.000000, 10.090643, 9.717371, 9.953281, 10.238705, -0.164674, 0.095993, 0.021962, -0.261780, 0.148342, 0.026178, -0.812492, -2.617163, -29.978113, -0.007398, -0.000454, -0.003384, 0.001763, 14.250977, 3.961182, 57.800289
-0.050611, 0.029668, 1000.000000, 0.005236, 2000.000000, 1000.000000, 10.088512, 9.708889, 9.954515, 10.248083, -0.168298, 0.101300, 0.021514, -0.253054, 0.148342, 0.026178, -0.802343, -2.574510, -30.023962, 0.004320, -0.006845, -0.002319, 0.002152, 14.254883, 3.961182, 57.800289
-0.052356, 0.029668, 1000.000000, 0.005236, 2000.000000, 1000.000000, 10.093830, 9.714939, 9.942871, 10.248360, -0.171095, 0.095615, 0.018350, -0.261780, 0.148342, 0.026178, -0.827733, -2.554688, -30.031939, -0.001007, 0.002742, 0.001942, 0.002249, 14.262695, 3.759766, 54.870602
-0.050611, 0.029668, 1000.000000, 0.005236, 2000.000000, 1000.000000, 10.083045, 9.724957, 9.954398, 10.237599, -0.160322, 0.095999, 0.018722, -0.253054, 0.148342, 0.026178, -0.842022, -2.518968, -30.065178, -0.004202, -0.001519, 0.000877, 0.001748, 14.254883, 4.159546, 60.729977
-0.048866, 0.029668, 1000.000000, 0.005236, 2000.000000, 1000.000000, 10.092191, 9.721148, 9.949321, 10.237340, -0.164766, 0.093330, 0.020756, -0.244328, 0.148342, 0.026178, -0.861197, -2.490397, -30.077774, 0.007515, 0.005938, -0.001254, 0.002232, 14.258789, 4.040527, 59.020992
-0.048866, 0.029668, 1000.000000, 0.005236, 2000.000000, 1000.000000, 10.082592, 9.719143, 9.960463, 10.237803, -0.160198, 0.099133, 0.021527, -0.244328, 0.148342, 0.026178, -0.858546, -2.473125, -30.100914, 0.000059, -0.002584, -0.002319, 0.002258, 14.266602, 3.759766, 54.870602
-0.048866, 0.029668, 1000.000000, 0.005236, 2000.000000, 1000.000000, 10.083063, 9.723846, 9.953270, 10.239820, -0.161442, 0.096545, 0.018167, -0.244328, 0.148342, 0.026178, -0.837477, -2.449035, -30.126585, 0.006450, -0.001519, 0.001942, 0.001824, 14.258789, 3.720093, 54.321285
-0.048866, 0.029668, 1000.000000, 0.005236, 2000.000000, 1000.000000, 10.083573, 9.719543, 9.956313, 10.240571, -0.162072, 0.098442, 0.019944, -0.244328, 0.148342, 0.026178, -0.858563, -2.418402, -30.149244, 0.002189, -0.001519, -0.000189, 0.002310, 14.258789, 3.878784, 56.579586
-0.048866, 0.029668, 1000.000000, 0.005236, 2000.000000, 1000.000000, 10.082515, 9.721702, 9.957377, 10.238406, -0.160461, 0.097891, 0.019946, -0.244328, 0.148342, 0.026178, -0.862888, -2.391452, -30.169956, 0.000059, -0.000454, -0.000189, 0.002314, 14.266602, 3.720093, 54.321285
-0.048866, 0.029668, 1000.000000, 0.005236, 2000.000000, 1000.000000, 10.081026, 9.726429, 9.960098, 10.232447, -0.156737, 0.096273, 0.020562, -0.244328, 0.148342, 0.026178, -0.849385, -2.377186, -30.187931, -0.002072, -0.000454, -0.001254, 0.001920, 14.262695, 4.040527, 59.020992
-0.047120, 0.029668, 1000.000000, 0.005236, 2000.000000, 1000.000000, 10.070518, 9.733265, 9.967167, 10.229050, -0.149784, 0.098109, 0.018843, -0.235602, 0.148342, 0.026178, -0.851127, -2.333275, -30.231600, -0.002072, -0.004715, 0.000877, 0.001747, 14.262695, 3.720093, 54.321285
-0.047120, 0.029668, 1000.000000, 0.005236, 2000.000000, 1000.000000, 10.076669, 9.733161, 9.964959, 10.225211, -0.150940, 0.095085, 0.020814, -0.235602, 0.148342, 0.026178, -0.832925, -2.336277, -30.231575, -0.006333, 0.003807, -0.001254, 0.002346, 14.270508, 3.799438, 55.480953
-0.047120, 0.029668, 1000.000000, 0.005236, 2000.000000, 1000.000000, 10.075933, 9.716707, 9.968555, 10.238804, -0.157369, 0.103680, 0.022245, -0.235602, 0.148342, 0.026178, -0.831076, -2.315227, -30.251114, 0.004320, -0.010041, -0.003384, 0.002269, 14.266602, 3.839111, 56.091305
-0.047120, 0.029668, 1000.000000, 0.005236, 2000.000000, 1000.000000, 10.072981, 9.741192, 9.963127, 10.222700, -0.147840, 0.092913, 0.018054, -0.235602, 0.148342, 0.026178, -0.838924, -2.318621, -30.238153, -0.006333, 0.004872, 0.001942, 0.001830, 14.266602, 4.040527, 59.020992
-0.045375, 0.029668, 1000.000000, 0.005236, 2000.000000, 1000.000000, 10.074070, 9.728718, 9.965794, 10.231419, -0.152744, 0.098606, 0.019932, -0.226876, 0.148342, 0.026178, -0.825135, -2.300114, -30.268543, 0.006450, -0.002584, -0.000189, 0.002195, 14.270508, 4.000854, 56.091305
-0.045375, 0.029668, 1000.000000, 0.005236, 2000.000000, 1000.000000, 10.075122, 9.738265, 9.963296, 10.223317, -0.149219, 0.093307, 0.019209, -0.226876, 0.148342, 0.026178, -0.836452, -2.267005, -30.267847, 0.000059, 0.007003, 0.000877, 0.002367, 14.266602, 3.759766, 54.870602
-0.045375, 0.029668, 1000.000000, 0.005236, 2000.000000, 1000.000000, 10.067812, 9.736454, 9.969851, 10.225883, -0.146848, 0.097867, 0.018831, -0.226876, 0.148342, 0.026178, -0.818156, -2.258991, -30.294765, -0.001007, -0.002584, 0.000877, 0.001959, 14.274414, 3.799438, 55.480953
-0.045375, 0.029668, 1000.000000, 0.005236, 2000.000000, 1000.000000, 10.065815, 9.731056, 9.977278, 10.225851, -0.145833, 0.101565, 0.021547, -0.226876, 0.148342, 0.026178, -0.790370, -2.244837, -30.321133, -0.004202, -0.006845, -0.002319, 0.002293, 14.266602, 3.961182, 57.922359
-0.043630, 0.029668, 1000.000000, 0.005236, 2000.000000, 1000.000000, 10.064396, 9.744455, 9.972145, 10.219004, -0.141700, 0.095574, 0.018270, -0.218150, 0.148342, 0.026178, -0.788028, -2.252002, -30.316597, -0.002072, 0.002742, 0.001942, 0.002184, 14.266602, 3.921509, 57.312008
-0.043630, 0.029668, 1000.000000, 0.005236, 2000.000000, 1000.000000, 10.058832, 9.735268, 9.982630, 10.223270, -0.141051, 0.102950, 0.020731, -0.218150, 0.148342, 0.026178, -0.780263, -2.239296, -30.344513, -0.003137, -0.008976, -0.001254, 0.002274, 14.270508, 4.159546, 59.020992
-0.043630, 0.029668, 1000.000000, 0.005236, 2000.000000, 1000.000000, 10.066971, 9.737453, 9.972605, 10.222971, -0.144971, 0.097788, 0.019788, -0.218150, 0.148342, 0.026178, -0.809039, -2.222188, -30.342434, 0.005385, -0.002584, -0.000189, 0.001953, 14.270508, 3.799438, 55.480953
-0.043630, 0.029668, 1000.000000, 0.005236, 2000.000000, 1000.000000, 10.057723, 9.744206, 9.982051, 10.216020, -0.136872, 0.099035, 0.019887, -0.218150, 0.148342, 0.026178, -0.835174, -2.162409, -30.369804, -0.009529, -0.002584, -0.000189, 0.002289, 14.278320, 3.799438, 55.480953
-0.045375, 0.029668, 1000.000000, 0.005236, 2000.000000, 1000.000000, 10.072874, 9.741096, 9.965641, 10.220388, -0.146632, 0.093014, 0.019258, -0.226876, 0.148342, 0.026178, -0.809897, -2.124192, -30.414690, -0.004202, 0.007003, 0.000877, 0.002376, 14.278320, 3.799438, 55.480953
-0.041885, 0.029668, 1000.000000, 0.005236, 2000.000000, 1000.000000, 10.058160, 9.747275, 9.985684, 10.208880, -0.133520, 0.097282, 0.021922, -0.209424, 0.148342, 0.026178, -0.803296, -2.121635, -30.423098, -0.002072, -0.002584, -0.003384, 0.001784, 14.274414, 3.601074, 57.312008
-0.041885, 0.029668, 1000.000000, 0.005236, 2000.000000, 1000.000000, 10.052898, 9.745958, 9.986973, 10.214170, -0.133534, 0.100572, 0.019935, -0.209424, 0.148342, 0.026178, -0.791017, -2.134914, -30.408915, -0.005268, -0.005780, -0.000189, 0.002201, 14.278320, 3.799438, 55.603024
-0.038394, 0.029668, 1000.000000, 0.005236, 2000.000000, 1000.000000, 10.047421, 9.762461, 9.990923, 10.199196, -0.123308, 0.095060, 0.019172, -0.191972, 0.148342, 0.026178, -0.829777, -2.161926, -30.384012, -0.004202, 0.003807, 0.000877, 0.002284, 14.278320, 3.878784, 56.701656
-0.038394, 0.029668, 1000.000000, 0.005236, 2000.000000, 1000.000000, 10.048819, 9.767029, 9.989023, 10.195129, -0.121974, 0.092076, 0.018921, -0.191972, 0.148342, 0.026178, -0.852152, -2.150705, -30.378090, -0.003137, 0.005938, 0.000877, 0.001850, 14.278320, 3.799438, 55.480953
-0.036649, 0.029668, 1000.000000, 0.005236, 2000.000000, 1000.000000, 10.039766, 9.767323, 9.998045, 10.194866, -0.117317, 0.096455, 0.018906, -0.183246, 0.148342, 0.026178, -0.873528, -2.133675, -30.387857, -0.003137, 0.000611, 0.000877, 0.002069, 14.282227, 3.839111, 56.091305
-0.034904, 0.029668, 1000.000000, 0.005236, 2000.000000, 1000.000000, 10.035673, 9.765511, 10.005339, 10.193478, -0.114576, 0.099408, 0.020506, -0.174520, 0.148342, 0.026178, -0.881265, -2.121566, -30.382502, 0.000059, -0.003650, -0.001254, 0.002289, 14.266602, 4.479980, 65.490723
-0.034904, 0.029668, 1000.000000, 0.005236, 2000.000000, 1000.000000, 10.054029, 9.766894, 9.987216, 10.191861, -0.122944, 0.089539, 0.020622, -0.174520, 0.148342, 0.026178, -0.871397, -2.114685, -30.376940, 0.017103, 0.010199, -0.001254, 0.001846, 14.282227, 3.720093, 54.382320
-0.033159, 0.029668, 1000.000000, 0.005236, 2000.000000, 1000.000000, 10.032133, 9.780193, 10.000902, 10.186771, -0.109452, 0.093837, 0.016518, -0.165794, 0.148342, 0.026178, -0.874306, -2.103865, -30.394691, 0.003254, 0.002742, 0.004072, 0.001820, 14.270508, 4.598999, 67.199707
-0.031414, 0.029668, 1000.000000, 0.005236, 2000.000000, 1000.000000, 10.036659, 9.777407, 10.001762, 10.184172, -0.110415, 0.092967, 0.019211, -0.157068, 0.148342, 0.026178, -0.846569, -2.094807, -30.403349, 0.011776, 0.007003, 0.000877, 0.002268, 14.274414, 4.400635, 64.331055
-0.033159, 0.029668, 1000.000000, 0.005236, 2000.000000, 1000.000000, 10.034977, 9.769266, 10.008385, 10.187372, -0.111175, 0.097878, 0.021680, -0.165794, 0.148342, 0.026178, -0.819013, -2.080874, -30.419016, 0.003254, -0.000454, -0.002319, 0.002377, 14.274414, 4.321289, 63.171383
-0.031414, 0.029668, 1000.000000, 0.005236, 2000.000000, 1000.000000, 10.036286, 9.782016, 10.003482, 10.178216, -0.107251, 0.090849, 0.019884, -0.157068, 0.148342, 0.026178, -0.816613, -2.055665, -30.422544, 0.009646, 0.008068, -0.000189, 0.001844, 14.282227, 3.961182, 57.922359
-0.033159, 0.029668, 1000.000000, 0.005236, 2000.000000, 1000.000000, 10.026867, 9.778975, 10.011261, 10.182898, -0.104882, 0.097079, 0.019064, -0.165794, 0.148342, 0.026178, -0.860465, -2.036273, -30.416094, -0.006333, 0.000611, 0.000877, 0.002256, 14.282227, 4.119873, 60.180660
-0.033159, 0.029668, 1000.000000, 0.005236, 2000.000000, 1000.000000, 10.033052, 9.772594, 10.005209, 10.189144, -0.111099, 0.097176, 0.019130, -0.165794, 0.148342, 0.026178, -0.880596, -2.055393, -30.411827, 0.004320, -0.000454, 0.000877, 0.002199, 14.278320, 4.278564, 62.499996
-0.033159, 0.029668, 1000.000000, 0.005236, 2000.000000, 1000.000000, 10.016533, 9.782017, 10.022736, 10.178715, -0.097624, 0.100726, 0.019634, -0.165794, 0.148342, 0.026178, -0.881895, -2.050833, -30.417040, -0.014855, -0.008976, -0.000189, 0.001747, 14.278320, 4.199219, 61.401363
-0.033159, 0.029668, 1000.000000, 0.005236, 2000.000000, 1000.000000, 10.020234, 9.781709, 10.013291, 10.184766, -0.102500, 0.099029, 0.016763, -0.165794, 0.148342, 0.026178, -0.887791, -2.033592, -30.416834, -0.010594, -0.002584, 0.004072, 0.002303, 14.278320, 4.440308, 64.880371
-0.031414, 0.029668, 1000.000000, 0.005236, 2000.000000, 1000.000000, 10.034100, 9.780819, 10.003359, 10.181723, -0.107911, 0.092540, 0.018730, -0.157068, 0.148342, 0.026178, -0.874188, -1.983211, -30.444859, 0.011776, 0.004872, 0.000877, 0.001757, 14.297852, 3.158569, 46.203609
-0.033159, 0.029668, 1000.000000, 0.005236, 2000.000000, 1000.000000, 10.037822, 9.763350, 10.000886, 10.197942, -0.117881, 0.099414, 0.019354, -0.165794, 0.148342, 0.026178, -0.843625, -2.024350, -30.439186, 0.013907, -0.002584, 0.000877, 0.002394, 14.278320, 4.238892, 62.011715
-0.033159, 0.029668, 1000.000000, 0.005236, 2000.000000, 1000.000000, 10.032371, 9.771710, 10.009107, 10.186812, -0.109591, 0.097960, 0.020738, -0.165794, 0.148342, 0.026178, -0.819641, -2.007051, -30.462791, 0.001124, -0.000454, -0.001254, 0.002288, 14.278320, 4.238892, 62.011715
-0.033159, 0.029668, 1000.000000, 0.005236, 2000.000000, 1000.000000, 10.036830, 9.783254, 9.997935, 10.181981, -0.109405, 0.089958, 0.017383, -0.165794, 0.148342, 0.026178, -0.745080, -2.036233, -30.465725, 0.004320, 0.008068, 0.003007, 0.001748, 14.282227, 4.559326, 66.711426
-0.033159, 0.029668, 1000.000000, 0.005236, 2000.000000, 1000.000000, 10.040807, 9.772046, 9.995990, 10.191157, -0.115982, 0.093573, 0.018398, -0.165794, 0.148342, 0.026178, -0.732447, -2.084845, -30.436098, 0.011776, 0.005938, 0.001942, 0.002251, 14.286133, 4.199219, 61.401363
-0.033159, 0.029668, 1000.000000, 0.005236, 2000.000000, 1000.000000, 10.034516, 9.781146, 9.998885, 10.185452, -0.109984, 0.092169, 0.016701, -0.165794, 0.148342, 0.026178, -0.820737, -2.105442, -30.406431, 0.002189, 0.008068, 0.004072, 0.002266, 14.286133, 4.159546, 61.401363
-0.033159, 0.029668, 1000.000000, 0.005236, 2000.000000, 1000.000000, 10.017342, 9.774385, 10.023857, 10.184416, -0.100879, 0.104137, 0.020600, -0.165794, 0.148342, 0.026178, -0.815079, -2.112314, -30.398735, -0.010594, -0.013237, -0.001254, 0.001973, 14.278320, 4.440308, 64.880371
-0.033159, 0.029668, 1000.000000, 0.005236, 2000.000000, 1000.000000, 10.037256, 9.778088, 10.005339, 10.179317, -0.108287, 0.092328, 0.021297, -0.165794, 0.148342, 0.026178, -0.805990, -2.081028, -30.405783, 0.002189, 0.005938, -0.002319, 0.001841, 14.297852, 3.240967, 47.485348
-0.033159, 0.029668, 1000.000000, 0.005236, 2000.000000, 1000.000000, 10.028625, 9.773282, 10.015616, 10.182477, -0.105551, 0.099047, 0.022120, -0.165794, 0.148342, 0.026178, -0.839079, -2.082172, -30.401117, -0.005268, -0.002584, -0.003384, 0.002293, 14.278320, 4.479980, 65.490723
-0.033159, 0.029668, 1000.000000, 0.005236, 2000.000000, 1000.000000, 10.036828, 9.780223, 9.998416, 10.184533, -0.110681, 0.091474, 0.017622, -0.165794, 0.148342, 0.026178, -0.834161, -2.097796, -30.396835, 0.003254, 0.009134, 0.003007, 0.002321, 14.278320, 3.561401, 52.185055
-0.033159, 0.029668, 1000.000000, 0.005236, 2000.000000, 1000.000000, 10.025379, 9.777218, 10.012243, 10.185160, -0.105270, 0.098701, 0.018811, -0.165794, 0.148342, 0.026178, -0.782184, -2.102366, -30.418543, -0.003137, -0.004715, 0.000877, 0.001857, 14.282227, 4.400635, 64.331055
-0.033159, 0.029668, 1000.000000, 0.005236, 2000.000000, 1000.000000, 10.041339, 9.769654, 10.000260, 10.188746, -0.115043, 0.094503, 0.020800, -0.165794, 0.148342, 0.026178, -0.798898, -2.087770, -30.419214, 0.009646, 0.004872, -0.001254, 0.002411, 14.290039, 4.119873, 60.302731
-0.033159, 0.029668, 1000.000000, 0.005236, 2000.000000, 1000.000000, 10.031871, 9.771136, 10.006469, 10.190524, -0.111197, 0.098497, 0.019170, -0.165794, 0.148342, 0.026178, -0.771986, -2.092284, -30.413700, 0.003254, -0.001519, 0.000877, 0.002280, 14.286133, 4.080200, 62.622066
-0.033159, 0.029668, 1000.000000, 0.005236, 2000.000000, 1000.000000, 10.033269, 9.780557, 10.005977, 10.180198, -0.106733, 0.093087, 0.019623, -0.165794, 0.148342, 0.026178, -0.748887, -2.104037, -30.421753, 0.000059, 0.003807, -0.000189, 0.001806, 14.286133, 4.238892, 62.011715
-0.034904, 0.029668, 1000.000000, 0.005236, 2000.000000, 1000.000000, 10.024451, 9.767983, 10.016706, 10.190860, -0.107656, 0.103783, 0.020578, -0.174520, 0.148342, 0.026178, -0.747217, -2.054161, -30.473726, -0.011659, -0.010041, -0.001254, 0.002332, 14.286133, 4.681396, 68.481445
-0.034904, 0.029668, 1000.000000, 0.005236, 2000.000000, 1000.000000, 10.039083, 9.764235, 10.002230, 10.194452, -0.116768, 0.098341, 0.020657, -0.174520, 0.148342, 0.026178, -0.767490, -2.057932, -30.467915, 0.004320, -0.001519, -0.001254, 0.002226, 14.305664, 3.359985, 49.194332
-0.034904, 0.029668, 1000.000000, 0.005236, 2000.000000, 1000.000000, 10.038016, 9.772878, 10.002400, 10.186706, -0.112361, 0.094553, 0.020208, -0.174520, 0.148342, 0.026178, -0.775829, -2.045536, -30.481756, 0.000059, 0.001677, -0.001254, 0.001774, 14.282227, 4.519653, 66.101074
-0.034904, 0.029668, 1000.000000, 0.005236, 2000.000000, 1000.000000, 10.040136, 9.763823, 10.006241, 10.189800, -0.114969, 0.098020, 0.023189, -0.174520, 0.148342, 0.026178, -0.767698, -2.058241, -30.472448, 0.002189, -0.001519, -0.004450, 0.002184, 14.305664, 3.720093, 54.504391
-0.034904, 0.029668, 1000.000000, 0.005236, 2000.000000, 1000.000000, 10.041247, 9.771192, 9.997012, 10.190549, -0.115898, 0.093781, 0.019130, -0.174520, 0.148342, 0.026178, -0.805499, -2.028706, -30.480349, 0.002189, 0.005938, 0.000877, 0.002294, 14.301758, 3.320312, 48.583981
-0.034904, 0.029668, 1000.000000, 0.005236, 2000.000000, 1000.000000, 10.030608, 9.771842, 10.007346, 10.190204, -0.110406, 0.098775, 0.018977, -0.174520, 0.148342, 0.026178, -0.817490, -2.019634, -30.488842, -0.004202, -0.004715, 0.000877, 0.001848, 14.286133, 4.321289, 63.171383
-0.034904, 0.029668, 1000.000000, 0.005236, 2000.000000, 1000.000000, 10.028588, 9.767282, 10.009271, 10.194860, -0.111724, 0.102065, 0.018929, -0.174520, 0.148342, 0.026178, -0.802510, -2.047632, -30.461153, -0.004202, -0.007911, 0.000877, 0.002187, 14.286133, 4.400635, 64.392090
-0.034904, 0.029668, 1000.000000, 0.005236, 2000.000000, 1000.000000, 10.028970, 9.757344, 10.013551, 10.200135, -0.114552, 0.106843, 0.021261, -0.174520, 0.148342, 0.026178, -0.835020, -2.062308, -30.446987, 0.000059, -0.015367, -0.002319, 0.002282, 14.290039, 4.598999, 67.321777
-0.034904, 0.029668, 1000.000000, 0.005236, 2000.000000, 1000.000000, 10.043659, 9.777668, 9.995958, 10.182714, -0.113187, 0.089336, 0.019808, -0.174520, 0.148342, 0.026178, -0.892210, -2.040475, -30.443939, 0.000059, 0.011264, -0.000189, 0.001901, 14.305664, 3.479004, 51.025387
-0.034904, 0.029668, 1000.000000, 0.005236, 2000.000000, 1000.000000, 10.038465, 9.766780, 10.001090, 10.193666, -0.116065, 0.097377, 0.019777, -0.174520, 0.148342, 0.026178, -0.931016, -2.032539, -30.444155, 0.005385, -0.002584, -0.000189, 0.001856, 14.282227, 4.559326, 66.711426
-0.034904, 0.029668, 1000.000000, 0.005236, 2000.000000, 1000.000000, 10.022062, 9.768290, 10.012827, 10.196821, -0.109442, 0.104824, 0.017445, -0.174520, 0.148342, 0.026178, -0.939759, -2.045818, -30.445528, -0.008464, -0.012172, 0.003007, 0.002334, 14.286133, 4.360962, 63.781734
-0.034904, 0.027923, 1000.000000, 0.005236, 2000.000000, 1000.000000, 10.047649, 9.765696, 9.998671, 10.187984, -0.117817, 0.093327, 0.023160, -0.174520, 0.139616, 0.026178, -0.916843, -2.042515, -30.452444, 0.005385, -0.002584, -0.004450, 0.002296, 14.305664, 3.839111, 56.213375
-0.034904, 0.027923, 1000.000000, 0.005236, 2000.000000, 1000.000000, 10.052320, 9.770410, 9.991208, 10.186063, -0.119192, 0.088636, 0.021764, -0.174520, 0.139616, 0.026178, -0.889416, -2.073561, -30.441427, 0.011776, 0.001677, -0.003384, 0.001747, 14.305664, 3.759766, 55.114742
-0.036649, 0.027923, 1000.000000, 0.005236, 2000.000000, 1000.000000, 10.043022, 9.766323, 9.996807, 10.193848, -0.118435, 0.095328, 0.019915, -0.183246, 0.139616, 0.026178, -0.917610, -2.044212, -30.460520, -0.003137, -0.005780, -0.000189, 0.002344, 14.305664, 3.921509, 57.373043
-0.036649, 0.027923, 1000.000000, 0.005236, 2000.000000, 1000.000000, 10.057317, 9.774089, 9.981048, 10.187547, -0.122431, 0.084297, 0.019182, -0.183246, 0.139616, 0.026178, -0.907832, -2.051524, -30.457941, 0.003254, 0.011264, 0.000877, 0.002206, 14.305664, 3.878784, 56.823727
-0.036649, 0.027923, 1000.000000, 0.005236, 2000.000000, 1000.000000, 10.043907, 9.774014, 10.000113, 10.181967, -0.112937, 0.091039, 0.022010, -0.183246, 0.139616, 0.026178, -0.895334, -2.071037, -30.457399, -0.009529, -0.000454, -0.003384, 0.001944, 14.301758, 3.839111, 56.213375
-0.036649, 0.026178, 1000.000000, 0.005236, 2000.000000, 1000.000000, 10.049915, 9.768648, 9.988295, 10.193142, -0.121528, 0.090719, 0.019105, -0.183246, 0.130890, 0.026178, -0.900675, -2.079708, -30.446302, 0.003254, -0.008976, 0.000877, 0.002056, 14.305664, 3.759766, 55.114742
-0.036649, 0.026178, 1000.000000, 0.005236, 2000.000000, 1000.000000, 10.054813, 9.774464, 9.985022, 10.185701, -0.120257, 0.085361, 0.019918, -0.183246, 0.130890, 0.026178, -0.851573, -2.095046, -30.457973, 0.001124, 0.000611, -0.000189, 0.002168, 14.297852, 4.000854, 58.593746
-0.038394, 0.026178, 1000.000000, 0.005236, 2000.000000, 1000.000000, 10.055402, 9.761138, 9.985896, 10.197564, -0.126483, 0.091730, 0.020649, -0.191972, 0.130890, 0.026178, -0.861562, -2.088948, -30.458204, 0.001124, -0.010041, -0.001254, 0.002212, 14.301758, 3.839111, 56.213375
-0.036649, 0.026178, 1000.000000, 0.005236, 2000.000000, 1000.000000, 10.052366, 9.783155, 9.987017, 10.177462, -0.114914, 0.082239, 0.019692, -0.183246, 0.130890, 0.026178, -0.865026, -2.088449, -30.457338, -0.005268, 0.003807, -0.000189, 0.001819, 14.301758, 3.799438, 55.725094
-0.034904, 0.024433, 1000.000000, 0.005236, 2000.000000, 1000.000000, 10.057184, 9.790121, 9.984570, 10.168125, -0.112655, 0.076347, 0.020877, -0.174520, 0.122164, 0.026178, -0.870941, -2.069171, -30.474443, -0.003137, 0.005938, -0.001254, 0.002286, 14.301758, 3.839111, 56.213375
-0.036649, 0.024433, 1000.000000, 0.005236, 2000.000000, 1000.000000, 10.063778, 9.776913, 9.979168, 10.180141, -0.121959, 0.079655, 0.021473, -0.183246, 0.122164, 0.026178, -0.885601, -2.053718, -30.479977, 0.003254, 0.000611, -0.002319, 0.002246, 14.301758, 3.601074, 52.673336
-0.036649, 0.024433, 1000.000000, 0.005236, 2000.000000, 1000.000000, 10.057077, 9.783262, 9.977530, 10.182131, -0.119604, 0.079830, 0.017304, -0.183246, 0.122164, 0.026178, -0.858204, -2.063833, -30.482538, 0.002189, -0.001519, 0.003007, 0.001808, 14.305664, 3.878784, 56.823727
-0.036649, 0.024433, 1000.000000, 0.005236, 2000.000000, 1000.000000, 10.060484, 9.778276, 9.979506, 10.181734, -0.121109, 0.080619, 0.019995, -0.183246, 0.122164, 0.026178, -0.871819, -2.069335, -30.473467, 0.001124, -0.000454, -0.000189, 0.002320, 14.309570, 3.759766, 55.114742
-0.034904, 0.024433, 1000.000000, 0.005236, 2000.000000, 1000.000000, 10.050817, 9.787129, 9.990582, 10.171472, -0.111144, 0.081027, 0.020700, -0.174520, 0.122164, 0.026178, -0.879786, -2.084840, -30.472965, -0.004202, -0.001519, -0.001254, 0.002217, 14.305664, 3.799438, 55.725094
-0.036649, 0.022688, 1000.000000, 0.005236, 2000.000000, 1000.000000, 10.065292, 9.794407, 9.975515, 10.164785, -0.115039, 0.070150, 0.020404, -0.183246, 0.113438, 0.026178, -0.879111, -2.061304, -30.482141, -0.004202, 0.004872, -0.001254, 0.001792, 14.305664, 3.921509, 57.373043
-0.036649, 0.022688, 1000.000000, 0.005236, 2000.000000, 1000.000000, 10.067332, 9.789580, 9.972619, 10.170468, -0.118900, 0.071544, 0.019976, -0.183246, 0.113438, 0.026178, -0.900569, -2.036102, -30.485733, -0.003137, 0.004872, -0.000189, 0.002377, 14.301758, 3.720093, 54.504391
-0.034904, 0.022688, 1000.000000, 0.005236, 2000.000000, 1000.000000, 10.063330, 9.790421, 9.981165, 10.165085, -0.114208, 0.073125, 0.022247, -0.174520, 0.113438, 0.026178, -0.918023, -2.031825, -30.486025, 0.000059, 0.001677, -0.003384, 0.002197, 14.301758, 3.720093, 54.504391
-0.034904, 0.022688, 1000.000000, 0.005236, 2000.000000, 1000.000000, 10.055560, 9.790547, 9.983354, 10.170539, -0.113049, 0.076946, 0.019457, -0.174520, 0.113438, 0.026178, -0.909580, -2.052014, -30.467203, 0.001124, -0.006845, -0.000189, 0.001753, 14.305664, 4.000854, 58.593746
-0.036649, 0.022688, 1000.000000, 0.005236, 2000.000000, 1000.000000, 10.065787, 9.788198, 9.974431, 10.171584, -0.118685, 0.073007, 0.020109, -0.183246, 0.113438, 0.026178, -0.915410, -2.047438, -30.481562, -0.003137, 0.002742, -0.000189, 0.002481, 14.305664, 4.000854, 58.593746
-0.036649, 0.019197, 1000.000000, 0.005236, 2000.000000, 1000.000000, 10.079548, 9.796726, 9.960299, 10.163427, -0.121487, 0.061863, 0.019923, -0.183246, 0.095986, 0.026178, -0.954660, -2.029300, -30.481619, 0.002189, 0.001677, -0.000189, 0.002179, 14.305664, 3.839111, 56.213375
-0.036649, 0.019197, 1000.000000, 0.005236, 2000.000000, 1000.000000, 10.078767, 9.792165, 9.964557, 10.164512, -0.121639, 0.064534, 0.021661, -0.183246, 0.095986, 0.026178, -0.941323, -2.001488, -30.509533, 0.002189, -0.002584, -0.002319, 0.002337, 14.309570, 3.921509, 57.373043
-0.036649, 0.015707, 1000.000000, 0.005236, 2000.000000, 1000.000000, 10.094123, 9.813043, 9.943797, 10.149037, -0.121580, 0.046417, 0.018960, -0.183246, 0.078534, 0.026178, -0.938386, -1.957680, -30.540936, 0.005385, 0.007003, 0.000877, 0.001824, 14.309570, 3.561401, 52.185055
-0.036649, 0.015707, 1000.000000, 0.005236, 2000.000000, 1000.000000, 10.093746, 9.810947, 9.947775, 10.147532, -0.120639, 0.047653, 0.020760, -0.183246, 0.078534, 0.026178, -0.917886, -1.950675, -30.542063, 0.001124, 0.005938, -0.001254, 0.002241, 14.309570, 4.159546, 60.913082
-0.036649, 0.012216, 1000.000000, 0.005236, 2000.000000, 1000.000000, 10.095552, 9.816948, 9.945723, 10.141777, -0.118665, 0.043750, 0.020637, -0.183246, 0.061082, 0.026178, -0.906921, -1.965038, -30.546215, -0.002072, -0.005780, -0.001254, 0.002274, 14.309570, 3.961182, 57.983395
-0.036649, 0.012216, 1000.000000, 0.005236, 2000.000000, 1000.000000, 10.097808, 9.823379, 9.941463, 10.137351, -0.117580, 0.039407, 0.019635, -0.183246, 0.061082, 0.026178, -0.911807, -1.978261, -30.538446, 0.000059, -0.000454, -0.000189, 0.001748, 14.305664, 3.759766, 55.114742
-0.034904, 0.012216, 1000.000000, 0.005236, 2000.000000, 1000.000000, 10.093180, 9.826038, 9.943634, 10.137148, -0.115164, 0.040391, 0.018407, -0.174520, 0.061082, 0.026178, -0.935817, -1.992293, -30.520250, 0.001124, -0.000454, 0.001942, 0.002270, 14.305664, 4.000854, 58.593746
-0.036649, 0.008726, 1000.000000, 0.005236, 2000.000000, 1000.000000, 10.112368, 9.833797, 9.925957, 10.127878, -0.120123, 0.026917, 0.019162, -0.183246, 0.043630, 0.026178, -0.971038, -1.954958, -30.530062, -0.001007, 0.002742, 0.000877, 0.002363, 14.309570, 3.759766, 55.114742
-0.034904, 0.008726, 1000.000000, 0.005236, 2000.000000, 1000.000000, 10.090814, 9.837937, 9.948207, 10.123042, -0.106928, 0.035625, 0.019510, -0.174520, 0.043630, 0.026178, -0.975596, -1.944876, -30.546967, -0.010594, -0.012172, -0.000189, 0.001947, 14.309570, 3.839111, 56.213375
-0.036649, 0.003490, 1000.000000, 0.005236, 2000.000000, 1000.000000, 10.129766, 9.852369, 9.911400, 10.106464, -0.118115, 0.008932, 0.020583, -0.183246, 0.017452, 0.026178, -0.960101, -1.953343, -30.546413, -0.002072, 0.003807, -0.001254, 0.002106, 14.309570, 4.000854, 58.593746
-0.034904, 0.003490, 1000.000000, 0.005236, 2000.000000, 1000.000000, 10.117285, 9.861599, 9.922634, 10.098482, -0.107883, 0.010558, 0.019960, -0.174520, 0.017452, 0.026178, -0.988454, -1.903313, -30.559694, -0.010594, 0.001677, -0.000189, 0.002249, 14.309570, 3.720093, 54.504391
-0.034904, 0.003490, 1000.000000, 0.005236, 2000.000000, 1000.000000, 10.121012, 9.850533, 9.913752, 10.114704, -0.117858, 0.014228, 0.017382, -0.174520, 0.017452, 0.026178, -0.969635, -1.943455, -30.543781, 0.008581, -0.004715, 0.003007, 0.001838, 14.309570, 3.878784, 56.823727
-0.034904, 0.003490, 1000.000000, 0.005236, 2000.000000, 1000.000000, 10.124564, 9.854791, 9.911866, 10.108779, -0.116672, 0.010322, 0.018215, -0.174520, 0.017452, 0.026178, -0.958714, -1.982395, -30.520847, 0.006450, 0.001677, 0.001942, 0.001809, 14.313477, 3.561401, 52.185055
-0.034904, 0.003490, 1000.000000, 0.005236, 2000.000000, 1000.000000, 10.120153, 9.855145, 9.916613, 10.108089, -0.114122, 0.012351, 0.018383, -0.174520, 0.017452, 0.026178, -0.983855, -1.974767, -30.524742, -0.001007, -0.001519, 0.001942, 0.002322, 14.313477, 3.720093, 54.504391
-0.034904, 0.003490, 1000.000000, 0.005236, 2000.000000, 1000.000000, 10.127699, 9.858246, 9.910671, 10.103384, -0.115542, 0.007027, 0.019186, -0.174520, 0.017452, 0.026178, -0.967973, -1.952842, -30.548214, 0.001124, 0.007003, 0.000877, 0.002314, 14.309570, 3.921509, 57.373043
-0.034904, 0.003490, 1000.000000, 0.005236, 2000.000000, 1000.000000, 10.117209, 9.856038, 9.923467, 10.103286, -0.110248, 0.013376, 0.020338, -0.174520, 0.017452, 0.026178, -0.966182, -1.963313, -30.534426, -0.004202, -0.003650, -0.001254, 0.001851, 14.313477, 3.878784, 56.823727
-0.034904, 0.001745, 1000.000000, 0.005236, 2000.000000, 1000.000000, 10.135942, 9.857176, 9.902758, 10.104124, -0.120033, 0.003441, 0.019350, -0.174520, 0.008726, 0.026178, -0.929637, -1.990933, -30.530499, 0.008581, 0.003807, 0.000877, 0.002264, 14.309570, 3.759766, 55.114742
-0.034904, 0.001745, 1000.000000, 0.005236, 2000.000000, 1000.000000, 10.130078, 9.859229, 9.906428, 10.104264, -0.117172, 0.005346, 0.018253, -0.174520, 0.008726, 0.026178, -0.906397, -1.999377, -30.532532, 0.004320, 0.000611, 0.001942, 0.002245, 14.309570, 3.921509, 57.495113
-0.033159, 0.001745, 1000.000000, 0.005236, 2000.000000, 1000.000000, 10.120111, 9.863136, 9.914183, 10.102570, -0.111341, 0.008376, 0.017147, -0.165794, 0.008726, 0.026178, -0.916035, -2.013734, -30.515100, 0.008581, -0.004715, 0.003007, 0.001758, 14.313477, 3.839111, 57.495113
-0.034904, 0.001745, 1000.000000, 0.005236, 2000.000000, 1000.000000, 10.126399, 9.864942, 9.912904, 10.095756, -0.111077, 0.004329, 0.019652, -0.174520, 0.008726, 0.026178, -0.901137, -2.019256, -30.518911, -0.002072, 0.001677, -0.000189, 0.001768, 14.313477, 3.878784, 56.823727
-0.033159, 0.001745, 1000.000000, 0.005236, 2000.000000, 1000.000000, 10.123713, 9.860215, 9.916158, 10.099914, -0.111813, 0.008036, 0.019936, -0.165794, 0.008726, 0.026178, -0.938472, -1.985788, -30.534334, 0.004320, -0.003650, -0.000189, 0.002386, 14.313477, 3.799438, 55.725094
-0.033159, 0.001745, 1000.000000, 0.005236, 2000.000000, 1000.000000, 10.118531, 9.862473, 9.924455, 10.094541, -0.106536, 0.009498, 0.021493, -0.165794, 0.008726, 0.026178, -0.922994, -2.018655, -30.523470, -0.003137, -0.005780, -0.002319, 0.002280, 14.317383, 4.000854, 58.715816
-0.033159, 0.001745, 1000.000000, 0.005236, 2000.000000, 1000.000000, 10.118256, 9.868105, 9.919558, 10.094082, -0.106168, 0.006820, 0.018906, -0.165794, 0.008726, 0.026178, -0.900213, -2.032175, -30.520773, -0.001007, -0.001519, 0.000877, 0.001830, 14.313477, 3.759766, 55.114742
-0.034904, 0.000000, 1000.000000, 0.005236, 2000.000000, 1000.000000, 10.124701, 9.868684, 9.913470, 10.093144, -0.108923, 0.003307, 0.019085, -0.174520, 0.000000, 0.026178, -0.889038, -2.038776, -30.525185, -0.009529, -0.004715, 0.000877, 0.002298, 14.317383, 3.680420, 53.894039
-0.034904, 0.000000, 1000.000000, 0.005236, 2000.000000, 1000.000000, 10.129655, 9.868205, 9.908778, 10.093362, -0.111509, 0.001070, 0.019217, -0.174520, 0.000000, 0.026178, -0.915292, -2.013191, -30.535013, -0.005268, -0.001519, 0.000877, 0.002384, 14.317383, 3.839111, 56.274410
-0.034904, 0.000000, 1000.000000, 0.005236, 2000.000000, 1000.000000, 10.132147, 9.864782, 9.905407, 10.097664, -0.114905, 0.001535, 0.018777, -0.174520, 0.000000, 0.026178, -0.920925, -2.036406, -30.510387, 0.003254, -0.002584, 0.000877, 0.001887, 14.317383, 3.720093, 54.626461
-0.034904, 0.000000, 1000.000000, 0.005236, 2000.000000, 1000.000000, 10.133327, 9.867311, 9.903225, 10.096136, -0.114732, -0.000319, 0.018276, -0.174520, 0.000000, 0.026178, -0.908870, -2.051579, -30.506870, 0.001124, 0.000611, 0.001942, 0.002099, 14.313477, 3.921509, 57.495113
-0.034904, 0.000000, 1000.000000, 0.005236, 2000.000000, 1000.000000, 10.132483, 9.866961, 9.910766, 10.089789, -0.111136, 0.000278, 0.021624, -0.174520, 0.000000, 0.026178, -0.952070, -2.073280, -30.474846, -0.005268, -0.000454, -0.002319, 0.002263, 14.313477, 3.921509, 57.495113
-0.036649, 0.000000, 1000.000000, 0.005236, 2000.000000, 1000.000000, 10.139763, 9.864687, 9.896646, 10.098904, -0.119333, -0.002225, 0.018205, -0.183246, 0.000000, 0.026178, -0.963272, -2.053804, -30.472118, 0.001124, 0.003807, 0.001942, 0.001973, 14.313477, 3.720093, 54.504391
-0.036649, 0.000000, 1000.000000, 0.005236, 2000.000000, 1000.000000, 10.137313, 9.858932, 9.903588, 10.100167, -0.118740, 0.001878, 0.020451, -0.183246, 0.000000, 0.026178, -1.008922, -2.022153, -30.474379, 0.001124, -0.002584, -0.001254, 0.001777, 14.317383, 3.878784, 56.884762
-0.036649, 0.000000, 1000.000000, 0.005236, 2000.000000, 1000.000000, 10.152013, 9.854339, 9.886006, 10.107642, -0.129828, -0.003175, 0.019009, -0.183246, 0.000000, 0.026178, -1.002938, -1.988318, -30.491879, 0.014972, 0.004872, 0.000877, 0.002329, 14.313477, 3.839111, 56.274410
-0.036649, 0.000000, 1000.000000, 0.005236, 2000.000000, 1000.000000, 10.136463, 9.863365, 9.901449, 10.098722, -0.117593, 0.000086, 0.018956, -0.183246, 0.000000, 0.026178, -0.966891, -1.988864, -30.521425, -0.004202, -0.000454, 0.000877, 0.002232, 14.313477, 3.961182, 58.105465
-0.036649, -0.001745, 1000.000000, 0.005236, 2000.000000, 1000.000000, 10.139734, 9.867451, 9.904030, 10.088785, -0.114260, -0.003593, 0.021882, -0.183246, -0.008726, 0.026178, -0.978969, -1.967666, -30.528545, -0.006333, -0.003650, -0.003384, 0.001803, 14.317383, 3.518677, 51.574703
-0.036649, 0.000000, 1000.000000, 0.005236, 2000.000000, 1000.000000, 10.138530, 9.861722, 9.901092, 10.098657, -0.118594, -0.000126, 0.019811, -0.183246, 0.000000, 0.026178, -0.997321, -1.942996, -30.546011, -0.003137, 0.000611, -0.000189, 0.002237, 14.313477, 4.000854, 58.715816
-0.036649, -0.001745, 1000.000000, 0.005236, 2000.000000, 1000.000000, 10.151618, 9.863221, 9.886865, 10.098296, -0.124958, -0.007420, 0.019241, -0.183246, -0.008726, 0.026178, -0.975928, -1.963900, -30.541161, 0.007515, 0.002742, 0.000877, 0.002337, 14.313477, 3.878784, 56.884762
-0.036649, -0.001745, 1000.000000, 0.005236, 2000.000000, 1000.000000, 10.137086, 9.868123, 9.900599, 10.094192, -0.115639, -0.002604, 0.018843, -0.183246, -0.008726, 0.026178, -0.957102, -1.963080, -30.550116, -0.004202, -0.004715, 0.000877, 0.001747, 14.321289, 4.040527, 59.204098
-0.036649, -0.001745, 1000.000000, 0.005236, 2000.000000, 1000.000000, 10.140257, 9.864233, 9.905760, 10.089750, -0.115004, -0.002245, 0.023009, -0.183246, -0.008726, 0.026178, -0.981280, -1.957661, -30.552458, -0.007398, -0.005780, -0.004450, 0.002135, 14.321289, 3.759766, 55.114742
-0.036649, 0.000000, 1000.000000, 0.005236, 2000.000000, 1000.000000, 10.141052, 9.862188, 9.897007, 10.099752, -0.120402, -0.001621, 0.019030, -0.183246, 0.000000, 0.026178, -1.003863, -1.945221, -30.557068, 0.001124, 0.002742, 0.000877, 0.002192, 14.317383, 3.640747, 53.405758
-0.036649, -0.001745, 1000.000000, 0.005236, 2000.000000, 1000.000000, 10.141828, 9.870404, 9.897504, 10.090264, -0.116046, -0.006116, 0.019666, -0.183246, -0.008726, 0.026178, -0.948707, -1.944232, -30.581217, -0.003137, 0.000611, -0.000189, 0.001860, 14.321289, 3.799438, 55.725094
-0.036649, 0.000000, 1000.000000, 0.005236, 2000.000000, 1000.000000, 10.134624, 9.860231, 9.906216, 10.098928, -0.116776, 0.002572, 0.020420, -0.183246, 0.000000, 0.026178, -1.005889, -1.947311, -30.550480, -0.003137, -0.004715, -0.001254, 0.001880, 14.317383, 4.000854, 58.715816
-0.034904, 0.000000, 1000.000000, 0.005236, 2000.000000, 1000.000000, 10.131345, 9.864205, 9.908349, 10.096101, -0.113723, 0.002225, 0.019847, -0.174520, 0.000000, 0.026178, -0.998378, -1.979334, -30.542166, -0.001007, -0.003650, -0.000189, 0.002216, 14.313477, 4.000854, 58.715816
-0.034904, 0.000000, 1000.000000, 0.005236, 2000.000000, 1000.000000, 10.130590, 9.870064, 9.906034, 10.093311, -0.111951, -0.000327, 0.018313, -0.174520, 0.000000, 0.026178, -0.970319, -2.009817, -30.526894, -0.004202, 0.000611, 0.001942, 0.002270, 14.313477, 3.878784, 56.823727
-0.034904, 0.000000, 1000.000000, 0.005236, 2000.000000, 1000.000000, 10.129839, 9.868366, 9.909441, 10.092354, -0.111097, 0.000897, 0.019640, -0.174520, 0.000000, 0.026178, -0.974983, -2.016277, -30.519413, -0.002072, -0.001519, -0.000189, 0.001827, 14.317383, 4.199219, 61.584469
-0.034904, 0.000000, 1000.000000, 0.005236, 2000.000000, 1000.000000, 10.137581, 9.858976, 9.902426, 10.101017, -0.119299, 0.001721, 0.020003, -0.174520, 0.000000, 0.026178, -1.020684, -2.019227, -30.486925, 0.007515, -0.002584, -0.000189, 0.002241, 14.317383, 4.119873, 60.424801
-0.033159, 0.000000, 1000.000000, 0.005236, 2000.000000, 1000.000000, 10.126467, 9.869022, 9.916950, 10.087561, -0.107014, 0.002255, 0.021709, -0.165794, 0.000000, 0.026178, -1.038516, -2.000300, -30.496260, -0.003137, -0.003650, -0.002319, 0.002439, 14.317383, 3.878784, 56.884762
-0.033159, 0.000000, 1000.000000, 0.005236, 2000.000000, 1000.000000, 10.128036, 9.872689, 9.910041, 10.089234, -0.108634, -0.000362, 0.019038, -0.165794, 0.000000, 0.026178, -1.047716, -1.981324, -30.509855, 0.002189, 0.000611, 0.000877, 0.001853, 14.317383, 3.878784, 56.884762
-0.033159, 0.000000, 1000.000000, 0.005236, 2000.000000, 1000.000000, 10.128259, 9.874967, 9.911344, 10.085431, -0.106845, -0.001613, 0.019801, -0.165794, 0.000000, 0.026178, -1.052787, -1.991095, -30.503323, -0.002072, 0.002742, -0.000189, 0.002138, 14.317383, 4.000854, 58.715816
-0.034904, 0.000000, 1000.000000, 0.005236, 2000.000000, 1000.000000, 10.139181, 9.865862, 9.899035, 10.095922, -0.117552, -0.002522, 0.019108, -0.174520, 0.000000, 0.026178, -1.064946, -2.006644, -30.483511, 0.004320, 0.003807, 0.000877, 0.002343, 14.325195, 3.759766, 55.114742
-0.033159, 0.000000, 1000.000000, 0.005236, 2000.000000, 1000.000000, 10.129004, 9.880998, 9.907861, 10.082137, -0.105571, -0.005001, 0.018432, -0.165794, 0.000000, 0.026178, -1.060459, -2.004754, -30.481195, -0.005268, 0.008068, 0.001942, 0.002331, 14.321289, 3.921509, 57.495113
-0.033159, 0.000000, 1000.000000, 0.005236, 2000.000000, 1000.000000, 10.130692, 9.865651, 9.907546, 10.096110, -0.113402, 0.001828, 0.019119, -0.165794, 0.000000, 0.026178, -1.074512, -2.027406, -30.454777, 0.007515, -0.003650, 0.000877, 0.002177, 14.325195, 3.759766, 55.114742
-0.033159, 0.000000, 1000.000000, 0.005236, 2000.000000, 1000.000000, 10.125439, 9.863392, 9.914639, 10.096531, -0.110985, 0.005584, 0.020039, -0.165794, 0.000000, 0.026178, -1.047942, -2.045008, -30.471018, 0.003254, -0.008976, -0.000189, 0.002417, 14.321289, 3.961182, 58.105465
-0.033159, 0.000000, 1000.000000, 0.005236, 2000.000000, 1000.000000, 10.126600, 9.881218, 9.909683, 10.082499, -0.104550, -0.003909, 0.018142, -0.165794, 0.000000, 0.026178, -1.026235, -2.027463, -30.501232, -0.004202, 0.005938, 0.001942, 0.001788, 14.325195, 3.759766, 55.114742
-0.034904, 0.000000, 1000.000000, 0.005236, 2000.000000, 1000.000000, 10.133144, 9.868700, 9.906017, 10.092138, -0.112642, -0.000922, 0.019581, -0.174520, 0.000000, 0.026178, -1.032233, -2.034973, -30.489223, 0.001124, 0.001677, -0.000189, 0.001756, 14.321289, 3.921509, 57.495113
-0.033159, 0.000000, 1000.000000, 0.005236, 2000.000000, 1000.000000, 10.126234, 9.877235, 9.912203, 10.084328, -0.105281, -0.001734, 0.019219, -0.165794, 0.000000, 0.026178, -1.063906, -2.028180, -30.474028, -0.005268, 0.002742, 0.000877, 0.002389, 14.317383, 4.119873, 60.424801
-0.033159, 0.000000, 1000.000000, 0.005236, 2000.000000, 1000.000000, 10.126172, 9.871869, 9.913835, 10.088124, -0.107148, 0.000979, 0.020003, -0.165794, 0.000000, 0.026178, -1.067973, -2.012083, -30.482950, -0.002072, -0.001519, -0.000189, 0.002339, 14.317383, 4.119873, 60.424801
-0.034904, 0.000000, 1000.000000, 0.005236, 2000.000000, 1000.000000, 10.135818, 9.872701, 9.902251, 10.089231, -0.112524, -0.004259, 0.019035, -0.174520, 0.000000, 0.026178, -1.062240, -2.017123, -30.486242, 0.000059, 0.007003, 0.000877, 0.001848, 14.317383, 3.839111, 56.274410
-0.034904, 0.000000, 1000.000000, 0.005236, 2000.000000, 1000.000000, 10.136331, 9.865064, 9.903514, 10.095092, -0.115711, -0.000697, 0.019922, -0.174520, 0.000000, 0.026178, -1.057675, -2.001058, -30.498335, 0.002189, 0.001677, -0.000189, 0.002267, 14.321289, 4.080200, 59.814449
-0.034904, 0.000000, 1000.000000, 0.005236, 2000.000000, 1000.000000, 10.136522, 9.867495, 9.900249, 10.095734, -0.116128, -0.002008, 0.018386, -0.174520, 0.000000, 0.026178, -1.027724, -2.017594, -30.506422, 0.002189, 0.002742, 0.001942, 0.002223, 14.321289, 3.839111, 57.495113
-0.033159, 0.000000, 1000.000000, 0.006981, 2000.000000, 1000.000000, 10.127172, 9.864264, 9.926522, 10.082042, -0.104607, 0.004282, 0.026846, -0.165794, 0.000000, 0.034904, -1.009155, -2.036771, -30.501781, -0.004202, -0.006845, -0.001254, 0.001850, 14.325195, 3.799438, 55.725094
-0.033159, 0.000000, 1000.000000, 0.005236, 2000.000000, 1000.000000, 10.130254, 9.871629, 9.909253, 10.088864, -0.109559, -0.000942, 0.019754, -0.165794, 0.000000, 0.026178, -1.005820, -2.009251, -30.519749, 0.003254, 0.001677, -0.000189, 0.001903, 14.321289, 3.878784, 56.884762
-0.033159, 0.000000, 1000.000000, 0.006981, 2000.000000, 1000.000000, 10.133399, 9.861852, 9.919564, 10.085185, -0.109292, 0.002375, 0.026481, -0.165794, 0.000000, 0.034904, -1.035606, -2.005207, -30.510166, 0.001124, -0.003650, -0.000189, 0.002282, 14.321289, 3.961182, 58.105465
-0.033159, 0.000000, 1000.000000, 0.005236, 2000.000000, 1000.000000, 10.128071, 9.869663, 9.909391, 10.092875, -0.110473, 0.001133, 0.018731, -0.165794, 0.000000, 0.026178, -1.017579, -2.027237, -30.503708, 0.006450, -0.001519, 0.000877, 0.001759, 14.325195, 3.720093, 54.016109
-0.031414, 0.000000, 1000.000000, 0.005236, 2000.000000, 1000.000000, 10.115045, 9.875518, 9.922919, 10.086518, -0.100781, 0.004719, 0.018982, -0.157068, 0.000000, 0.026178, -1.025279, -2.007365, -30.522177, -0.003137, -0.007911, 0.000877, 0.002194, 14.325195, 4.080200, 59.814449
-0.031414, 0.000000, 1005.000000, 0.005236, 2000.000000, 1000.000000, 10.116216, 9.876271, 9.923606, 10.083907, -0.100061, 0.003757, 0.019911, -0.157068, 0.000000, 0.026178, -1.015048, -2.010697, -30.523689, -0.004202, -0.005780, -0.000189, 0.002156, 14.321289, 3.759766, 55.114742
-0.033159, 0.000000, 1006.000000, 0.005236, 2000.000000, 1000.000000, 10.126786, 9.878676, 9.914189, 10.080348, -0.103567, -0.002732, 0.020488, -0.165794, 0.000000, 0.026178, -0.993873, -2.023921, -30.532955, -0.004202, 0.004872, -0.001254, 0.001749, 14.321289, 3.921509, 57.495113
-0.031414, 0.000000, 1007.000000, 0.005236, 2000.000000, 1000.000000, 10.123134, 9.880687, 9.913104, 10.083076, -0.103104, -0.001910, 0.018119, -0.157068, 0.000000, 0.026178, -0.972220, -2.039998, -30.529499, 0.004320, 0.002742, 0.001942, 0.001755, 14.321289, 3.799438, 55.725094
-0.033159, 0.000000, 1007.000000, 0.005236, 2000.000000, 1000.000000, 10.129820, 9.870655, 9.908558, 10.090967, -0.110394, -0.000238, 0.019189, -0.165794, 0.000000, 0.026178, -1.029830, -2.007366, -30.527590, 0.002189, 0.000611, 0.000877, 0.002321, 14.325195, 4.159546, 60.974117
-0.033159, 0.000000, 1006.000000, 0.005236, 2000.000000, 1000.000000, 10.132800, 9.871888, 9.908673, 10.086638, -0.109719, -0.002344, 0.020737, -0.165794, 0.000000, 0.026178, -1.047736, -1.971802, -30.535273, 0.001124, 0.003807, -0.001254, 0.002374, 14.325195, 3.878784, 56.884762
-0.033159, 0.000000, 1004.000000, 0.005236, 2000.000000, 1000.000000, 10.125980, 9.864445, 9.913412, 10.096163, -0.111071, 0.004787, 0.019697, -0.165794, 0.000000, 0.026178, -1.041160, -1.955721, -30.552616, 0.006450, -0.007911, -0.000189, 0.001825, 14.321289, 3.878784, 56.884762
-0.033159, 0.000000, 1032.000000, 0.005236, 2000.000000, 1000.000000, 13.123546, 12.873563, 12.921166, 13.081725, -0.102635, 0.001445, 0.022356, -0.165794, 0.000000, 0.026178, -1.029889, -1.964600, -30.563993, -0.009529, -0.002584, -0.003384, 0.002300, 13.950195, 24.880981, 355.285614
-0.033159, 0.000000, 1046.000000, 0.005236, 2000.000000, 1000.000000, 14.067303, 13.834002, 13.978539, 14.120157, -0.093730, 0.049348, 0.022921, -0.165794, 0.000000, 0.026178, -1.076639, -2.000524, -30.580879, -0.025508, -0.079283, -0.004450, 0.002353, 14.036133, 15.798950, 227.111801
-0.033159, 0.000000, 1045.000000, 0.006981, 2000.000000, 1000.000000, 13.837670, 13.706017, 14.211907, 14.244405, -0.041037, 0.228156, 0.024789, -0.165794, 0.000000, 0.034904, -1.542459, -2.506073, -30.618130, -0.103271, -0.388208, 0.001942, 0.001747, 14.149414, 11.679077, 169.311508
-0.033159, 0.000000, 1046.000000, 0.005236, 2000.000000, 1000.000000, 14.145852, 13.523355, 13.939330, 14.391463, -0.268657, 0.165396, 0.042591, -0.165794, 0.000000, 0.026178, -2.172716, -3.982290, -30.733978, 0.263177, -0.275290, -0.032146, 0.002145, 14.149414, 10.241699, 148.620605
-0.033159, 0.000000, 1046.000000, 0.005236, 2000.000000, 1000.000000, 14.216912, 13.493688, 13.853396, 14.436004, -0.326458, 0.144700, 0.035155, -0.165794, 0.000000, 0.026178, -1.660042, -4.989531, -30.740088, 0.372899, -0.244398, -0.022559, 0.001748, 14.180664, 9.881592, 143.493652
-0.033159, 0.000000, 1045.000000, 0.005236, 2000.000000, 1000.000000, 13.631343, 13.633040, 14.474435, 14.261182, 0.053738, 0.367809, 0.052889, -0.165794, 0.000000, 0.026178, -2.260356, -6.516581, -31.001335, -0.264125, -0.603390, -0.045995, 0.002239, 14.176758, 10.241699, 148.681641
-0.031414, 0.000000, 1046.000000, 0.005236, 2000.000000, 1000.000000, 13.339734, 13.750178, 14.744580, 14.165507, 0.247379, 0.455044, 0.042157, -0.157068, 0.000000, 0.026178, -4.284558, -7.495923, -31.371408, -0.573050, -0.744004, -0.031081, 0.002245, 14.172852, 10.119629, 150.390625
-0.031414, 0.000000, 1045.000000, 0.005236, 2000.000000, 1000.000000, 13.418559, 14.135051, 14.620275, 13.826116, 0.377663, 0.223195, 0.019417, -0.157068, 0.000000, 0.026178, -6.649880, -7.871913, -31.723484, -0.809537, -0.382881, -0.000189, 0.001775, 14.161133, 11.279297, 163.513168
-0.031414, 0.000000, 1045.000000, 0.005236, 2000.000000, 1000.000000, 13.895089, 13.996385, 14.216762, 13.891765, 0.106573, 0.054263, 0.055925, -0.157068, 0.000000, 0.026178, -9.292746, -6.932651, -32.191872, -0.346150, -0.087805, -0.050256, 0.002365, 14.168945, 9.960938, 144.592285
-0.031414, 0.000000, 1045.000000, 0.005236, 2000.000000, 1000.000000, 14.120016, 13.623028, 14.003006, 14.253950, -0.186983, 0.128478, 0.061511, -0.157068, 0.000000, 0.026178, -9.643366, -7.031613, -32.518677, 0.140673, -0.212440, -0.058778, 0.002095, 14.141602, 11.718750, 169.677719
-0.031414, 0.000000, 1045.000000, 0.005236, 2000.000000, 1000.000000, 14.191827, 13.145207, 13.920012, 14.742953, -0.467390, 0.331483, 0.055920, -0.157068, 0.000000, 0.026178, -8.837990, -9.436728, -32.625034, 0.610451, -0.552257, -0.052386, 0.001966, 14.176758, 10.479736, 152.099609
-0.031414, 0.000000, 1045.000000, 0.005236, 2000.000000, 1000.000000, 14.080892, 13.028663, 14.055139, 14.835307, -0.458099, 0.445222, 0.068015, -0.157068, 0.000000, 0.026178, -8.362325, -11.770996, -32.735806, 0.583820, -0.732286, -0.068365, 0.002180, 14.168945, 10.519409, 152.709961
-0.031414, 0.000000, 1045.000000, 0.005236, 2000.000000, 1000.000000, 13.981833, 13.074467, 14.063831, 14.879869, -0.430851, 0.471851, 0.022832, -0.157068, 0.000000, 0.026178, -8.148163, -14.262405, -32.800270, 0.547601, -0.789810, -0.004450, 0.001909, 14.172852, 10.479736, 151.977539
-0.029668, 0.000000, 1045.000000, 0.005236, 2000.000000, 1000.000000, 14.039991, 13.130928, 14.032181, 14.796900, -0.418446, 0.414540, 0.036086, -0.148342, 0.000000, 0.026178, -8.132072, -16.731747, -32.822529, 0.514578, -0.675827, -0.022559, 0.002309, 14.168945, 9.759521, 141.723633
-0.031414, 0.000000, 1059.000000, 0.005236, 2000.000000, 1000.000000, 15.278503, 14.663643, 14.667416, 15.390438, -0.334471, 0.028927, -0.027041, -0.157068, 0.000000, 0.026178, -7.129146, -18.849932, -32.598015, 0.371833, -0.046260, 0.064792, 0.002364, 14.028320, 17.678833, 254.028305
-0.027923, 0.000000, 1082.000000, 0.005236, 2000.000000, 1000.000000, 15.930371, 17.848150, 17.723879, 20.497599, -0.213985, 1.110739, -1.172875, -0.139616, 0.000000, 0.026178, -7.464292, -20.412846, -30.971600, 0.205653, -1.869981, 1.723398, 0.001766, 13.407227, 49.761963, 682.739197
-0.029668, 0.000000, 1084.000000, 0.005236, 2000.000000, 1000.000000, 14.393924, 15.259595, 20.132366, 22.214115, -0.304019, 3.173241, -0.736855, -0.148342, 0.000000, 0.026178, -12.558654, -30.629673, -27.873627, 0.359050, -5.377875, 1.106614, 0.001780, 12.993164, 57.360840, 766.601501
-0.031414, 0.000000, 1048.000000, 0.006981, 2000.000000, 1000.000000, 13.658902, 6.830207, 17.294510, 18.216381, -1.937641, 3.755445, 1.476706, -0.157068, 0.000000, 0.034904, -21.814465, -55.071163, -35.768394, 3.021129, -6.181079, -2.049744, 0.002189, 13.770508, 12.640381, 178.894028
-0.031414, 0.000000, 1036.000000, 0.006981, 2000.000000, 1000.000000, 12.498289, 7.906710, 12.652084, 18.942915, -2.720603, 2.797500, -0.424813, -0.157068, 0.000000, 0.034904, -26.481634, -73.778145, -42.846661, 4.469880, -4.786657, 0.649619, 0.001753, 14.211914, 6.079102, 88.500969
-0.029668, 0.000000, 1000.000000, 0.008726, 2000.000000, 1000.000000, 10.686745, 5.041786, 7.662777, 16.608692, -3.647718, 2.135734, -0.825239, -0.148342, 0.000000, 0.043630, 113.037415, -79.555565, 101.749847, 5.765233, -3.465737, 1.200357, 0.002375, 14.329102, 1.800537, 26.428221
-0.031414, 0.000000, 1000.000000, 0.008726, 2000.000000, 1000.000000, 8.986741, 5.157155, 8.768777, 17.087326, -3.037034, 2.928052, -1.122241, -0.157068, 0.000000, 0.043630, 127.368599, -61.410740, 118.951965, 4.839524, -4.800505, 1.629656, 0.002180, 14.258789, 5.200195, 75.927734
-0.029668, 0.000000, 1000.000000, 0.006981, 2000.000000, 1000.000000, 3.688578, 4.421689, 12.174963, 19.714771, -1.701675, 5.944867, -2.068230, -0.148342, 0.000000, 0.034904, 143.671753, -41.042999, 137.640350, 2.712205, -10.037312, 3.020882, 0.001844, 14.262695, 4.800415, 70.129395
-0.029668, 0.000000, 1000.000000, 0.006981, 2000.000000, 1000.000000, -0.702294, 4.948584, 11.592419, 24.161291, -1.729499, 7.876855, -4.554938, -0.148342, 0.000000, 0.034904, 155.327393, -7.898134, 157.361359, 2.754815, -13.107385, 6.524515, 0.002044, 14.247070, 5.401611, 78.796387
-0.031414, 0.000000, 1000.000000, 0.001745, 2000.000000, 1000.000000, -1.033770, 15.501226, 13.990286, 11.542255, 4.745757, 2.766272, -3.521741, -0.157068, 0.000000, 0.008726, -177.323090, 15.443956, 176.201691, -7.898827, -4.509690, 4.943673, 0.002320, 14.270508, 4.080200, 59.631344
-0.029668, 0.000000, 1000.000000, 0.024433, 2000.000000, 1000.000000, 7.352819, 14.460968, 8.245497, 9.940716, 1.353232, -0.906894, -2.200842, -0.148342, 0.000000, 0.122164, -162.562653, 18.933271, -177.363739, -2.450034, 1.514343, 3.305306, 0.001890, 14.227539, 5.960083, 86.914055
