


<<< NEW FLIGHT DATA >>>


0.000000, 0.000000, 1000.000000, 0.000000, 2000.000000, 1000.000000, 9.999774, 10.000293, 9.999436, 10.000497, -0.000135, -0.000034, -0.000395, -0.000135, -0.000034, -0.000395, 0.000000, 0.000000, 0.000000, -0.000000, -0.000000, -0.000000, 0.000000, 0.000000, 0.000000, -1.042313, 6.981728, -0.114370, 0.000271, 0.000067, 0.000263, 0.001769, 14.899414, 0.518799, 7.873535
0.000000, 0.000000, 1000.000000, 0.000000, 2000.000000, 1000.000000, 10.006698, 9.989108, 10.005296, 9.998899, -0.002798, 0.002097, 0.005997, -0.002798, 0.002097, 0.005997, 0.000000, 0.000000, 0.000000, 0.000000, -0.000000, -0.000000, 0.000000, 0.000000, 0.000000, -1.034050, 6.958685, -0.096877, 0.005597, -0.004194, -0.003998, 0.001801, 14.727539, 6.320190, 95.397942
0.000000, 0.000000, 1000.000000, 0.000000, 2000.000000, 1000.000000, 10.003503, 9.991239, 10.002099, 10.003160, -0.003331, 0.002630, 0.002801, -0.003331, 0.002630, 0.002801, 0.000000, 0.000000, 0.000000, 0.000000, -0.000000, -0.000000, 0.000000, 0.000000, 0.000000, -1.032242, 6.930925, -0.071158, 0.006662, -0.005259, -0.001867, 0.001913, 14.848633, 1.959229, 29.785154
0.000000, 0.000000, 1000.000000, 0.000000, 2000.000000, 1000.000000, 10.010427, 9.990706, 10.001567, 9.997300, -0.003864, -0.000566, 0.005997, -0.003864, -0.000566, 0.005997, 0.000000, 0.000000, 0.000000, 0.000000, 0.000000, -0.000000, 0.000000, 0.000000, 0.000000, -1.031770, 6.887626, -0.030481, 0.007727, 0.001132, -0.003998, 0.001769, 14.665039, 6.961060, 104.614250
0.000000, 0.000000, 1000.000000, 0.000000, 2000.000000, 1000.000000, 10.000839, 9.999228, 10.001568, 9.998365, 0.000397, -0.000034, 0.001203, 0.000397, -0.000034, 0.001203, 0.000000, 0.000000, 0.000000, -0.000000, 0.000000, -0.000000, 0.000000, 0.000000, 0.000000, -1.013904, 6.787244, 0.077669, -0.000795, 0.000067, -0.000802, 0.001782, 14.895508, 0.680542, 10.375976
0.000000, 0.000000, 1000.000000, 0.000000, 2000.000000, 1000.000000, 9.999774, 10.008815, 9.989850, 10.001561, -0.000668, -0.004295, -0.005188, -0.000668, -0.004295, -0.005188, 0.000000, 0.000000, 0.000000, -0.000000, 0.000000, 0.000000, 0.000000, 0.000000, 0.000000, -1.009244, 6.717620, 0.148338, 0.001336, 0.008589, 0.003459, 0.002097, 14.829102, 2.120972, 32.226562
0.000000, 0.000000, 1000.000000, 0.000000, 2000.000000, 1000.000000, 10.070081, 9.929986, 10.060157, 9.939776, -0.004929, -0.000034, 0.065119, -0.004929, -0.000034, 0.065119, 0.000000, 0.000000, 0.000000, 0.000000, -0.000000, -0.000000, 0.000000, 0.000000, 0.000000, -0.995070, 6.650418, 0.247194, 0.009858, 0.000067, -0.043412, 0.002220, 14.520508, 13.079834, 194.519028
0.000000, 0.000000, 1000.000000, 0.000000, 2000.000000, 1000.000000, 10.041852, 9.947562, 10.037253, 9.973332, -0.007592, 0.005293, 0.039552, -0.007592, 0.005293, 0.039552, 0.000000, 0.000000, 0.000000, 0.000000, -0.000000, -0.000000, 0.000000, 0.000000, 0.000000, -0.974666, 6.597035, 0.231742, 0.015184, -0.010585, -0.026368, 0.001830, 14.719727, 5.718994, 86.181633
0.000000, 0.000000, 1000.000000, 0.000000, 2000.000000, 1000.000000, 9.975805, 10.028522, 9.959490, 10.036182, -0.005994, -0.002164, -0.032352, -0.005994, -0.002164, -0.032352, 0.000000, 0.000000, 0.000000, 0.000000, 0.000000, 0.000000, 0.000000, 0.000000, 0.000000, -0.907047, 6.565608, 0.277751, 0.011988, 0.004328, 0.021568, 0.001938, 14.774414, 4.159546, 62.927242
0.000000, 0.000000, 1000.000000, 0.000000, 2000.000000, 1000.000000, 9.992317, 10.022663, 9.962152, 10.022867, -0.007592, -0.007490, -0.022765, -0.007592, -0.007490, -0.022765, 0.000000, 0.000000, 0.000000, 0.000000, 0.000000, 0.000000, 0.000000, 0.000000, 0.000000, -0.839930, 6.550368, 0.322176, 0.015184, 0.014981, 0.015177, 0.001836, 14.782227, 4.040527, 61.218258
0.000000, 0.000000, 1000.000000, 0.000000, 2000.000000, 1000.000000, 10.028004, 9.968868, 10.025536, 9.977592, -0.002798, 0.001564, 0.026769, -0.002798, 0.001564, 0.026769, 0.000000, 0.000000, 0.000000, 0.000000, -0.000000, -0.000000, 0.000000, 0.000000, 0.000000, -0.809564, 6.465205, 0.403728, 0.005597, -0.003129, -0.017846, 0.001992, 14.793945, 3.921509, 59.387203
0.000000, 0.000000, 1000.000000, 0.000000, 2000.000000, 1000.000000, 10.023210, 9.972596, 10.014350, 9.989844, -0.006527, 0.002097, 0.018780, -0.006527, 0.002097, 0.018780, 0.000000, 0.000000, 0.000000, 0.000000, -0.000000, -0.000000, 0.000000, 0.000000, 0.000000, -0.743368, 6.381729, 0.500040, 0.013054, -0.004194, -0.012520, 0.002353, 14.782227, 3.961182, 60.485836
0.000000, 0.000000, 1000.000000, 0.000000, 2000.000000, 1000.000000, 10.015753, 9.986444, 10.018612, 9.979191, 0.002528, -0.001099, 0.017182, 0.002528, -0.001099, 0.017182, 0.000000, 0.000000, 0.000000, 0.000000, -0.000000, -0.000000, 0.000000, 0.000000, 0.000000, -0.721491, 6.333054, 0.539719, -0.005056, 0.002198, -0.011455, 0.002415, 14.778320, 3.839111, 58.105465
0.000000, 0.000000, 1000.000000, 0.000000, 2000.000000, 1000.000000, 9.963555, 10.031186, 9.978131, 10.027127, 0.004658, 0.002630, -0.029157, 0.004658, 0.002630, -0.029157, 0.000000, 0.000000, 0.000000, -0.000000, -0.000000, 0.000000, 0.000000, 0.000000, 0.000000, -0.709770, 6.271441, 0.586293, -0.009317, -0.005259, 0.019438, 0.002369, 14.786133, 3.921509, 59.387203
0.000000, 0.000000, 1000.000000, 0.000000, 2000.000000, 1000.000000, 9.993382, 10.007751, 9.986653, 10.012214, -0.002798, -0.000566, -0.009982, -0.002798, -0.000566, -0.009982, 0.000000, 0.000000, 0.000000, 0.000000, 0.000000, 0.000000, 0.000000, 0.000000, 0.000000, -0.697768, 6.202481, 0.661085, 0.005597, 0.001132, 0.006655, 0.001775, 14.786133, 4.479980, 67.810059
0.000000, 0.000000, 1000.000000, 0.000000, 2000.000000, 1000.000000, 10.037591, 9.964606, 10.035123, 9.962680, -0.000135, -0.001099, 0.036357, -0.000135, -0.001099, 0.036357, 0.000000, 0.000000, 0.000000, 0.000000, 0.000000, -0.000000, 0.000000, 0.000000, 0.000000, -0.693208, 6.117128, 0.736011, 0.000271, 0.002198, -0.024238, 0.001821, 14.782227, 4.119873, 62.377926
-0.001745, 0.000000, 1000.000000, 0.000000, 2000.000000, 1000.000000, 9.998279, 10.001788, 9.997737, 10.002196, -0.000237, -0.000034, -0.001993, -0.000237, -0.000034, -0.001993, 0.000000, 0.000000, 0.000000, 0.000000, 0.000000, -0.000000, -0.008726, 0.000000, 0.000000, -0.648743, 6.025671, 0.824115, -0.008252, 0.000067, 0.001328, 0.002161, 14.790039, 3.799438, 57.495113
0.000000, -0.001745, 1000.000000, 0.000000, 2000.000000, 1000.000000, 10.016920, 9.983351, 10.023836, 9.975893, 0.003593, -0.000136, 0.020378, 0.003593, -0.000136, 0.020378, 0.000000, 0.000000, 0.000000, -0.000000, -0.000000, -0.000000, 0.000000, -0.008726, 0.000000, -0.611725, 5.922330, 0.917368, -0.007186, -0.008455, -0.013585, 0.002376, 14.782227, 4.119873, 62.377926
-0.001745, -0.001745, 1000.000000, 0.000000, 2000.000000, 1000.000000, 9.977608, 10.032251, 9.957687, 10.032454, -0.005031, -0.004929, -0.032352, -0.005031, -0.004929, -0.032352, 0.000000, 0.000000, 0.000000, 0.000000, 0.000000, 0.000000, -0.008726, -0.008726, 0.000000, -0.565928, 5.849755, 0.997747, 0.001336, 0.001132, 0.021568, 0.002389, 14.786133, 3.759766, 56.884762
-0.001745, -0.001745, 1000.000000, 0.000000, 2000.000000, 1000.000000, 10.009565, 9.997097, 9.976862, 10.016476, -0.013020, -0.003331, -0.006786, -0.013020, -0.003331, -0.006786, 0.000000, 0.000000, 0.000000, 0.000000, 0.000000, 0.000000, -0.008726, -0.008726, 0.000000, -0.508909, 5.804362, 1.052218, 0.017315, -0.002063, 0.004524, 0.001781, 14.790039, 3.878784, 58.715816
-0.001745, -0.001745, 1000.000000, 0.000000, 2000.000000, 1000.000000, 10.049513, 9.962477, 10.026396, 9.961615, -0.005564, -0.005994, 0.037955, -0.005564, -0.005994, 0.037955, 0.000000, 0.000000, 0.000000, 0.000000, 0.000000, -0.000000, -0.008726, -0.008726, 0.000000, -0.521277, 5.760624, 1.097598, 0.002401, 0.003263, -0.025303, 0.001887, 14.790039, 3.878784, 58.715816
0.000000, -0.001745, 1003.000000, 0.000000, 2000.000000, 1000.000000, 9.998279, 10.011580, 9.991345, 9.998796, 0.001463, -0.004929, -0.005188, 0.001463, -0.004929, -0.005188, 0.000000, 0.000000, 0.000000, -0.000000, 0.000000, -0.000000, 0.000000, -0.008726, 0.000000, -0.496487, 5.705650, 1.150637, -0.002925, 0.001132, 0.003459, 0.002256, 14.786133, 3.640747, 55.114742
0.000000, -0.001745, 1016.000000, 0.000000, 2000.000000, 1000.000000, 11.049062, 10.950107, 11.046268, 10.954564, -0.001813, 0.000415, 0.047664, -0.001733, 0.000397, 0.042748, -0.000080, 0.000018, 0.004916, 0.000000, -0.000000, -0.000000, 0.000000, -0.008726, 0.000000, -0.533100, 5.633557, 1.215472, 0.003466, -0.009520, -0.028499, 0.002300, 14.688477, 6.759644, 101.684563
0.000000, -0.001745, 1019.000000, 0.000000, 2000.000000, 1000.000000, 10.982071, 10.985830, 11.002720, 11.029379, -0.005725, 0.016049, -0.007605, -0.005462, 0.015311, -0.006786, -0.000263, 0.000739, -0.000818, -0.000000, -0.000000, 0.000000, 0.000000, -0.008726, 0.000000, -0.519633, 5.578788, 1.232773, 0.010923, -0.039347, 0.004524, 0.002412, 14.727539, 6.201172, 93.505852
0.000000, -0.001745, 1021.000000, 0.000000, 2000.000000, 1000.000000, 11.994203, 12.020553, 11.965806, 12.019439, -0.006821, -0.007378, -0.019996, -0.006527, -0.007060, -0.017971, -0.000294, -0.000318, -0.002024, 0.000000, 0.000000, 0.000000, 0.000000, -0.008726, 0.000000, -0.528643, 5.574974, 1.272243, 0.013054, 0.005393, 0.011981, 0.002253, 14.583008, 11.520386, 171.997055
-0.001745, -0.001745, 1021.000000, 0.000000, 2000.000000, 1000.000000, 11.969481, 11.978944, 12.001809, 12.049766, -0.009624, 0.025787, -0.014355, -0.009292, 0.024898, -0.013178, -0.000332, 0.000889, -0.001177, 0.000000, -0.000000, 0.000000, -0.008726, -0.008726, 0.000000, -0.547295, 5.509797, 1.266877, 0.009858, -0.058522, 0.008785, 0.001786, 14.668945, 7.281494, 109.374992
0.000000, -0.001745, 1021.000000, 0.000000, 2000.000000, 1000.000000, 12.012044, 11.972735, 12.008159, 12.007062, -0.009553, 0.007611, 0.010101, -0.009190, 0.007321, 0.009193, -0.000363, 0.000289, 0.000909, 0.000000, -0.000000, -0.000000, 0.000000, -0.008726, 0.000000, -0.495439, 5.362811, 1.241990, 0.018380, -0.023369, -0.006128, 0.001977, 14.668945, 7.919312, 118.896477
0.000000, -0.001745, 1038.000000, 0.000000, 2000.000000, 1000.000000, 12.940538, 12.992859, 12.997940, 13.068663, -0.004601, 0.033301, -0.030761, -0.004396, 0.031822, -0.027559, -0.000204, 0.001479, -0.003202, 0.000000, -0.000000, 0.000000, 0.000000, -0.008726, 0.000000, -0.606093, 5.318702, 1.221742, 0.008793, -0.072370, 0.018373, 0.002324, 14.563477, 11.560059, 172.424301
0.000000, -0.001745, 1038.000000, 0.000000, 2000.000000, 1000.000000, 13.101667, 12.992342, 13.011837, 12.894154, 0.002090, -0.047004, 0.056753, 0.001995, -0.044876, 0.050738, 0.000095, -0.002128, 0.006015, -0.000000, 0.000000, -0.000000, 0.000000, -0.008726, 0.000000, -0.628593, 5.268250, 1.245002, -0.003990, 0.081027, -0.033825, 0.002371, 14.598633, 9.680176, 144.714355
0.000000, -0.001745, 1038.000000, 0.000000, 2000.000000, 1000.000000, 12.887907, 13.133350, 12.961315, 13.017427, 0.047332, -0.010629, -0.075389, 0.045671, -0.010255, -0.069104, 0.001662, -0.000373, -0.006285, -0.000000, 0.000000, 0.000000, 0.000000, -0.008726, 0.000000, -0.831306, 5.398174, 1.411689, -0.091342, 0.011785, 0.046069, 0.001819, 14.614258, 8.880615, 132.873535
-0.001745, -0.001745, 1039.000000, 0.000000, 2000.000000, 1000.000000, 13.046725, 12.778024, 13.189469, 12.985782, -0.016253, 0.087625, 0.118097, -0.015683, 0.084552, 0.108262, -0.000570, 0.003073, 0.009836, 0.000000, -0.000000, -0.000000, -0.008726, -0.008726, 0.000000, -0.967946, 5.100142, 1.314108, 0.022641, -0.177831, -0.072174, 0.001817, 14.629883, 8.801270, 131.774902
-0.001745, -0.001745, 1045.000000, 0.000000, 2000.000000, 1000.000000, 13.797012, 13.809084, 14.100986, 14.292917, -0.044964, 0.196952, -0.051000, -0.043380, 0.190013, -0.046733, -0.001584, 0.006939, -0.004267, 0.000000, -0.000000, 0.000000, -0.008726, -0.008726, 0.000000, -0.698240, 4.272284, 1.344387, 0.078034, -0.388752, 0.031156, 0.001826, 14.497070, 13.958740, 207.214340
0.000000, -0.001745, 1052.000000, 0.000000, 2000.000000, 1000.000000, 14.926339, 14.590421, 15.272262, 15.210979, -0.068659, 0.241620, 0.099301, -0.065649, 0.231025, 0.089087, -0.003011, 0.010595, 0.010214, 0.000000, -0.000000, -0.000000, 0.000000, -0.008726, 0.000000, -0.400197, 2.395750, 1.278198, 0.131297, -0.470777, -0.059391, 0.002293, 14.415039, 15.881348, 234.497055
0.000000, -0.001745, 1050.000000, 0.000000, 2000.000000, 1000.000000, 15.024530, 14.519985, 15.159914, 15.295570, -0.160050, 0.227742, 0.092222, -0.153000, 0.217710, 0.082695, -0.007050, 0.010032, 0.009527, 0.000000, -0.000000, -0.000000, 0.000000, -0.008726, 0.000000, 0.227790, 1.298705, 1.074704, 0.305999, -0.444145, -0.055130, 0.002304, 14.442383, 14.761353, 218.322739
0.000000, -0.001745, 1049.000000, 0.000000, 2000.000000, 1000.000000, 13.747521, 13.504672, 14.265546, 14.482261, -0.114891, 0.373903, 0.006533, -0.110922, 0.360987, 0.005997, -0.003969, 0.012916, 0.000536, 0.000000, -0.000000, -0.000000, 0.000000, -0.008726, 0.000000, 1.011540, -0.142791, 1.007580, 0.221844, -0.730700, -0.003998, 0.001789, 14.614258, 9.161377, 130.432129
-0.001745, -0.001745, 1054.000000, 0.000000, 2000.000000, 1000.000000, 14.821997, 14.407309, 15.545876, 15.224819, -0.023408, 0.385347, 0.183936, -0.022608, 0.372172, 0.168981, -0.000800, 0.013175, 0.014955, 0.000000, -0.000000, -0.000000, -0.008726, -0.008726, 0.000000, 1.339132, -2.294590, 0.877477, 0.036489, -0.753070, -0.112654, 0.001770, 14.454102, 14.599609, 216.003403
-0.001745, -0.001745, 1057.000000, 0.000000, 2000.000000, 1000.000000, 15.305208, 14.462658, 15.424530, 14.807604, -0.056406, 0.116067, 0.364869, -0.054033, 0.111184, 0.328770, -0.002373, 0.004883, 0.036099, 0.000000, -0.000000, -0.000000, -0.008726, -0.008726, 0.000000, 1.630384, -3.715722, 0.395679, 0.099340, -0.231094, -0.219180, 0.002196, 14.461914, 13.558960, 200.805649
-0.001745, -0.001745, 1057.000000, 0.000000, 2000.000000, 1000.000000, 15.440767, 14.929436, 14.779257, 14.850540, -0.145653, -0.185102, 0.110012, -0.139253, -0.176968, 0.098674, -0.006400, -0.008133, 0.011338, 0.000000, 0.000000, -0.000000, -0.008726, -0.008726, 0.000000, 2.487378, -3.159803, -0.143156, 0.269781, 0.345211, -0.065783, 0.002298, 14.508789, 12.161255, 180.725082
-0.001745, -0.001745, 1057.000000, 0.000000, 2000.000000, 1000.000000, 15.309794, 14.781779, 14.920474, 14.987952, -0.148874, -0.045787, 0.115134, -0.142449, -0.043811, 0.103468, -0.006424, -0.001976, 0.011666, 0.000000, 0.000000, -0.000000, -0.008726, -0.008726, 0.000000, 3.212410, -2.438486, -0.236064, 0.276172, 0.078896, -0.068979, 0.002255, 14.465820, 13.839722, 204.895004
-0.001745, -0.001745, 1057.000000, 0.000000, 2000.000000, 1000.000000, 14.770492, 14.407073, 15.610127, 15.212308, 0.008600, 0.411217, 0.190310, 0.008285, 0.396140, 0.173775, 0.000315, 0.015077, 0.016535, -0.000000, -0.000000, -0.000000, -0.008726, -0.008726, 0.000000, 3.487042, -3.468150, -0.477753, -0.025296, -0.801007, -0.115850, 0.001903, 14.461914, 14.199829, 210.327133
-0.001745, -0.001745, 1057.000000, 0.000000, 2000.000000, 1000.000000, 14.696806, 14.234245, 15.873400, 15.195549, 0.053823, 0.534475, 0.285103, 0.051960, 0.515982, 0.261659, 0.001862, 0.018493, 0.023445, -0.000000, -0.000000, -0.000000, -0.008726, -0.008726, 0.000000, 3.088461, -6.116579, -0.915921, -0.112647, -1.040690, -0.174439, 0.001792, 14.469727, 13.601685, 201.599106
-0.001745, -0.001745, 1057.000000, 0.000000, 2000.000000, 1000.000000, 15.005903, 14.282505, 15.811840, 14.899752, 0.047173, 0.355796, 0.408872, 0.045036, 0.339682, 0.365521, 0.002137, 0.016114, 0.043351, -0.000000, -0.000000, -0.000000, -0.008726, -0.008726, 0.000000, 2.498204, -9.577887, -1.938980, -0.098798, -0.688089, -0.243681, 0.002372, 14.500977, 12.799072, 189.880356
-0.001745, -0.001745, 1057.000000, 0.000000, 2000.000000, 1000.000000, 14.976160, 14.438011, 15.550350, 15.035479, -0.005820, 0.292914, 0.263255, -0.005564, 0.280027, 0.236093, -0.000256, 0.012887, 0.027162, 0.000000, -0.000000, -0.000000, -0.008726, -0.008726, 0.000000, 2.272798, -11.112823, -2.644452, 0.002401, -0.568780, -0.157395, 0.002301, 14.450195, 14.401245, 213.073715
0.000000, -0.001745, 1057.000000, 0.000000, 2000.000000, 1000.000000, 14.804021, 14.328366, 15.670243, 15.197370, -0.000695, 0.433806, 0.237132, -0.000668, 0.416913, 0.215320, -0.000027, 0.016893, 0.021812, 0.000000, -0.000000, -0.000000, 0.000000, -0.008726, 0.000000, 2.224792, -13.035683, -3.032531, 0.001336, -0.842552, -0.143547, 0.002026, 14.465820, 13.400269, 198.486313
0.000000, -0.001745, 1057.000000, 0.000000, 2000.000000, 1000.000000, 14.974669, 14.220228, 15.792749, 15.012354, 0.006488, 0.402551, 0.383709, 0.006256, 0.388151, 0.351140, 0.000232, 0.014400, 0.032568, 0.000000, -0.000000, -0.000000, 0.000000, -0.008726, 0.000000, 2.176037, -15.344581, -3.586367, -0.012513, -0.785028, -0.234094, 0.001855, 14.465820, 14.080811, 208.496078
0.000000, -0.001745, 1057.000000, 0.000000, 2000.000000, 1000.000000, 15.273348, 14.148092, 15.706081, 14.872478, -0.072913, 0.289280, 0.489714, -0.069910, 0.277364, 0.442220, -0.003003, 0.011916, 0.047494, 0.000000, -0.000000, -0.000000, 0.000000, -0.008726, 0.000000, 2.345231, -17.124699, -4.338744, 0.139819, -0.563454, -0.294813, 0.002148, 14.450195, 14.041138, 204.833969
-0.001745, -0.001745, 1057.000000, 0.000000, 2000.000000, 1000.000000, 14.799224, 14.134776, 15.879140, 15.186860, 0.006958, 0.533000, 0.339182, 0.006687, 0.512253, 0.307997, 0.000271, 0.020746, 0.031185, -0.000000, -0.000000, -0.000000, -0.008726, -0.008726, 0.000000, 2.458508, -19.963161, -5.323866, -0.022100, -1.033233, -0.205332, 0.002025, 14.446289, 13.241577, 195.983871
0.000000, -0.001745, 1057.000000, 0.000000, 2000.000000, 1000.000000, 14.770544, 13.980782, 16.229332, 15.019342, 0.105057, 0.624337, 0.499938, 0.099999, 0.594278, 0.443818, 0.005058, 0.030059, 0.056121, -0.000000, -0.000000, -0.000000, 0.000000, -0.008726, 0.000000, 1.617944, -23.046383, -6.321074, -0.199998, -1.197283, -0.295878, 0.002529, 14.422852, 15.121460, 223.205551
0.000000, -0.001745, 1057.000000, 0.000000, 2000.000000, 1000.000000, 15.102249, 14.186047, 15.690954, 15.020750, -0.061499, 0.355852, 0.396602, -0.059257, 0.342877, 0.362326, -0.002242, 0.012974, 0.034276, 0.000000, -0.000000, -0.000000, 0.000000, -0.008726, 0.000000, 1.049713, -25.613361, -7.337179, 0.118514, -0.694481, -0.241550, 0.001892, 14.434570, 14.401245, 212.890610
0.000000, -0.001745, 1057.000000, 0.000000, 2000.000000, 1000.000000, 15.639375, 14.254294, 14.932500, 15.173831, -0.406603, 0.053165, 0.285938, -0.390020, 0.050997, 0.258463, -0.016584, 0.002168, 0.027475, 0.000000, -0.000000, -0.000000, 0.000000, -0.008726, 0.000000, 2.289236, -26.648779, -7.357215, 0.780039, -0.110720, -0.172309, 0.002126, 14.415039, 15.200806, 224.426254
-0.001745, 0.005236, 1057.000000, 0.000000, 2000.000000, 1000.000000, 15.932944, 14.181224, 15.095319, 14.790513, -0.361729, -0.057084, 0.514132, -0.345913, -0.054588, 0.461394, -0.015815, -0.002496, 0.052737, 0.000000, 0.000000, -0.000000, -0.008726, 0.026178, 0.000000, 6.312137, -26.842972, -6.611300, 0.683101, 0.135355, -0.307596, 0.002286, 14.493164, 11.880493, 176.330551
-0.001745, 0.089005, 1057.000000, 0.000000, 2000.000000, 1000.000000, 15.470368, 14.210410, 15.368218, 14.951003, -0.210686, 0.159610, 0.419293, -0.201571, 0.152705, 0.376707, -0.009115, 0.006905, 0.042587, 0.000000, -0.000000, -0.000000, -0.008726, 0.445026, 0.000000, 7.909386, -26.545717, -6.754869, 0.394416, 0.139616, -0.251138, 0.002261, 14.454102, 13.360596, 197.692856
-0.001745, 0.158813, 1057.000000, 0.000000, 2000.000000, 1000.000000, 15.247932, 14.245850, 15.400246, 15.105972, -0.176953, 0.253109, 0.324089, -0.170678, 0.244135, 0.296812, -0.006274, 0.008974, 0.027277, 0.000000, -0.000000, -0.000000, -0.008726, 0.794066, 0.000000, 9.045939, -26.060925, -6.855563, 0.332631, 0.305796, -0.197875, 0.001838, 14.422852, 13.800049, 203.979477
-0.006981, 0.184991, 1057.000000, 0.000000, 2000.000000, 1000.000000, 15.391530, 14.298018, 15.367476, 14.942975, -0.167253, 0.155226, 0.379503, -0.161397, 0.149791, 0.347945, -0.005855, 0.005434, 0.031559, 0.000000, 0.000000, -0.000000, -0.034904, 0.924956, 0.000000, 10.226917, -24.885372, -7.018925, 0.287890, 0.625373, -0.231963, 0.001814, 14.450195, 12.881470, 190.612778
-0.013962, 0.200698, 1057.000000, 0.000000, 2000.000000, 1000.000000, 15.640535, 14.518572, 15.117952, 14.722940, -0.181738, -0.079554, 0.379243, -0.174055, -0.076191, 0.341553, -0.007683, -0.003363, 0.037690, 0.000000, 0.000000, -0.000000, -0.069808, 1.003490, 0.000000, 11.310154, -22.293816, -7.292778, 0.278303, 1.155872, -0.227702, 0.002207, 14.461914, 13.119507, 191.284164
-0.066318, 0.200698, 1057.000000, 0.000000, 2000.000000, 1000.000000, 16.018181, 14.708688, 14.658660, 14.614470, -0.316326, -0.363434, 0.338421, -0.302282, -0.347299, 0.303204, -0.014044, -0.016136, 0.035217, 0.000000, 0.000000, -0.000000, -0.331588, 1.003490, 0.000000, 13.327363, -16.366905, -7.514329, 0.272977, 1.698088, -0.202136, 0.002323, 14.473633, 12.240601, 181.518539
-0.101222, 0.195462, 1057.000000, 0.000000, 2000.000000, 1000.000000, 15.916630, 14.682432, 14.682096, 14.718842, -0.317736, -0.299531, 0.299363, -0.304322, -0.286885, 0.269648, -0.013414, -0.012646, 0.029715, 0.000000, 0.000000, -0.000000, -0.506108, 0.977312, 0.000000, 14.658965, -12.068338, -7.740423, 0.102535, 1.551082, -0.179765, 0.002204, 14.481445, 11.279297, 167.175278
-0.130890, 0.178010, 1061.000000, 0.000000, 2000.000000, 1000.000000, 16.510199, 15.737454, 16.094217, 15.658127, -0.084163, -0.123828, 0.302208, -0.081286, -0.119594, 0.277638, -0.002878, -0.004234, 0.024571, -0.000000, 0.000000, -0.000000, -0.654450, 0.890052, 0.000000, 14.581341, -8.398164, -8.187068, -0.491879, 1.129240, -0.185092, 0.001770, 14.485352, 12.039185, 178.527817
-0.136126, 0.160558, 1069.000000, 0.000000, 2000.000000, 1000.000000, 15.981118, 16.140753, 16.463713, 15.414416, 0.302233, -0.060936, 0.222415, 0.291781, -0.058829, 0.204135, 0.010452, -0.002107, 0.018280, -0.000000, 0.000000, -0.000000, -0.680628, 0.802792, 0.000000, 12.425032, -5.327569, -8.899297, -1.264190, 0.920450, -0.136090, 0.001791, 14.247070, 20.599365, 300.415039
-0.134380, 0.118674, 1069.000000, 0.000000, 2000.000000, 1000.000000, 16.374989, 16.266998, 16.479702, 14.878309, 0.373351, -0.320993, 0.427346, 0.356864, -0.306818, 0.383098, 0.016487, -0.014175, 0.044248, -0.000000, 0.000000, -0.000000, -0.671902, 0.593368, 0.000000, 7.489687, -0.202031, -9.892320, -1.385630, 1.207004, -0.255399, 0.002310, 14.352539, 16.479492, 242.187485
-0.101222, 0.087260, 1068.000000, 0.000000, 2000.000000, 1000.000000, 16.703018, 16.040127, 16.281229, 14.975623, 0.160679, -0.371573, 0.492124, 0.153739, -0.355525, 0.442220, 0.006940, -0.016048, 0.049905, -0.000000, 0.000000, -0.000000, -0.506108, 0.436300, 0.000000, 5.212291, 3.452634, -10.574804, -0.813586, 1.147350, -0.294813, 0.002257, 14.352539, 16.119385, 236.999496
-0.090750, 0.038394, 1068.000000, 0.000000, 2000.000000, 1000.000000, 16.933077, 15.881647, 16.094936, 15.090343, -0.011709, -0.407361, 0.514006, -0.011297, -0.393001, 0.470982, -0.000413, -0.014360, 0.043024, -0.000000, 0.000000, -0.000000, -0.453752, 0.191972, 0.000000, 4.194094, 6.542181, -11.316073, -0.431159, 0.977974, -0.313988, 0.001827, 14.360352, 15.719604, 231.201157
-0.080279, 0.003490, 1068.000000, 0.000000, 2000.000000, 1000.000000, 17.054461, 16.105509, 16.054354, 14.785676, 0.079932, -0.579985, 0.554407, 0.077199, -0.560155, 0.509331, 0.002733, -0.019829, 0.045076, -0.000000, 0.000000, -0.000000, -0.401396, 0.017452, 0.000000, 3.471475, 9.619431, -12.133400, -0.555794, 1.137762, -0.339554, 0.001770, 14.297852, 18.640137, 272.827148
0.000000, -0.001745, 1068.000000, 0.000000, 2000.000000, 1000.000000, 16.544363, 16.509121, 16.703003, 14.243510, 0.606062, -0.526743, 0.623684, 0.579898, -0.504002, 0.560463, 0.026165, -0.022741, 0.063220, -0.000000, 0.000000, -0.000000, 0.000000, -0.008726, 0.000000, 0.436920, 14.951187, -12.778344, -1.159795, 0.999279, -0.373642, 0.002256, 14.360352, 15.921021, 234.008774
0.000000, -0.001745, 1068.000000, 0.000000, 2000.000000, 1000.000000, 16.608713, 16.081051, 17.057423, 14.252815, 0.569236, -0.344882, 0.833067, 0.545277, -0.330365, 0.750612, 0.023959, -0.014516, 0.082455, -0.000000, 0.000000, -0.000000, 0.000000, -0.008726, 0.000000, -2.118089, 17.733416, -13.244055, -1.090553, 0.652005, -0.500408, 0.002197, 14.356445, 16.360474, 242.126450
0.000000, -0.001745, 1059.000000, 0.000000, 2000.000000, 1000.000000, 15.520561, 14.790964, 16.143591, 13.544884, 0.467278, -0.155762, 0.832076, 0.446208, -0.148739, 0.744220, 0.021070, -0.007023, 0.087855, -0.000000, 0.000000, -0.000000, 0.000000, -0.008726, 0.000000, -4.656705, 19.475271, -13.830504, -0.892415, 0.288752, -0.496147, 0.002361, 14.344727, 16.839600, 247.375473
0.000000, -0.001745, 1047.000000, 0.000000, 2000.000000, 1000.000000, 14.698112, 13.875404, 14.728477, 12.698006, 0.301941, -0.286759, 0.713295, 0.291213, -0.276570, 0.653141, 0.010728, -0.010189, 0.060154, -0.000000, 0.000000, -0.000000, 0.000000, -0.008726, 0.000000, -6.365027, 21.017408, -14.449243, -0.582425, 0.544414, -0.435427, 0.001842, 14.653320, 4.879761, 73.181152
0.000000, -0.001745, 1047.000000, 0.000000, 2000.000000, 1000.000000, 14.898298, 13.848633, 14.612185, 12.640884, 0.230409, -0.373466, 0.755241, 0.220906, -0.358062, 0.681903, 0.009503, -0.015404, 0.073339, -0.000000, 0.000000, -0.000000, 0.000000, -0.008726, 0.000000, -7.112381, 23.050337, -15.411125, -0.441811, 0.707398, -0.454602, 0.002151, 14.547852, 9.201050, 137.084961
0.000000, -0.001745, 1047.000000, 0.000000, 2000.000000, 1000.000000, 14.787266, 13.769617, 14.726343, 12.716774, 0.247980, -0.278442, 0.756805, 0.236352, -0.265385, 0.673913, 0.011629, -0.013057, 0.082891, -0.000000, 0.000000, -0.000000, 0.000000, -0.008726, 0.000000, -8.086883, 25.909346, -16.849831, -0.472704, 0.522043, -0.449276, 0.002460, 14.528320, 10.119629, 150.512695
0.000000, -0.001745, 1046.000000, 0.000000, 2000.000000, 1000.000000, 14.558521, 13.736759, 14.848497, 12.856222, 0.292629, -0.147640, 0.703510, 0.280027, -0.141282, 0.632368, 0.012601, -0.006358, 0.071141, -0.000000, 0.000000, -0.000000, 0.000000, -0.008726, 0.000000, -9.193029, 27.340864, -17.522652, -0.560055, 0.273838, -0.421579, 0.002250, 14.516602, 10.079956, 149.780273
0.000000, -0.001745, 1045.000000, 0.000000, 2000.000000, 1000.000000, 14.174891, 13.688580, 14.997398, 13.139132, 0.342989, 0.068265, 0.586145, 0.331160, 0.065910, 0.538093, 0.011829, 0.002354, 0.048052, -0.000000, -0.000000, -0.000000, 0.000000, -0.008726, 0.000000, -10.893782, 27.923990, -17.745544, -0.662320, -0.140547, -0.358729, 0.001786, 14.481445, 11.080933, 164.428696
0.000000, -0.001745, 1045.000000, 0.000000, 2000.000000, 1000.000000, 13.840798, 13.804528, 15.162749, 13.191924, 0.483638, 0.177337, 0.501773, 0.465915, 0.170838, 0.458199, 0.017723, 0.006499, 0.043575, -0.000000, -0.000000, -0.000000, 0.000000, -0.008726, 0.000000, -13.539690, 27.834763, -17.458649, -0.931830, -0.350403, -0.305466, 0.001902, 14.485352, 10.879517, 161.376938
0.000000, -0.001745, 1045.000000, 0.000000, 2000.000000, 1000.000000, 13.926899, 14.015965, 14.926727, 13.130409, 0.471346, 0.028568, 0.426813, 0.454730, 0.027561, 0.391087, 0.016616, 0.001007, 0.035726, -0.000000, -0.000000, -0.000000, 0.000000, -0.008726, 0.000000, -16.592310, 27.929350, -16.774208, -0.909460, -0.063848, -0.260725, 0.001827, 14.481445, 11.718750, 173.583969
0.000000, -0.001745, 1045.000000, 0.000000, 2000.000000, 1000.000000, 14.708933, 13.793468, 14.376968, 13.120630, 0.085218, -0.251200, 0.542951, 0.081357, -0.239819, 0.485363, 0.003861, -0.011382, 0.057588, -0.000000, 0.000000, -0.000000, 0.000000, -0.008726, 0.000000, -18.735672, 29.734154, -17.023670, -0.162714, 0.470911, -0.323575, 0.002373, 14.520508, 9.521484, 141.479492
0.000000, -0.001745, 1045.000000, 0.000000, 2000.000000, 1000.000000, 14.730544, 13.632131, 14.096629, 13.540696, -0.135620, -0.181337, 0.413586, -0.129564, -0.173240, 0.370315, -0.006056, -0.008097, 0.043271, 0.000000, 0.000000, -0.000000, 0.000000, -0.008726, 0.000000, -18.099615, 30.708611, -18.083553, 0.259128, 0.337754, -0.246877, 0.002337, 14.493164, 10.958862, 162.597641
0.000000, -0.001745, 1045.000000, 0.000000, 2000.000000, 1000.000000, 14.702465, 13.482016, 13.975033, 13.840487, -0.271475, -0.092240, 0.338749, -0.262189, -0.089085, 0.311193, -0.009287, -0.003155, 0.027556, 0.000000, 0.000000, -0.000000, 0.000000, -0.008726, 0.000000, -16.563925, 30.926699, -19.475096, 0.524377, 0.169443, -0.207462, 0.001771, 14.516602, 10.119629, 150.329590
0.000000, -0.001745, 1045.000000, 0.000000, 2000.000000, 1000.000000, 14.668830, 13.260314, 14.081376, 13.989480, -0.329155, 0.035428, 0.375103, -0.315452, 0.033953, 0.338357, -0.013703, 0.001475, 0.036746, 0.000000, -0.000000, -0.000000, 0.000000, -0.008726, 0.000000, -14.701670, 30.499353, -21.016216, 0.630903, -0.076631, -0.225571, 0.002172, 14.473633, 11.639404, 172.424301
0.000000, -0.001745, 1045.000000, 0.000000, 2000.000000, 1000.000000, 14.680329, 13.199172, 14.071429, 14.049069, -0.364699, 0.060249, 0.375879, -0.350605, 0.057921, 0.341553, -0.014094, 0.002328, 0.034326, 0.000000, -0.000000, -0.000000, 0.000000, -0.008726, 0.000000, -12.001201, 28.788660, -23.254313, 0.701210, -0.124568, -0.227702, 0.002010, 14.458008, 11.920166, 176.391586
0.000000, -0.001745, 1045.000000, 0.000000, 2000.000000, 1000.000000, 14.764100, 13.403428, 13.891633, 13.940839, -0.352470, -0.083764, 0.327867, -0.336757, -0.080030, 0.293616, -0.015713, -0.003734, 0.034250, 0.000000, 0.000000, -0.000000, 0.000000, -0.008726, 0.000000, -10.048102, 28.110765, -24.786579, 0.673513, 0.151334, -0.195744, 0.002333, 14.520508, 9.561157, 142.211914
0.000000, -0.001745, 1045.000000, 0.000000, 2000.000000, 1000.000000, 14.677833, 13.449300, 13.846673, 14.026195, -0.352014, -0.063566, 0.262253, -0.339952, -0.061388, 0.240886, -0.012062, -0.002178, 0.021367, 0.000000, 0.000000, -0.000000, 0.000000, -0.008726, 0.000000, -7.958528, 27.830181, -26.235512, 0.679905, 0.114050, -0.160591, 0.001774, 14.504883, 10.198975, 151.428223
0.000000, -0.001745, 1046.000000, 0.000000, 2000.000000, 1000.000000, 14.331256, 13.310359, 14.159110, 14.199275, -0.265266, 0.179192, 0.245183, -0.255264, 0.172436, 0.223309, -0.010001, 0.006756, 0.021873, 0.000000, -0.000000, -0.000000, 0.000000, -0.008726, 0.000000, -6.422282, 26.906527, -27.384382, 0.510529, -0.353598, -0.148873, 0.001959, 14.411133, 13.479614, 198.974594
0.000000, -0.001745, 1049.000000, 0.000000, 2000.000000, 1000.000000, 13.787155, 12.991035, 14.647406, 14.574404, -0.180779, 0.610904, 0.217280, -0.172707, 0.583626, 0.194547, -0.008072, 0.027279, 0.022733, 0.000000, -0.000000, -0.000000, 0.000000, -0.008726, 0.000000, -6.546504, 23.073463, -27.822001, 0.345414, -1.175977, -0.129698, 0.002337, 14.485352, 10.839844, 160.827621
0.000000, -0.001745, 1055.000000, 0.000000, 2000.000000, 1000.000000, 14.839479, 13.857313, 15.713099, 15.590109, -0.214794, 0.651604, 0.276289, -0.205730, 0.624105, 0.248876, -0.009064, 0.027498, 0.027414, 0.000000, -0.000000, -0.000000, 0.000000, -0.008726, 0.000000, -7.409185, 19.655994, -27.878576, 0.411460, -1.256937, -0.165917, 0.002203, 14.368164, 15.121460, 222.412094
0.000000, -0.001745, 1056.000000, 0.000000, 2000.000000, 1000.000000, 14.947249, 14.024915, 15.454112, 15.573724, -0.260486, 0.513918, 0.200681, -0.251003, 0.495209, 0.183362, -0.009483, 0.018709, 0.017319, 0.000000, -0.000000, -0.000000, 0.000000, -0.008726, 0.000000, -7.776937, 16.343399, -28.151548, 0.502007, -0.999145, -0.122241, 0.001889, 14.407227, 13.159180, 194.091782
0.000000, -0.001745, 1057.000000, 0.000000, 2000.000000, 1000.000000, 15.296573, 14.157485, 15.144835, 15.401107, -0.348840, 0.272971, 0.220704, -0.336757, 0.263516, 0.202537, -0.012083, 0.009455, 0.018168, 0.000000, -0.000000, -0.000000, 0.000000, -0.008726, 0.000000, -7.292942, 13.743020, -28.583757, 0.673513, -0.535757, -0.135025, 0.001794, 14.364258, 15.319824, 225.219711
0.000000, -0.001745, 1057.000000, 0.000000, 2000.000000, 1000.000000, 15.594275, 13.526546, 14.862680, 16.016499, -0.805387, 0.439590, 0.228478, -0.768719, 0.419576, 0.204135, -0.036668, 0.020014, 0.024343, 0.000000, -0.000000, -0.000000, 0.000000, -0.008726, 0.000000, -4.371955, 9.259860, -29.670954, 1.537437, -0.847878, -0.136090, 0.002385, 14.434570, 12.399292, 183.288559
0.000000, -0.001745, 1057.000000, 0.000000, 2000.000000, 1000.000000, 15.585866, 13.065330, 15.202390, 16.146414, -0.866140, 0.674402, 0.394128, -0.828906, 0.645411, 0.354336, -0.037234, 0.028992, 0.039792, 0.000000, -0.000000, -0.000000, 0.000000, -0.008726, 0.000000, -2.095297, 4.509139, -30.433643, 1.657812, -1.299547, -0.236224, 0.002246, 14.360352, 14.599609, 214.721664
0.000000, -0.001745, 1068.000000, 0.000000, 2000.000000, 1000.000000, 16.684231, 14.182754, 16.328342, 16.804672, -0.744451, 0.566507, 0.506287, -0.718652, 0.546874, 0.464590, -0.025800, 0.019633, 0.041697, 0.000000, -0.000000, -0.000000, 0.000000, -0.008726, 0.000000, -0.287513, -0.384212, -31.236189, 1.437303, -1.102475, -0.309727, 0.001795, 14.321289, 16.439819, 241.088852
0.000000, -0.001745, 1071.000000, 0.000000, 2000.000000, 1000.000000, 18.050776, 15.269759, 16.888887, 17.790579, -0.920677, 0.339733, 0.469831, -0.885897, 0.326899, 0.427839, -0.034780, 0.012834, 0.041992, 0.000000, -0.000000, -0.000000, 0.000000, -0.008726, 0.000000, 3.159921, -6.651326, -32.172203, 1.771794, -0.662523, -0.285226, 0.001963, 14.188477, 20.401001, 296.508789
0.000000, -0.001745, 1071.000000, 0.000000, 2000.000000, 1000.000000, 18.334167, 14.959323, 16.802963, 17.903545, -1.118857, 0.353254, 0.568566, -1.069121, 0.337551, 0.509331, -0.049736, 0.015703, 0.059235, 0.000000, -0.000000, -0.000000, 0.000000, -0.008726, 0.000000, 6.747786, -10.919215, -32.467453, 2.138243, -0.683828, -0.339554, 0.002326, 14.204102, 20.040894, 291.625977
0.000000, -0.001745, 1071.000000, 0.000000, 2000.000000, 1000.000000, 17.814678, 14.829925, 17.343102, 18.012295, -0.913486, 0.677699, 0.578890, -0.882169, 0.654465, 0.531702, -0.031317, 0.023234, 0.047189, 0.000000, -0.000000, -0.000000, 0.000000, -0.008726, 0.000000, 10.035281, -16.141455, -32.747643, 1.764337, -1.317657, -0.354468, 0.001775, 14.180664, 20.880127, 303.283691
0.000000, -0.001745, 1071.000000, 0.000000, 2000.000000, 1000.000000, 16.981806, 15.634912, 17.896933, 17.486349, -0.234078, 0.691641, 0.439370, -0.223839, 0.661389, 0.394283, -0.010238, 0.030252, 0.045086, 0.000000, -0.000000, -0.000000, 0.000000, -0.008726, 0.000000, 10.407883, -23.856066, -33.817650, 0.447679, -1.331505, -0.262855, 0.002287, 14.219727, 19.400024, 282.592773
0.000000, -0.001745, 1071.000000, 0.000000, 2000.000000, 1000.000000, 17.110901, 16.030567, 17.679901, 17.178631, -0.144767, 0.429266, 0.395402, -0.138086, 0.409456, 0.352738, -0.006681, 0.019809, 0.042664, 0.000000, -0.000000, -0.000000, 0.000000, -0.008726, 0.000000, 9.521065, -26.790909, -34.866066, 0.276172, -0.827638, -0.235159, 0.002419, 14.215820, 21.560669, 312.805176
0.000000, -0.001745, 1067.000000, 0.000000, 2000.000000, 1000.000000, 16.475977, 14.935263, 16.476519, 16.112242, -0.294109, 0.294380, 0.476248, -0.284026, 0.284288, 0.437426, -0.010083, 0.010092, 0.038822, 0.000000, -0.000000, -0.000000, 0.000000, -0.008726, 0.000000, 9.446798, -29.039579, -35.599358, 0.568053, -0.577303, -0.291617, 0.001775, 14.391602, 11.520386, 169.799789
0.000000, -0.001745, 1066.000000, 0.000000, 2000.000000, 1000.000000, 16.601221, 14.955104, 16.019493, 16.424181, -0.512702, 0.221837, 0.310357, -0.489621, 0.211851, 0.277638, -0.023081, 0.009987, 0.032720, 0.000000, -0.000000, -0.000000, 0.000000, -0.008726, 0.000000, 11.256676, -32.909126, -35.678265, 0.979242, -0.432427, -0.185092, 0.002357, 14.321289, 15.719604, 230.529770
0.000000, -0.001745, 1066.000000, 0.000000, 2000.000000, 1000.000000, 16.648214, 15.078189, 15.968474, 16.305124, -0.476668, 0.136799, 0.308344, -0.459794, 0.131956, 0.282431, -0.016874, 0.004843, 0.025913, 0.000000, -0.000000, -0.000000, 0.000000, -0.008726, 0.000000, 13.153769, -35.156643, -35.037712, 0.919588, -0.272639, -0.188287, 0.001835, 14.293945, 16.720581, 244.689926
0.000000, -0.001745, 1065.000000, 0.000000, 2000.000000, 1000.000000, 16.510771, 15.002808, 16.376673, 16.109747, -0.310260, 0.243210, 0.443723, -0.299473, 0.234754, 0.407066, -0.010787, 0.008456, 0.036656, 0.000000, -0.000000, -0.000000, 0.000000, -0.008726, 0.000000, 14.574358, -37.187710, -34.871220, 0.598945, -0.478234, -0.271378, 0.001801, 14.282227, 16.918945, 247.619614
0.000000, -0.001745, 1066.000000, 0.000000, 2000.000000, 1000.000000, 16.296244, 15.184210, 16.503162, 16.016386, -0.156314, 0.259773, 0.399703, -0.149271, 0.248070, 0.357532, -0.007043, 0.011704, 0.042171, 0.000000, -0.000000, -0.000000, 0.000000, -0.008726, 0.000000, 14.518642, -39.700096, -35.885185, 0.298543, -0.504865, -0.238355, 0.002359, 14.301758, 15.921021, 230.285629
0.000000, -0.001745, 1067.000000, 0.000000, 2000.000000, 1000.000000, 15.999682, 15.326504, 16.688665, 15.985152, 0.007583, 0.336907, 0.344173, 0.007322, 0.325301, 0.315987, 0.000261, 0.011607, 0.028186, -0.000000, -0.000000, -0.000000, 0.000000, -0.008726, 0.000000, 13.409397, -40.975056, -37.150021, -0.014643, -0.659327, -0.210658, 0.001784, 14.254883, 17.361450, 253.295883
0.000000, -0.001745, 1065.000000, 0.000000, 2000.000000, 1000.000000, 15.840414, 15.075772, 17.158556, 15.925259, 0.117164, 0.541907, 0.499485, 0.112249, 0.519178, 0.450209, 0.004914, 0.022730, 0.049275, -0.000000, -0.000000, -0.000000, 0.000000, -0.008726, 0.000000, 10.852600, -42.564404, -39.575974, -0.224499, -1.047081, -0.300140, 0.002189, 14.282227, 17.199707, 251.403793
0.000000, -0.001745, 1068.000000, 0.000000, 2000.000000, 1000.000000, 15.942774, 15.299421, 16.709215, 16.048590, 0.004318, 0.378902, 0.325995, 0.004126, 0.362052, 0.292019, 0.000192, 0.016850, 0.033976, 0.000000, -0.000000, -0.000000, 0.000000, -0.008726, 0.000000, 6.422685, -45.089497, -43.661186, -0.008252, -0.732830, -0.194679, 0.002327, 14.235352, 17.999268, 262.817383
0.000000, -0.001745, 1071.000000, 0.000000, 2000.000000, 1000.000000, 17.510263, 16.438147, 17.223871, 16.827719, -0.168992, 0.025794, 0.367068, -0.163120, 0.024898, 0.336759, -0.005872, 0.000896, 0.030308, 0.000000, -0.000000, -0.000000, 0.000000, -0.008726, 0.000000, 6.078626, -46.365078, -44.510811, 0.326239, -0.058522, -0.224506, 0.001800, 14.129883, 21.759033, 314.575195
-0.001745, 0.001745, 1070.000000, 0.000000, 2000.000000, 1000.000000, 17.085115, 16.949076, 17.040464, 16.925344, -0.005230, -0.017095, 0.062791, -0.005031, -0.016443, 0.057129, -0.000199, -0.000652, 0.005662, -0.000000, 0.000000, -0.000000, -0.008726, 0.008726, 0.000000, 7.206028, -46.681953, -45.119453, 0.001336, 0.041612, -0.038086, 0.001982, 14.125977, 21.960449, 317.932129
-0.003490, 0.027923, 1070.000000, 0.000000, 2000.000000, 1000.000000, 16.906092, 16.783968, 17.400843, 16.909098, 0.092406, 0.154970, 0.153468, 0.088610, 0.148603, 0.138621, 0.003796, 0.006366, 0.014846, -0.000000, -0.000000, -0.000000, -0.017452, 0.139616, 0.000000, 6.679306, -46.466305, -45.632370, -0.194672, -0.157591, -0.092414, 0.002142, 14.250977, 17.041016, 248.596176
-0.034904, 0.123909, 1070.000000, 0.000000, 2000.000000, 1000.000000, 16.980947, 16.444105, 17.601091, 16.973856, 0.022597, 0.287474, 0.291019, 0.021794, 0.277249, 0.266452, 0.000804, 0.010225, 0.024567, -0.000000, -0.000000, -0.000000, -0.174520, 0.619546, 0.000000, 6.014745, -46.150871, -46.464283, -0.218107, 0.065048, -0.177635, 0.001844, 14.161133, 20.681763, 299.987793
-0.071553, 0.280977, 1090.000000, 0.000000, 2000.000000, 1000.000000, 18.818161, 17.969700, 20.103596, 19.108543, 0.036648, 0.606070, 0.460878, 0.035099, 0.580437, 0.415056, 0.001550, 0.025632, 0.045822, -0.000000, -0.000000, -0.000000, -0.357766, 1.404886, 0.000000, 5.564348, -45.219410, -47.790337, -0.427963, 0.244011, -0.276704, 0.002208, 13.665039, 44.320679, 620.300293
-0.146597, 0.305410, 1102.000000, 0.000000, 2000.000000, 1000.000000, 20.260122, 19.871897, 20.379385, 19.488596, 0.125640, -0.066009, 0.319753, 0.120196, -0.063149, 0.287225, 0.005445, -0.002861, 0.032528, -0.000000, 0.000000, -0.000000, -0.732984, 1.527050, 0.000000, 6.259574, -42.161713, -47.897526, -0.973375, 1.653347, -0.191483, 0.002265, 13.598633, 39.361572, 548.522949
-0.237347, 0.331588, 1076.000000, 0.000000, 2000.000000, 1000.000000, 17.210121, 17.827862, 16.764515, 16.197502, 0.296189, -0.518992, -0.012681, 0.285334, -0.499973, -0.011580, 0.010854, -0.019019, -0.001101, -0.000000, 0.000000, 0.000000, -1.186736, 1.657940, 0.000000, 8.921050, -35.282093, -46.400227, -1.757405, 2.657885, 0.007720, 0.001902, 14.364258, 7.119751, 104.919426
-0.385689, 0.432810, 1046.000000, 0.000000, 2000.000000, 1000.000000, 13.850300, 14.111353, 14.922052, 13.116295, 0.516703, 0.019174, 0.386177, 0.493980, 0.018331, 0.346347, 0.022723, 0.000843, 0.039830, -0.000000, 0.000000, -0.000000, -1.928446, 2.164048, 0.000000, 9.744848, -20.738506, -46.428757, -2.916405, 2.127387, -0.230898, 0.002300, 14.637695, 3.399658, 50.903316
-0.455497, 0.464223, 1043.000000, -0.003490, 2000.000000, 1000.000000, 13.561880, 13.580524, 15.468580, 13.389015, 0.524553, 0.428798, 0.515231, 0.501619, 0.410050, 0.462381, 0.022934, 0.018748, 0.052850, -0.000000, 0.000000, -0.000000, -2.277486, 2.321116, -0.017452, 7.464712, -11.435608, -47.781078, -3.280723, 1.501015, -0.325706, 0.002286, 14.481445, 9.201050, 136.413574
-0.518324, 0.471204, 1004.000000, 0.001745, 2000.000000, 1000.000000, 9.700833, 9.642301, 11.267308, 9.389558, 0.454805, 0.328433, 0.484071, 0.454805, 0.328433, 0.484071, 0.000000, 0.000000, 0.000000, -0.000000, 0.000000, -0.000000, -2.591622, 2.356020, 0.008726, 4.568761, -1.905342, -49.099693, -3.501231, 1.699153, -0.313988, 0.001768, 17.762695, 0.158691, 2.929687
-0.516579, 0.429319, 1009.000000, 0.013962, 2000.000000, 1000.000000, 10.135683, 10.173206, 10.958181, 8.732929, 0.565694, -0.154445, 0.546932, 0.565694, -0.154445, 0.546932, 0.000000, 0.000000, 0.000000, -0.000000, 0.000000, -0.000000, -2.582896, 2.146596, 0.069808, 2.447987, 9.449439, -49.788071, -3.714283, 2.455486, -0.294813, 0.002125, 15.532227, 0.079346, 1.281738
-0.404886, 0.364747, 1002.000000, 0.031414, 2000.000000, 1000.000000, 9.992712, 11.136515, 11.129641, 7.741133, 1.133078, -0.564614, 0.561176, 1.133078, -0.564614, 0.561176, 0.000000, 0.000000, 0.000000, -0.000000, 0.000000, -0.000000, -2.024432, 1.823734, 0.157068, 0.683763, 29.366463, -50.402676, -4.290588, 2.952961, -0.217049, 0.002262, 14.567383, 5.841064, 87.097160
0.000000, -0.001745, 1000.000000, -0.001745, 2000.000000, 1000.000000, 9.992113, 10.016680, 9.984116, 10.007092, 0.000397, -0.004397, -0.011886, 0.000397, -0.004397, -0.011886, 0.000000, 0.000000, 0.000000, -0.000000, 0.000000, 0.000000, 0.000000, -0.008726, -0.008726, -2.356850, 0.973834, 44.268604, -0.000795, 0.000067, -0.000802, 0.001840, 14.817383, 0.479126, 7.324218
0.000000, -0.001745, 1000.000000, -0.001745, 2000.000000, 1000.000000, 10.054963, 9.951699, 10.042705, 9.950633, -0.002798, -0.003331, 0.048834, -0.002798, -0.003331, 0.048834, 0.000000, 0.000000, 0.000000, 0.000000, 0.000000, -0.000000, 0.000000, -0.008726, -0.008726, -2.310481, 0.942470, 44.326000, 0.005597, -0.002063, -0.041282, 0.002367, 14.723633, 3.961182, 59.692379
0.000000, -0.001745, 1000.000000, -0.001745, 2000.000000, 1000.000000, 9.981461, 10.015615, 9.972397, 10.030527, -0.005994, 0.001462, -0.023071, -0.005994, 0.001462, -0.023071, 0.000000, 0.000000, 0.000000, 0.000000, -0.000000, 0.000000, 0.000000, -0.008726, -0.008726, -2.271223, 0.916557, 44.335506, 0.011988, -0.011651, 0.006655, 0.002280, 14.563477, 8.761597, 130.676270
0.000000, -0.001745, 1000.000000, -0.001745, 2000.000000, 1000.000000, 10.015549, 9.935720, 10.008615, 10.040115, -0.027832, 0.024365, 0.012082, -0.027832, 0.024365, 0.012082, 0.000000, 0.000000, 0.000000, 0.000000, -0.000000, -0.000000, 0.000000, -0.008726, -0.008726, -2.102434, 0.909402, 44.346848, 0.055664, -0.057457, -0.016781, 0.001787, 14.610352, 7.641602, 114.318840
0.000000, -0.001745, 1000.000000, -0.001745, 2000.000000, 1000.000000, 10.002234, 10.022539, 9.993170, 9.982058, 0.007854, -0.012386, -0.002298, 0.007854, -0.012386, -0.002298, 0.000000, 0.000000, 0.000000, -0.000000, 0.000000, -0.000000, 0.000000, -0.008726, -0.008726, -2.006623, 0.893261, 44.348946, -0.015708, 0.016046, -0.007194, 0.001791, 14.680664, 4.519653, 67.993164
0.000000, -0.001745, 1000.000000, -0.001745, 2000.000000, 1000.000000, 9.992646, 10.016147, 9.983582, 10.007625, -0.000135, -0.004397, -0.011886, -0.000135, -0.004397, -0.011886, 0.000000, 0.000000, 0.000000, 0.000000, 0.000000, 0.000000, 0.000000, -0.008726, -0.008726, -2.083835, 0.735600, 44.486183, 0.000271, 0.000067, -0.000802, 0.001798, 14.813477, 0.601196, 9.094238
0.000000, -0.001745, 1000.000000, -0.001745, 2000.000000, 1000.000000, 9.973471, 10.035322, 9.967604, 10.023603, 0.001463, -0.004397, -0.029463, 0.001463, -0.004397, -0.029463, 0.000000, 0.000000, 0.000000, -0.000000, 0.000000, 0.000000, 0.000000, -0.008726, -0.008726, -2.077922, 0.709760, 44.509453, -0.002925, 0.000067, 0.010916, 0.002221, 14.754883, 2.359009, 35.583496
0.000000, -0.001745, 1000.000000, -0.001745, 2000.000000, 1000.000000, 10.026202, 9.983657, 10.020333, 9.969808, 0.001995, -0.004929, 0.023268, 0.001995, -0.004929, 0.023268, 0.000000, 0.000000, 0.000000, -0.000000, 0.000000, -0.000000, 0.000000, -0.008726, -0.008726, -2.078693, 0.687598, 44.518848, -0.003990, 0.001132, -0.024238, 0.002240, 14.430664, 14.160156, 209.289536
0.000000, -0.001745, 1000.000000, -0.001745, 2000.000000, 1000.000000, 10.060289, 9.937851, 10.050161, 9.951698, -0.005994, 0.000930, 0.055225, -0.005994, 0.000930, 0.055225, 0.000000, 0.000000, 0.000000, 0.000000, -0.000000, -0.000000, 0.000000, -0.008726, -0.008726, -2.051373, 0.639355, 44.553223, 0.011988, -0.010585, -0.045543, 0.001865, 14.653320, 5.319214, 79.772949
0.000000, -0.001745, 1000.000000, -0.001745, 2000.000000, 1000.000000, 9.974537, 10.037453, 9.969734, 10.018276, 0.003593, -0.005994, -0.027865, 0.003593, -0.005994, -0.027865, 0.000000, 0.000000, 0.000000, -0.000000, 0.000000, 0.000000, 0.000000, -0.008726, -0.008726, -1.907069, 0.631119, 44.634594, -0.007186, 0.003263, 0.009850, 0.002353, 14.731445, 3.320312, 50.109859
0.000000, -0.001745, 1000.000000, -0.001745, 2000.000000, 1000.000000, 9.960689, 10.039582, 9.945233, 10.054496, -0.007592, -0.000136, -0.047039, -0.007592, -0.000136, -0.047039, 0.000000, 0.000000, 0.000000, 0.000000, -0.000000, 0.000000, 0.000000, -0.008726, -0.008726, -1.867254, 0.590250, 44.669006, 0.015184, -0.008455, 0.022634, 0.002142, 14.715820, 3.921509, 59.082027
0.000000, -0.001745, 1000.000000, -0.001745, 2000.000000, 1000.000000, 9.996374, 10.022007, 9.963875, 10.017744, -0.007059, -0.009190, -0.019875, -0.007059, -0.009190, -0.019875, 0.000000, 0.000000, 0.000000, 0.000000, 0.000000, 0.000000, 0.000000, -0.008726, -0.008726, -1.796299, 0.578817, 44.714298, 0.014119, 0.009654, 0.004524, 0.001797, 14.715820, 4.159546, 62.622066
0.000000, -0.001745, 1000.000000, -0.001745, 2000.000000, 1000.000000, 9.989983, 10.024137, 9.983049, 10.002831, 0.003593, -0.007060, -0.013484, 0.003593, -0.007060, -0.013484, 0.000000, 0.000000, 0.000000, -0.000000, 0.000000, 0.000000, 0.000000, -0.008726, -0.008726, -1.735972, 0.495147, 44.782124, -0.007186, 0.005393, 0.000263, 0.002365, 14.711914, 4.080200, 61.523434
0.000000, -0.001745, 1000.000000, -0.001745, 2000.000000, 1000.000000, 10.001701, 10.006027, 9.987310, 10.004961, -0.003331, -0.003864, -0.005494, -0.003331, -0.003864, -0.005494, 0.000000, 0.000000, 0.000000, 0.000000, -0.000000, 0.000000, 0.000000, -0.008726, -0.008726, -1.712669, 0.431768, 44.844604, 0.006662, -0.000998, -0.005063, 0.002205, 14.711914, 4.040527, 60.913082
0.000000, -0.001745, 1000.000000, -0.003490, 2000.000000, 1000.000000, 9.974764, 10.026573, 9.978483, 10.020180, 0.002528, -0.000668, -0.023377, 0.002528, -0.000668, -0.023377, 0.000000, 0.000000, 0.000000, -0.000000, -0.000000, 0.000000, 0.000000, -0.008726, -0.017452, -1.631442, 0.393682, 44.906883, -0.005056, -0.007390, -0.001867, 0.001791, 14.708008, 4.000854, 59.692379
0.000000, 0.000000, 1000.000000, 0.000000, 2000.000000, 1000.000000, 9.998709, 10.002424, 9.994110, 10.004757, -0.001733, -0.000566, -0.003590, -0.001733, -0.000566, -0.003590, 0.000000, 0.000000, 0.000000, 0.000000, 0.000000, 0.000000, 0.000000, 0.000000, 0.000000, -1.562667, 0.350939, 44.979572, 0.003466, 0.001132, 0.002394, 0.002071, 14.719727, 3.720093, 56.030270
0.000000, 0.000000, 1000.000000, 0.000000, 2000.000000, 1000.000000, 10.010959, 9.986978, 10.013818, 9.988246, 0.000397, 0.001032, 0.012388, 0.000397, 0.001032, 0.012388, 0.000000, 0.000000, 0.000000, -0.000000, -0.000000, -0.000000, 0.000000, 0.000000, 0.000000, -1.531772, 0.315280, 45.052376, -0.000795, -0.002063, -0.008259, 0.002160, 14.743164, 2.801514, 42.297359
0.000000, 0.000000, 1000.000000, 0.000000, 2000.000000, 1000.000000, 10.008829, 9.986977, 10.006361, 9.997833, -0.003331, 0.002097, 0.007595, -0.003331, 0.002097, 0.007595, 0.000000, 0.000000, 0.000000, 0.000000, -0.000000, -0.000000, 0.000000, 0.000000, 0.000000, -1.496810, 0.272048, 45.084202, 0.006662, -0.004194, -0.005063, 0.002308, 14.719727, 3.720093, 56.091305
0.000000, 0.000000, 1000.000000, 0.000000, 2000.000000, 1000.000000, 10.030134, 9.969933, 10.029797, 9.970137, -0.000135, -0.000034, 0.029965, -0.000135, -0.000034, 0.029965, 0.000000, 0.000000, 0.000000, 0.000000, -0.000000, -0.000000, 0.000000, 0.000000, 0.000000, -1.470418, 0.257926, 45.108231, 0.000271, 0.000067, -0.019977, 0.001786, 14.719727, 3.720093, 56.091305
0.000000, 0.029668, 1000.000000, 0.000000, 2000.000000, 1000.000000, 9.927733, 9.935710, 10.065085, 10.071471, 0.000397, 0.068279, -0.003590, 0.000397, 0.068279, -0.003590, 0.000000, 0.000000, 0.000000, 0.000000, -0.000000, 0.000000, 0.000000, 0.148342, 0.000000, -1.403613, 0.323710, 45.120415, -0.000795, 0.011785, 0.002394, 0.002296, 14.708008, 4.199219, 63.171383
0.001745, 0.038394, 1000.000000, 0.000000, 2000.000000, 1000.000000, 9.911675, 9.908137, 10.103515, 10.076673, 0.005826, 0.090094, 0.007595, 0.005826, 0.090094, 0.007595, 0.000000, 0.000000, 0.000000, -0.000000, -0.000000, -0.000000, 0.008726, 0.191972, 0.000000, -1.409523, 0.295063, 45.158936, -0.002925, 0.011785, -0.005063, 0.002320, 14.711914, 4.199219, 63.171383
0.001745, 0.040140, 1003.000000, 0.000000, 2000.000000, 1000.000000, 9.905183, 9.911231, 10.097224, 10.086362, 0.004228, 0.091793, 0.001203, 0.004228, 0.091793, 0.001203, 0.000000, 0.000000, 0.000000, 0.000000, -0.000000, -0.000000, 0.008726, 0.200698, 0.000000, -1.402353, 0.284203, 45.208275, 0.000271, 0.017111, -0.000802, 0.002250, 14.708008, 3.878784, 58.410641
0.001745, 0.040140, 1012.000000, 0.000000, 2000.000000, 1000.000000, 10.917537, 10.898875, 11.095538, 11.088050, -0.002794, 0.091794, 0.006538, -0.002696, 0.088598, 0.005997, -0.000097, 0.003197, 0.000541, 0.000000, -0.000000, -0.000000, 0.008726, 0.200698, 0.000000, -1.389799, 0.323810, 45.231438, 0.014119, 0.023503, -0.003998, 0.001804, 14.622070, 7.199097, 107.788078
0.001745, 0.036649, 1013.000000, 0.000000, 2000.000000, 1000.000000, 10.933794, 10.900751, 11.086878, 11.078577, -0.006185, 0.082728, 0.010336, -0.005892, 0.078806, 0.009193, -0.000293, 0.003921, 0.001144, 0.000000, -0.000000, -0.000000, 0.008726, 0.183246, 0.000000, -1.372383, 0.351166, 45.285114, 0.020510, 0.025633, -0.006128, 0.002488, 14.657227, 5.841064, 87.707512
0.001745, 0.029668, 1013.000000, 0.000000, 2000.000000, 1000.000000, 10.911437, 10.953805, 11.080596, 11.054162, 0.017200, 0.067379, -0.003984, 0.016478, 0.064550, -0.003590, 0.000722, 0.002829, -0.000393, -0.000000, -0.000000, 0.000000, 0.008726, 0.148342, 0.000000, -1.435268, 0.338244, 45.320255, -0.024230, 0.019242, 0.002394, 0.002191, 14.661133, 5.599976, 84.106438
0.000000, 0.026178, 1019.000000, 0.000000, 2000.000000, 1000.000000, 10.937535, 10.930215, 11.065089, 11.067161, -0.002348, 0.066125, 0.001312, -0.002266, 0.063814, 0.001203, -0.000082, 0.002311, 0.000109, 0.000000, -0.000000, 0.000000, 0.000000, 0.130890, 0.000000, -1.473759, 0.276399, 45.339691, 0.004532, 0.003263, -0.000802, 0.001811, 14.665039, 5.401611, 81.115715
0.020942, 0.029668, 1050.000000, 0.000000, 2000.000000, 1000.000000, 14.919291, 15.015845, 14.994235, 15.070628, 0.005040, 0.032432, -0.043236, 0.004817, 0.030994, -0.038744, 0.000223, 0.001438, -0.004492, 0.000000, -0.000000, 0.000000, 0.104712, 0.148342, 0.000000, -1.533208, 0.406691, 45.379124, 0.095078, 0.086353, 0.025829, 0.002319, 14.168945, 22.119141, 320.983887
0.027923, 0.041885, 1050.000000, 0.000000, 2000.000000, 1000.000000, 15.401114, 14.628386, 14.883234, 15.087267, -0.244190, -0.014750, 0.142174, -0.233393, -0.014098, 0.127436, -0.010797, -0.000652, 0.014738, 0.000000, 0.000000, -0.000000, 0.139616, 0.209424, 0.000000, -1.147687, 1.308435, 45.229996, 0.606402, 0.237620, -0.084957, 0.002313, 14.379883, 15.078735, 221.984848
0.038394, 0.054101, 1049.000000, 0.000000, 2000.000000, 1000.000000, 14.606175, 13.395070, 13.605306, 14.393449, -0.499812, -0.000622, 0.105740, -0.482584, -0.000601, 0.097076, -0.017228, -0.000021, 0.008664, 0.000000, 0.000000, -0.000000, 0.191972, 0.270506, 0.000000, 0.155249, 3.754981, 44.990334, 1.157140, 0.271708, -0.064718, 0.001785, 14.563477, 8.279419, 123.413078
0.024433, 0.071553, 1049.000000, 0.000000, 2000.000000, 1000.000000, 14.076989, 13.443912, 14.042748, 14.436351, -0.256670, 0.239550, 0.059869, -0.245847, 0.229449, 0.053933, -0.010822, 0.010100, 0.005935, 0.000000, -0.000000, -0.000000, 0.122164, 0.357766, 0.000000, 2.348283, 6.287816, 44.560665, 0.613859, -0.101132, -0.035956, 0.002201, 14.489258, 11.801147, 175.109848
0.000000, 0.057592, 1040.000000, 0.000000, 2000.000000, 1000.000000, 13.989929, 13.598024, 13.966558, 14.445488, -0.217708, 0.206024, -0.021756, -0.208393, 0.197208, -0.019569, -0.009315, 0.008815, -0.002187, 0.000000, -0.000000, 0.000000, 0.000000, 0.287958, 0.000000, 3.570013, 6.880198, 44.453819, 0.416786, -0.106459, 0.013046, 0.002235, 14.520508, 9.799194, 145.690918
-0.001745, 0.061082, 1041.000000, 0.000000, 2000.000000, 1000.000000, 14.407222, 13.701322, 14.016795, 13.874661, -0.140942, -0.054272, 0.212008, -0.136058, -0.052391, 0.194547, -0.004884, -0.001881, 0.017461, 0.000000, 0.000000, -0.000000, -0.008726, 0.305410, 0.000000, 3.944590, 7.789821, 44.257977, 0.263389, 0.410191, -0.129698, 0.001795, 14.469727, 12.399292, 183.715805
-0.005236, 0.082024, 1053.000000, 0.000000, 2000.000000, 1000.000000, 15.989597, 14.797548, 14.690933, 14.521921, -0.255759, -0.393573, 0.340265, -0.244385, -0.376071, 0.304802, -0.011374, -0.017502, 0.035464, 0.000000, 0.000000, -0.000000, -0.026178, 0.410122, 0.000000, 2.254122, 11.078850, 43.857010, 0.462592, 1.162263, -0.203201, 0.002327, 14.352539, 17.520142, 257.202148
-0.008726, 0.082024, 1071.000000, 0.000000, 2000.000000, 1000.000000, 18.083485, 16.595688, 16.648159, 16.672668, -0.378076, -0.339586, 0.365822, -0.361768, -0.324938, 0.328770, -0.016308, -0.014648, 0.037052, 0.000000, 0.000000, -0.000000, -0.043630, 0.410122, 0.000000, 1.094787, 14.502951, 43.511044, 0.679905, 1.059999, -0.219180, 0.002254, 14.012695, 27.841187, 399.780243
-0.008726, 0.082024, 1072.000000, 0.000000, 2000.000000, 1000.000000, 17.701777, 16.112959, 17.101328, 17.083937, -0.392857, 0.092633, 0.401551, -0.379344, 0.089447, 0.368717, -0.013512, 0.003186, 0.032834, 0.000000, 0.000000, -0.000000, -0.043630, 0.410122, 0.000000, 1.352502, 17.257252, 42.743992, 0.715059, 0.231228, -0.245811, 0.001781, 14.168945, 21.841431, 316.894531
-0.010471, 0.083770, 1069.000000, 0.000000, 2000.000000, 1000.000000, 16.563953, 14.540624, 16.513599, 16.381821, -0.472888, 0.447711, 0.538777, -0.452949, 0.428834, 0.485363, -0.019939, 0.018877, 0.053414, 0.000000, -0.000000, -0.000000, -0.052356, 0.418848, 0.000000, 4.755711, 18.334299, 40.574142, 0.853542, -0.438819, -0.323575, 0.002201, 14.379883, 12.078857, 177.795395
-0.027923, 0.052356, 1069.000000, 0.000000, 2000.000000, 1000.000000, 17.057667, 14.702021, 16.630222, 15.610087, -0.333878, 0.120155, 0.843945, -0.319214, 0.114878, 0.757004, -0.014665, 0.005277, 0.086942, 0.000000, -0.000000, -0.000000, -0.139616, 0.261780, 0.000000, 6.379694, 18.934589, 38.776306, 0.498811, 0.032025, -0.504669, 0.002297, 14.403320, 13.760376, 202.880844
-0.048866, 0.003490, 1069.000000, 0.000000, 2000.000000, 1000.000000, 17.003851, 15.517512, 16.028482, 15.450157, -0.227003, -0.260681, 0.516166, -0.219238, -0.251763, 0.474178, -0.007765, -0.008917, 0.041988, 0.000000, 0.000000, -0.000000, -0.244328, 0.017452, 0.000000, 6.525252, 20.113266, 37.626682, 0.194147, 0.520978, -0.316118, 0.001771, 14.282227, 17.041016, 245.910629
-0.083770, -0.001745, 1052.000000, 0.000000, 2000.000000, 1000.000000, 15.473977, 14.745782, 15.337281, 14.442960, 0.041531, -0.109880, 0.405629, 0.039711, -0.105063, 0.363923, 0.001820, -0.004816, 0.041706, -0.000000, 0.000000, -0.000000, -0.418848, -0.008726, 0.000000, 4.654030, 21.224424, 37.309765, -0.498270, 0.201401, -0.242616, 0.002292, 14.313477, 16.159058, 237.304672
-0.127400, -0.001745, 1014.000000, 0.000000, 2000.000000, 1000.000000, 11.074325, 10.686763, 11.443149, 10.795764, 0.064956, 0.119456, 0.258737, 0.062195, 0.114380, 0.232897, 0.002760, 0.005076, 0.025840, -0.000000, -0.000000, -0.000000, -0.636998, -0.008726, 0.000000, 3.270472, 20.040733, 37.252598, -0.761389, -0.237485, -0.155264, 0.002219, 14.700195, 1.919556, 28.930662
-0.197208, -0.001745, 1007.000000, 0.000000, 2000.000000, 1000.000000, 10.003409, 9.654914, 10.177960, 10.163716, -0.083563, 0.170838, 0.090685, -0.083563, 0.170838, 0.090685, 0.000000, 0.000000, 0.000000, -0.000000, -0.000000, -0.000000, -0.986038, -0.008726, 0.000000, 1.999538, 17.980206, 37.431477, -0.818913, -0.350403, -0.060457, 0.001881, 17.461914, 0.000000, 1.403808
-0.235602, -0.001745, 1013.000000, 0.000000, 2000.000000, 1000.000000, 11.213576, 10.876891, 10.988278, 10.921254, -0.067415, -0.045234, 0.100928, -0.064501, -0.043278, 0.090685, -0.002914, -0.001955, 0.010243, -0.000000, 0.000000, -0.000000, -1.178010, -0.008726, 0.000000, -0.599199, 15.197722, 37.845333, -1.049008, 0.077831, -0.060457, 0.002259, 14.649414, 5.200195, 78.002930
-0.247818, -0.001745, 1018.000000, 0.000000, 2000.000000, 1000.000000, 11.116600, 11.078697, 10.960930, 10.843773, 0.019814, -0.097649, 0.038765, 0.018941, -0.093346, 0.034759, 0.000873, -0.004303, 0.004006, -0.000000, 0.000000, -0.000000, -1.239092, -0.008726, 0.000000, -3.477749, 13.604738, 38.488155, -1.276973, 0.177965, -0.023173, 0.002305, 14.633789, 5.401611, 80.871574
-0.247818, -0.001745, 1042.000000, 0.000000, 2000.000000, 1000.000000, 13.868491, 13.935287, 14.259627, 13.936595, 0.097457, 0.098111, 0.064060, 0.094041, 0.094672, 0.058727, 0.003416, 0.003439, 0.005332, -0.000000, -0.000000, -0.000000, -1.239092, -0.008726, 0.000000, -6.431770, 11.307097, 39.009113, -1.427175, -0.198071, -0.039151, 0.001816, 14.434570, 12.521362, 185.180649
-0.216405, 0.000000, 1051.000000, 0.000000, 2000.000000, 1000.000000, 15.047112, 14.634620, 15.382085, 14.936183, 0.008352, 0.159133, 0.214599, 0.007993, 0.152298, 0.192950, 0.000359, 0.006835, 0.021649, -0.000000, -0.000000, -0.000000, -1.082024, 0.000000, 0.000000, -9.591315, 6.752603, 39.312206, -1.098010, -0.304597, -0.128633, 0.002244, 14.235352, 19.720459, 287.414551
-0.198953, 0.000000, 1059.000000, 0.000000, 2000.000000, 1000.000000, 15.244667, 14.820013, 15.277927, 14.657393, 0.048970, -0.032340, 0.261297, 0.046829, -0.030926, 0.234495, 0.002141, -0.001414, 0.026803, -0.000000, 0.000000, -0.000000, -0.994764, 0.000000, 0.000000, -11.737956, 4.753918, 39.081734, -1.088423, 0.061852, -0.156330, 0.002286, 14.333008, 17.840576, 261.718750
-0.200698, 0.000000, 1070.000000, 0.000000, 2000.000000, 1000.000000, 16.997139, 16.980865, 17.277012, 16.744984, 0.128938, 0.010998, 0.137076, 0.124491, 0.010619, 0.125838, 0.004447, 0.000379, 0.011237, -0.000000, 0.000000, -0.000000, -1.003490, 0.000000, 0.000000, -14.442423, 2.920359, 38.960720, -1.252473, -0.021238, -0.083892, 0.001786, 13.954102, 30.081177, 429.687469
-0.171030, 0.000000, 1070.000000, 0.000000, 2000.000000, 1000.000000, 16.695082, 16.248541, 17.798346, 17.258032, 0.023443, 0.528189, 0.246714, 0.022362, 0.503833, 0.220114, 0.001081, 0.024355, 0.026601, -0.000000, -0.000000, -0.000000, -0.855148, 0.000000, 0.000000, -16.979387, -1.819333, 38.565266, -0.899872, -1.007667, -0.146742, 0.002417, 14.356445, 13.760376, 202.331528
-0.095986, 0.000000, 1069.000000, 0.000000, 2000.000000, 1000.000000, 15.732128, 14.855698, 17.069046, 16.343128, -0.037628, 0.706087, 0.400587, -0.036103, 0.677470, 0.362326, -0.001525, 0.028616, 0.038262, -0.000000, -0.000000, -0.000000, -0.479930, 0.000000, 0.000000, -16.223978, -5.433612, 38.062840, -0.407723, -1.354941, -0.241550, 0.002112, 14.340820, 15.280151, 224.182114
-0.024433, 0.001745, 1062.000000, 0.000000, 2000.000000, 1000.000000, 15.900688, 15.142585, 16.725090, 16.231640, -0.066164, 0.478364, 0.312888, -0.063880, 0.461858, 0.287225, -0.002283, 0.016507, 0.025664, 0.000000, -0.000000, -0.000000, -0.122164, 0.008726, 0.000000, -14.581706, -8.156141, 37.667820, 0.005597, -0.914989, -0.191483, 0.001787, 14.313477, 15.921021, 233.276352
0.001745, 0.003490, 1051.000000, -0.005236, 2000.000000, 1000.000000, 15.356431, 14.210853, 15.232232, 15.200484, -0.278458, 0.216358, 0.294332, -0.266880, 0.207363, 0.265535, -0.011577, 0.008995, 0.028797, 0.000000, -0.000000, -0.000000, 0.008726, 0.017452, -0.026178, -12.928795, -9.006832, 37.384323, 0.542487, -0.397274, -0.203201, 0.002169, 14.407227, 12.521362, 184.692368
0.015707, 0.033159, 1050.000000, -0.006981, 2000.000000, 1000.000000, 15.583929, 13.926468, 15.152931, 15.336672, -0.460300, 0.244802, 0.368430, -0.440234, 0.234130, 0.330742, -0.020066, 0.010672, 0.037688, 0.000000, -0.000000, -0.000000, 0.078534, 0.165794, -0.034904, -9.480937, -7.878266, 37.063648, 0.959002, -0.302466, -0.255399, 0.002279, 14.375977, 13.601685, 200.317368
0.113438, 0.092496, 1052.000000, -0.005236, 2000.000000, 1000.000000, 14.864830, 14.088810, 15.883663, 15.162697, -0.013763, 0.523180, 0.374246, -0.013215, 0.502313, 0.339037, -0.000549, 0.020866, 0.035209, 0.000000, -0.000000, -0.000000, 0.567190, 0.462478, -0.026178, -6.932050, -7.496661, 36.630577, 0.593619, -0.542149, -0.252203, 0.002077, 14.364258, 13.879395, 204.223618
0.092496, 0.134380, 1053.000000, -0.003490, 2000.000000, 1000.000000, 14.966218, 14.212901, 15.731339, 15.089541, -0.027880, 0.410440, 0.348779, -0.026689, 0.392909, 0.313777, -0.001191, 0.017532, 0.035002, 0.000000, -0.000000, -0.000000, 0.462478, 0.671902, -0.017452, -4.280079, -7.661504, 35.819946, 0.515855, -0.113915, -0.226637, 0.002231, 14.372070, 13.479614, 198.425278
0.031414, 0.130890, 1063.000000, -0.005236, 2000.000000, 1000.000000, 16.679337, 15.116773, 15.867854, 16.336037, -0.507687, 0.101946, 0.273595, -0.486188, 0.097628, 0.246360, -0.021499, 0.004317, 0.027235, 0.000000, 0.000000, -0.000000, 0.157068, 0.654450, -0.026178, -2.784156, -5.857991, 35.419914, 1.129444, 0.459193, -0.190418, 0.002211, 14.196289, 18.600464, 270.690918
-0.001745, 0.125654, 1065.000000, -0.006981, 2000.000000, 1000.000000, 16.853441, 15.195531, 15.647153, 16.303877, -0.578658, -0.024485, 0.250297, -0.557367, -0.023584, 0.228477, -0.021291, -0.000901, 0.021820, 0.000000, 0.000000, -0.000000, -0.008726, 0.628272, -0.034904, -1.176087, -2.701631, 35.055515, 1.106008, 0.675440, -0.187222, 0.001910, 14.282227, 16.079712, 235.290512
-0.005236, 0.089005, 1065.000000, -0.003490, 2000.000000, 1000.000000, 16.608936, 15.372547, 16.170815, 15.847702, -0.228319, 0.009259, 0.389875, -0.219352, 0.008895, 0.353724, -0.008967, 0.000364, 0.036151, 0.000000, 0.000000, -0.000000, -0.026178, 0.445026, -0.017452, -0.286546, -0.194798, 34.445766, 0.412525, 0.427235, -0.253268, 0.002044, 14.286133, 16.241455, 237.792953
0.000000, 0.000000, 1069.000000, -0.003490, 2000.000000, 1000.000000, 16.171539, 15.490728, 16.272305, 16.065426, -0.118483, 0.168866, 0.221922, -0.113585, 0.161886, 0.200327, -0.004898, 0.006981, 0.021595, 0.000000, -0.000000, -0.000000, 0.000000, 0.000000, -0.017452, 0.286512, 0.575187, 33.608284, 0.227170, -0.323771, -0.151003, 0.002156, 14.305664, 16.119385, 236.083969
0.000000, -0.001745, 1068.000000, 0.000000, 2000.000000, 1000.000000, 17.321865, 13.492661, 17.956448, 15.229027, -0.275446, 0.592737, 1.639156, -0.263787, 0.567647, 1.476053, -0.011659, 0.025090, 0.163104, 0.000000, -0.000000, -0.000000, 0.000000, -0.008726, 0.000000, 2.298503, -0.425825, 32.759399, 0.527573, -1.144020, -0.984035, 0.002210, 14.184570, 20.959473, 304.199219
0.000000, -0.001745, 1068.000000, 0.000000, 2000.000000, 1000.000000, 15.736919, 14.638554, 16.674767, 16.949760, -0.343340, 0.812263, 0.205843, -0.330898, 0.782829, 0.188156, -0.012442, 0.029434, 0.017687, 0.000000, -0.000000, -0.000000, 0.000000, -0.008726, 0.000000, 5.897797, -2.907242, 31.580921, 0.661796, -1.574384, -0.125437, 0.001880, 14.340820, 14.160156, 207.824692
0.001745, -0.001745, 1068.000000, -0.003490, 2000.000000, 1000.000000, 15.767078, 15.113224, 16.512264, 16.607433, -0.187256, 0.559849, 0.139671, -0.178997, 0.535156, 0.125227, -0.008259, 0.024692, 0.014445, 0.000000, -0.000000, -0.000000, 0.008726, -0.008726, -0.017452, 10.566826, -6.458225, 29.824926, 0.366719, -1.079039, -0.100936, 0.002307, 14.336914, 13.760376, 202.026352
0.001745, -0.001745, 1067.000000, 0.000000, 2000.000000, 1000.000000, 15.905665, 15.203758, 16.405521, 16.485052, -0.195359, 0.445287, 0.155595, -0.188051, 0.428631, 0.141817, -0.007308, 0.016657, 0.013778, 0.000000, -0.000000, -0.000000, 0.008726, -0.008726, 0.000000, 12.772697, -8.185492, 29.924026, 0.384829, -0.865987, -0.094545, 0.001943, 14.270508, 16.799927, 245.483383
0.000000, -0.001745, 1060.000000, 0.000000, 2000.000000, 1000.000000, 16.314379, 14.978753, 16.131466, 16.575403, -0.444891, 0.353434, 0.222922, -0.426238, 0.338616, 0.200939, -0.018652, 0.014818, 0.021983, 0.000000, -0.000000, -0.000000, 0.000000, -0.008726, 0.000000, 16.439592, -9.965919, 28.408232, 0.852477, -0.685959, -0.133959, 0.002188, 14.278320, 16.159058, 236.328110
0.000000, -0.001745, 1046.000000, 0.001745, 2000.000000, 1000.000000, 14.134222, 13.227859, 13.787266, 14.850653, -0.492437, 0.318959, -0.039256, -0.470979, 0.305061, -0.035242, -0.021458, 0.013899, -0.004014, 0.000000, -0.000000, 0.000000, 0.000000, -0.008726, 0.008726, 19.319063, -10.348595, 28.887360, 0.941958, -0.618848, 0.032221, 0.002278, 14.559570, 5.319214, 79.284668
0.001745, -0.001745, 1045.000000, 0.001745, 2000.000000, 1000.000000, 14.226040, 13.159351, 14.258926, 14.355682, -0.290861, 0.307304, 0.242484, -0.279663, 0.295473, 0.220420, -0.011198, 0.011831, 0.022064, 0.000000, -0.000000, -0.000000, 0.008726, -0.008726, 0.008726, 21.973661, -10.711802, 29.188534, 0.568053, -0.599673, -0.138220, 0.002002, 14.438477, 10.839844, 160.278320
0.001745, -0.001745, 1046.000000, 0.001745, 2000.000000, 1000.000000, 14.013483, 13.248541, 14.644493, 14.093483, -0.053483, 0.368988, 0.328988, -0.051166, 0.352997, 0.295520, -0.002318, 0.015991, 0.033468, 0.000000, -0.000000, -0.000000, 0.008726, -0.008726, 0.008726, 24.427998, -12.653769, 28.885685, 0.111057, -0.714721, -0.188287, 0.002265, 14.426758, 11.080933, 163.696274
0.001745, 0.034904, 1046.000000, 0.000000, 2000.000000, 1000.000000, 14.005663, 13.279238, 14.692879, 14.022221, -0.013941, 0.357549, 0.349270, -0.013349, 0.342356, 0.314389, -0.000592, 0.015194, 0.034881, 0.000000, -0.000000, -0.000000, 0.008726, 0.174520, 0.000000, 25.383928, -14.089796, 28.570498, 0.035424, -0.510191, -0.209593, 0.002219, 14.434570, 10.079956, 149.108887
0.000000, 0.190227, 1061.000000, 0.000000, 2000.000000, 1000.000000, 16.121292, 14.903320, 16.753376, 16.222012, -0.171652, 0.487694, 0.437334, -0.164185, 0.466479, 0.392685, -0.007467, 0.021215, 0.044648, 0.000000, -0.000000, -0.000000, 0.000000, 0.951134, 0.000000, 26.523575, -14.780000, 27.934744, 0.328370, 0.018177, -0.261790, 0.002274, 14.340820, 26.080322, 377.136200
-0.048866, 0.230366, 1064.000000, -0.001745, 2000.000000, 1000.000000, 16.355890, 15.186460, 16.260839, 16.196810, -0.276351, 0.228824, 0.308365, -0.264511, 0.219021, 0.277332, -0.011840, 0.009803, 0.031033, 0.000000, 0.000000, -0.000000, -0.244328, 1.151832, -0.008726, 26.984924, -13.434616, 27.359709, 0.284694, 0.713790, -0.193614, 0.002238, 14.153320, 20.919800, 303.222656
-0.129145, 0.226876, 1064.000000, -0.003490, 2000.000000, 1000.000000, 16.804825, 15.267061, 15.933926, 15.994186, -0.399506, -0.035943, 0.369375, -0.385847, -0.034714, 0.339343, -0.013659, -0.001229, 0.030032, 0.000000, 0.000000, -0.000000, -0.645724, 1.134380, -0.017452, 26.327267, -10.785685, 26.659800, 0.125971, 1.203808, -0.243681, 0.001770, 14.235352, 17.520142, 255.493149
-0.200698, 0.219895, 1064.000000, -0.005236, 2000.000000, 1000.000000, 16.586176, 15.215281, 16.206823, 15.991720, -0.288948, 0.099272, 0.396500, -0.276046, 0.094839, 0.355016, -0.012902, 0.004433, 0.041484, 0.000000, 0.000000, -0.000000, -1.003490, 1.099476, -0.026178, 23.920750, -6.541285, 25.189310, -0.451399, 0.909797, -0.262855, 0.002337, 14.219727, 19.201660, 279.418945
-0.247818, 0.200698, 1064.000000, -0.005236, 2000.000000, 1000.000000, 16.247221, 15.058715, 16.339008, 16.355053, -0.301139, 0.347031, 0.293115, -0.288386, 0.332335, 0.263937, -0.012752, 0.014696, 0.029178, -0.000000, -0.000000, -0.000000, -1.239092, 1.003490, -0.026178, 21.873528, -5.725324, 24.366947, -0.662320, 0.338819, -0.202136, 0.002211, 14.215820, 17.880249, 260.314941
-0.263525, 0.174520, 1064.000000, -0.005236, 2000.000000, 1000.000000, 16.068348, 15.251831, 16.496401, 16.183418, -0.125884, 0.339910, 0.282375, -0.121526, 0.328143, 0.259143, -0.004358, 0.011767, 0.023232, -0.000000, -0.000000, -0.000000, -1.317626, 0.872600, -0.026178, 19.481983, -6.122884, 23.596714, -1.074574, 0.216314, -0.198940, 0.001793, 14.239258, 17.041016, 248.413071
-0.273996, 0.146597, 1052.000000, 0.000000, 2000.000000, 1000.000000, 17.293869, 12.744034, 17.487616, 12.474482, 0.115825, -0.018951, 2.390742, 0.110621, -0.018100, 2.139175, 0.005204, -0.000851, 0.251567, -0.000000, 0.000000, -0.000000, -1.369982, 0.732984, 0.000000, 13.840654, -6.768055, 20.667082, -1.591224, 0.769183, -1.426117, 0.002352, 14.403320, 10.641479, 157.104492
-0.270506, 0.120419, 1049.000000, 0.000000, 2000.000000, 1000.000000, 13.898711, 14.746705, 13.567260, 13.787324, 0.156982, -0.322708, -0.267014, 0.150240, -0.308847, -0.240078, 0.006743, -0.013861, -0.026937, -0.000000, 0.000000, 0.000000, -1.352530, 0.602094, 0.000000, 8.652979, -5.702078, 18.928738, -1.653009, 1.219787, 0.160052, 0.002244, 14.551758, 5.401611, 80.505363
-0.275742, 0.085515, 1052.000000, 0.000000, 2000.000000, 1000.000000, 15.431743, 15.570519, 14.305120, 14.692618, -0.062181, -0.501131, -0.131568, -0.059922, -0.482925, -0.120236, -0.002259, -0.018206, -0.011332, -0.000000, 0.000000, 0.000000, -1.378708, 0.427574, 0.000000, 3.558200, -3.480459, 19.077589, -1.258864, 1.393424, 0.080157, 0.001885, 14.305664, 14.721680, 215.576157
-0.300174, 0.068063, 1045.000000, 0.000000, 2000.000000, 1000.000000, 14.504134, 13.721845, 14.041486, 13.732535, -0.118335, -0.112989, 0.272810, -0.113015, -0.107909, 0.244082, -0.005321, -0.005080, 0.028728, -0.000000, 0.000000, -0.000000, -1.500872, 0.340314, 0.000000, -2.357118, -1.057705, 18.552916, -1.274843, 0.556132, -0.162721, 0.002354, 14.473633, 8.920288, 132.202148
-0.279232, 0.090750, 1043.000000, 0.000000, 2000.000000, 1000.000000, 13.847081, 13.814578, 14.453219, 13.885121, 0.133899, 0.169170, 0.150150, 0.128957, 0.162927, 0.137024, 0.004942, 0.006243, 0.013127, -0.000000, -0.000000, -0.000000, -1.396160, 0.453752, 0.000000, -6.326414, -1.532212, 18.105339, -1.654075, 0.127898, -0.091349, 0.001916, 14.446289, 9.320068, 137.878418
-0.207679, 0.137871, 1016.000000, 0.000000, 2000.000000, 1000.000000, 10.401181, 10.982169, 11.869315, 10.747334, 0.425742, 0.308325, 0.135248, 0.411170, 0.297772, 0.124240, 0.014572, 0.010553, 0.011008, -0.000000, -0.000000, -0.000000, -1.038394, 0.689354, 0.000000, -11.053262, -2.825424, 17.702076, -1.860735, 0.093810, -0.082827, 0.001772, 16.317383, 0.000000, 0.000000
-0.191972, 0.120419, 1024.000000, 0.000000, 2000.000000, 1000.000000, 11.860567, 12.030134, 12.597599, 11.511700, 0.313867, 0.054649, 0.229083, 0.300236, 0.052276, 0.205733, 0.013631, 0.002373, 0.023351, -0.000000, 0.000000, -0.000000, -0.959860, 0.602094, 0.000000, -18.206900, -3.752013, 16.843546, -1.560332, 0.497543, -0.137155, 0.002270, 14.536133, 6.838989, 101.806633
-0.195462, 0.115183, 1025.000000, 0.000000, 2000.000000, 1000.000000, 12.161770, 11.860851, 12.367601, 11.609777, 0.114226, -0.011310, 0.264686, 0.109884, -0.010880, 0.240886, 0.004343, -0.000430, 0.023800, -0.000000, 0.000000, -0.000000, -0.977312, 0.575916, 0.000000, -22.114794, -3.394998, 16.142826, -1.197079, 0.597677, -0.160591, 0.001976, 14.532227, 6.961060, 103.576653
-0.186736, 0.087260, 1028.000000, 0.000000, 2000.000000, 1000.000000, 12.239518, 12.076068, 11.864528, 11.819886, -0.029702, -0.157793, 0.052023, -0.028623, -0.152061, 0.047542, -0.001079, -0.005733, 0.004481, -0.000000, 0.000000, -0.000000, -0.933682, 0.436300, 0.000000, -25.301920, -2.367001, 15.724018, -0.876437, 0.740421, -0.031695, 0.001885, 14.540039, 6.640625, 98.876945
-0.057592, 0.073298, 1064.000000, 0.001745, 2000.000000, 1000.000000, 16.287443, 15.858574, 16.150818, 15.703163, 0.004696, -0.073009, 0.219132, 0.004489, -0.069786, 0.196451, 0.000207, -0.003223, 0.022680, -0.000000, 0.000000, -0.000000, -0.287958, 0.366492, 0.008726, -28.592955, -0.159302, 15.385132, -0.296936, 0.506065, -0.122241, 0.002309, 13.989258, 27.999878, 401.184052
-0.022688, 0.120419, 1068.000000, 0.000000, 2000.000000, 1000.000000, 16.009163, 15.367410, 16.161247, 16.462181, -0.235671, 0.311714, 0.085205, -0.225165, 0.297818, 0.076304, -0.010506, 0.013896, 0.008901, 0.000000, -0.000000, -0.000000, -0.113438, 0.602094, 0.000000, -28.630322, 0.457386, 15.130136, 0.336892, 0.006459, -0.050869, 0.002333, 14.149414, 19.400024, 281.127930
0.000000, 0.160558, 1070.000000, -0.001745, 2000.000000, 1000.000000, 17.466497, 15.667987, 16.996264, 17.869253, -0.667876, 0.432758, 0.231380, -0.644084, 0.417341, 0.211818, -0.023792, 0.015417, 0.019561, 0.000000, -0.000000, -0.000000, 0.000000, 0.802792, -0.008726, -26.419529, 0.900131, 14.862304, 1.288167, -0.031891, -0.149938, 0.001847, 14.071289, 22.280884, 320.983887
0.000000, 0.160558, 1070.000000, -0.001745, 2000.000000, 1000.000000, 18.446781, 15.504724, 16.448277, 17.600220, -1.023500, 0.024248, 0.447530, -0.979107, 0.023196, 0.401967, -0.044393, 0.001052, 0.045563, 0.000000, 0.000000, -0.000000, 0.000000, 0.802792, -0.008726, -19.654730, 4.411594, 13.900100, 1.958214, 0.756400, -0.276704, 0.002267, 14.141602, 20.520020, 297.302246
0.001745, 0.115183, 1069.000000, 0.000000, 2000.000000, 1000.000000, 17.142130, 15.104831, 15.606923, 16.146116, -0.644123, -0.123480, 0.374526, -0.615220, -0.117939, 0.335161, -0.028903, -0.005541, 0.039365, 0.000000, 0.000000, -0.000000, 0.008726, 0.575916, 0.000000, -15.856765, 7.578375, 12.224145, 1.239165, 0.811794, -0.223441, 0.002349, 14.336914, 11.920166, 182.495102
0.001745, -0.001745, 1069.000000, 0.000000, 2000.000000, 1000.000000, 19.102430, 13.565366, 17.721813, 13.610391, -0.356410, -0.333898, 2.412122, -0.344112, -0.322376, 2.214276, -0.012299, -0.011522, 0.197846, 0.000000, 0.000000, -0.000000, 0.008726, -0.008726, 0.000000, -13.988049, 10.043621, 9.663048, 0.696949, 0.636026, -1.476184, 0.001787, 14.223633, 19.079590, 277.587891
0.001745, -0.001745, 1066.000000, 0.000000, 2000.000000, 1000.000000, 15.469137, 16.062210, 15.742330, 16.726324, -0.097730, 0.234327, -0.394267, -0.093243, 0.223569, -0.351930, -0.004487, 0.010758, -0.042337, 0.000000, -0.000000, 0.000000, 0.008726, -0.008726, 0.000000, -12.889836, 10.551538, 8.749371, 0.195213, -0.455863, 0.234620, 0.002406, 14.247070, 15.759277, 229.919418
0.001745, -0.001745, 1059.000000, 0.000000, 2000.000000, 1000.000000, 15.452204, 13.629307, 15.376122, 15.542368, -0.497285, 0.459244, 0.414162, -0.475671, 0.439283, 0.371913, -0.021614, 0.019961, 0.042249, 0.000000, -0.000000, -0.000000, 0.008726, -0.008726, 0.000000, -11.258265, 8.915860, 8.417819, 0.960068, -0.887293, -0.247942, 0.002272, 14.239258, 16.879272, 246.093735
0.001745, -0.001745, 1058.000000, 0.000000, 2000.000000, 1000.000000, 16.318035, 13.237603, 14.906528, 15.537834, -0.927935, 0.222181, 0.612282, -0.895915, 0.214514, 0.562061, -0.032020, 0.007667, 0.050220, 0.000000, -0.000000, -0.000000, 0.008726, -0.008726, 0.000000, -7.105523, 7.537009, 6.744705, 1.800556, -0.437754, -0.374708, 0.001787, 14.375977, 11.718750, 172.485336
0.001745, -0.001745, 1050.000000, 0.000000, 2000.000000, 1000.000000, 16.881746, 13.761198, 14.728762, 14.628294, -0.755020, -0.321472, 0.805254, -0.719615, -0.306397, 0.717056, -0.035405, -0.015075, 0.088198, 0.000000, 0.000000, -0.000000, 0.008726, -0.008726, 0.000000, 0.287432, 8.819499, 3.861068, 1.447956, 0.604068, -0.478038, 0.002460, 14.270508, 14.999390, 219.299301
0.001745, -0.001745, 1050.000000, 0.000000, 2000.000000, 1000.000000, 15.788607, 15.046700, 14.362497, 14.802197, -0.295402, -0.417653, 0.075552, -0.283392, -0.400672, 0.068314, -0.012010, -0.016980, 0.007238, 0.000000, 0.000000, -0.000000, 0.008726, -0.008726, 0.000000, 2.964117, 10.906960, 2.949354, 0.575510, 0.792619, -0.045543, 0.002119, 14.485352, 6.921387, 102.722160
0.001745, -0.001745, 1050.000000, 0.000000, 2000.000000, 1000.000000, 15.537825, 14.893717, 14.951799, 14.616659, -0.077242, -0.215771, 0.244812, -0.074601, -0.208393, 0.224907, -0.002641, -0.007377, 0.019904, 0.000000, 0.000000, -0.000000, 0.008726, -0.008726, 0.000000, 3.614547, 12.666849, 2.680030, 0.157929, 0.408061, -0.149938, 0.001770, 14.290039, 14.041138, 205.383286
0.001745, -0.001745, 1050.000000, 0.000000, 2000.000000, 1000.000000, 15.702865, 13.714549, 15.369285, 15.213302, -0.458083, 0.291293, 0.536075, -0.437854, 0.278429, 0.480569, -0.020229, 0.012863, 0.055506, 0.000000, -0.000000, -0.000000, 0.008726, -0.008726, 0.000000, 5.472991, 11.956449, 1.050969, 0.884434, -0.565585, -0.320379, 0.002310, 14.301758, 14.279175, 209.106430
-0.001745, 0.026178, 1051.000000, 0.000000, 2000.000000, 1000.000000, 15.961061, 13.380675, 15.053414, 15.604850, -0.782956, 0.329132, 0.507237, -0.748581, 0.314682, 0.455003, -0.034375, 0.014450, 0.052234, 0.000000, -0.000000, -0.000000, -0.008726, 0.130890, 0.000000, 8.993423, 10.300890, -0.450874, 1.488436, -0.498473, -0.303335, 0.002296, 14.336914, 12.680054, 186.096176
-0.010471, 0.017452, 1045.000000, 0.000000, 2000.000000, 1000.000000, 15.082792, 12.694378, 13.711107, 14.511723, -0.797257, 0.111415, 0.396949, -0.769331, 0.107512, 0.363923, -0.027927, 0.003903, 0.033026, 0.000000, -0.000000, -0.000000, -0.052356, 0.087260, 0.000000, 13.281288, 9.327885, -1.923159, 1.486305, -0.127764, -0.242616, 0.001815, 14.434570, 9.799194, 144.775391
-0.052356, -0.001745, 1044.000000, 0.000000, 2000.000000, 1000.000000, 14.706538, 13.272569, 13.855884, 14.165009, -0.435774, 0.010446, 0.281211, -0.416514, 0.009984, 0.252071, -0.019260, 0.000462, 0.029139, 0.000000, -0.000000, -0.000000, -0.261780, -0.008726, 0.000000, 17.838539, 8.848941, -3.396016, 0.571249, -0.028695, -0.168048, 0.002312, 14.407227, 10.720825, 158.081055
0.000000, -0.001745, 1044.000000, 0.000000, 2000.000000, 1000.000000, 14.196909, 13.695314, 14.286579, 13.821198, -0.009054, 0.053888, 0.241744, -0.008657, 0.051529, 0.216918, -0.000396, 0.002359, 0.024826, 0.000000, -0.000000, -0.000000, 0.000000, -0.008726, 0.000000, 18.460127, 8.575036, -3.976897, 0.017315, -0.111785, -0.144612, 0.002289, 14.395508, 10.519409, 155.090332
0.001745, -0.001745, 1045.000000, -0.003490, 2000.000000, 1000.000000, 14.085701, 13.762373, 14.026896, 14.125031, -0.105366, 0.075963, 0.056299, -0.101765, 0.073367, 0.051724, -0.003600, 0.002596, 0.004575, 0.000000, -0.000000, -0.000000, 0.008726, -0.008726, -0.017452, 18.651882, 8.142132, -4.254866, 0.212257, -0.155460, -0.051934, 0.001769, 14.368164, 11.920166, 175.415024
-0.024433, 0.012216, 1045.000000, -0.003490, 2000.000000, 1000.000000, 14.526649, 13.524323, 13.920583, 14.028445, -0.277547, -0.025486, 0.223615, -0.265214, -0.024353, 0.200327, -0.012332, -0.001132, 0.023288, 0.000000, 0.000000, -0.000000, -0.122164, 0.061082, -0.017452, 20.108654, 7.846762, -4.757414, 0.408264, 0.109789, -0.151003, 0.002325, 14.403320, 10.879517, 160.400391
-0.092496, 0.003490, 1045.000000, -0.010471, 2000.000000, 1000.000000, 14.706663, 13.327507, 14.057245, 13.908585, -0.307623, -0.017085, 0.381954, -0.294224, -0.016341, 0.342913, -0.013399, -0.000744, 0.039041, 0.000000, 0.000000, -0.000000, -0.462478, 0.017452, -0.052356, 20.919914, 8.037510, -5.468684, 0.125971, 0.050134, -0.280965, 0.002277, 14.426758, 9.759521, 144.104004
-0.183246, -0.001745, 1045.000000, -0.013962, 2000.000000, 1000.000000, 14.505070, 13.143276, 14.198797, 14.152857, -0.328963, 0.175827, 0.351934, -0.317636, 0.169773, 0.323127, -0.011327, 0.006054, 0.028807, 0.000000, -0.000000, -0.000000, -0.916230, -0.008726, -0.069808, 20.581654, 7.664080, -6.210777, -0.280957, -0.348272, -0.285226, 0.001783, 14.360352, 12.680054, 186.401352
-0.240838, -0.001745, 1045.000000, -0.001745, 2000.000000, 1000.000000, 14.409088, 12.906502, 14.602886, 14.081524, -0.245306, 0.342205, 0.505987, -0.234715, 0.327431, 0.454697, -0.010590, 0.014774, 0.051290, -0.000000, -0.000000, -0.000000, -1.204188, -0.008726, -0.008726, 18.230824, 5.306707, -7.194991, -0.734757, -0.663588, -0.311857, 0.002256, 14.391602, 11.361694, 167.480453
-0.265270, -0.001745, 1046.000000, -0.003490, 2000.000000, 1000.000000, 14.354021, 13.299496, 14.664431, 13.682053, -0.018037, 0.173241, 0.509226, -0.017232, 0.165512, 0.455989, -0.000805, 0.007729, 0.053237, -0.000000, -0.000000, -0.000000, -1.326352, -0.008726, -0.017452, 15.308647, 4.282221, -7.771979, -1.291887, -0.339750, -0.321445, 0.002335, 14.399414, 10.641479, 156.921387
-0.267016, -0.001745, 1045.000000, -0.003490, 2000.000000, 1000.000000, 14.233653, 13.631814, 14.822858, 13.311675, 0.227336, 0.067267, 0.528255, 0.219153, 0.064845, 0.483153, 0.008183, 0.002421, 0.045102, -0.000000, -0.000000, -0.000000, -1.335078, -0.008726, -0.017452, 10.963945, 4.308425, -8.359772, -1.773383, -0.138416, -0.339554, 0.001867, 14.395508, 10.919189, 161.010727
-0.235602, -0.001745, 1046.000000, 0.000000, 2000.000000, 1000.000000, 13.706531, 13.900540, 15.207698, 13.185231, 0.554119, 0.196465, 0.457114, 0.529913, 0.187882, 0.410262, 0.024206, 0.008582, 0.046852, -0.000000, -0.000000, -0.000000, -1.178010, -0.008726, 0.000000, 2.463142, 4.570227, -9.014350, -2.237836, -0.384491, -0.273508, 0.002284, 14.387695, 11.441040, 168.518051
-0.223386, -0.001745, 1046.000000, 0.000000, 2000.000000, 1000.000000, 13.684151, 13.909489, 14.895199, 13.511162, 0.402344, 0.203180, 0.289674, 0.386817, 0.195339, 0.263257, 0.015527, 0.007841, 0.026418, -0.000000, -0.000000, -0.000000, -1.116928, -0.008726, 0.000000, -3.419859, 4.263549, -9.120627, -1.890562, -0.399404, -0.175504, 0.002007, 14.434570, 9.359741, 138.305664
-0.212914, -0.001745, 1046.000000, 0.000000, 2000.000000, 1000.000000, 14.026152, 13.704906, 14.495234, 13.773708, 0.100070, 0.134471, 0.260693, 0.096613, 0.129826, 0.239288, 0.003457, 0.004645, 0.021404, -0.000000, -0.000000, -0.000000, -1.064572, -0.008726, 0.000000, -7.745996, 4.069551, -9.248818, -1.257799, -0.268378, -0.159526, 0.001789, 14.387695, 11.920166, 175.598129
-0.144852, -0.001745, 1049.000000, 0.000000, 2000.000000, 1000.000000, 13.882071, 13.457494, 14.361236, 14.299199, -0.090636, 0.330217, 0.121654, -0.086363, 0.314648, 0.108262, -0.004273, 0.015569, 0.013392, -0.000000, -0.000000, -0.000000, -0.724258, -0.008726, 0.000000, -11.357017, 3.014790, -9.450636, -0.551533, -0.638022, -0.072174, 0.002474, 14.399414, 10.641479, 156.921387
-0.073298, -0.001745, 1071.000000, 0.000000, 2000.000000, 1000.000000, 16.880316, 16.319246, 17.698099, 17.102339, 0.008673, 0.400218, 0.289208, 0.008365, 0.386020, 0.264854, 0.000308, 0.014198, 0.024353, -0.000000, -0.000000, -0.000000, -0.366492, -0.008726, 0.000000, -12.925484, 1.273649, -9.737802, -0.383222, -0.780767, -0.176570, 0.001839, 14.043945, 23.959351, 344.726532
0.000000, -0.001745, 1080.000000, 0.001745, 2000.000000, 1000.000000, 18.065475, 17.404190, 18.704544, 17.825790, 0.054367, 0.265167, 0.385010, 0.052062, 0.253928, 0.346653, 0.002304, 0.011239, 0.038357, -0.000000, -0.000000, -0.000000, 0.000000, -0.008726, 0.008726, -14.053443, -0.301176, -10.335210, -0.104125, -0.516583, -0.222376, 0.002213, 14.071289, 33.401489, 473.083466
0.000000, -0.001745, 1090.000000, 0.000000, 2000.000000, 1000.000000, 19.318636, 17.953493, 19.262316, 19.465555, -0.392096, 0.363935, 0.290475, -0.374573, 0.347671, 0.260061, -0.017523, 0.016264, 0.030414, 0.000000, -0.000000, -0.000000, 0.000000, -0.008726, 0.000000, -13.183719, -2.832468, -11.029973, 0.749147, -0.704068, -0.173374, 0.002339, 13.782227, 31.680298, 447.204559
0.000000, -0.001745, 1089.000000, 0.000000, 2000.000000, 1000.000000, 18.358576, 16.841955, 18.108366, 18.691103, -0.524839, 0.399735, 0.233470, -0.506133, 0.385488, 0.213722, -0.018707, 0.014248, 0.019748, 0.000000, -0.000000, -0.000000, 0.000000, -0.008726, 0.000000, -11.180727, -5.396612, -11.332999, 1.012265, -0.779702, -0.142481, 0.001848, 14.094727, 18.798828, 271.484375
0.000000, -0.001745, 1088.000000, 0.000000, 2000.000000, 1000.000000, 18.754652, 16.981020, 17.918005, 18.346323, -0.550487, 0.132164, 0.336329, -0.527438, 0.126630, 0.303204, -0.023049, 0.005534, 0.033125, 0.000000, -0.000000, -0.000000, 0.000000, -0.008726, 0.000000, -7.509753, -8.294897, -11.415071, 1.054876, -0.261986, -0.202136, 0.002185, 14.047852, 22.680664, 326.110809
0.000000, -0.001745, 1074.000000, 0.000000, 2000.000000, 1000.000000, 17.908699, 15.645554, 17.194035, 17.251713, -0.580205, 0.222875, 0.551367, -0.555667, 0.213449, 0.496548, -0.024538, 0.009426, 0.054819, 0.000000, -0.000000, -0.000000, 0.000000, -0.008726, 0.000000, -4.649387, -9.838640, -11.753395, 1.111334, -0.435623, -0.331032, 0.002208, 14.196289, 16.519165, 240.112289
0.000000, -0.001745, 1059.000000, 0.000000, 2000.000000, 1000.000000, 15.798326, 13.997223, 14.964361, 15.240089, -0.519208, 0.102225, 0.381344, -0.497078, 0.097868, 0.343151, -0.022130, 0.004357, 0.038193, 0.000000, -0.000000, -0.000000, 0.000000, -0.008726, 0.000000, -2.059805, -11.403543, -12.039939, 0.994156, -0.204462, -0.228767, 0.002226, 14.340820, 11.199951, 164.489731
0.000000, -0.001745, 1050.000000, 0.000000, 2000.000000, 1000.000000, 15.889088, 14.603571, 14.836781, 14.670561, -0.279824, -0.246330, 0.362934, -0.266982, -0.235025, 0.323976, -0.012842, -0.011305, 0.038958, 0.000000, 0.000000, -0.000000, 0.000000, -0.008726, 0.000000, 1.271394, -11.376360, -12.320280, 0.533965, 0.461324, -0.215984, 0.002405, 14.364258, 10.040283, 147.705078
0.000000, -0.001745, 1049.000000, -0.001745, 2000.000000, 1000.000000, 14.515209, 13.939629, 13.901161, 13.644001, -0.079605, -0.227419, 0.208185, -0.076301, -0.217981, 0.187850, -0.003304, -0.009439, 0.020335, 0.000000, 0.000000, -0.000000, 0.000000, -0.008726, -0.008726, 2.452446, -10.286451, -12.566142, 0.152602, 0.427235, -0.133959, 0.002165, 14.450195, 7.958984, 117.797844
0.000000, -0.001745, 1049.000000, -0.001745, 2000.000000, 1000.000000, 14.246319, 13.887459, 13.985382, 13.880840, -0.063579, -0.066889, 0.115850, -0.061388, -0.064584, 0.106358, -0.002192, -0.002306, 0.009492, 0.000000, 0.000000, -0.000000, 0.000000, -0.008726, -0.008726, 2.917139, -9.614859, -12.780026, 0.122775, 0.120441, -0.079631, 0.001785, 14.391602, 11.239624, 165.527328
0.000000, -0.001745, 1033.000000, 0.000000, 2000.000000, 1000.000000, 12.959908, 13.020508, 12.941689, 13.077896, -0.018902, 0.009792, -0.049202, -0.018245, 0.009452, -0.045136, -0.000658, 0.000341, -0.004067, 0.000000, -0.000000, 0.000000, 0.000000, -0.008726, 0.000000, 3.084584, -9.613693, -12.829587, 0.036489, -0.027630, 0.030090, 0.001802, 14.360352, 11.639404, 171.081528
-0.078534, 0.000000, 1029.000000, -0.001745, 2000.000000, 1000.000000, 12.478467, 11.658710, 11.912282, 11.950541, -0.214504, -0.068588, 0.195375, -0.204992, -0.065547, 0.175067, -0.009512, -0.003041, 0.020308, 0.000000, 0.000000, -0.000000, -0.392670, 0.000000, -0.008726, 3.297467, -9.549808, -13.106041, 0.017315, 0.131094, -0.125437, 0.002320, 14.528320, 5.758667, 85.693352
-0.164049, 0.003490, 1030.000000, -0.001745, 2000.000000, 1000.000000, 13.665158, 12.585128, 12.559993, 13.189721, -0.427440, -0.125143, 0.112576, -0.412388, -0.120736, 0.103162, -0.015052, -0.004407, 0.009414, 0.000000, 0.000000, -0.000000, -0.820244, 0.017452, -0.008726, 3.440062, -8.990307, -13.296659, 0.004532, 0.258925, -0.077501, 0.001825, 14.383789, 11.120605, 163.818344
-0.184991, 0.001745, 1030.000000, -0.001745, 2000.000000, 1000.000000, 13.827108, 12.490282, 12.828526, 12.854084, -0.340597, -0.158695, 0.327817, -0.326793, -0.152263, 0.296506, -0.013804, -0.006432, 0.031311, 0.000000, 0.000000, -0.000000, -0.924956, 0.008726, -0.008726, 3.337020, -8.183569, -13.714182, -0.271370, 0.313253, -0.206397, 0.002112, 14.450195, 7.641602, 113.098137
-0.195462, -0.001745, 1045.000000, -0.001745, 2000.000000, 1000.000000, 14.756217, 13.538091, 14.231706, 13.473987, -0.115101, -0.147154, 0.493961, -0.110092, -0.140750, 0.443512, -0.005009, -0.006404, 0.050449, -0.000000, 0.000000, -0.000000, -0.977312, -0.008726, -0.008726, 1.481017, -6.388560, -15.037047, -0.757128, 0.272773, -0.304401, 0.002275, 14.254883, 16.360474, 238.830551
-0.174520, -0.001745, 1051.000000, -0.001745, 2000.000000, 1000.000000, 15.587562, 14.557437, 15.311767, 14.543235, -0.065398, -0.072499, 0.449664, -0.063062, -0.069910, 0.411554, -0.002336, -0.002589, 0.038110, -0.000000, 0.000000, -0.000000, -0.872600, -0.008726, -0.008726, -0.394419, -5.295649, -16.013460, -0.746475, 0.131094, -0.283095, 0.001852, 14.165039, 18.881226, 273.925781
-0.001745, -0.001745, 1071.000000, 0.000000, 2000.000000, 1000.000000, 17.470140, 16.632635, 17.850367, 16.046858, 0.241500, -0.051388, 0.660253, 0.230924, -0.049137, 0.592421, 0.010576, -0.002250, 0.067832, -0.000000, 0.000000, -0.000000, -0.008726, -0.008726, 0.000000, -2.669934, -4.248629, -17.592487, -0.470573, 0.089549, -0.394947, 0.002290, 13.911133, 28.521729, 406.127899
0.000000, -0.001745, 1075.000000, 0.000000, 2000.000000, 1000.000000, 17.658175, 16.039198, 18.002836, 16.299791, 0.021018, 0.151314, 0.830506, 0.020105, 0.144740, 0.745818, 0.000913, 0.006574, 0.084688, -0.000000, -0.000000, -0.000000, 0.000000, -0.008726, 0.000000, -3.446930, -4.152514, -18.883516, -0.040209, -0.298205, -0.497212, 0.002271, 14.004883, 23.840332, 342.102020
0.000000, -0.001745, 1074.000000, 0.000000, 2000.000000, 1000.000000, 17.816879, 15.478528, 17.959942, 16.744652, -0.280765, 0.352297, 0.888410, -0.270711, 0.339682, 0.812930, -0.010054, 0.012616, 0.075481, 0.000000, -0.000000, -0.000000, 0.000000, -0.008726, 0.000000, -3.460536, -5.677533, -20.345766, 0.541421, -0.688089, -0.541953, 0.001857, 14.102539, 20.520020, 296.508789
0.000000, -0.001745, 1074.000000, 0.000000, 2000.000000, 1000.000000, 18.132099, 15.294307, 17.431362, 17.142231, -0.637165, 0.286797, 0.781731, -0.612658, 0.275766, 0.710665, -0.024506, 0.011031, 0.071066, 0.000000, -0.000000, -0.000000, 0.000000, -0.008726, 0.000000, -0.489981, -9.725578, -22.109924, 1.225317, -0.560258, -0.473777, 0.002000, 14.071289, 21.200562, 305.725098
0.000000, -0.001745, 1074.000000, 0.000000, 2000.000000, 1000.000000, 17.480392, 15.545982, 17.883400, 17.090225, -0.285309, 0.486812, 0.681896, -0.273374, 0.466447, 0.614792, -0.011936, 0.020365, 0.067105, 0.000000, -0.000000, -0.000000, 0.000000, -0.008726, 0.000000, 1.101263, -12.542904, -22.989351, 0.546748, -0.941621, -0.409861, 0.002183, 14.114258, 19.079590, 275.878906
0.000000, -0.001745, 1074.000000, 0.000000, 2000.000000, 1000.000000, 16.875429, 16.062967, 18.381987, 16.679617, 0.222476, 0.530801, 0.628707, 0.212916, 0.507992, 0.565257, 0.009560, 0.022809, 0.063450, -0.000000, -0.000000, -0.000000, 0.000000, -0.008726, 0.000000, 0.042286, -15.059538, -24.396029, -0.425833, -1.024711, -0.376838, 0.002245, 14.125977, 18.881226, 273.132324
0.000000, -0.001745, 1074.000000, 0.000000, 2000.000000, 1000.000000, 16.688374, 16.625317, 18.122807, 16.563503, 0.374062, 0.343154, 0.405590, 0.360987, 0.331160, 0.371913, 0.013075, 0.011995, 0.033677, -0.000000, -0.000000, -0.000000, 0.000000, -0.008726, 0.000000, -2.762166, -16.297384, -25.949043, -0.721974, -0.671045, -0.247942, 0.001811, 14.122070, 18.881226, 286.682129
-0.001745, -0.001745, 1067.000000, 0.000000, 2000.000000, 1000.000000, 16.858646, 15.187437, 16.212198, 15.741717, -0.300183, -0.023042, 0.535422, -0.286259, -0.021973, 0.477373, -0.013924, -0.001069, 0.058049, 0.000000, 0.000000, -0.000000, -0.008726, -0.008726, 0.000000, -3.598166, -17.036455, -27.318945, 0.563792, 0.035221, -0.318249, 0.002432, 14.278320, 13.519287, 197.692856
-0.218150, 0.008726, 1060.000000, 0.000000, 2000.000000, 1000.000000, 17.468670, 14.325114, 15.418284, 16.787930, -1.128300, 0.103107, 0.443478, -1.089324, 0.099545, 0.407066, -0.038976, 0.003562, 0.036412, 0.000000, -0.000000, -0.000000, -1.090750, 0.043630, 0.000000, -1.473966, -18.208483, -27.459106, 1.087899, -0.155460, -0.271378, 0.001789, 14.223633, 16.159058, 233.581528
-0.492146, 0.022688, 1051.000000, 0.000000, 2000.000000, 1000.000000, 15.819133, 13.593303, 14.499785, 16.087778, -0.953456, 0.293783, 0.159459, -0.908261, 0.279857, 0.141817, -0.045195, 0.013926, 0.017642, 0.000000, -0.000000, -0.000000, -2.460732, 0.113438, 0.000000, -0.363474, -20.531639, -27.939148, -0.644210, -0.446276, -0.094545, 0.002488, 14.309570, 12.521362, 183.532700
-0.373473, 0.026178, 1053.000000, 0.000000, 2000.000000, 1000.000000, 14.675839, 15.124293, 15.741359, 14.458508, 0.432826, 0.099934, 0.208599, 0.414799, 0.095771, 0.188156, 0.018027, 0.004162, 0.020443, -0.000000, -0.000000, -0.000000, -1.867364, 0.130890, 0.000000, -5.185077, -18.827009, -29.869692, -2.696962, -0.060653, -0.125437, 0.002173, 14.282227, 13.558960, 198.425278
-0.267016, 0.038394, 1053.000000, 0.000000, 2000.000000, 1000.000000, 13.954611, 16.242773, 16.354567, 13.448050, 1.298670, -0.098693, 0.154588, 1.253518, -0.095261, 0.141817, 0.045152, -0.003431, 0.012771, -0.000000, 0.000000, -0.000000, -1.335078, 0.191972, 0.000000, -13.256192, -13.484488, -32.451630, -3.842114, 0.382495, -0.094545, 0.001801, 14.254883, 14.599609, 217.102036
-0.104712, -0.001745, 1053.000000, 0.000000, 2000.000000, 1000.000000, 15.070050, 15.656244, 15.633494, 13.640212, 0.644869, -0.363147, 0.351772, 0.616922, -0.347410, 0.315987, 0.027947, -0.015738, 0.035786, -0.000000, 0.000000, -0.000000, -0.523560, -0.008726, 0.000000, -22.469875, -4.601818, -34.536709, -1.757405, 0.686093, -0.210658, 0.002265, 14.329102, 11.599731, 170.227036
0.000000, -0.001745, 1053.000000, 0.000000, 2000.000000, 1000.000000, 15.818480, 14.784087, 14.980727, 14.416705, -0.117592, -0.301284, 0.399604, -0.112520, -0.288288, 0.359130, -0.005072, -0.012996, 0.040474, 0.000000, 0.000000, -0.000000, 0.000000, -0.008726, 0.000000, -22.938147, -2.140470, -35.228462, 0.225040, 0.567849, -0.239420, 0.002254, 14.254883, 14.401245, 210.327133
0.000000, -0.001745, 1053.000000, 0.001745, 2000.000000, 1000.000000, 16.238398, 13.975955, 14.750375, 15.035274, -0.636835, -0.107176, 0.494386, -0.614789, -0.103466, 0.453711, -0.022046, -0.003710, 0.040675, 0.000000, 0.000000, -0.000000, 0.000000, -0.008726, 0.008726, -20.444326, -2.593485, -35.872845, 1.229578, 0.198205, -0.293748, 0.001793, 14.270508, 13.760376, 201.110825
0.000000, 0.033159, 1050.000000, 0.001745, 2000.000000, 1000.000000, 15.159304, 14.295162, 15.531837, 15.013697, -0.086500, 0.272767, 0.345571, -0.082693, 0.260761, 0.309901, -0.003807, 0.012005, 0.035670, 0.000000, -0.000000, -0.000000, 0.000000, 0.165794, 0.008726, -17.611559, -5.475919, -36.706974, 0.165385, -0.355729, -0.197875, 0.002302, 14.231445, 15.438843, 225.097641
0.001745, 0.174520, 1043.000000, 0.001745, 2000.000000, 1000.000000, 13.419821, 13.569408, 15.319033, 13.691738, 0.444220, 0.505385, 0.369427, 0.426070, 0.484736, 0.333870, 0.018151, 0.020650, 0.035557, -0.000000, -0.000000, -0.000000, 0.008726, 0.872600, 0.008726, -18.986448, -5.269983, -37.405083, -0.843414, -0.096871, -0.213854, 0.002130, 14.415039, 8.560181, 126.281731
0.001745, 0.211169, 1044.000000, 0.001745, 2000.000000, 1000.000000, 13.778187, 13.906712, 14.969664, 13.345438, 0.438188, 0.157551, 0.373925, 0.422341, 0.151853, 0.341859, 0.015846, 0.005698, 0.032066, -0.000000, 0.000000, -0.000000, 0.008726, 1.055846, 0.008726, -20.522490, -2.877322, -38.116016, -0.835957, 0.752139, -0.219180, 0.001876, 14.383789, 10.000610, 147.216797
-0.001745, 0.225131, 1043.000000, 0.001745, 2000.000000, 1000.000000, 15.139202, 13.890053, 13.838879, 13.131866, -0.135535, -0.514628, 0.489040, -0.129666, -0.492344, 0.439330, -0.005869, -0.022284, 0.049710, 0.000000, 0.000000, -0.000000, -0.008726, 1.125654, 0.008726, -17.434721, 2.716131, -39.236431, 0.250606, 2.110343, -0.284161, 0.002263, 14.399414, 8.840942, 130.310059
-0.001745, 0.225131, 1043.000000, 0.003490, 2000.000000, 1000.000000, 15.386564, 13.927818, 13.501598, 13.184019, -0.285292, -0.657192, 0.444081, -0.274541, -0.632426, 0.404482, -0.010751, -0.024766, 0.039599, 0.000000, 0.000000, -0.000000, -0.008726, 1.125654, 0.017452, -12.485235, 6.656559, -40.399345, 0.540356, 2.390505, -0.252203, 0.001958, 14.348633, 11.401367, 165.710434
-0.001745, 0.200698, 1045.000000, 0.022688, 2000.000000, 1000.000000, 15.097116, 13.954871, 13.844689, 13.103324, -0.100220, -0.525994, 0.470902, -0.096110, -0.504424, 0.425424, -0.004110, -0.021569, 0.045478, 0.000000, 0.000000, -0.000000, -0.008726, 1.003490, 0.113438, -7.398334, 10.638849, -41.713139, 0.183495, 2.012339, -0.170178, 0.002138, 14.356445, 10.400391, 152.893066
0.000000, 0.143106, 1046.000000, 0.040140, 2000.000000, 1000.000000, 14.117661, 14.045357, 14.448874, 13.388109, 0.247115, -0.081508, 0.283267, 0.236352, -0.077958, 0.254314, 0.010763, -0.003550, 0.028954, -0.000000, 0.000000, -0.000000, 0.000000, 0.715532, 0.200698, -4.053855, 15.304556, -42.715076, -0.472704, 0.871448, 0.031156, 0.002277, 14.364258, 10.400391, 153.076172
0.000000, -0.001745, 1048.000000, 0.040140, 2000.000000, 1000.000000, 14.408909, 14.214521, 14.021372, 13.355198, 0.117947, -0.311715, 0.215140, 0.113315, -0.299473, 0.195192, 0.004632, -0.012242, 0.019949, -0.000000, 0.000000, -0.000000, 0.000000, -0.008726, 0.200698, -3.577599, 17.406038, -42.647518, -0.226629, 0.590220, 0.070570, 0.002044, 14.336914, 10.879517, 159.790039
0.000000, -0.001745, 1062.000000, 0.036649, 2000.000000, 1000.000000, 16.939457, 15.164187, 15.775229, 16.121124, -0.530291, -0.051823, 0.357344, -0.508263, -0.049670, 0.322411, -0.022028, -0.002153, 0.034933, 0.000000, 0.000000, -0.000000, 0.000000, -0.008726, 0.183246, -1.219610, 17.551371, -43.220634, 1.016526, 0.090614, -0.031695, 0.002167, 14.301758, 12.039185, 176.330551
-0.006981, -0.008726, 1070.000000, 0.017452, 2000.000000, 1000.000000, 17.842236, 15.768387, 16.720322, 17.669056, -0.755646, 0.194689, 0.281279, -0.729712, 0.188007, 0.258326, -0.025934, 0.006682, 0.022952, 0.000000, -0.000000, -0.000000, -0.034904, -0.043630, 0.087260, 0.980775, 14.823773, -43.975742, 1.424520, -0.419644, -0.084957, 0.001777, 13.973633, 24.639893, 352.600067
-0.012216, -0.013962, 1069.000000, 0.013962, 2000.000000, 1000.000000, 16.616177, 14.953268, 15.948141, 16.482414, -0.549295, 0.215278, 0.282159, -0.529217, 0.207409, 0.257714, -0.020078, 0.007869, 0.024444, 0.000000, -0.000000, -0.000000, -0.061082, -0.069808, 0.069808, 2.550363, 11.401792, -44.580093, 0.997352, -0.484625, -0.102002, 0.001897, 14.075195, 20.639038, 297.424316
-0.001745, -0.031414, 1070.000000, 0.013962, 2000.000000, 1000.000000, 17.221611, 16.972015, 17.029720, 16.776653, 0.000867, -0.096813, 0.125666, 0.000828, -0.092416, 0.112307, 0.000039, -0.004397, 0.013359, -0.000000, 0.000000, -0.000000, -0.008726, -0.157068, 0.069808, 2.952796, 9.562675, -44.926861, -0.010382, 0.027764, -0.005063, 0.002379, 14.102539, 19.119263, 276.000977
0.000000, -0.001745, 1070.000000, 0.012216, 2000.000000, 1000.000000, 17.246443, 16.838865, 16.875963, 17.038729, -0.142585, -0.042653, 0.061203, -0.137554, -0.041148, 0.056075, -0.005032, -0.001505, 0.005128, 0.000000, 0.000000, 0.000000, 0.000000, -0.008726, 0.061082, 3.293972, 9.603296, -44.897858, 0.275107, 0.073570, 0.023699, 0.001829, 14.086914, 20.401001, 294.128418
0.000000, -0.001745, 1070.000000, 0.010471, 2000.000000, 1000.000000, 17.690790, 16.061602, 17.038816, 17.208792, -0.449791, 0.123804, 0.364804, -0.431032, 0.118641, 0.329008, -0.018759, 0.005163, 0.035796, 0.000000, -0.000000, -0.000000, 0.000000, -0.008726, 0.052356, 4.313404, 8.171932, -46.172230, 0.862064, -0.246007, -0.166982, 0.002176, 14.083008, 19.079590, 275.390625
0.000000, -0.001745, 1070.000000, 0.010471, 2000.000000, 1000.000000, 17.538811, 15.858853, 16.827579, 17.774757, -0.656784, 0.301168, 0.183194, -0.628105, 0.288017, 0.164425, -0.028679, 0.013151, 0.018769, 0.000000, -0.000000, -0.000000, 0.000000, -0.008726, 0.052356, 5.967998, 3.677511, -46.322987, 1.256209, -0.584759, -0.057261, 0.002283, 14.157227, 17.321777, 250.915512
0.000000, -0.001745, 1066.000000, 0.012216, 2000.000000, 1000.000000, 19.219662, 12.187250, 18.824625, 13.768462, -0.494062, 0.296544, 3.022143, -0.476305, 0.285886, 2.764493, -0.017757, 0.010658, 0.257651, 0.000000, -0.000000, -0.000000, 0.000000, -0.008726, 0.061082, 6.739192, 0.423738, -48.744095, 0.952611, -0.580498, -1.781913, 0.001864, 14.012695, 13.320923, 193.176254
0.000000, -0.001745, 1054.000000, 0.000000, 2000.000000, 1000.000000, 13.979822, 15.880268, 13.860205, 16.279705, -0.129764, 0.069955, -1.079986, -0.124238, 0.066976, -0.971910, -0.005526, 0.002979, -0.108076, 0.000000, -0.000000, 0.000000, 0.000000, -0.008726, 0.000000, 7.017756, -1.252040, -49.470638, 0.248476, -0.142677, 0.647940, 0.002224, 14.344727, 11.441040, 167.907700
0.000000, -0.001745, 1030.000000, 0.000000, 2000.000000, 1000.000000, 13.337735, 13.037377, 12.639943, 12.984944, -0.161340, -0.187556, -0.011160, -0.154065, -0.179099, -0.009982, -0.007275, -0.008457, -0.001178, 0.000000, 0.000000, 0.000000, 0.000000, -0.008726, 0.000000, 8.000426, -1.117688, -47.666103, 0.308130, 0.349472, 0.006655, 0.002361, 14.504883, 4.119873, 61.218258
0.000000, -0.001745, 1016.000000, 0.001745, 2000.000000, 1000.000000, 11.782370, 10.537266, 10.706610, 10.973755, -0.378062, -0.159818, 0.244490, -0.364453, -0.154065, 0.223615, -0.013609, -0.005753, 0.020874, 0.000000, 0.000000, -0.000000, 0.000000, -0.008726, 0.008726, 9.670651, -1.608217, -47.925076, 0.728907, 0.299405, -0.140351, 0.001867, 15.833008, 0.000000, 2.624511
-0.013962, -0.001745, 1023.000000, 0.000000, 2000.000000, 1000.000000, 12.590178, 11.427914, 11.799887, 12.182022, -0.386100, -0.009046, 0.195032, -0.369530, -0.008658, 0.175373, -0.016570, -0.000388, 0.019659, 0.000000, 0.000000, -0.000000, -0.069808, -0.008726, 0.000000, 12.208344, -3.639747, -48.230396, 0.669252, 0.008589, -0.116915, 0.002242, 14.458008, 6.838989, 101.196281
-0.003490, -0.001745, 1024.000000, 0.000000, 2000.000000, 1000.000000, 12.521564, 11.466503, 12.159695, 11.852238, -0.186901, 0.005966, 0.340630, -0.179302, 0.005723, 0.307997, -0.007599, 0.000243, 0.032632, 0.000000, -0.000000, -0.000000, -0.017452, -0.008726, 0.000000, 13.104616, -4.683905, -48.603542, 0.341153, -0.020173, -0.205332, 0.002119, 14.454102, 7.479858, 110.717766
0.000000, -0.001745, 1024.000000, 0.000000, 2000.000000, 1000.000000, 12.298748, 11.746004, 12.203686, 11.751562, -0.025155, -0.022376, 0.251217, -0.024104, -0.021441, 0.226505, -0.001052, -0.000936, 0.024712, 0.000000, 0.000000, -0.000000, 0.000000, -0.008726, 0.000000, 13.408803, -5.027427, -49.094528, 0.048207, 0.034155, -0.151003, 0.002182, 14.461914, 6.399536, 94.787590
0.000000, -0.001745, 1025.000000, 0.000000, 2000.000000, 1000.000000, 12.123571, 11.904293, 12.105356, 11.866779, 0.004825, -0.013933, 0.114464, 0.004658, -0.013451, 0.105066, 0.000167, -0.000481, 0.009398, -0.000000, 0.000000, -0.000000, 0.000000, -0.008726, 0.000000, 13.512574, -5.025955, -49.375904, -0.009317, 0.018177, -0.070044, 0.001789, 14.461914, 6.961060, 103.027336
0.000000, -0.001745, 1051.000000, 0.000000, 2000.000000, 1000.000000, 14.984345, 15.039348, 15.071845, 14.904462, 0.055596, -0.011847, 0.028095, 0.053128, -0.011321, 0.025171, 0.002468, -0.000526, 0.002924, -0.000000, 0.000000, -0.000000, 0.000000, -0.008726, 0.000000, 13.436101, -4.856961, -49.574371, -0.106255, 0.013915, -0.016781, 0.002323, 14.067383, 23.760986, 341.979950
0.000000, -0.001745, 1062.000000, 0.000000, 2000.000000, 1000.000000, 16.205687, 15.699571, 16.195179, 15.899561, -0.052624, 0.047371, 0.200433, -0.050735, 0.045671, 0.183362, -0.001889, 0.001701, 0.017071, 0.000000, -0.000000, -0.000000, 0.000000, -0.008726, 0.000000, 13.278006, -4.872755, -49.787518, 0.101470, -0.100067, -0.122241, 0.001862, 14.227539, 14.801025, 215.393051
0.000000, -0.001745, 1070.000000, 0.001745, 2000.000000, 1000.000000, 17.230049, 16.581482, 17.135666, 17.052803, -0.141426, 0.094234, 0.182857, -0.136488, 0.090944, 0.167689, -0.004938, 0.003290, 0.015167, 0.000000, -0.000000, -0.000000, 0.000000, -0.008726, 0.008726, 13.355359, -5.668437, -50.066227, 0.272977, -0.190614, -0.103067, 0.001809, 13.852539, 30.722046, 435.913055
0.000000, -0.001745, 1070.000000, 0.000000, 2000.000000, 1000.000000, 21.303570, 13.112117, 20.749504, 12.834807, -0.069190, -0.207844, 4.026538, -0.066181, -0.198806, 3.615623, -0.003009, -0.009038, 0.410915, 0.000000, 0.000000, -0.000000, 0.000000, -0.008726, 0.000000, 13.892598, -6.443140, -51.364925, 0.132362, 0.388886, -2.410415, 0.002273, 14.079102, 27.441406, 385.620087
0.000000, -0.001745, 1069.000000, 0.000000, 2000.000000, 1000.000000, 16.488747, 16.411552, 15.496394, 15.603307, -0.046026, -0.450150, -0.007430, -0.044343, -0.433695, -0.006786, -0.001682, -0.016454, -0.000644, 0.000000, 0.000000, -0.000000, 0.000000, -0.008726, 0.000000, 15.497203, -5.505875, -53.778797, 0.088687, 0.858665, 0.004524, 0.001897, 14.075195, 19.879150, 286.193848
0.000000, -0.001745, 1069.000000, 0.000000, 2000.000000, 1000.000000, 16.290922, 16.343309, 15.697556, 15.668209, 0.020434, -0.317116, -0.005760, 0.019572, -0.303734, -0.005188, 0.000862, -0.013383, -0.000571, 0.000000, 0.000000, 0.000000, 0.000000, -0.008726, 0.000000, 17.344156, -4.375302, -53.266590, -0.039144, 0.598742, 0.003459, 0.002203, 14.071289, 13.958740, 203.124985
0.000000, -0.001745, 1064.000000, 0.000000, 2000.000000, 1000.000000, 16.399538, 15.206094, 17.097973, 15.296395, 0.152033, 0.197184, 0.748756, 0.145272, 0.188415, 0.670718, 0.006761, 0.008769, 0.078038, -0.000000, -0.000000, -0.000000, 0.000000, -0.008726, 0.000000, 17.189920, -3.842353, -54.506100, -0.290545, -0.385556, -0.447145, 0.002327, 14.258789, 12.640381, 184.509262
0.000000, -0.001745, 1049.000000, 0.000000, 2000.000000, 1000.000000, 13.958570, 13.328936, 15.361456, 13.351038, 0.345196, 0.356247, 0.660013, 0.332758, 0.343410, 0.603606, 0.012438, 0.012837, 0.056407, -0.000000, -0.000000, -0.000000, 0.000000, -0.008726, 0.000000, 15.087168, -3.608428, -55.786732, -0.665515, -0.695546, -0.402404, 0.001869, 14.317383, 11.041260, 161.804184
0.000000, -0.001745, 1043.000000, 0.000000, 2000.000000, 1000.000000, 14.090124, 14.035133, 15.185308, 12.689434, 0.610221, -0.062629, 0.637716, 0.582561, -0.059790, 0.570051, 0.027660, -0.002839, 0.067665, -0.000000, 0.000000, -0.000000, 0.000000, -0.008726, 0.000000, 11.508708, -1.086912, -57.536831, -1.165121, 0.110854, -0.380034, 0.002374, 14.368164, 10.559082, 155.273438
0.000000, -0.001745, 1043.000000, 0.000000, 2000.000000, 1000.000000, 14.530612, 14.197267, 14.487639, 12.784482, 0.342453, -0.363939, 0.509126, 0.326899, -0.347410, 0.455003, 0.015554, -0.016530, 0.054123, -0.000000, 0.000000, -0.000000, 0.000000, -0.008726, 0.000000, 11.147544, 1.705878, -58.363228, -0.653798, 0.686093, -0.303335, 0.002379, 14.333008, 10.641479, 156.188965
0.000000, -0.001745, 1043.000000, 0.001745, 2000.000000, 1000.000000, 14.821859, 13.724228, 14.288803, 13.165110, 0.006515, -0.273044, 0.555331, 0.006256, -0.262189, 0.503245, 0.000259, -0.010855, 0.052086, -0.000000, 0.000000, -0.000000, 0.000000, -0.008726, 0.008726, 12.198097, 3.423582, -59.228107, -0.012513, 0.515652, -0.326771, 0.002070, 14.336914, 11.361694, 166.809067
0.000000, -0.001745, 1045.000000, 0.001745, 2000.000000, 1000.000000, 14.503665, 13.097957, 14.503100, 13.895278, -0.199472, 0.199189, 0.503383, -0.190816, 0.190546, 0.452113, -0.008655, 0.008643, 0.051270, 0.000000, -0.000000, -0.000000, 0.000000, -0.008726, 0.008726, 12.902205, 2.525457, -60.598553, 0.381633, -0.389817, -0.292683, 0.002268, 14.340820, 10.440063, 153.320312
0.000000, -0.001745, 1045.000000, 0.001745, 2000.000000, 1000.000000, 13.972637, 13.147598, 14.777672, 14.102093, -0.037365, 0.439882, 0.375154, -0.035821, 0.421706, 0.338663, -0.001544, 0.018176, 0.036491, 0.000000, -0.000000, -0.000000, 0.000000, -0.008726, 0.008726, 11.675168, 1.162617, -61.228672, 0.071643, -0.852139, -0.217049, 0.002155, 14.301758, 11.599731, 169.921860
0.000000, -0.001745, 1045.000000, 0.001745, 2000.000000, 1000.000000, 13.621459, 13.199719, 15.246863, 13.931958, 0.223292, 0.589410, 0.434162, 0.215047, 0.567647, 0.396187, 0.008245, 0.021764, 0.037975, -0.000000, -0.000000, -0.000000, 0.000000, -0.008726, 0.008726, 9.002954, 0.262695, -61.820755, -0.430094, -1.144020, -0.255399, 0.001917, 14.321289, 11.239624, 164.916977
0.000000, -0.001745, 1045.000000, 0.001745, 2000.000000, 1000.000000, 13.418905, 13.856930, 14.883953, 13.840212, 0.370442, 0.362083, 0.151429, 0.354063, 0.346073, 0.135732, 0.016379, 0.016009, 0.015697, -0.000000, -0.000000, -0.000000, 0.000000, -0.008726, 0.008726, 4.042480, 0.812325, -62.528118, -0.708126, -0.700872, -0.081762, 0.002313, 14.352539, 8.560181, 125.976555
0.000000, -0.001745, 1055.000000, 0.001745, 2000.000000, 1000.000000, 14.603755, 15.039773, 15.502299, 14.854173, 0.271036, 0.178236, 0.053027, 0.259788, 0.170838, 0.047848, 0.011249, 0.007397, 0.005180, -0.000000, -0.000000, -0.000000, 0.000000, -0.008726, 0.008726, 2.082977, 1.635942, -62.592205, -0.519575, -0.350403, -0.023173, 0.002165, 14.161133, 18.841553, 273.193359
0.000000, -0.001745, 1056.000000, 0.000000, 2000.000000, 1000.000000, 14.866480, 14.822235, 15.513357, 14.797928, 0.167796, 0.155642, 0.189919, 0.161784, 0.150066, 0.173775, 0.006012, 0.005576, 0.016144, -0.000000, -0.000000, -0.000000, 0.000000, -0.008726, 0.000000, 0.866944, 2.299802, -62.747303, -0.323568, -0.308858, -0.115850, 0.001858, 14.278320, 12.521362, 182.983383
-0.005236, -0.001745, 1057.000000, 0.000000, 2000.000000, 1000.000000, 14.829076, 14.637937, 15.414145, 15.118842, 0.026041, 0.266494, 0.121611, 0.025125, 0.257124, 0.111457, 0.000916, 0.009370, 0.010154, -0.000000, -0.000000, -0.000000, -0.026178, -0.008726, 0.000000, -0.445743, 2.145431, -62.949219, -0.076428, -0.522974, -0.074305, 0.001822, 14.227539, 14.041138, 204.711899
0.000000, -0.001745, 1057.000000, 0.000000, 2000.000000, 1000.000000, 14.891191, 14.820295, 15.554077, 14.734436, 0.187186, 0.144257, 0.222634, 0.178828, 0.137815, 0.199341, 0.008358, 0.006441, 0.023293, -0.000000, -0.000000, -0.000000, 0.000000, -0.008726, 0.000000, -2.394920, 1.941847, -63.325653, -0.357656, -0.284357, -0.132894, 0.002337, 14.297852, 12.161255, 178.100571
0.000000, -0.001745, 1056.000000, 0.001745, 2000.000000, 1000.000000, 14.792141, 15.141644, 15.601740, 14.464476, 0.371692, 0.033108, 0.196941, 0.357259, 0.031822, 0.178874, 0.014433, 0.001286, 0.018066, -0.000000, -0.000000, -0.000000, 0.000000, -0.008726, 0.008726, -3.466473, 3.114904, -63.602314, -0.714517, -0.072370, -0.110524, 0.002020, 14.243164, 14.361572, 209.411606
0.000000, -0.001745, 1056.000000, 0.001745, 2000.000000, 1000.000000, 14.889886, 14.869786, 15.768603, 14.471725, 0.319195, 0.120164, 0.329245, 0.306659, 0.115445, 0.298716, 0.012536, 0.004719, 0.030529, -0.000000, -0.000000, -0.000000, 0.000000, -0.008726, 0.008726, -4.701604, 4.727038, -63.925163, -0.613318, -0.239616, -0.190418, 0.002044, 14.305664, 11.441040, 167.602524
0.000000, -0.001745, 1056.000000, 0.001745, 2000.000000, 1000.000000, 14.742325, 14.567928, 15.763985, 14.925762, 0.165956, 0.344873, 0.253155, 0.158588, 0.329562, 0.226811, 0.007368, 0.015311, 0.026344, -0.000000, -0.000000, -0.000000, 0.000000, -0.008726, 0.008726, -7.331106, 5.415492, -64.408760, -0.317176, -0.667849, -0.142481, 0.002323, 14.297852, 12.039185, 176.208481
0.000000, -0.001745, 1056.000000, 0.001745, 2000.000000, 1000.000000, 14.737432, 14.450226, 15.703173, 15.109169, 0.076699, 0.406171, 0.220303, 0.073900, 0.391347, 0.201245, 0.002799, 0.014824, 0.019058, -0.000000, -0.000000, -0.000000, 0.000000, -0.008726, 0.008726, -9.327361, 5.056402, -64.578201, -0.147800, -0.791419, -0.125437, 0.001894, 14.247070, 13.958740, 203.613266
0.000000, -0.001745, 1056.000000, 0.001745, 2000.000000, 1000.000000, 14.982545, 14.622121, 15.868516, 14.526818, 0.245318, 0.197667, 0.425530, 0.235819, 0.190013, 0.386600, 0.009499, 0.007654, 0.038931, -0.000000, -0.000000, -0.000000, 0.000000, -0.008726, 0.008726, -12.107423, 4.922891, -65.221161, -0.471639, -0.388752, -0.249007, 0.002014, 14.290039, 12.799072, 176.818832
0.000000, -0.001745, 1056.000000, 0.001745, 2000.000000, 1000.000000, 15.034925, 14.837571, 15.793303, 14.334201, 0.315437, 0.063752, 0.414114, 0.302398, 0.061117, 0.373817, 0.013039, 0.002635, 0.040297, -0.000000, -0.000000, -0.000000, 0.000000, -0.008726, 0.008726, -13.310831, 6.072560, -65.788803, -0.604796, -0.130960, -0.240485, 0.002156, 14.258789, 13.360596, 195.129379
0.000000, -0.001745, 1057.000000, 0.001745, 2000.000000, 1000.000000, 14.766006, 14.778912, 15.916658, 14.538424, 0.347785, 0.227541, 0.341332, 0.332758, 0.217710, 0.306705, 0.015027, 0.009832, 0.034627, -0.000000, -0.000000, -0.000000, 0.000000, -0.008726, 0.008726, -14.727722, 7.425134, -66.180832, -0.665515, -0.444145, -0.195744, 0.002258, 14.293945, 12.280273, 179.687485
0.000000, -0.001745, 1057.000000, 0.001745, 2000.000000, 1000.000000, 14.756245, 14.539333, 15.990305, 14.714117, 0.264819, 0.352211, 0.373275, 0.253396, 0.337019, 0.335467, 0.011423, 0.015193, 0.037807, -0.000000, -0.000000, -0.000000, 0.000000, -0.008726, 0.008726, -18.394651, 8.943934, -66.567513, -0.506792, -0.682763, -0.214919, 0.002254, 14.247070, 13.159180, 192.077621
0.000000, -0.001745, 1057.000000, 0.001745, 2000.000000, 1000.000000, 15.257439, 14.307926, 15.498247, 14.936388, -0.096913, 0.217317, 0.377843, -0.092813, 0.208122, 0.340261, -0.004100, 0.009195, 0.037582, 0.000000, -0.000000, -0.000000, 0.000000, -0.008726, 0.008726, -20.001963, 8.698801, -66.861977, 0.185625, -0.424971, -0.218115, 0.002209, 14.254883, 14.239502, 207.824692
0.000000, -0.001745, 1056.000000, 0.001745, 2000.000000, 1000.000000, 15.695836, 13.930943, 15.254365, 15.118855, -0.407346, 0.186610, 0.475100, -0.392683, 0.179893, 0.434536, -0.014663, 0.006717, 0.040564, 0.000000, -0.000000, -0.000000, 0.000000, -0.008726, 0.008726, -20.264376, 6.911195, -67.518890, 0.785365, -0.368512, -0.280965, 0.001867, 14.219727, 14.761353, 215.026840
0.000000, -0.001745, 1056.000000, 0.001745, 2000.000000, 1000.000000, 15.719938, 13.850651, 15.459793, 14.969618, -0.344778, 0.214706, 0.589866, -0.332496, 0.207057, 0.539997, -0.012282, 0.007649, 0.049869, 0.000000, -0.000000, -0.000000, 0.000000, -0.008726, 0.008726, -20.530058, 4.368723, -68.419144, 0.664991, -0.422840, -0.351272, 0.001847, 14.270508, 12.521362, 183.593735
0.000000, -0.001745, 1059.000000, 0.001745, 2000.000000, 1000.000000, 15.046878, 14.534171, 15.766591, 14.652360, 0.150381, 0.209475, 0.406735, 0.143675, 0.200133, 0.364229, 0.006707, 0.009342, 0.042506, -0.000000, -0.000000, -0.000000, 0.000000, -0.008726, 0.008726, -21.827326, 3.231422, -70.140083, -0.287349, -0.408992, -0.234094, 0.002334, 14.290039, 11.599731, 159.301758
0.000000, -0.001745, 1058.000000, 0.001745, 2000.000000, 1000.000000, 15.523465, 13.832782, 16.765604, 13.878150, 0.299192, 0.321877, 1.144534, 0.288017, 0.309854, 1.043331, 0.011175, 0.012022, 0.101203, -0.000000, -0.000000, -0.000000, 0.000000, -0.008726, 0.008726, -23.653399, 3.935977, -71.084076, -0.576034, -0.628435, -0.686828, 0.001940, 14.254883, 14.041138, 204.895004
0.000000, -0.001745, 1061.000000, 0.001745, 2000.000000, 1000.000000, 15.864366, 15.404431, 16.883213, 15.847992, 0.143822, 0.365602, 0.373789, 0.137816, 0.350334, 0.337065, 0.006006, 0.015268, 0.036723, -0.000000, -0.000000, -0.000000, 0.000000, -0.008726, 0.008726, -25.926558, 4.422740, -71.995972, -0.275631, -0.709395, -0.215984, 0.002179, 14.118164, 17.761230, 256.774902
0.000000, -0.001745, 1067.000000, 0.001745, 2000.000000, 1000.000000, 16.741446, 14.578398, 16.440817, 16.239340, -0.490392, 0.340078, 0.591132, -0.468316, 0.324768, 0.528812, -0.022076, 0.015310, 0.062320, 0.000000, -0.000000, -0.000000, 0.000000, -0.008726, 0.008726, -28.023926, 2.158005, -73.066666, 0.936632, -0.658262, -0.343815, 0.002357, 14.141602, 17.080688, 247.314438
0.000000, -0.001745, 1070.000000, 0.001745, 2000.000000, 1000.000000, 17.950277, 15.669909, 17.254717, 17.125097, -0.537688, 0.189907, 0.602497, -0.518383, 0.183089, 0.551182, -0.019305, 0.006818, 0.051315, 0.000000, -0.000000, -0.000000, 0.000000, -0.008726, 0.008726, -28.652817, -0.900451, -73.980797, 1.036766, -0.374904, -0.358729, 0.001862, 13.985352, 23.559570, 337.585419
0.000000, -0.001745, 1070.000000, 0.001745, 2000.000000, 1000.000000, 18.097658, 16.091593, 16.972178, 16.838572, -0.468114, -0.094625, 0.534918, -0.448609, -0.090682, 0.482473, -0.019506, -0.003943, 0.052445, 0.000000, 0.000000, -0.000000, 0.000000, -0.008726, 0.008726, -28.090635, -3.618445, -74.950485, 0.897218, 0.172639, -0.312923, 0.002174, 14.063477, 18.759155, 281.982422
0.000000, -0.001745, 1070.000000, 0.001745, 2000.000000, 1000.000000, 17.337208, 16.609589, 17.200699, 16.852505, -0.094857, 0.026601, 0.268953, -0.090682, 0.025431, 0.241192, -0.004175, 0.001171, 0.027761, 0.000000, -0.000000, -0.000000, 0.000000, -0.008726, 0.008726, -26.903255, -5.776579, -75.644920, 0.181364, -0.059587, -0.152069, 0.002302, 14.067383, 19.439697, 279.907227
0.003490, 0.041885, 1070.000000, 0.003490, 2000.000000, 1000.000000, 16.796135, 16.816025, 17.152122, 17.235718, -0.015927, 0.193920, -0.025871, -0.015378, 0.187236, -0.023751, -0.000549, 0.006684, -0.002120, -0.000000, -0.000000, 0.000000, 0.017452, 0.209424, 0.017452, -27.207083, -5.991311, -75.822784, 0.048207, -0.165048, 0.033286, 0.001785, 14.055664, 19.158936, 275.695801
0.003490, 0.120419, 1070.000000, 0.005236, 2000.000000, 1000.000000, 17.929350, 16.122904, 17.910696, 16.037050, 0.016800, -0.026126, 0.920023, 0.016048, -0.024955, 0.823435, 0.000753, -0.001171, 0.096589, -0.000000, 0.000000, -0.000000, 0.017452, 0.602094, 0.026178, -26.573086, -5.526468, -75.401085, -0.014643, 0.652005, -0.522778, 0.002346, 14.075195, 18.920898, 272.705078
0.001745, 0.181501, 1070.000000, 0.006981, 2000.000000, 1000.000000, 17.556595, 16.869976, 16.811543, 16.761887, -0.159240, -0.213286, 0.184070, -0.152365, -0.204078, 0.165411, -0.006875, -0.009208, 0.018658, 0.000000, 0.000000, -0.000000, 0.008726, 0.907504, 0.034904, -23.847338, -5.096766, -75.936974, 0.313456, 1.315660, -0.075370, 0.002256, 14.071289, 19.839478, 285.827637
0.000000, 0.183246, 1070.000000, 0.003490, 2000.000000, 1000.000000, 17.533316, 17.287077, 15.577593, 17.602015, -0.567666, -0.410197, -0.444545, -0.543949, -0.393059, -0.400852, -0.023716, -0.017137, -0.043693, 0.000000, 0.000000, 0.000000, 0.000000, 0.916230, 0.017452, -19.200481, -6.042100, -75.063965, 1.087899, 1.702349, 0.284687, 0.002180, 14.059570, 19.760132, 284.484863
-0.001745, -0.001745, 1070.000000, 0.001745, 2000.000000, 1000.000000, 18.005674, 16.964682, 15.733587, 17.296057, -0.650866, -0.485178, -0.130369, -0.621815, -0.463523, -0.116735, -0.029051, -0.021656, -0.013635, 0.000000, 0.000000, 0.000000, -0.008726, -0.008726, 0.008726, -11.813758, -10.248411, -73.356316, 1.234904, 0.918319, 0.086549, 0.002336, 14.071289, 19.281006, 277.893066
-0.001745, -0.001745, 1070.000000, 0.001745, 2000.000000, 1000.000000, 17.155949, 17.051193, 16.524582, 17.268276, -0.212112, -0.103571, -0.159735, -0.203169, -0.099205, -0.143899, -0.008943, -0.004367, -0.015836, 0.000000, 0.000000, 0.000000, -0.008726, -0.008726, 0.008726, -9.779784, -11.922619, -72.702499, 0.397612, 0.189683, 0.104658, 0.002201, 14.032227, 20.721436, 297.729492
-0.001745, -0.001745, 1070.000000, 0.000000, 2000.000000, 1000.000000, 16.948969, 16.600969, 17.130320, 17.319742, -0.134355, 0.225030, 0.039643, -0.129666, 0.217177, 0.036357, -0.004689, 0.007853, 0.003287, 0.000000, -0.000000, -0.000000, -0.008726, -0.008726, 0.000000, -10.039673, -12.658766, -72.621872, 0.250606, -0.443080, -0.024238, 0.001808, 14.079102, 20.401001, 293.579102
-0.001745, -0.001745, 1066.000000, 0.000000, 2000.000000, 1000.000000, 16.707466, 15.547098, 15.677299, 16.068138, -0.387802, -0.127282, 0.192382, -0.370414, -0.121575, 0.172177, -0.017387, -0.005707, 0.020205, 0.000000, 0.000000, -0.000000, -0.008726, -0.008726, 0.000000, -10.650109, -14.832816, -73.121986, 0.732103, 0.234424, -0.114785, 0.002347, 14.239258, 12.200928, 177.795395
-0.001745, -0.001745, 1068.000000, 0.000000, 2000.000000, 1000.000000, 17.421658, 15.581266, 15.711277, 15.285800, -0.353728, -0.501462, 0.566467, -0.338989, -0.480567, 0.510929, -0.014739, -0.020895, 0.055538, 0.000000, 0.000000, -0.000000, -0.008726, -0.008726, 0.000000, -8.319348, -16.187386, -73.140480, 0.669252, 0.952408, -0.340619, 0.002174, 14.165039, 16.040039, 232.604965
-0.001745, -0.001745, 1068.000000, 0.000000, 2000.000000, 1000.000000, 16.757143, 16.233603, 15.422884, 15.586370, -0.171757, -0.495373, 0.090014, -0.165885, -0.478436, 0.082695, -0.005872, -0.016937, 0.007319, 0.000000, 0.000000, -0.000000, -0.008726, -0.008726, 0.000000, -5.178879, -16.878607, -72.728943, 0.323044, 0.948146, -0.055130, 0.001770, 14.165039, 15.481567, 224.609360
0.000000, -0.001745, 1050.000000, 0.000000, 2000.000000, 1000.000000, 15.150998, 14.732293, 15.286366, 14.830342, 0.009329, 0.058355, 0.218682, 0.008919, 0.055790, 0.196145, 0.000410, 0.002564, 0.022537, 0.000000, -0.000000, -0.000000, 0.000000, -0.008726, 0.000000, -3.283353, -16.698298, -72.401100, -0.017839, -0.120307, -0.130764, 0.002298, 14.297852, 10.559082, 154.479980
0.000000, 0.054101, 1030.000000, 0.000000, 2000.000000, 1000.000000, 12.742333, 12.331668, 13.448758, 13.477241, -0.109787, 0.463000, 0.095545, -0.105063, 0.443079, 0.085891, -0.004724, 0.019921, 0.009654, 0.000000, -0.000000, -0.000000, 0.000000, 0.270506, 0.000000, -4.255059, -17.416918, -72.995132, 0.210126, -0.615652, -0.057261, 0.002248, 14.532227, 1.239014, 18.371582
0.013962, 0.178010, 1028.000000, 0.000000, 2000.000000, 1000.000000, 11.832989, 11.005638, 12.653692, 12.507681, -0.170334, 0.580686, 0.243340, -0.164434, 0.560573, 0.223309, -0.005900, 0.020113, 0.020031, 0.000000, -0.000000, -0.000000, 0.069808, 0.890052, 0.000000, -5.300598, -18.617664, -73.578392, 0.398677, -0.231094, -0.148873, 0.001794, 14.524414, 3.601074, 53.527828
-0.001745, 0.242583, 1030.000000, 0.000000, 2000.000000, 1000.000000, 13.525874, 12.372125, 13.011230, 13.090772, -0.308323, 0.051001, 0.268552, -0.294781, 0.048761, 0.240886, -0.013542, 0.002240, 0.027666, 0.000000, 0.000000, -0.000000, -0.008726, 1.212914, 0.000000, -2.805748, -20.227697, -73.564674, 0.580836, 1.115392, -0.160591, 0.002297, 14.422852, 6.561279, 96.923820
-0.036649, 0.246073, 1030.000000, 0.000000, 2000.000000, 1000.000000, 13.855198, 12.802103, 12.685179, 12.657520, -0.256359, -0.328651, 0.270188, -0.245155, -0.314288, 0.242484, -0.011204, -0.014363, 0.027704, 0.000000, 0.000000, -0.000000, -0.183246, 1.230366, 0.000000, 1.841497, -20.231812, -72.351501, 0.307065, 1.858942, -0.161656, 0.002285, 14.379883, 8.358765, 122.985832
-0.078534, 0.253054, 1045.000000, -0.001745, 2000.000000, 1000.000000, 14.921444, 14.058498, 13.587837, 13.432220, -0.176832, -0.489972, 0.254640, -0.170371, -0.472071, 0.232591, -0.006460, -0.017901, 0.022050, 0.000000, 0.000000, -0.000000, -0.392670, 1.265270, -0.008726, 7.545249, -18.808783, -70.865540, -0.051927, 2.209411, -0.163787, 0.001896, 14.184570, 15.881348, 230.712875
-0.137871, 0.310646, 1048.000000, -0.001745, 2000.000000, 1000.000000, 14.890563, 13.625857, 14.099990, 13.383590, -0.137076, -0.258210, 0.495276, -0.131761, -0.248197, 0.449903, -0.005315, -0.010012, 0.045373, -0.000000, 0.000000, -0.000000, -0.689354, 1.553228, -0.008726, 16.106808, -14.807995, -69.417656, -0.425833, 2.049623, -0.308662, 0.002017, 14.305664, 10.040283, 147.094727
-0.233857, 0.300174, 1065.000000, -0.001745, 2000.000000, 1000.000000, 16.947754, 15.648479, 15.891469, 15.512299, -0.230025, -0.298116, 0.419611, -0.219926, -0.285028, 0.376401, -0.010099, -0.013088, 0.043211, -0.000000, 0.000000, -0.000000, -1.169284, 1.500872, -0.008726, 20.774609, -11.284958, -69.116104, -0.729431, 2.070928, -0.259660, 0.002296, 14.075195, 23.721313, 341.003387
-0.291448, 0.282722, 1078.000000, -0.001745, 2000.000000, 1000.000000, 18.062906, 16.941408, 16.656858, 16.338827, -0.200866, -0.502158, 0.359882, -0.193464, -0.483653, 0.328464, -0.007402, -0.018505, 0.031418, -0.000000, 0.000000, -0.000000, -1.457242, 1.413612, -0.008726, 25.668674, -6.865697, -68.985390, -1.070313, 2.380918, -0.227702, 0.001913, 13.946289, 23.159790, 330.810516
-0.296684, 0.254799, 1077.000000, -0.001745, 2000.000000, 1000.000000, 16.405413, 18.434256, 17.412745, 15.747586, 0.923500, -0.419835, -0.090922, 0.885868, -0.402727, -0.082193, 0.037632, -0.017108, -0.008729, -0.000000, 0.000000, 0.000000, -1.483420, 1.273996, -0.008726, 31.709578, 4.262649, -69.717216, -3.255157, 2.079450, 0.046069, 0.002124, 14.063477, 18.920898, 272.521973
-0.261780, 0.230366, 1073.000000, 0.000000, 2000.000000, 1000.000000, 15.644303, 18.323175, 19.084078, 14.948442, 1.703627, 0.016261, 0.364192, 1.629860, 0.015557, 0.327172, 0.073767, 0.000704, 0.037020, -0.000000, 0.000000, -0.000000, -1.308900, 1.151832, 0.000000, 31.952959, 16.076317, -70.050652, -4.568620, 1.120718, -0.218115, 0.002263, 14.059570, 19.158936, 276.000977
-0.233857, 0.195462, 1060.000000, 0.000000, 2000.000000, 1000.000000, 14.376592, 16.812920, 18.358852, 14.451636, 1.585886, 0.405245, 0.367722, 1.526564, 0.390086, 0.335161, 0.059322, 0.015159, 0.032561, -0.000000, -0.000000, -0.000000, -1.169284, 0.977312, 0.000000, 28.643215, 28.764351, -69.208984, -4.222411, 0.197140, -0.223441, 0.001943, 14.204102, 12.399292, 180.419907
-0.164049, 0.108202, 1042.000000, 0.000000, 2000.000000, 1000.000000, 15.108820, 13.179182, 14.115574, 13.596424, -0.352622, -0.144001, 0.612197, -0.336754, -0.137521, 0.547680, -0.015868, -0.006480, 0.064517, 0.000000, 0.000000, -0.000000, -0.820244, 0.541012, 0.000000, 26.237162, 37.805588, -69.316299, -0.146735, 0.816055, -0.365120, 0.002356, 14.415039, 6.680298, 98.571770
-0.082024, 0.059337, 1043.000000, 0.001745, 2000.000000, 1000.000000, 16.201189, 13.025990, 12.757213, 14.015607, -1.108398, -0.613590, 0.479201, -1.057935, -0.585654, 0.428145, -0.050463, -0.027936, 0.051056, 0.000000, 0.000000, -0.000000, -0.410122, 0.296684, 0.008726, 31.343975, 36.209305, -73.344963, 1.705748, 1.467992, -0.276704, 0.002385, 14.282227, 11.718750, 171.386703
0.001745, 0.024433, 1061.000000, 0.001745, 2000.000000, 1000.000000, 17.733135, 15.139684, 14.961570, 16.165611, -0.949374, -0.436410, 0.347353, -0.913492, -0.419915, 0.316293, -0.035882, -0.016494, 0.031060, 0.000000, 0.000000, -0.000000, 0.008726, 0.122164, 0.008726, 37.170704, 31.963436, -77.218941, 1.835710, 0.961995, -0.202136, 0.001964, 14.161133, 16.641235, 241.394028
0.001745, 0.010471, 1080.000000, 0.001745, 2000.000000, 1000.000000, 18.513231, 17.053068, 18.328222, 18.105478, -0.309354, 0.216850, 0.420727, -0.295642, 0.207238, 0.377012, -0.013712, 0.009612, 0.043715, 0.000000, -0.000000, -0.000000, 0.008726, 0.052356, 0.008726, 39.535706, 27.599661, -79.385109, 0.600011, -0.362120, -0.242616, 0.002319, 13.731445, 34.201050, 481.323212
0.001745, 0.022688, 1079.000000, 0.000000, 2000.000000, 1000.000000, 17.200872, 15.921335, 17.726782, 17.151011, -0.175942, 0.438897, 0.463827, -0.169409, 0.422601, 0.423045, -0.006532, 0.016296, 0.040782, 0.000000, -0.000000, -0.000000, 0.008726, 0.113438, 0.000000, 37.924545, 26.371054, -79.329445, 0.347545, -0.731765, -0.282030, 0.001928, 14.067383, 18.399048, 265.014648
0.001745, 0.055846, 1076.000000, 0.000000, 2000.000000, 1000.000000, 17.418571, 15.958012, 17.272682, 17.350735, -0.384653, 0.311709, 0.345626, -0.370743, 0.300436, 0.315987, -0.013910, 0.011272, 0.029640, 0.000000, -0.000000, -0.000000, 0.008726, 0.279232, 0.000000, 36.636963, 24.599998, -79.439751, 0.750212, -0.321641, -0.210658, 0.001876, 14.071289, 18.881226, 272.033691
-0.003490, 0.020942, 1071.000000, 0.001745, 2000.000000, 1000.000000, 17.968069, 15.899898, 16.576170, 17.555864, -0.761966, 0.066018, 0.272119, -0.726845, 0.062975, 0.242790, -0.035121, 0.003043, 0.029329, 0.000000, -0.000000, -0.000000, -0.017452, 0.104712, 0.008726, 37.316414, 19.725399, -81.868843, 1.436238, -0.021238, -0.153134, 0.002416, 14.055664, 16.961670, 244.689926
-0.003490, -0.001745, 1063.000000, 0.001745, 2000.000000, 1000.000000, 16.313099, 14.902839, 15.546573, 17.237492, -0.775294, 0.392032, -0.070165, -0.746552, 0.377498, -0.064004, -0.028742, 0.014534, -0.006160, 0.000000, -0.000000, 0.000000, -0.017452, -0.008726, 0.008726, 36.861538, 15.604078, -81.658592, 1.475652, -0.763723, 0.051396, 0.001925, 14.188477, 14.480591, 210.388168
-0.012216, -0.069808, 1060.000000, 0.000000, 2000.000000, 1000.000000, 16.271154, 14.535423, 16.146088, 17.047335, -0.659245, 0.596711, 0.208621, -0.636275, 0.575920, 0.191352, -0.022970, 0.020791, 0.017269, 0.000000, -0.000000, -0.000000, -0.061082, -0.349040, 0.000000, 34.092239, 11.312746, -81.183800, 1.211469, -1.500881, -0.127568, 0.001805, 14.122070, 16.281128, 235.473618
-0.034904, -0.137871, 1052.000000, 0.001745, 2000.000000, 1000.000000, 15.034949, 13.913621, 15.269090, 15.782340, -0.408645, 0.525715, 0.152019, -0.389928, 0.501637, 0.135732, -0.018717, 0.024079, 0.016288, 0.000000, -0.000000, -0.000000, -0.174520, -0.689354, 0.008726, 27.691507, 6.608827, -80.726662, 0.605337, -1.692627, -0.081762, 0.002400, 14.290039, 10.559082, 154.418945
-0.059337, -0.143106, 1045.000000, 0.012216, 2000.000000, 1000.000000, 14.181051, 13.113657, 14.163923, 14.541368, -0.361210, 0.352646, 0.172487, -0.348746, 0.340477, 0.158340, -0.012464, 0.012169, 0.014148, 0.000000, -0.000000, -0.000000, -0.296684, -0.715532, 0.061082, 23.718288, 4.761123, -80.484810, 0.400807, -1.396486, -0.044478, 0.001787, 14.344727, 8.801270, 134.521484
-0.075044, -0.127400, 1043.000000, 0.012216, 2000.000000, 1000.000000, 14.353567, 13.188244, 13.870283, 14.587906, -0.470737, 0.229095, 0.111926, -0.450863, 0.219423, 0.100816, -0.019874, 0.009672, 0.011110, 0.000000, -0.000000, -0.000000, -0.375218, -0.636998, 0.061082, 20.520824, 2.976190, -80.325783, 0.526508, -1.075843, -0.006128, 0.002204, 14.333008, 9.240723, 135.620117
-0.102967, -0.013962, 1043.000000, 0.024433, 2000.000000, 1000.000000, 13.965446, 12.512304, 14.379206, 15.143044, -0.554245, 0.761125, 0.172326, -0.529193, 0.726722, 0.154089, -0.025052, 0.034403, 0.018236, 0.000000, -0.000000, -0.000000, -0.514834, -0.069808, 0.122164, 15.787309, -0.355836, -80.231384, 0.543552, -1.523251, 0.019438, 0.002367, 14.293945, 11.361694, 166.320786
-0.116928, -0.001745, 1043.000000, 0.003490, 2000.000000, 1000.000000, 13.558980, 12.866824, 14.516212, 15.057984, -0.308482, 0.787098, 0.037596, -0.295119, 0.753002, 0.033773, -0.013363, 0.034096, 0.003823, 0.000000, -0.000000, -0.000000, -0.584642, -0.008726, 0.017452, 9.254429, -2.600278, -80.296021, 0.005597, -1.514729, -0.005063, 0.002264, 14.297852, 10.958862, 160.400391
-0.118674, 0.000000, 1043.000000, 0.001745, 2000.000000, 1000.000000, 13.899954, 13.325470, 14.445734, 14.328842, -0.114398, 0.387289, 0.172844, -0.109334, 0.370143, 0.154906, -0.005064, 0.017145, 0.017938, -0.000000, -0.000000, -0.000000, -0.593368, 0.000000, 0.008726, 6.119903, -2.409204, -80.583511, -0.374700, -0.740287, -0.094545, 0.002316, 14.293945, 11.080933, 162.231430
-0.118674, 0.001745, 1043.000000, 0.020942, 2000.000000, 1000.000000, 14.228576, 13.423646, 14.527495, 13.820283, -0.024430, 0.173889, 0.378036, -0.023581, 0.167846, 0.346822, -0.000849, 0.006042, 0.031214, -0.000000, -0.000000, -0.000000, -0.593368, 0.008726, 0.104712, 4.640792, -1.246827, -80.955017, -0.546207, -0.326967, -0.126503, 0.001800, 14.290039, 10.879517, 159.301758
-0.134380, 0.001745, 1043.000000, 0.040140, 2000.000000, 1000.000000, 13.875186, 13.321244, 14.478183, 14.325387, -0.100286, 0.401785, 0.176685, -0.095871, 0.384094, 0.158440, -0.004416, 0.017691, 0.018244, -0.000000, -0.000000, -0.000000, -0.671902, 0.008726, 0.200698, 2.536376, 0.602426, -81.017502, -0.480161, -0.759462, 0.095071, 0.002303, 14.309570, 10.079956, 147.583008
-0.198953, 0.001745, 1050.000000, 0.054101, 2000.000000, 1000.000000, 14.913888, 13.756099, 15.702056, 15.627957, -0.270923, 0.665007, 0.307972, -0.258900, 0.635495, 0.275935, -0.012023, 0.029512, 0.032036, 0.000000, -0.000000, -0.000000, -0.994764, 0.008726, 0.270506, -0.563473, 1.320915, -80.705429, -0.476965, -1.262263, 0.086549, 0.002322, 14.204102, 17.520142, 254.516586
-0.240838, 0.000000, 1051.000000, 0.052356, 2000.000000, 1000.000000, 14.837197, 13.694678, 15.594804, 15.873321, -0.355259, 0.734062, 0.216001, -0.342306, 0.707298, 0.197333, -0.012953, 0.026764, 0.018668, 0.000000, -0.000000, -0.000000, -1.204188, 0.000000, 0.261780, -4.534335, 1.957374, -80.330276, -0.519575, -1.414595, 0.130225, 0.001892, 14.231445, 13.400269, 195.190414
-0.228621, -0.001745, 1052.000000, 0.052356, 2000.000000, 1000.000000, 14.870504, 14.310671, 15.465261, 15.353563, -0.112034, 0.409412, 0.167883, -0.107236, 0.391879, 0.150994, -0.004798, 0.017533, 0.016889, -0.000000, -0.000000, 0.000000, -1.143106, -0.008726, 0.261780, -9.724098, 4.196963, -79.391449, -0.928634, -0.792485, 0.161117, 0.002237, 14.215820, 13.519287, 196.777328
-0.184991, -0.001745, 1052.000000, 0.075044, 2000.000000, 1000.000000, 15.206547, 14.327353, 15.774443, 14.691658, 0.050898, 0.233050, 0.490494, 0.048710, 0.223036, 0.440993, 0.002187, 0.010014, 0.049501, -0.000000, -0.000000, -0.000000, -0.924956, -0.008726, 0.375218, -11.744407, 6.631663, -78.941101, -1.022377, -0.454798, 0.081223, 0.002245, 14.227539, 13.040161, 190.002426
-0.153578, 0.000000, 1051.000000, 0.108202, 2000.000000, 1000.000000, 15.589474, 13.568203, 16.703640, 14.138683, 0.135921, 0.421162, 1.146557, 0.130973, 0.405830, 1.047610, 0.004948, 0.015332, 0.098947, -0.000000, -0.000000, -0.000000, -0.767888, 0.000000, 0.541012, -13.795326, 9.057030, -78.309052, -1.029834, -0.811659, -0.157395, 0.001889, 14.254883, 12.399292, 181.030258
-0.034904, 0.054101, 1052.000000, 0.130890, 2000.000000, 1000.000000, 13.839668, 13.985432, 16.549597, 15.625303, 0.267514, 1.087450, 0.194633, 0.255618, 1.039091, 0.174348, 0.011896, 0.048359, 0.020285, -0.000000, -0.000000, 0.000000, -0.174520, 0.270506, 0.654450, -20.394978, 11.499391, -75.894424, -0.685755, -1.807675, 0.538218, 0.002327, 14.235352, 12.960815, 189.025864
-0.003490, 0.090750, 1052.000000, 0.155323, 2000.000000, 1000.000000, 14.292155, 13.547418, 16.411779, 15.748647, -0.020401, 1.080214, 0.351967, -0.019514, 1.033242, 0.316049, -0.000887, 0.046971, 0.035919, -0.000000, -0.000000, 0.000000, -0.017452, 0.453752, 0.776614, -25.342560, 11.155632, -73.435562, 0.021576, -1.612733, 0.565915, 0.002273, 14.250977, 11.560059, 168.823227
-0.001745, 0.092496, 1052.000000, 0.155323, 2000.000000, 1000.000000, 14.963947, 13.872089, 15.294029, 15.869934, -0.416941, 0.581981, 0.128988, -0.401839, 0.560903, 0.117911, -0.015101, 0.021079, 0.011078, 0.000000, -0.000000, 0.000000, -0.008726, 0.462478, 0.776614, -27.949350, 9.090370, -71.284378, 0.794953, -0.659327, 0.698007, 0.001879, 14.270508, 11.441040, 167.175278
-0.001745, 0.076789, 1052.000000, 0.160558, 2000.000000, 1000.000000, 15.558809, 14.506292, 14.159849, 15.775049, -0.666929, -0.032551, -0.140671, -0.639925, -0.031233, -0.127246, -0.027005, -0.001318, -0.013424, 0.000000, 0.000000, 0.000000, -0.008726, 0.383944, 0.802792, -25.939281, 4.449054, -68.068741, 1.271123, 0.446410, 0.887623, 0.002110, 14.223633, 13.400269, 195.312485
0.000000, 0.076789, 1064.000000, 0.164049, 2000.000000, 1000.000000, 16.233051, 15.523606, 15.391791, 16.851551, -0.542301, 0.121671, -0.187579, -0.518383, 0.116305, -0.168179, -0.023918, 0.005366, -0.019399, 0.000000, -0.000000, 0.000000, 0.000000, 0.383944, 0.820244, -23.779186, 1.754073, -65.721718, 1.036766, 0.151334, 0.932364, 0.002307, 14.235352, 12.759399, 185.974106
0.003490, 0.118674, 1089.000000, 0.169284, 2000.000000, 1000.000000, 17.625065, 17.257622, 18.023033, 19.094280, -0.359673, 0.558656, -0.175952, -0.346673, 0.538464, -0.160870, -0.013000, 0.020192, -0.015082, 0.000000, -0.000000, 0.000000, 0.017452, 0.593368, 0.846422, -23.254845, -0.400140, -63.163422, 0.710797, -0.483560, 0.953669, 0.001875, 13.750977, 31.640625, 445.617645
0.022688, 0.167539, 1105.000000, 0.108202, 2000.000000, 1000.000000, 19.299923, 19.294041, 20.385429, 21.020607, -0.160264, 0.703018, -0.157323, -0.153272, 0.672346, -0.141217, -0.006992, 0.030672, -0.016106, 0.000000, -0.000000, 0.000000, 0.113438, 0.837696, 0.541012, -25.065332, -3.425362, -61.326698, 0.419982, -0.506996, 0.635157, 0.002281, 13.575195, 34.320068, 477.600067
0.003490, 0.174520, 1106.000000, 0.055846, 2000.000000, 1000.000000, 18.993471, 20.824240, 18.514872, 21.667418, -0.330445, 0.091145, -1.245829, -0.316846, 0.087395, -1.125105, -0.013599, 0.003751, -0.120724, 0.000000, 0.000000, 0.000000, 0.017452, 0.872600, 0.279232, -24.108709, -4.624393, -58.486580, 0.651143, 0.697811, 1.029302, 0.002146, 13.641602, 33.361816, 466.003387
-0.001745, 0.172775, 1104.000000, 0.026178, 2000.000000, 1000.000000, 20.277693, 19.933538, 18.822519, 20.966249, -0.621972, -0.105616, -0.449894, -0.599445, -0.101791, -0.411257, -0.022527, -0.003825, -0.038638, 0.000000, 0.000000, 0.000000, -0.008726, 0.863874, 0.130890, -20.493902, -5.267869, -56.298466, 1.190163, 1.067455, 0.405061, 0.001879, 13.532227, 38.519287, 534.301758
-0.003490, 0.212914, 1074.000000, 0.000000, 2000.000000, 1000.000000, 16.116917, 16.421543, 16.894508, 18.567032, -0.341973, 0.730770, -0.494288, -0.326841, 0.698433, -0.443009, -0.015133, 0.032337, -0.051278, 0.000000, -0.000000, 0.000000, -0.017452, 1.064572, 0.000000, -16.521046, -7.834730, -54.652390, 0.636229, -0.332293, 0.295340, 0.002315, 14.204102, 13.439941, 195.312485
-0.006981, 0.218150, 1072.000000, 0.000000, 2000.000000, 1000.000000, 15.895991, 16.325050, 17.261362, 18.517595, -0.206793, 0.889479, -0.421323, -0.197616, 0.850005, -0.377496, -0.009177, 0.039474, -0.043827, 0.000000, -0.000000, 0.000000, -0.034904, 1.090750, 0.000000, -17.094032, -9.766593, -54.016712, 0.360328, -0.609260, 0.251664, 0.002322, 14.083008, 17.160034, 247.497543
-0.006981, 0.214660, 1060.000000, -0.001745, 2000.000000, 1000.000000, 16.970903, 14.195634, 16.761251, 16.072210, -0.521557, 0.416731, 0.866078, -0.502280, 0.401328, 0.790253, -0.019277, 0.015403, 0.075825, 0.000000, -0.000000, -0.000000, -0.034904, 1.073298, -0.008726, -16.536047, -11.444040, -53.762470, 0.969655, 0.270643, -0.535562, 0.001919, 14.250977, 10.519409, 153.503418
-0.003490, 0.212914, 1036.000000, -0.001745, 2000.000000, 1000.000000, 13.322721, 13.161946, 11.305253, 14.210080, -0.766401, -0.242333, -0.686013, -0.730573, -0.231005, -0.611093, -0.035827, -0.011328, -0.074920, 0.000000, 0.000000, 0.000000, -0.017452, 1.064572, -0.008726, -9.972868, -13.097938, -52.129101, 1.443695, 1.526581, 0.398670, 0.002452, 14.375977, 6.521606, 96.374504
-0.003490, 0.212914, 1018.000000, 0.000000, 2000.000000, 1000.000000, 11.682359, 10.882728, 10.086825, 11.348088, -0.515223, -0.282543, -0.115408, -0.494086, -0.270952, -0.104257, -0.021137, -0.011591, -0.011150, 0.000000, 0.000000, 0.000000, -0.017452, 1.064572, 0.000000, -4.281168, -12.846460, -50.238194, 0.970720, 1.606476, 0.069505, 0.002139, 16.243164, 0.000000, 0.000000
-0.005236, 0.214660, 1024.000000, 0.000000, 2000.000000, 1000.000000, 12.286819, 11.807575, 11.670498, 12.235107, -0.260964, -0.047198, -0.021341, -0.251842, -0.045548, -0.019569, -0.009122, -0.001650, -0.001772, 0.000000, 0.000000, 0.000000, -0.026178, 1.073298, 0.000000, -0.120020, -11.880523, -49.315987, 0.477506, 1.164394, 0.013046, 0.001811, 14.411133, 6.280518, 92.712395
-0.013962, 0.230366, 1044.000000, 0.000000, 2000.000000, 1000.000000, 13.994743, 13.621038, 14.000795, 14.383423, -0.189083, 0.192109, -0.002231, -0.180447, 0.183335, -0.001993, -0.008636, 0.008774, -0.000238, 0.000000, 0.000000, 0.000000, -0.069808, 1.151832, 0.000000, 3.654372, -10.365220, -48.420662, 0.291086, 0.785162, 0.001328, 0.002393, 14.305664, 10.321045, 151.184082
-0.064572, 0.230366, 1051.000000, 0.000000, 2000.000000, 1000.000000, 15.467872, 14.324437, 14.768096, 15.439595, -0.453734, 0.103846, 0.117983, -0.438001, 0.100245, 0.108262, -0.015733, 0.003601, 0.009722, 0.000000, 0.000000, -0.000000, -0.322862, 1.151832, 0.000000, 6.092146, -9.678070, -48.130512, 0.553139, 0.951342, -0.072174, 0.001796, 14.008789, 22.039795, 316.101074
-0.109948, 0.219895, 1053.000000, 0.000000, 2000.000000, 1000.000000, 16.023567, 14.047008, 14.536553, 15.392873, -0.708220, -0.035287, 0.280060, -0.683531, -0.034057, 0.256865, -0.024689, -0.001230, 0.023195, 0.000000, 0.000000, -0.000000, -0.549738, 1.099476, 0.000000, 9.671254, -9.281376, -47.860149, 0.817323, 1.167590, -0.171243, 0.001806, 14.125977, 15.600586, 225.891098
-0.139616, 0.186736, 1057.000000, 0.000000, 2000.000000, 1000.000000, 15.795276, 14.427510, 14.647571, 15.129643, -0.462459, -0.111393, 0.221423, -0.441320, -0.106301, 0.197743, -0.021139, -0.005092, 0.023680, 0.000000, 0.000000, -0.000000, -0.698080, 0.933682, 0.000000, 15.180355, -7.770281, -47.698227, 0.184560, 1.146284, -0.131829, 0.002395, 14.215820, 13.241577, 192.687973
-0.097731, 0.179756, 1064.000000, 0.000000, 2000.000000, 1000.000000, 16.347452, 15.642964, 16.465536, 15.544044, 0.054251, 0.004790, 0.406495, 0.052211, 0.004610, 0.370315, 0.002040, 0.000180, 0.036180, -0.000000, 0.000000, -0.000000, -0.488656, 0.898778, 0.000000, 16.669121, -5.528362, -47.962536, -0.593078, 0.889557, -0.246877, 0.001954, 14.047852, 18.841553, 270.996094
-0.076789, 0.174520, 1070.000000, 0.000000, 2000.000000, 1000.000000, 16.988005, 16.966406, 17.374636, 16.670954, 0.170521, 0.022794, 0.181321, 0.163689, 0.021881, 0.164188, 0.006832, 0.000913, 0.017133, -0.000000, 0.000000, -0.000000, -0.383944, 0.872600, 0.000000, 16.890242, -2.627151, -48.368790, -0.711322, 0.828838, -0.109458, 0.002087, 14.157227, 15.399170, 223.327621
-0.080279, 0.143106, 1069.000000, 0.000000, 2000.000000, 1000.000000, 16.502724, 15.825568, 15.707070, 15.964637, -0.233681, -0.164147, 0.104897, -0.223204, -0.156787, 0.093881, -0.010477, -0.007360, 0.011017, 0.000000, 0.000000, -0.000000, -0.401396, 0.715532, 0.000000, 18.729563, 0.871134, -48.720036, 0.045011, 1.029106, -0.062587, 0.002347, 14.188477, 13.919067, 202.331528
-0.106457, 0.089005, 1069.000000, 0.000000, 2000.000000, 1000.000000, 17.068045, 15.587873, 15.308867, 16.035215, -0.551630, -0.327960, 0.188456, -0.531527, -0.316008, 0.172177, -0.020102, -0.011951, 0.016279, 0.000000, 0.000000, -0.000000, -0.532286, 0.445026, 0.000000, 21.410673, 2.198309, -49.019482, 0.530769, 1.077043, -0.114785, 0.001891, 14.122070, 17.840576, 257.812500
-0.122164, 0.003490, 1065.000000, 0.000000, 2000.000000, 1000.000000, 17.510368, 14.931483, 16.108738, 15.449409, -0.479888, -0.220926, 0.809554, -0.458942, -0.211283, 0.726644, -0.020946, -0.009643, 0.082910, 0.000000, 0.000000, -0.000000, -0.610820, 0.017452, 0.000000, 25.534393, 2.406037, -50.837727, 0.307065, 0.440019, -0.484429, 0.002282, 14.094727, 16.760254, 242.004379
-0.116928, -0.001745, 1058.000000, 0.000000, 2000.000000, 1000.000000, 14.902429, 14.892131, 14.777509, 15.427932, -0.165180, 0.102721, -0.160031, -0.158234, 0.098401, -0.144204, -0.006946, 0.004320, -0.015826, 0.000000, -0.000000, 0.000000, -0.584642, -0.008726, 0.000000, 25.855040, 2.307279, -51.067371, -0.268174, -0.205528, 0.096136, 0.002195, 14.133789, 15.560913, 225.097641
-0.082024, -0.001745, 1042.000000, 0.000000, 2000.000000, 1000.000000, 13.549916, 14.006440, 14.527326, 13.916318, 0.266883, 0.221822, 0.038621, 0.255528, 0.212383, 0.034759, 0.011356, 0.009438, 0.003862, -0.000000, -0.000000, -0.000000, -0.410122, -0.008726, 0.000000, 24.025679, 2.847654, -50.821148, -0.921177, -0.433493, -0.023173, 0.002222, 14.379883, 7.080078, 104.187004
-0.075044, -0.064572, 1035.000000, 0.000000, 2000.000000, 1000.000000, 13.246949, 13.022202, 13.077706, 12.653142, 0.049955, -0.134576, 0.162328, 0.047678, -0.128442, 0.145013, 0.002277, -0.006134, 0.017315, -0.000000, 0.000000, -0.000000, -0.375218, -0.322862, 0.000000, 20.853489, 4.679635, -50.958290, -0.470573, -0.065979, -0.096675, 0.002388, 14.375977, 7.919312, 116.516106
-0.075044, -0.069808, 1036.000000, 0.000000, 2000.000000, 1000.000000, 13.720923, 12.803761, 12.611753, 12.863563, -0.292243, -0.262342, 0.166338, -0.279889, -0.251252, 0.149807, -0.012354, -0.011090, 0.016531, 0.000000, 0.000000, -0.000000, -0.375218, -0.349040, 0.000000, 20.804968, 5.085197, -51.202171, 0.184560, 0.153464, -0.099871, 0.002207, 14.379883, 7.238770, 106.628410
-0.095986, -0.069808, 1046.000000, 0.000000, 2000.000000, 1000.000000, 14.896825, 13.471379, 13.527036, 14.104760, -0.500792, -0.184102, 0.211930, -0.483512, -0.177749, 0.194547, -0.017281, -0.006353, 0.017383, 0.000000, 0.000000, -0.000000, -0.479930, -0.349040, 0.000000, 21.633686, 4.436985, -51.584850, 0.487093, 0.006459, -0.129698, 0.001787, 14.188477, 14.120483, 205.322250
-0.127400, -0.080279, 1055.000000, 0.000000, 2000.000000, 1000.000000, 15.586437, 14.513737, 14.983294, 14.916533, -0.251485, -0.050087, 0.284865, -0.240338, -0.047867, 0.255267, -0.011147, -0.002220, 0.029598, 0.000000, -0.000000, -0.000000, -0.636998, -0.401396, 0.000000, 21.731775, 3.108043, -52.289318, -0.156322, -0.305662, -0.170178, 0.002319, 14.137695, 16.159058, 234.008774
-0.137871, -0.082024, 1064.000000, 0.000000, 2000.000000, 1000.000000, 15.794397, 16.103394, 16.006248, 16.095963, 0.054820, 0.051105, -0.099677, 0.052529, 0.048969, -0.089876, 0.002291, 0.002136, -0.009801, -0.000000, -0.000000, 0.000000, -0.689354, -0.410122, 0.000000, 19.988670, 3.459275, -52.380447, -0.794412, -0.508061, 0.059918, 0.002181, 13.946289, 22.518921, 321.533173
-0.136126, -0.073298, 1064.000000, 0.000000, 2000.000000, 1000.000000, 15.812899, 15.911378, 16.081797, 16.193926, -0.003413, 0.137862, -0.052652, -0.003295, 0.133102, -0.048331, -0.000118, 0.004760, -0.004321, -0.000000, -0.000000, 0.000000, -0.680628, -0.366492, 0.000000, 17.427776, 4.013293, -51.975842, -0.674038, -0.632696, 0.032221, 0.001788, 14.110352, 16.360474, 236.511215
-0.116928, -0.064572, 1073.000000, 0.000000, 2000.000000, 1000.000000, 17.512190, 16.997034, 16.508295, 16.982481, -0.247335, -0.254612, 0.010242, -0.236530, -0.243489, 0.009193, -0.010805, -0.011123, 0.001050, 0.000000, 0.000000, -0.000000, -0.584642, -0.322862, 0.000000, 15.548518, 4.279577, -51.839058, -0.111582, 0.164117, -0.006128, 0.002284, 13.954102, 22.241211, 317.993164
-0.116928, -0.062827, 1073.000000, 0.000000, 2000.000000, 1000.000000, 17.594498, 17.228626, 16.593933, 16.582943, -0.088720, -0.411561, 0.094215, -0.084731, -0.393056, 0.084293, -0.003989, -0.018505, 0.009921, -0.000000, 0.000000, -0.000000, -0.584642, -0.314136, 0.000000, 15.980547, 5.469153, -51.961643, -0.415180, 0.471976, -0.056196, 0.002354, 14.016602, 19.479370, 279.479980
-0.113438, -0.052356, 1073.000000, 0.000000, 2000.000000, 1000.000000, 17.588902, 16.378880, 17.486805, 16.545414, -0.067159, 0.016110, 0.537853, -0.064820, 0.015549, 0.493352, -0.002339, 0.000561, 0.044500, -0.000000, -0.000000, -0.000000, -0.567190, -0.261780, 0.000000, 15.372096, 6.638855, -52.391003, -0.437550, -0.292879, -0.328901, 0.001804, 14.020508, 19.281006, 276.977539
-0.101222, -0.048866, 1073.000000, 0.000000, 2000.000000, 1000.000000, 16.794983, 16.119251, 17.510471, 17.575294, -0.185138, 0.542883, 0.152726, -0.177023, 0.519088, 0.137024, -0.008115, 0.023795, 0.015703, 0.000000, -0.000000, -0.000000, -0.506108, -0.244328, 0.000000, 11.517920, 5.135063, -52.528099, -0.152061, -1.282503, -0.091349, 0.002292, 14.032227, 18.719482, 268.981934
-0.080279, -0.022688, 1072.000000, 0.000000, 2000.000000, 1000.000000, 17.108534, 15.975842, 17.568735, 17.346888, -0.227710, 0.457811, 0.338635, -0.219475, 0.441255, 0.309595, -0.008235, 0.016556, 0.029040, 0.000000, -0.000000, -0.000000, -0.401396, -0.113438, 0.000000, 8.859838, 3.386182, -52.745560, 0.037555, -0.995949, -0.206397, 0.001876, 14.012695, 19.601440, 281.311035
-0.003490, -0.001745, 1063.000000, 0.000000, 2000.000000, 1000.000000, 16.259453, 15.258737, 16.869928, 15.611882, 0.064332, 0.240905, 0.564690, 0.061978, 0.232091, 0.515723, 0.002354, 0.008815, 0.048968, -0.000000, -0.000000, -0.000000, -0.017452, -0.008726, 0.000000, 7.284760, 2.369114, -54.516163, -0.141409, -0.472907, -0.343815, 0.001899, 14.129883, 16.159058, 233.825668
0.000000, -0.001745, 1044.000000, 0.000000, 2000.000000, 1000.000000, 14.005754, 13.652942, 14.412423, 13.928882, 0.032682, 0.170652, 0.209088, 0.031290, 0.163382, 0.188156, 0.001392, 0.007270, 0.020932, -0.000000, -0.000000, -0.000000, 0.000000, -0.008726, 0.000000, 5.535691, 2.294265, -54.959225, -0.062580, -0.335489, -0.125437, 0.002225, 14.383789, 6.878662, 101.318352
0.000000, -0.001745, 1039.000000, 0.000000, 2000.000000, 1000.000000, 13.401206, 12.424546, 13.222804, 12.951444, -0.176325, 0.087124, 0.312005, -0.170044, 0.084020, 0.285627, -0.006281, 0.003104, 0.026378, 0.000000, -0.000000, -0.000000, 0.000000, -0.008726, 0.000000, 5.282705, 1.578696, -55.422276, 0.340088, -0.176766, -0.190418, 0.001847, 14.293945, 9.960938, 145.812988
0.000000, -0.001745, 1039.000000, 0.000000, 2000.000000, 1000.000000, 13.325130, 12.351313, 13.146507, 13.177050, -0.251090, 0.161779, 0.235819, -0.240351, 0.154859, 0.212124, -0.010739, 0.006919, 0.023694, 0.000000, -0.000000, -0.000000, 0.000000, -0.008726, 0.000000, 5.440115, 0.228872, -55.868210, 0.480702, -0.318445, -0.141416, 0.002234, 14.352539, 7.159424, 105.224602
0.000000, -0.001745, 1040.000000, 0.000000, 2000.000000, 1000.000000, 14.041696, 13.433684, 14.491206, 14.033414, -0.037555, 0.262310, 0.266451, -0.035821, 0.250200, 0.237690, -0.001734, 0.012110, 0.028761, 0.000000, -0.000000, -0.000000, 0.000000, -0.008726, 0.000000, 4.688733, -1.847675, -56.516373, 0.071643, -0.509126, -0.158460, 0.002420, 14.211914, 16.201782, 235.412582
0.000000, -0.001745, 1040.000000, 0.000000, 2000.000000, 1000.000000, 13.912159, 13.534487, 14.757551, 13.795803, 0.146019, 0.276677, 0.334855, 0.140479, 0.266179, 0.304802, 0.005540, 0.010498, 0.030053, -0.000000, -0.000000, -0.000000, 0.000000, -0.008726, 0.000000, 3.306121, -2.413599, -57.045826, -0.280957, -0.541084, -0.203201, 0.001972, 14.290039, 10.000610, 146.301270
0.000000, -0.001745, 1041.000000, 0.000000, 2000.000000, 1000.000000, 13.978053, 13.621911, 14.870164, 13.529872, 0.246038, 0.200018, 0.424108, 0.236352, 0.192143, 0.384696, 0.009686, 0.007874, 0.039412, -0.000000, -0.000000, -0.000000, 0.000000, -0.008726, 0.000000, 1.553323, -2.070837, -57.763264, -0.472704, -0.393013, -0.256464, 0.002049, 14.297852, 9.881592, 144.714355
0.000000, -0.001745, 1045.000000, 0.000000, 2000.000000, 1000.000000, 13.964676, 13.592793, 14.790771, 13.651760, 0.191782, 0.221265, 0.377724, 0.183622, 0.211851, 0.339955, 0.008160, 0.009415, 0.037769, -0.000000, -0.000000, -0.000000, 0.000000, -0.008726, 0.000000, -0.541409, -1.339508, -58.903133, -0.367243, -0.432427, -0.226637, 0.002222, 14.266602, 11.160278, 163.085922
0.000000, -0.001745, 1047.000000, 0.000000, 2000.000000, 1000.000000, 13.688641, 13.432476, 14.966154, 13.912729, 0.199315, 0.439442, 0.327397, 0.190546, 0.420109, 0.293616, 0.008769, 0.019333, 0.033781, -0.000000, -0.000000, -0.000000, 0.000000, -0.008726, 0.000000, -2.571209, -1.309285, -59.524635, -0.381092, -0.848943, -0.195744, 0.002301, 14.297852, 9.921265, 145.324707
0.000000, -0.001745, 1046.000000, 0.000000, 2000.000000, 1000.000000, 13.595235, 13.336776, 14.999537, 14.068452, 0.168157, 0.533995, 0.297386, 0.162317, 0.515449, 0.272844, 0.005840, 0.018546, 0.024542, -0.000000, -0.000000, -0.000000, 0.000000, -0.008726, 0.000000, -5.335351, -1.781510, -60.111534, -0.324633, -1.039624, -0.181896, 0.001799, 14.219727, 13.119507, 191.101059
0.000000, -0.001745, 1044.000000, 0.000000, 2000.000000, 1000.000000, 14.114251, 13.266362, 14.822516, 13.796870, 0.044439, 0.309693, 0.468384, 0.042475, 0.296006, 0.419849, 0.001964, 0.013687, 0.048535, -0.000000, -0.000000, -0.000000, 0.000000, -0.008726, 0.000000, -8.833271, -2.935029, -61.171936, -0.084950, -0.600738, -0.279900, 0.002312, 14.301758, 9.478760, 138.793945
0.000000, -0.001745, 1045.000000, 0.000000, 2000.000000, 1000.000000, 14.240404, 13.453793, 14.462446, 13.843357, -0.041881, 0.152902, 0.351425, -0.040082, 0.146337, 0.315987, -0.001798, 0.006565, 0.035438, 0.000000, -0.000000, -0.000000, 0.000000, -0.008726, 0.000000, -9.817877, -3.472659, -61.931316, 0.080165, -0.301401, -0.210658, 0.002243, 14.270508, 10.760498, 157.226562
0.000000, -0.001745, 1045.000000, 0.000000, 2000.000000, 1000.000000, 14.005342, 13.636356, 14.261858, 14.096443, -0.050893, 0.179151, 0.133601, -0.049137, 0.172969, 0.122643, -0.001756, 0.006182, 0.010958, 0.000000, -0.000000, -0.000000, 0.000000, -0.008726, 0.000000, -10.449838, -4.077750, -62.347950, 0.098274, -0.354664, -0.081762, 0.001787, 14.274414, 10.598755, 155.029297
0.000000, -0.001745, 1053.000000, 0.001745, 2000.000000, 1000.000000, 14.994627, 14.431330, 15.555004, 15.019039, -0.006833, 0.287021, 0.274815, -0.006527, 0.274168, 0.245986, -0.000306, 0.012853, 0.028830, 0.000000, -0.000000, -0.000000, 0.000000, -0.008726, 0.008726, -12.119281, -5.141985, -62.865967, 0.013054, -0.557063, -0.155264, 0.002344, 14.278320, 10.241699, 149.780273
0.000000, -0.001745, 1071.000000, 0.001745, 2000.000000, 1000.000000, 16.986553, 16.376431, 17.619949, 17.017067, -0.001810, 0.318508, 0.303251, -0.001733, 0.305061, 0.273150, -0.000076, 0.013447, 0.030101, 0.000000, -0.000000, -0.000000, 0.000000, -0.008726, 0.008726, -13.411315, -5.818080, -63.528946, 0.003466, -0.618848, -0.173374, 0.002204, 13.719727, 33.361816, 468.811005
0.000000, -0.001745, 1073.000000, 0.000000, 2000.000000, 1000.000000, 16.929232, 16.057402, 18.040483, 16.972883, 0.048943, 0.506683, 0.484857, 0.047269, 0.489350, 0.445416, 0.001674, 0.017333, 0.039442, -0.000000, -0.000000, -0.000000, 0.000000, -0.008726, 0.000000, -15.432574, -6.735783, -64.324341, -0.094537, -0.987427, -0.296944, 0.001771, 13.950195, 21.679688, 309.814453
0.000000, -0.001745, 1072.000000, 0.000000, 2000.000000, 1000.000000, 17.196558, 15.879015, 17.689543, 17.234884, -0.215722, 0.462214, 0.443050, -0.206263, 0.441946, 0.397479, -0.009459, 0.020268, 0.045571, 0.000000, -0.000000, -0.000000, 0.000000, -0.008726, 0.000000, -19.295370, -8.429322, -66.205231, 0.412525, -0.892619, -0.264986, 0.002293, 14.004883, 20.440674, 293.090820
0.000000, -0.001745, 1069.000000, 0.000000, 2000.000000, 1000.000000, 16.569666, 14.879107, 16.592451, 15.958776, -0.264221, 0.275614, 0.581059, -0.253134, 0.264048, 0.523712, -0.011087, 0.011565, 0.057346, 0.000000, -0.000000, -0.000000, 0.000000, -0.008726, 0.000000, -20.487238, -10.333972, -67.550262, 0.506268, -0.536823, -0.349141, 0.002190, 14.071289, 13.000488, 188.781723
0.000000, -0.001745, 1064.000000, 0.000000, 2000.000000, 1000.000000, 16.377201, 14.974022, 16.723246, 15.925532, -0.151366, 0.324389, 0.550223, -0.146076, 0.313050, 0.504537, -0.005291, 0.011339, 0.045686, 0.000000, -0.000000, -0.000000, 0.000000, -0.008726, 0.000000, -21.508762, -11.808310, -68.580345, 0.292151, -0.634826, -0.336358, 0.001811, 14.153320, 14.721680, 213.500961
0.000000, -0.001745, 1065.000000, 0.000000, 2000.000000, 1000.000000, 15.860915, 15.178829, 17.193750, 15.766505, 0.186290, 0.480128, 0.527333, 0.178295, 0.459523, 0.474178, 0.007995, 0.020605, 0.053155, -0.000000, -0.000000, -0.000000, 0.000000, -0.008726, 0.000000, -24.789463, -12.604457, -70.816757, -0.356591, -0.927772, -0.316118, 0.002242, 14.102539, 16.079712, 232.299789
0.000000, -0.001745, 1059.000000, 0.000000, 2000.000000, 1000.000000, 14.996453, 14.098334, 16.171152, 14.734059, 0.134744, 0.452606, 0.583803, 0.129826, 0.436087, 0.533299, 0.004918, 0.016519, 0.050503, -0.000000, -0.000000, -0.000000, 0.000000, -0.008726, 0.000000, -27.569902, -12.582296, -72.304474, -0.259652, -0.880901, -0.355533, 0.001894, 14.258789, 10.559082, 154.113770
0.000000, -0.001745, 1050.000000, 0.001745, 2000.000000, 1000.000000, 15.776367, 14.025515, 15.441074, 14.757044, -0.266706, 0.099059, 0.608721, -0.256330, 0.095205, 0.552780, -0.010376, 0.003854, 0.055941, 0.000000, -0.000000, -0.000000, 0.000000, -0.008726, 0.008726, -29.408415, -13.966620, -74.368042, 0.512659, -0.199136, -0.359794, 0.002024, 14.344727, 8.401489, 123.413078
0.000000, -0.001745, 1050.000000, 0.001745, 2000.000000, 1000.000000, 15.745329, 14.420534, 15.224686, 14.609451, -0.177390, -0.082932, 0.485007, -0.170044, -0.079497, 0.437732, -0.007346, -0.003434, 0.047275, 0.000000, 0.000000, -0.000000, 0.000000, -0.008726, 0.008726, -28.989969, -15.067261, -75.145081, 0.340088, 0.150268, -0.283095, 0.002160, 14.301758, 9.439087, 138.183594
0.000000, -0.001745, 1051.000000, 0.001745, 2000.000000, 1000.000000, 15.601009, 14.599464, 15.285700, 14.513826, -0.057418, -0.100237, 0.443355, -0.054996, -0.096009, 0.399383, -0.002422, -0.004228, 0.043972, 0.000000, 0.000000, -0.000000, 0.000000, -0.008726, 0.008726, -28.262081, -15.462769, -75.702576, 0.109992, 0.183291, -0.257529, 0.002202, 14.153320, 14.721680, 213.500961
0.000000, -0.001745, 1063.000000, 0.001745, 2000.000000, 1000.000000, 16.334951, 15.768056, 16.334383, 15.562612, 0.051219, -0.051503, 0.334666, 0.048867, -0.049137, 0.298716, 0.002352, -0.002365, 0.035950, -0.000000, 0.000000, -0.000000, 0.000000, -0.008726, 0.008726, -27.512882, -15.165047, -76.501938, -0.097733, 0.089549, -0.190418, 0.002407, 14.008789, 19.961548, 286.376953
0.000000, -0.001745, 1070.000000, 0.001745, 2000.000000, 1000.000000, 17.199999, 16.873617, 17.327211, 16.599173, 0.100414, -0.036808, 0.263605, 0.096271, -0.035289, 0.237996, 0.004143, -0.001519, 0.025608, -0.000000, 0.000000, -0.000000, 0.000000, -0.008726, 0.008726, -27.416618, -14.571754, -76.955986, -0.192541, 0.061852, -0.149938, 0.002152, 13.918945, 22.399902, 319.519043
0.000000, -0.001745, 1071.000000, 0.001745, 2000.000000, 1000.000000, 17.147875, 17.013506, 17.315031, 16.523588, 0.164269, -0.080690, 0.231453, 0.158588, -0.077899, 0.212430, 0.005681, -0.002790, 0.019023, -0.000000, 0.000000, -0.000000, 0.000000, -0.008726, 0.008726, -27.344011, -13.785717, -77.285576, -0.317176, 0.147073, -0.132894, 0.001791, 13.997070, 19.360352, 277.587891
0.000000, -0.001745, 1072.000000, 0.001745, 2000.000000, 1000.000000, 17.520691, 16.730480, 17.253628, 16.495201, -0.007947, -0.125585, 0.387159, -0.007592, -0.119977, 0.346653, -0.000355, -0.005608, 0.040506, -0.000000, 0.000000, -0.000000, 0.000000, -0.008726, 0.008726, -26.643263, -12.798209, -77.800362, 0.015184, 0.231228, -0.222376, 0.002337, 14.043945, 18.679810, 268.798828
0.000000, -0.001745, 1072.000000, 0.001745, 2000.000000, 1000.000000, 19.279081, 15.185664, 18.356260, 15.178996, -0.229038, -0.232372, 1.817670, -0.219578, -0.222774, 1.640941, -0.009459, -0.009597, 0.176729, 0.000000, 0.000000, -0.000000, 0.000000, -0.008726, 0.008726, -25.662941, -13.210799, -78.772751, 0.439157, 0.436823, -1.085235, 0.002154, 13.950195, 23.480225, 334.899872
0.000000, -0.001745, 1072.000000, 0.001745, 2000.000000, 1000.000000, 17.621426, 16.973549, 16.493263, 16.911762, -0.266594, -0.297488, 0.057345, -0.257395, -0.287222, 0.052641, -0.009199, -0.010265, 0.004704, 0.000000, 0.000000, -0.000000, 0.000000, -0.008726, 0.008726, -23.837532, -14.125153, -79.485466, 0.514790, 0.565719, -0.026368, 0.001787, 14.067383, 17.440796, 251.403793
0.001745, -0.001745, 1072.000000, 0.001745, 2000.000000, 1000.000000, 17.425081, 16.952047, 16.794428, 16.828444, -0.126762, -0.188564, 0.109754, -0.121473, -0.180697, 0.098980, -0.005289, -0.007868, 0.010774, 0.000000, 0.000000, -0.000000, 0.008726, -0.008726, 0.008726, -22.423311, -15.150494, -79.104424, 0.251671, 0.352667, -0.057261, 0.002177, 14.071289, 16.680908, 240.295395
0.000000, -0.001745, 1072.000000, 0.001745, 2000.000000, 1000.000000, 17.106819, 17.084652, 17.325230, 16.483299, 0.204941, -0.095735, 0.216024, 0.196405, -0.091748, 0.194853, 0.008536, -0.003987, 0.021171, -0.000000, 0.000000, -0.000000, 0.000000, -0.008726, 0.008726, -21.314566, -14.506342, -79.228569, -0.392810, 0.174769, -0.121176, 0.002173, 13.973633, 21.041870, 289.916992
0.001745, -0.001745, 1072.000000, 0.001745, 2000.000000, 1000.000000, 17.295326, 16.667385, 17.424263, 16.613026, 0.045824, 0.018645, 0.359795, 0.044175, 0.017974, 0.329076, 0.001649, 0.000671, 0.030719, -0.000000, -0.000000, -0.000000, 0.008726, -0.008726, 0.008726, -21.327789, -13.942396, -79.993561, -0.079624, -0.044674, -0.210658, 0.001867, 14.047852, 18.038940, 259.521484
0.001745, -0.001745, 1071.000000, 0.001745, 2000.000000, 1000.000000, 17.440758, 16.684254, 16.857971, 17.017017, -0.228888, -0.062506, 0.149365, -0.218944, -0.059790, 0.134134, -0.009944, -0.002716, 0.015231, 0.000000, 0.000000, -0.000000, 0.008726, -0.008726, 0.008726, -21.038343, -14.869000, -80.392120, 0.446614, 0.110854, -0.080696, 0.002271, 14.020508, 19.000244, 272.705078
0.000000, -0.001745, 1064.000000, 0.001745, 2000.000000, 1000.000000, 16.808828, 15.643854, 15.864466, 15.682852, -0.245840, -0.226341, 0.336647, -0.235025, -0.216383, 0.301912, -0.010816, -0.009958, 0.034735, 0.000000, 0.000000, -0.000000, 0.000000, -0.008726, 0.008726, -20.030176, -15.978195, -80.520370, 0.470049, 0.424040, -0.192549, 0.002301, 14.200195, 12.680054, 184.326157
0.000000, -0.001745, 1053.000000, 0.001745, 2000.000000, 1000.000000, 15.721552, 14.794809, 15.043566, 14.440073, -0.080813, -0.258181, 0.382559, -0.077899, -0.248873, 0.349848, -0.002913, -0.009308, 0.032711, 0.000000, 0.000000, -0.000000, 0.000000, -0.008726, 0.008726, -18.547024, -16.473211, -80.668823, 0.155798, 0.489020, -0.224506, 0.001870, 14.247070, 11.840820, 172.607407
0.000000, -0.001745, 1046.000000, 0.001745, 2000.000000, 1000.000000, 14.351563, 14.145511, 14.120347, 13.382579, 0.132929, -0.248537, 0.235955, 0.127696, -0.238753, 0.214028, 0.005233, -0.009784, 0.021927, -0.000000, 0.000000, -0.000000, 0.000000, -0.008726, 0.008726, -16.744087, -15.914548, -80.981850, -0.255391, 0.468781, -0.133959, 0.002049, 14.262695, 11.361694, 166.015610
0.000000, -0.001745, 1046.000000, 0.001745, 2000.000000, 1000.000000, 14.562898, 13.976892, 14.185905, 13.274306, 0.081398, -0.269894, 0.374401, 0.077629, -0.257395, 0.333870, 0.003770, -0.012499, 0.040532, -0.000000, 0.000000, -0.000000, 0.000000, -0.008726, 0.008726, -15.400083, -15.055204, -81.088615, -0.155257, 0.506065, -0.213854, 0.002428, 14.254883, 10.681152, 156.005859
0.001745, 0.000000, 1047.000000, 0.001745, 2000.000000, 1000.000000, 14.724279, 13.767796, 14.195650, 13.312275, -0.018277, -0.246038, 0.459965, -0.017610, -0.237053, 0.420155, -0.000667, -0.008984, 0.039810, 0.000000, 0.000000, -0.000000, 0.008726, 0.000000, 0.008726, -14.020384, -14.668866, -81.458061, 0.043946, 0.474107, -0.271378, 0.001895, 14.266602, 10.281372, 150.207520
0.000000, 0.000000, 1046.000000, 0.001745, 2000.000000, 1000.000000, 14.944257, 13.881902, 13.943961, 13.229880, -0.087068, -0.413079, 0.444109, -0.083758, -0.397375, 0.404176, -0.003310, -0.015704, 0.039933, 0.000000, 0.000000, -0.000000, 0.000000, 0.000000, 0.008726, -11.324156, -14.800062, -81.865471, 0.167516, 0.794749, -0.260725, 0.001976, 14.290039, 9.240723, 135.192871
0.000000, 0.000000, 1046.000000, 0.001745, 2000.000000, 1000.000000, 15.054154, 14.000464, 14.040154, 12.905227, 0.020309, -0.527309, 0.547154, 0.019572, -0.508161, 0.500050, 0.000737, -0.019148, 0.047105, -0.000000, 0.000000, -0.000000, 0.000000, 0.000000, 0.008726, -8.726979, -14.655506, -81.986237, -0.039144, 1.016323, -0.324640, 0.001884, 14.247070, 11.801147, 172.119125
0.000000, 0.008726, 1055.000000, 0.001745, 2000.000000, 1000.000000, 15.359663, 15.224344, 15.548332, 13.867661, 0.386338, -0.292004, 0.453998, 0.370042, -0.279686, 0.408970, 0.016297, -0.012317, 0.045028, -0.000000, 0.000000, -0.000000, 0.000000, 0.043630, 0.008726, -5.097421, -12.072494, -82.285423, -0.740084, 0.603003, -0.263921, 0.002202, 14.168945, 14.080811, 204.284653
0.000000, 0.068063, 1056.000000, 0.001745, 2000.000000, 1000.000000, 15.061857, 14.658245, 16.043991, 14.235907, 0.351118, 0.139949, 0.552924, 0.335954, 0.133905, 0.496854, 0.015165, 0.006044, 0.056070, -0.000000, -0.000000, -0.000000, 0.000000, 0.340314, 0.008726, -4.427722, -9.926539, -82.953339, -0.671907, 0.072505, -0.322510, 0.002257, 14.219727, 11.920166, 173.583969
0.000000, 0.134380, 1056.000000, 0.001745, 2000.000000, 1000.000000, 14.963646, 14.214672, 16.353725, 14.467957, 0.284198, 0.410841, 0.658686, 0.273636, 0.395572, 0.600717, 0.010562, 0.015269, 0.057969, -0.000000, -0.000000, -0.000000, 0.000000, 0.671902, 0.008726, -4.888519, -8.246575, -83.993866, -0.547272, -0.119242, -0.391752, 0.001930, 14.200195, 13.439941, 195.373520
-0.012216, 0.129145, 1056.000000, 0.001745, 2000.000000, 1000.000000, 15.788337, 14.705230, 15.854655, 13.651778, 0.279943, -0.246784, 0.821496, 0.267596, -0.235899, 0.736537, 0.012347, -0.010884, 0.084960, -0.000000, 0.000000, -0.000000, -0.061082, 0.645724, 0.008726, -3.164747, -5.921918, -85.663422, -0.596274, 1.117522, -0.482299, 0.002307, 14.239258, 10.800171, 157.531738
-0.045375, 0.111693, 1059.000000, 0.001745, 2000.000000, 1000.000000, 16.145191, 15.035973, 15.504587, 13.314249, 0.270280, -0.590582, 0.824889, 0.259800, -0.567681, 0.749320, 0.010480, -0.022900, 0.075569, -0.000000, 0.000000, -0.000000, -0.226876, 0.558464, 0.008726, 0.713733, -3.783180, -86.655640, -0.746475, 1.693827, -0.490821, 0.002017, 14.180664, 13.919067, 202.087387
-0.043630, 0.115183, 1070.000000, 0.003490, 2000.000000, 1000.000000, 17.637829, 17.372723, 17.900330, 15.089119, 0.636527, -0.505276, 0.769080, 0.613567, -0.487051, 0.703287, 0.022960, -0.018225, 0.065793, -0.000000, 0.000000, -0.000000, -0.218150, 0.575916, 0.017452, 5.242543, -0.496424, -87.697601, -1.445284, 1.550017, -0.451406, 0.001871, 14.040039, 17.999268, 259.033203
-0.003490, 0.155323, 1071.000000, 0.001745, 2000.000000, 1000.000000, 18.136339, 15.962920, 19.242739, 14.658004, 0.602828, -0.049629, 1.689538, 0.575965, -0.047417, 1.513110, 0.026863, -0.002212, 0.176429, -0.000000, 0.000000, -0.000000, -0.017452, 0.776614, 0.008726, 9.882657, 5.490294, -91.290405, -1.169382, 0.871448, -1.000014, 0.002332, 13.934570, 22.000122, 314.086914
-0.003490, 0.146597, 1070.000000, 0.001745, 2000.000000, 1000.000000, 17.146946, 17.200096, 17.849224, 15.803734, 0.524661, -0.173520, 0.498085, 0.505658, -0.167236, 0.455309, 0.019003, -0.006285, 0.042776, -0.000000, 0.000000, -0.000000, -0.017452, 0.732984, 0.008726, 12.536897, 8.377892, -93.447105, -1.028768, 1.067455, -0.294813, 0.001879, 14.032227, 18.280029, 262.634277
-0.003490, 0.146597, 1070.000000, 0.006981, 2000.000000, 1000.000000, 17.472906, 17.337660, 17.436636, 15.752798, 0.387149, -0.405283, 0.454771, 0.370903, -0.388277, 0.409888, 0.016246, -0.017007, 0.044883, -0.000000, 0.000000, -0.000000, -0.017452, 0.732984, 0.034904, 16.516911, 10.616844, -94.654251, -0.759258, 1.509537, -0.238355, 0.002190, 14.032227, 19.241333, 276.489258
-0.005236, 0.134380, 1069.000000, 0.006981, 2000.000000, 1000.000000, 16.825392, 15.684286, 17.003931, 14.486393, 0.344108, -0.254838, 0.914661, 0.328191, -0.243050, 0.815751, 0.015917, -0.011788, 0.098910, -0.000000, 0.000000, -0.000000, -0.026178, 0.671902, 0.034904, 22.490946, 13.022331, -97.478432, -0.682560, 1.158002, -0.508930, 0.002425, 14.192383, 13.558960, 197.021469
-0.003490, 0.137871, 1069.000000, 0.005236, 2000.000000, 1000.000000, 16.429312, 15.664551, 17.304985, 14.601152, 0.484768, -0.046931, 0.867148, 0.467309, -0.045241, 0.793075, 0.017459, -0.001690, 0.074073, -0.000000, 0.000000, -0.000000, -0.017452, 0.689354, 0.026178, 25.364475, 14.894305, -99.539871, -0.952070, 0.779836, -0.502539, 0.001868, 14.102539, 15.881348, 229.492172
-0.003490, 0.132635, 1069.000000, 0.005236, 2000.000000, 1000.000000, 16.370438, 16.080345, 16.881626, 14.667591, 0.480986, -0.225392, 0.626031, 0.460917, -0.215988, 0.564577, 0.020068, -0.009404, 0.061454, -0.000000, 0.000000, -0.000000, -0.017452, 0.663176, 0.026178, 30.016376, 18.081467, -103.227600, -0.939287, 1.095152, -0.350207, 0.002177, 14.157227, 14.001465, 203.124985
-0.003490, 0.123909, 1061.000000, 0.015707, 2000.000000, 1000.000000, 16.496624, 15.864521, 16.972878, 14.665978, 0.418699, -0.180572, 0.734751, 0.400730, -0.172822, 0.660688, 0.017969, -0.007749, 0.074063, -0.000000, 0.000000, -0.000000, -0.017452, 0.619546, 0.078534, 33.501469, 19.499447, -105.275642, -0.818913, 0.965191, -0.361924, 0.002242, 14.153320, 14.361572, 208.129868
-0.003490, 0.097731, 1054.000000, 0.015707, 2000.000000, 1000.000000, 15.412468, 14.626642, 15.984621, 13.976269, 0.305631, -0.019555, 0.698545, 0.294205, -0.018824, 0.636719, 0.011427, -0.000731, 0.061825, -0.000000, 0.000000, -0.000000, -0.017452, 0.488656, 0.078534, 36.070820, 20.724220, -107.162697, -0.605861, 0.526304, -0.345946, 0.001942, 14.223633, 11.718750, 170.715317
-0.001745, 0.024433, 1055.000000, 0.036649, 2000.000000, 1000.000000, 15.829674, 14.407089, 15.888948, 13.874289, 0.148019, -0.118381, 0.859311, 0.141442, -0.113121, 0.769819, 0.006577, -0.005260, 0.089491, -0.000000, 0.000000, -0.000000, -0.008726, 0.122164, 0.183246, 38.262409, 22.045284, -109.615166, -0.291610, 0.348406, -0.329967, 0.002325, 14.235352, 11.520386, 167.907700
0.000000, -0.001745, 1054.000000, 0.080279, 2000.000000, 1000.000000, 16.130777, 14.262141, 15.698647, 13.908435, -0.019606, -0.196459, 0.914712, -0.018777, -0.188154, 0.823805, -0.000829, -0.008305, 0.090907, 0.000000, 0.000000, -0.000000, 0.000000, -0.008726, 0.401396, 39.412865, 22.053329, -110.667427, 0.037555, 0.367581, -0.147808, 0.002207, 14.168945, 14.440918, 209.533676
0.000000, -0.017452, 1055.000000, 0.116928, 2000.000000, 1000.000000, 16.299324, 13.775684, 16.140175, 13.784817, -0.042071, -0.037504, 1.219749, -0.040615, -0.036207, 1.119447, -0.001456, -0.001298, 0.100302, 0.000000, 0.000000, -0.000000, 0.000000, -0.087260, 0.584642, 39.861500, 21.653698, -111.121696, 0.081230, -0.014846, -0.161656, 0.001792, 14.161133, 14.559937, 211.120590
0.000000, -0.055846, 1054.000000, 0.134380, 2000.000000, 1000.000000, 15.547528, 14.091615, 15.830094, 14.530763, -0.039146, 0.180429, 0.688811, -0.037419, 0.172471, 0.617574, -0.001727, 0.007958, 0.071237, 0.000000, -0.000000, -0.000000, 0.000000, -0.279232, 0.671902, 38.261311, 22.114779, -109.815857, 0.074839, -0.624174, 0.260186, 0.002307, 14.204102, 12.280273, 178.710922
0.000000, -0.068063, 1054.000000, 0.158813, 2000.000000, 1000.000000, 15.870019, 13.503627, 16.066248, 14.560105, -0.215062, 0.313177, 0.968134, -0.205730, 0.299588, 0.869529, -0.009332, 0.013589, 0.098605, 0.000000, -0.000000, -0.000000, 0.000000, -0.340314, 0.794066, 35.956589, 22.423054, -108.299065, 0.411460, -0.939490, 0.214380, 0.002268, 14.176758, 13.720703, 199.218735
0.000000, -0.080279, 1043.000000, 0.178010, 2000.000000, 1000.000000, 15.582734, 11.879935, 15.097255, 13.440076, -0.511405, 0.268665, 1.339994, -0.493882, 0.259460, 1.230821, -0.017523, 0.009206, 0.109174, 0.000000, -0.000000, -0.000000, 0.000000, -0.401396, 0.890052, 32.770695, 21.681387, -106.370918, 0.987764, -0.920316, 0.069505, 0.001774, 14.313477, 7.360840, 107.910149
0.000000, -0.085515, 1042.000000, 0.190227, 2000.000000, 1000.000000, 15.093701, 12.168548, 14.411550, 14.326201, -0.709951, 0.368876, 0.752626, -0.678172, 0.352364, 0.673702, -0.031779, 0.016512, 0.078924, 0.000000, -0.000000, 0.000000, 0.000000, -0.427574, 0.951134, 27.011499, 17.944550, -102.923515, 1.356344, -1.132302, 0.501999, 0.002343, 14.243164, 11.599731, 169.128403
0.000000, -0.108202, 1043.000000, 0.176265, 2000.000000, 1000.000000, 14.814445, 12.280425, 14.366166, 14.538964, -0.676704, 0.452565, 0.590306, -0.646747, 0.432531, 0.529043, -0.029957, 0.020035, 0.061263, 0.000000, -0.000000, 0.000000, 0.000000, -0.541012, 0.881326, 22.644197, 15.168362, -100.241341, 1.293493, -1.406073, 0.528631, 0.002316, 14.278320, 10.079956, 147.277832
-0.001745, -0.095986, 1043.000000, 0.171030, 2000.000000, 1000.000000, 14.764517, 12.211990, 14.480846, 14.542646, -0.653581, 0.511747, 0.622682, -0.630870, 0.493964, 0.571268, -0.022711, 0.017783, 0.051414, 0.000000, -0.000000, 0.000000, -0.008726, -0.479930, 0.855148, 18.093819, 12.388172, -97.807823, 1.253014, -1.467858, 0.474303, 0.001800, 14.266602, 10.598755, 148.376465
-0.001745, -0.001745, 1043.000000, 0.184991, 2000.000000, 1000.000000, 14.433335, 12.023835, 15.003831, 14.538999, -0.486167, 0.771415, 0.718583, -0.464157, 0.736490, 0.642424, -0.022010, 0.034924, 0.076159, 0.000000, -0.000000, 0.000000, -0.008726, -0.008726, 0.924956, 11.466788, 8.587841, -94.705482, 0.919588, -1.481706, 0.496673, 0.002371, 14.247070, 11.480713, 167.419418
-0.001745, 0.022688, 1043.000000, 0.132635, 2000.000000, 1000.000000, 13.861308, 12.796136, 14.392991, 14.949565, -0.405436, 0.671278, 0.127150, -0.387458, 0.641512, 0.113934, -0.017978, 0.029766, 0.013216, 0.000000, -0.000000, 0.000000, -0.008726, 0.113438, 0.663176, 7.689257, 6.595875, -92.698532, 0.766191, -1.169586, 0.587220, 0.002320, 14.290039, 9.478760, 138.671875
-0.001745, 0.094241, 1039.000000, 0.125654, 2000.000000, 1000.000000, 12.950134, 11.758492, 13.560171, 13.731203, -0.340669, 0.645687, 0.255153, -0.328869, 0.623322, 0.234150, -0.011800, 0.022365, 0.021003, 0.000000, -0.000000, 0.000000, -0.008726, 0.471204, 0.628272, 4.955997, 4.738117, -90.963181, 0.649013, -0.775440, 0.472172, 0.001794, 14.286133, 10.079956, 147.521973
-0.003490, 0.099476, 1048.000000, 0.111693, 2000.000000, 1000.000000, 14.257074, 13.228247, 14.256197, 14.258482, -0.257778, 0.257340, 0.256635, -0.246414, 0.245994, 0.230104, -0.011365, 0.011345, 0.026531, 0.000000, -0.000000, 0.000000, -0.017452, 0.497382, 0.558464, 3.457822, 2.238682, -89.190308, 0.475375, 0.005393, 0.405061, 0.002306, 14.211914, 13.040161, 189.819321
-0.001745, 0.106457, 1065.000000, 0.095986, 2000.000000, 1000.000000, 16.270718, 15.343712, 16.311947, 16.073624, -0.172171, 0.192785, 0.291332, -0.165352, 0.185150, 0.264103, -0.006819, 0.007636, 0.027229, 0.000000, -0.000000, 0.000000, -0.008726, 0.532286, 0.479930, 3.768505, 1.180118, -88.252892, 0.321978, 0.161986, 0.303862, 0.002062, 13.903320, 22.561646, 321.594208
-0.001745, 0.104712, 1072.000000, 0.052356, 2000.000000, 1000.000000, 16.930103, 16.378746, 17.109921, 17.581230, -0.255667, 0.345576, 0.020011, -0.246844, 0.333651, 0.018370, -0.008822, 0.011925, 0.001641, 0.000000, -0.000000, 0.000000, -0.008726, 0.523560, 0.261780, 3.865885, 0.122345, -87.468628, 0.484963, -0.143743, 0.249533, 0.001787, 14.083008, 16.839600, 242.797836
-0.001745, 0.132635, 1074.000000, 0.048866, 2000.000000, 1000.000000, 16.942966, 15.922718, 17.007607, 18.126709, -0.534837, 0.567158, -0.024713, -0.511561, 0.542475, -0.022189, -0.023276, 0.024683, -0.002524, 0.000000, -0.000000, 0.000000, -0.008726, 0.663176, 0.244328, 2.680205, -3.166735, -87.766769, 1.014396, -0.421775, 0.259121, 0.002275, 14.000977, 19.400024, 278.015137
-0.001745, 0.127400, 1073.000000, 0.047120, 2000.000000, 1000.000000, 17.002552, 16.093739, 16.836025, 18.067684, -0.535118, 0.451854, -0.080710, -0.515289, 0.435111, -0.073627, -0.019828, 0.016743, -0.007083, 0.000000, -0.000000, 0.000000, -0.008726, 0.636998, 0.235602, 1.779050, -6.214730, -86.871468, 1.021853, -0.233224, 0.284687, 0.001924, 13.958008, 22.561646, 322.509735
-0.001745, 0.120419, 1073.000000, 0.071553, 2000.000000, 1000.000000, 17.362871, 16.042078, 17.447523, 17.147528, -0.255199, 0.297526, 0.405197, -0.246312, 0.287165, 0.371672, -0.008887, 0.010361, 0.033525, 0.000000, -0.000000, -0.000000, -0.008726, 0.602094, 0.357766, 1.604848, -8.453221, -86.474731, 0.483898, 0.027764, 0.109985, 0.001804, 14.020508, 19.201660, 275.390625
-0.003490, 0.083770, 1073.000000, 0.073298, 2000.000000, 1000.000000, 16.975771, 17.245398, 16.828405, 16.950426, 0.036901, -0.110584, -0.097913, 0.035347, -0.105926, -0.088213, 0.001555, -0.004659, -0.009699, -0.000000, 0.000000, 0.000000, -0.017452, 0.418848, 0.366492, 3.055437, -8.381039, -85.142563, -0.088146, 0.630700, 0.425301, 0.002199, 14.012695, 19.439697, 278.808594
-0.003490, 0.089005, 1046.000000, 0.080279, 2000.000000, 1000.000000, 14.790631, 13.156358, 14.447297, 13.605714, -0.198173, 0.026506, 0.618964, -0.189955, 0.025407, 0.558556, -0.008217, 0.001099, 0.060408, 0.000000, 0.000000, -0.000000, -0.017452, 0.445026, 0.401396, 4.707130, -8.712312, -84.079849, 0.362458, 0.394212, 0.029025, 0.002163, 14.305664, 0.000000, 29.602049
-0.040140, 0.099476, 1042.000000, 0.090750, 2000.000000, 1000.000000, 14.370619, 12.626259, 14.053066, 14.950056, -0.660337, 0.501562, 0.211843, -0.633113, 0.480884, 0.191280, -0.027224, 0.020678, 0.020563, 0.000000, -0.000000, 0.000000, -0.200698, 0.497382, 0.453752, 4.448160, -12.350347, -83.446152, 1.065528, -0.464385, 0.326232, 0.002150, 14.297852, 9.280396, 135.925293
-0.069808, 0.095986, 1042.000000, 0.094241, 2000.000000, 1000.000000, 14.339627, 12.808600, 13.897946, 14.953826, -0.646726, 0.425886, 0.118787, -0.619933, 0.408242, 0.107204, -0.026794, 0.017644, 0.011583, 0.000000, -0.000000, 0.000000, -0.349040, 0.479930, 0.471204, 3.614432, -15.196410, -82.597977, 0.890826, -0.336554, 0.399735, 0.002161, 14.262695, 10.800171, 157.775879
-0.071553, 0.090750, 1042.000000, 0.120419, 2000.000000, 1000.000000, 14.429571, 13.135599, 14.489101, 13.945728, -0.187649, 0.217414, 0.459336, -0.180616, 0.209266, 0.418587, -0.007033, 0.008149, 0.040749, 0.000000, -0.000000, 0.000000, -0.357766, 0.453752, 0.602094, 3.371775, -16.436295, -81.733337, 0.003466, 0.035221, 0.323036, 0.001947, 14.254883, 11.080933, 161.682114
-0.068063, 0.097731, 1042.000000, 0.139616, 2000.000000, 1000.000000, 13.822670, 13.985598, 14.869177, 13.322556, 0.427387, 0.095866, 0.345923, 0.407610, 0.091430, 0.308502, 0.019777, 0.004436, 0.037421, -0.000000, 0.000000, 0.000000, -0.340314, 0.488656, 0.698080, 3.936102, -13.266005, -79.829048, -1.155534, 0.305796, 0.492412, 0.002426, 14.290039, 9.161377, 133.972168
-0.062827, 0.102967, 1043.000000, 0.143106, 2000.000000, 1000.000000, 13.807440, 13.917923, 15.036135, 13.238503, 0.477029, 0.137319, 0.421787, 0.457450, 0.131683, 0.381018, 0.019579, 0.005636, 0.040769, -0.000000, 0.000000, 0.000000, -0.314136, 0.514834, 0.715532, 4.101846, -9.679495, -78.469666, -1.229037, 0.251468, 0.461520, 0.002140, 14.215820, 12.200928, 177.612289
-0.061082, 0.113438, 1042.000000, 0.150087, 2000.000000, 1000.000000, 14.046693, 13.641828, 14.753709, 13.557771, 0.197768, 0.155740, 0.400201, 0.189640, 0.149339, 0.361470, 0.008128, 0.006401, 0.038731, -0.000000, -0.000000, 0.000000, -0.305410, 0.567190, 0.750436, 4.185308, -6.900720, -77.168915, -0.684690, 0.268512, 0.509456, 0.002143, 14.282227, 9.921265, 145.080566
-0.090750, 0.116928, 1042.000000, 0.158813, 2000.000000, 1000.000000, 14.425502, 13.200250, 14.183461, 14.190787, -0.308145, 0.187124, 0.304481, -0.296253, 0.179903, 0.276713, -0.011892, 0.007221, 0.027768, 0.000000, -0.000000, 0.000000, -0.453752, 0.584642, 0.794066, 5.197823, -5.712784, -74.727501, 0.138754, 0.224837, 0.609591, 0.002007, 14.231445, 11.718750, 170.776352
-0.111693, 0.101222, 1044.000000, 0.155323, 2000.000000, 1000.000000, 14.457867, 13.127836, 14.248558, 14.165739, -0.311803, 0.207149, 0.353212, -0.299075, 0.198692, 0.319244, -0.012729, 0.008456, 0.033968, 0.000000, -0.000000, 0.000000, -0.558464, 0.506108, 0.776614, 5.693110, -5.927839, -73.070915, 0.039685, 0.108723, 0.563784, 0.002128, 14.243164, 11.599731, 169.128403
-0.123909, 0.075044, 1049.000000, 0.158813, 2000.000000, 1000.000000, 14.412268, 13.210976, 14.627964, 13.748793, -0.080530, 0.188378, 0.520115, -0.077682, 0.181717, 0.476449, -0.002848, 0.006662, 0.043667, -0.000000, -0.000000, 0.000000, -0.619546, 0.375218, 0.794066, 5.700706, -5.303301, -71.695457, -0.464182, 0.011785, 0.476433, 0.001833, 14.278320, 10.159302, 148.498535
-0.129145, 0.012216, 1071.000000, 0.157068, 2000.000000, 1000.000000, 16.553801, 16.730345, 18.059408, 16.656446, 0.394876, 0.357928, 0.306605, 0.377410, 0.342095, 0.274809, 0.017467, 0.015832, 0.031795, -0.000000, -0.000000, 0.000000, -0.645724, 0.061082, 0.785340, 3.391327, -1.756547, -69.593987, -1.400543, -0.623109, 0.602134, 0.002314, 14.040039, 18.759155, 269.775391
-0.127400, 0.005236, 1070.000000, 0.123909, 2000.000000, 1000.000000, 15.671412, 17.015814, 18.159239, 17.153536, 0.587526, 0.656387, -0.084675, 0.562334, 0.628242, -0.076146, 0.025193, 0.028145, -0.008528, -0.000000, -0.000000, 0.000000, -0.636998, 0.026178, 0.619546, -0.691117, 1.500461, -67.860413, -1.761666, -1.230306, 0.670310, 0.002240, 13.844727, 25.759888, 365.417450
-0.127400, 0.008726, 1070.000000, 0.068063, 2000.000000, 1000.000000, 15.716952, 16.951729, 17.848866, 17.482452, 0.400297, 0.665660, -0.217091, 0.386566, 0.642827, -0.199385, 0.013731, 0.022833, -0.017705, -0.000000, -0.000000, 0.000000, -0.636998, 0.043630, 0.340314, -5.749728, 4.587807, -66.410759, -1.410131, -1.242023, 0.473238, 0.001776, 13.997070, 19.601440, 281.005859
-0.132635, 0.013962, 1070.000000, 0.047120, 2000.000000, 1000.000000, 16.802660, 16.240660, 17.883112, 17.073568, 0.061887, 0.478341, 0.342886, 0.059226, 0.457778, 0.308267, 0.002660, 0.020563, 0.034618, -0.000000, -0.000000, 0.000000, -0.663176, 0.069808, 0.235602, -9.661422, 6.201757, -64.966904, -0.781629, -0.845747, 0.030090, 0.002246, 14.000977, 20.880127, 299.194336
-0.158813, 0.015707, 1070.000000, 0.045375, 2000.000000, 1000.000000, 16.589256, 17.137177, 16.829777, 17.443790, -0.016523, 0.136783, -0.290484, -0.015806, 0.130846, -0.260886, -0.000717, 0.005938, -0.029598, -0.000000, -0.000000, 0.000000, -0.794066, 0.078534, 0.226876, -12.644938, 8.432172, -64.471512, -0.762454, -0.183157, 0.400800, 0.002269, 14.012695, 20.559692, 294.494629
-0.157068, 0.022688, 1070.000000, 0.050611, 2000.000000, 1000.000000, 16.823448, 16.783287, 17.237202, 17.156063, 0.010244, 0.196633, 0.030325, 0.009862, 0.189310, 0.027651, 0.000381, 0.007323, 0.002674, -0.000000, -0.000000, 0.000000, -0.785340, 0.113438, 0.253054, -13.925300, 9.960541, -63.336414, -0.805064, -0.265182, 0.234620, 0.001934, 14.020508, 19.158936, 275.085449
-0.089005, 0.054101, 1065.000000, 0.024433, 2000.000000, 1000.000000, 15.347277, 15.885750, 16.471186, 16.295790, 0.178467, 0.383487, -0.090769, 0.171497, 0.368511, -0.082398, 0.006970, 0.014976, -0.008372, -0.000000, -0.000000, 0.000000, -0.445026, 0.270506, 0.122164, -17.054478, 12.123073, -62.015892, -0.788020, -0.466516, 0.177096, 0.002032, 14.000977, 18.521118, 265.686035
-0.022688, 0.094241, 1046.000000, 0.005236, 2000.000000, 1000.000000, 13.325503, 14.069831, 14.431497, 14.173169, 0.250664, 0.302333, -0.121500, 0.240353, 0.289897, -0.109731, 0.010311, 0.012437, -0.011769, -0.000000, -0.000000, 0.000000, -0.113438, 0.471204, 0.026178, -18.631655, 13.225537, -61.294113, -0.594143, -0.108589, 0.099332, 0.002145, 14.278320, 9.600830, 140.319824
-0.001745, 0.130890, 1046.000000, 0.003490, 2000.000000, 1000.000000, 13.793214, 13.740378, 14.575753, 13.890655, 0.158066, 0.233204, 0.184484, 0.152095, 0.224394, 0.167995, 0.005971, 0.008810, 0.016489, -0.000000, -0.000000, -0.000000, -0.008726, 0.654450, 0.017452, -19.063086, 14.281888, -61.173786, -0.312915, 0.205662, -0.094545, 0.001963, 14.364258, 6.878662, 101.074211
0.000000, 0.134380, 1043.000000, 0.026178, 2000.000000, 1000.000000, 14.590601, 13.050760, 14.353601, 14.005037, -0.297820, 0.179319, 0.472101, -0.284559, 0.171335, 0.422840, -0.013260, 0.007984, 0.049261, 0.000000, 0.000000, -0.000000, 0.000000, 0.671902, 0.130890, -17.409939, 14.400926, -62.298992, 0.569118, 0.329232, -0.151003, 0.002330, 14.258789, 11.041260, 161.193832
0.000000, 0.139616, 1043.000000, 0.029668, 2000.000000, 1000.000000, 14.699572, 12.719894, 14.370537, 14.209997, -0.454784, 0.290267, 0.535054, -0.435826, 0.278167, 0.482574, -0.018958, 0.012100, 0.052480, 0.000000, -0.000000, -0.000000, 0.000000, 0.698080, 0.148342, -15.812647, 12.884473, -63.087345, 0.871651, 0.141746, -0.173374, 0.002175, 14.250977, 10.641479, 156.433105
0.001745, 0.137871, 1044.000000, 0.031414, 2000.000000, 1000.000000, 14.576250, 12.748558, 14.535366, 14.139826, -0.358038, 0.337596, 0.555808, -0.345177, 0.325469, 0.508446, -0.012861, 0.012127, 0.047362, 0.000000, -0.000000, -0.000000, 0.008726, 0.689354, 0.157068, -14.614737, 10.894490, -63.839424, 0.699080, 0.038416, -0.181896, 0.001863, 14.250977, 10.559082, 154.113770
0.001745, 0.137871, 1044.000000, 0.045375, 2000.000000, 1000.000000, 14.627652, 12.879083, 14.771409, 13.721856, -0.174755, 0.246632, 0.699531, -0.168344, 0.237585, 0.638724, -0.006411, 0.009047, 0.060807, 0.000000, -0.000000, -0.000000, 0.008726, 0.689354, 0.226876, -13.736202, 9.619797, -64.540192, 0.345414, 0.214184, -0.198940, 0.001904, 14.274414, 10.040283, 146.728516
0.001745, 0.109948, 1044.000000, 0.045375, 2000.000000, 1000.000000, 14.586093, 13.370431, 14.629498, 13.413978, -0.000035, 0.021738, 0.607795, -0.000033, 0.020771, 0.544449, -0.000002, 0.000967, 0.063347, -0.000000, 0.000000, -0.000000, 0.008726, 0.549738, 0.226876, -11.990899, 9.908073, -65.496101, 0.008793, 0.508195, -0.136090, 0.002327, 14.243164, 11.160278, 162.719711
0.001745, 0.102967, 1045.000000, 0.052356, 2000.000000, 1000.000000, 14.743112, 13.110435, 14.618146, 13.528308, -0.135709, 0.073227, 0.680628, -0.130527, 0.070431, 0.619175, -0.005182, 0.002796, 0.061453, 0.000000, 0.000000, -0.000000, 0.008726, 0.514834, 0.261780, -10.685353, 10.150770, -66.115860, 0.269781, 0.373973, -0.151003, 0.001985, 14.262695, 10.598755, 154.724121
0.001745, 0.101222, 1045.000000, 0.052356, 2000.000000, 1000.000000, 15.092521, 12.555024, 14.522452, 13.830003, -0.461262, 0.176228, 0.807487, -0.444778, 0.169930, 0.739017, -0.016483, 0.006298, 0.068470, 0.000000, -0.000000, -0.000000, 0.008726, 0.506108, 0.261780, -9.327913, 8.906729, -66.887878, 0.898283, 0.166247, -0.230898, 0.001853, 14.282227, 9.640503, 140.991211
0.001745, 0.132635, 1045.000000, 0.083770, 2000.000000, 1000.000000, 15.696700, 11.830947, 14.456862, 14.015491, -0.856096, 0.236176, 1.076782, -0.817619, 0.225561, 0.963434, -0.038477, 0.010615, 0.113348, 0.000000, -0.000000, -0.000000, 0.008726, 0.663176, 0.418848, -6.434092, 3.772167, -68.305695, 1.643963, 0.212053, -0.223441, 0.002353, 14.247070, 11.160278, 162.780746
0.001745, 0.143106, 1046.000000, 0.092496, 2000.000000, 1000.000000, 15.891546, 11.939466, 14.236141, 13.932846, -0.912196, 0.084494, 1.063844, -0.871947, 0.080765, 0.953778, -0.040249, 0.003728, 0.110066, 0.000000, 0.000000, -0.000000, 0.008726, 0.715532, 0.462478, -3.844748, -0.288706, -68.930496, 1.752620, 0.554001, -0.173374, 0.002308, 14.270508, 10.681152, 148.986816
0.001745, 0.146597, 1046.000000, 0.090750, 2000.000000, 1000.000000, 15.890121, 12.690223, 13.745156, 13.674500, -0.782311, -0.290171, 0.817639, -0.755301, -0.280153, 0.750540, -0.027010, -0.010018, 0.067098, 0.000000, 0.000000, -0.000000, 0.008726, 0.732984, 0.453752, 0.063127, -3.382489, -69.049911, 1.519328, 1.293290, -0.046608, 0.001788, 14.290039, 9.521484, 139.282227
0.001745, 0.144852, 1054.000000, 0.089005, 2000.000000, 1000.000000, 16.829006, 14.218430, 14.301991, 14.650574, -0.739790, -0.523718, 0.565499, -0.707364, -0.500763, 0.507356, -0.032426, -0.022955, 0.058143, 0.000000, 0.000000, -0.000000, 0.008726, 0.724258, 0.445026, 8.652836, -6.460586, -68.175491, 1.423455, 1.725785, 0.106789, 0.002292, 14.094727, 17.880249, 258.178711
0.000000, 0.146597, 1061.000000, 0.047120, 2000.000000, 1000.000000, 17.258852, 15.309557, 15.138384, 16.293207, -0.776030, -0.284204, 0.198618, -0.743152, -0.272164, 0.178839, -0.032877, -0.012041, 0.019780, 0.000000, 0.000000, -0.000000, 0.000000, 0.732984, 0.235602, 14.015021, -8.453153, -67.180145, 1.486305, 1.277311, 0.116376, 0.002212, 13.950195, 22.201538, 317.321777
-0.001745, 0.160558, 1062.000000, 0.024433, 2000.000000, 1000.000000, 17.030966, 14.972841, 15.179480, 16.816713, -0.923840, -0.001904, 0.105223, -0.891858, -0.001838, 0.096565, -0.031982, -0.000066, 0.008657, 0.000000, 0.000000, -0.000000, -0.008726, 0.802792, 0.122164, 18.279184, -11.448511, -66.188751, 1.774990, 0.806467, 0.057787, 0.001793, 14.098633, 15.481567, 223.632797
-0.057592, 0.146597, 1061.000000, 0.000000, 2000.000000, 1000.000000, 17.195368, 14.835868, 15.011300, 16.957464, -1.076416, -0.015618, 0.103334, -1.027213, -0.014904, 0.092283, -0.049204, -0.000714, 0.011051, 0.000000, 0.000000, -0.000000, -0.287958, 0.732984, 0.000000, 23.996996, -17.244654, -66.093857, 1.766468, 0.762792, -0.061522, 0.002395, 14.118164, 15.359497, 221.984848
-0.111693, 0.111693, 1064.000000, 0.000000, 2000.000000, 1000.000000, 17.031218, 15.421911, 14.878897, 16.667974, -0.849596, -0.226564, -0.044943, -0.812529, -0.216679, -0.040342, -0.037068, -0.009885, -0.004601, 0.000000, 0.000000, 0.000000, -0.558464, 0.558464, 0.000000, 27.944544, -19.752937, -64.792610, 1.066594, 0.991822, 0.026895, 0.002281, 14.110352, 15.240479, 220.275864
-0.130890, 0.069808, 1071.000000, -0.001745, 2000.000000, 1000.000000, 17.548742, 17.132250, 15.938355, 17.380651, -0.464696, -0.340496, -0.256451, -0.448800, -0.328848, -0.235590, -0.015896, -0.011648, -0.020861, 0.000000, 0.000000, 0.000000, -0.654450, 0.349040, -0.008726, 31.527311, -19.890871, -63.091259, 0.243149, 1.006736, 0.148334, 0.001771, 13.907227, 24.319458, 346.496552
-0.136126, -0.001745, 1074.000000, -0.003490, 2000.000000, 1000.000000, 17.477510, 16.569475, 17.108950, 16.844065, -0.160788, -0.023494, 0.293230, -0.154029, -0.022506, 0.264243, -0.006759, -0.000988, 0.028987, 0.000000, 0.000000, -0.000000, -0.680628, -0.008726, -0.017452, 33.549583, -18.192730, -63.092632, -0.372570, 0.036286, -0.193614, 0.002194, 13.993164, 20.040894, 287.109375
-0.136126, -0.003490, 1000.000000, 0.000000, 2000.000000, 1000.000000, 10.175709, 8.900122, 11.005938, 9.918232, -0.046971, 0.462084, 0.590823, -0.046971, 0.462084, 0.590823, 0.000000, 0.000000, 0.000000, -0.000000, -0.000000, -0.000000, -0.680628, -0.017452, 0.000000, 31.760174, -17.674202, -64.413559, -0.586686, -0.941621, -0.393882, 0.001800, 17.278320, 0.000000, 1.403808
-0.143106, -0.050611, 1000.000000, 0.026178, 2000.000000, 1000.000000, 10.056161, 8.310390, 11.732272, 9.901177, 0.021330, 0.816725, 0.894217, 0.021330, 0.816725, 0.894217, 0.000000, 0.000000, 0.000000, -0.000000, -0.000000, -0.000000, -0.715532, -0.253054, 0.130890, 23.838581, -17.610418, -68.769829, -0.758193, -1.886504, -0.465254, 0.002424, 16.243164, 0.000000, 0.610352
-0.012216, -0.001745, 1000.000000, 0.024433, 2000.000000, 1000.000000, 9.619781, 8.782602, 11.979490, 9.618126, 0.381046, 0.798808, 0.799636, 0.381046, 0.798808, 0.799636, 0.000000, 0.000000, 0.000000, -0.000000, -0.000000, -0.000000, -0.061082, -0.008726, 0.122164, 18.528925, -17.228661, -71.552574, -0.823174, -1.606341, -0.410926, 0.002133, 14.540039, 0.561523, 8.422852
0.000000, -0.001745, 1000.000000, 0.024433, 2000.000000, 1000.000000, 9.734117, 9.238181, 11.817218, 9.210485, 0.527700, 0.513851, 0.775667, 0.527700, 0.513851, 0.775667, 0.000000, 0.000000, 0.000000, -0.000000, -0.000000, -0.000000, 0.000000, -0.008726, 0.122164, 14.199571, -15.911290, -73.859062, -1.055400, -1.036429, -0.394947, 0.001786, 14.458008, 4.040527, 62.072750
0.000000, -0.001745, 1000.000000, 0.054101, 2000.000000, 1000.000000, 13.105531, 5.059302, 19.775633, 2.059535, 2.417467, 0.917584, 6.440582, 2.417467, 0.917584, 6.440582, 0.000000, 0.000000, 0.000000, -0.000000, -0.000000, -0.000000, 0.000000, -0.008726, 0.270506, 8.674091, -8.468003, -80.459167, -4.834934, -1.843894, -4.023215, 0.002172, 14.129883, 49.002075, 684.997498
