


<<< NEW FLIGHT DATA >>>


-0.005236, -0.001745, 1000.000000, 0.000000, 2000.000000, 1000.000000, 10.022418, 9.989015, 9.978480, 10.010087, -0.016253, -0.005717, 0.000449, -0.016253, -0.005717, 0.000449, 0.000000, 0.000000, 0.000000, 0.000000, 0.000000, -0.000000, -0.026178, -0.008726, 0.000000, 2.004860, 2.117165, -0.126198, -0.000174, 0.000421, -0.000299, 0.001818, 15.036133, 0.399780, 6.225585
-0.005236, -0.001745, 1000.000000, 0.000000, 2000.000000, 1000.000000, 10.065961, 9.926831, 10.034005, 9.973203, -0.019582, 0.003604, 0.049983, -0.019582, 0.003604, 0.049983, 0.000000, 0.000000, 0.000000, 0.000000, -0.000000, -0.000000, -0.026178, -0.008726, 0.000000, 1.999885, 2.107680, -0.126013, 0.005153, -0.014493, -0.033322, 0.001774, 14.887695, 4.638672, 70.678711
-0.005236, -0.001745, 1000.000000, 0.000000, 2000.000000, 1000.000000, 10.022818, 9.984621, 9.974884, 10.017677, -0.020247, -0.003719, -0.001149, -0.020247, -0.003719, -0.001149, 0.000000, 0.000000, 0.000000, 0.000000, -0.000000, -0.000000, -0.026178, -0.008726, 0.000000, 1.977301, 2.080098, -0.120739, 0.006218, -0.002775, 0.000766, 0.002150, 14.879883, 6.118774, 93.322746
-0.005236, -0.001745, 1000.000000, 0.000000, 2000.000000, 1000.000000, 9.984069, 10.006059, 9.924151, 10.085721, -0.034895, 0.004936, -0.045890, -0.034895, 0.004936, -0.045890, 0.000000, 0.000000, 0.000000, 0.000000, -0.000000, 0.000000, -0.026178, -0.008726, 0.000000, 2.024155, 1.955334, -0.124696, 0.029654, -0.016623, 0.030593, 0.002377, 14.848633, 6.240845, 94.909660
-0.005236, -0.001745, 1000.000000, 0.000000, 2000.000000, 1000.000000, 10.021087, 9.989015, 9.979812, 10.010087, -0.015587, -0.005051, 0.000449, -0.015587, -0.005051, 0.000449, 0.000000, 0.000000, 0.000000, 0.000000, 0.000000, -0.000000, -0.026178, -0.008726, 0.000000, 1.787475, 1.756757, 0.144557, -0.001239, -0.000644, -0.000299, 0.001838, 15.032227, 0.518799, 7.995605
-0.005236, -0.001745, 1000.000000, 0.000000, 2000.000000, 1000.000000, 10.038131, 9.974635, 9.991529, 9.995706, -0.016918, -0.006383, 0.014830, -0.016918, -0.006383, 0.014830, 0.000000, 0.000000, 0.000000, 0.000000, 0.000000, -0.000000, -0.026178, -0.008726, 0.000000, 1.775209, 1.756334, 0.141433, 0.000892, 0.001486, -0.009887, 0.001962, 14.958008, 2.639771, 40.405270
-0.005236, -0.001745, 1000.000000, 0.000000, 2000.000000, 1000.000000, 10.025747, 9.985685, 9.975151, 10.013416, -0.019582, -0.005717, 0.000449, -0.019582, -0.005717, 0.000449, 0.000000, 0.000000, 0.000000, 0.000000, 0.000000, 0.000000, -0.026178, -0.008726, 0.000000, 1.739309, 1.725472, 0.177342, 0.005153, 0.000421, -0.000299, 0.002271, 14.641602, 14.080811, 211.181625
-0.005236, -0.001745, 1000.000000, 0.000000, 2000.000000, 1000.000000, 10.008570, 9.978895, 10.001915, 10.010620, -0.009595, 0.006267, 0.005243, -0.009595, 0.006267, 0.005243, 0.000000, 0.000000, 0.000000, -0.000000, -0.000000, -0.000000, -0.026178, -0.008726, 0.000000, 1.730179, 1.701404, 0.177850, -0.010826, -0.018754, -0.003495, 0.001861, 14.868164, 5.401611, 82.214348
-0.005236, -0.001745, 1000.000000, 0.000000, 2000.000000, 1000.000000, 10.030541, 9.987550, 9.995923, 9.985986, -0.008263, -0.009046, 0.013232, -0.008263, -0.009046, 0.013232, 0.000000, 0.000000, 0.000000, 0.000000, 0.000000, -0.000000, -0.026178, -0.008726, 0.000000, 1.682456, 1.659404, 0.207105, -0.012957, 0.005747, -0.008821, 0.001942, 14.930664, 3.280640, 50.170895
-0.005236, -0.001745, 1000.000000, 0.000000, 2000.000000, 1000.000000, 10.000181, 9.977962, 9.981543, 10.040314, -0.020247, 0.010928, -0.009138, -0.020247, 0.010928, -0.009138, 0.000000, 0.000000, 0.000000, 0.000000, -0.000000, 0.000000, -0.026178, -0.008726, 0.000000, 1.653032, 1.586613, 0.232338, 0.006218, -0.026211, 0.006092, 0.001816, 14.915039, 4.040527, 61.706539
-0.005236, -0.001745, 1000.000000, 0.000000, 2000.000000, 1000.000000, 10.022951, 9.985819, 9.984339, 10.006891, -0.014921, -0.004385, 0.003645, -0.014921, -0.004385, 0.003645, 0.000000, 0.000000, 0.000000, 0.000000, 0.000000, -0.000000, -0.026178, -0.008726, 0.000000, 1.588434, 1.497078, 0.276618, -0.002304, -0.001710, -0.002430, 0.002047, 14.918945, 4.040527, 61.706539
-0.005236, -0.001745, 1000.000000, 0.000000, 2000.000000, 1000.000000, 10.014695, 9.991412, 9.973420, 10.020473, -0.017584, -0.003054, -0.005943, -0.017584, -0.003054, -0.005943, 0.000000, 0.000000, 0.000000, 0.000000, 0.000000, 0.000000, -0.026178, -0.008726, 0.000000, 1.533979, 1.438398, 0.329447, 0.001957, -0.003840, 0.003962, 0.002524, 14.915039, 4.159546, 63.476559
-0.005236, -0.001745, 1000.000000, 0.000000, 2000.000000, 1000.000000, 10.033870, 9.980227, 9.976615, 10.009288, -0.021579, -0.007048, 0.005243, -0.021579, -0.007048, 0.005243, 0.000000, 0.000000, 0.000000, 0.000000, 0.000000, -0.000000, -0.026178, -0.008726, 0.000000, 1.521871, 1.395210, 0.355719, 0.008348, 0.002551, -0.003495, 0.002195, 14.915039, 4.000854, 61.096188
-0.005236, -0.001745, 1000.000000, 0.000000, 2000.000000, 1000.000000, 10.011499, 9.993277, 9.986202, 10.009022, -0.010261, -0.002388, -0.001149, -0.010261, -0.002388, -0.001149, 0.000000, 0.000000, 0.000000, 0.000000, 0.000000, -0.000000, -0.026178, -0.008726, 0.000000, 1.489431, 1.394309, 0.372757, -0.009761, -0.004905, 0.000766, 0.002280, 14.891602, 5.200195, 79.284668
-0.005236, -0.001745, 1000.000000, 0.000000, 2000.000000, 1000.000000, 10.035335, 9.968110, 10.000716, 9.995839, -0.015587, -0.001722, 0.018026, -0.015587, -0.001722, 0.018026, 0.000000, 0.000000, 0.000000, 0.000000, 0.000000, -0.000000, -0.026178, -0.008726, 0.000000, 1.483570, 1.372404, 0.385125, -0.001239, -0.005971, -0.012017, 0.001802, 14.950195, 3.201294, 49.011227
-0.005236, -0.001745, 1000.000000, 0.000000, 2000.000000, 1000.000000, 10.049849, 9.949600, 10.008574, 9.991978, -0.020913, 0.000275, 0.029211, -0.020913, 0.000275, 0.029211, 0.000000, 0.000000, 0.000000, 0.000000, -0.000000, -0.000000, -0.026178, -0.008726, 0.000000, 1.504238, 1.397750, 0.367522, 0.007283, -0.009167, -0.019474, 0.002201, 14.942383, 3.240967, 49.621578
-0.005236, -0.001745, 1000.000000, -0.001745, 2000.000000, 1000.000000, 10.030635, 9.980798, 9.992023, 9.996545, -0.013590, -0.005717, 0.011328, -0.013590, -0.005717, 0.011328, 0.000000, 0.000000, 0.000000, 0.000000, 0.000000, -0.000000, -0.026178, -0.008726, -0.008726, 1.433049, 1.309409, 0.394786, -0.004435, 0.000421, -0.016278, 0.002419, 14.942383, 2.960205, 45.288082
-0.005236, -0.001745, 1000.000000, -0.001745, 2000.000000, 1000.000000, 10.012392, 9.992384, 9.959131, 10.036093, -0.024242, -0.002388, -0.014238, -0.024242, -0.002388, -0.014238, 0.000000, 0.000000, 0.000000, 0.000000, 0.000000, 0.000000, -0.026178, -0.008726, -0.008726, 1.470392, 1.288313, 0.416001, 0.012609, -0.004905, 0.000766, 0.002323, 14.907227, 4.479980, 68.420410
-0.005236, -0.001745, 1040.000000, -0.001745, 2000.000000, 1000.000000, 14.013855, 13.978708, 13.961617, 14.045820, -0.029837, 0.003719, -0.012264, -0.023576, 0.002938, -0.011042, -0.006261, 0.000780, -0.001222, 0.000000, -0.000000, 0.000000, -0.026178, -0.008726, -0.008726, 1.496120, 1.245949, 0.469414, 0.011544, -0.013428, -0.001365, 0.002213, 14.625977, 15.319824, 225.891098
-0.005236, -0.001745, 1072.000000, -0.001745, 2000.000000, 1000.000000, 17.026506, 16.913034, 16.987726, 17.072733, -0.049620, 0.030230, 0.007116, -0.040887, 0.024909, 0.006535, -0.008733, 0.005321, 0.000582, 0.000000, -0.000000, -0.000000, -0.026178, -0.008726, -0.008726, 1.543520, 1.191512, 0.448846, 0.039241, -0.048581, -0.013082, 0.001780, 13.926758, 37.802124, 539.733887
-0.005236, -0.001745, 1071.000000, -0.001745, 2000.000000, 1000.000000, 16.918261, 16.593439, 17.071566, 17.416735, -0.167498, 0.244150, -0.005086, -0.136760, 0.199345, -0.004651, -0.030738, 0.044805, -0.000436, 0.000000, -0.000000, -0.000000, -0.026178, -0.008726, -0.008726, 1.978536, 0.680656, 0.512356, 0.192638, -0.327679, -0.005626, 0.001873, 14.344727, 21.679688, 318.603516
-0.005236, -0.001745, 1070.000000, -0.001745, 2000.000000, 1000.000000, 16.900496, 16.144896, 17.363825, 17.590784, -0.245640, 0.477304, 0.132161, -0.192020, 0.373116, 0.118387, -0.053620, 0.104189, 0.013774, 0.000000, -0.000000, -0.000000, -0.026178, -0.008726, -0.008726, 2.777569, -1.978574, 0.240510, 0.281054, -0.605711, -0.087650, 0.002327, 14.407227, 20.721436, 305.603027
-0.005236, -0.001745, 1071.000000, -0.001745, 2000.000000, 1000.000000, 18.413900, 15.775576, 17.696970, 16.113554, -0.263727, -0.094739, 1.055435, -0.208665, -0.074958, 0.950886, -0.055062, -0.019780, 0.104550, 0.000000, 0.000000, -0.000000, -0.026178, -0.008726, -0.008726, 3.783843, -2.670240, -1.189284, 0.307686, 0.111208, -0.642650, 0.002199, 14.325195, 23.800659, 348.998993
-0.005236, -0.001745, 1070.000000, -0.001745, 2000.000000, 1000.000000, 17.361551, 17.294580, 16.367479, 16.976389, -0.168970, -0.328066, -0.135485, -0.139423, -0.270700, -0.124492, -0.029547, -0.057367, -0.010993, 0.000000, 0.000000, 0.000000, -0.026178, -0.008726, -0.008726, 4.491795, -1.764781, -1.870732, 0.196899, 0.424393, 0.074269, 0.001766, 14.387695, 21.719360, 320.129395
-0.005236, -0.001745, 1070.000000, 0.000000, 2000.000000, 1000.000000, 16.301380, 17.428322, 16.642056, 17.628242, 0.035188, 0.135149, -0.528283, 0.029021, 0.111462, -0.485309, 0.006167, 0.023688, -0.042974, 0.000000, -0.000000, 0.000000, -0.026178, -0.008726, 0.000000, 4.602845, -1.277445, -0.982171, -0.072611, -0.187065, 0.323539, 0.001771, 14.418945, 20.040894, 296.020508
-0.005236, -0.001745, 1016.000000, 0.000000, 2000.000000, 1000.000000, 10.583219, 9.501643, 11.592069, 12.323070, -0.453144, 0.957569, 0.087644, -0.356469, 0.753279, 0.078745, -0.096674, 0.204289, 0.008898, 0.000000, -0.000000, -0.000000, -0.026178, -0.008726, 0.000000, 5.297523, -4.470982, -0.632979, 0.544173, -1.213973, -0.052497, 0.002260, 18.387695, 0.079346, 1.525879
-0.005236, -0.001745, 1020.000000, 0.000000, 2000.000000, 1000.000000, 12.268159, 10.613666, 12.178153, 12.940022, -0.604090, 0.559088, 0.223156, -0.473648, 0.438363, 0.200185, -0.130443, 0.120725, 0.022971, 0.000000, -0.000000, -0.000000, -0.026178, -0.008726, 0.000000, 7.085524, -7.256382, -0.711708, 0.731658, -0.710106, -0.133457, 0.002295, 14.883789, 4.519653, 68.908691
-0.005236, -0.001745, 1022.000000, 0.000000, 2000.000000, 1000.000000, 12.869212, 11.713552, 11.382352, 12.034884, -0.452048, -0.291382, 0.125782, -0.372448, -0.240073, 0.115497, -0.079600, -0.051308, 0.010285, 0.000000, 0.000000, -0.000000, -0.026178, -0.008726, 0.000000, 8.900989, -7.679409, -0.757520, 0.569739, 0.375392, -0.076998, 0.001781, 14.829102, 6.280518, 95.397942
-0.005236, -0.001745, 1023.000000, 0.000000, 2000.000000, 1000.000000, 12.898446, 12.401963, 11.137315, 11.562276, -0.230361, -0.650204, 0.017881, -0.190023, -0.536348, 0.016428, -0.040338, -0.113856, 0.001453, 0.000000, 0.000000, -0.000000, -0.026178, -0.008726, 0.000000, 10.126348, -5.841336, -0.761352, 0.277859, 0.849431, -0.010952, 0.001769, 14.805664, 6.961060, 105.529778
-0.005236, -0.001745, 1023.000000, 0.000000, 2000.000000, 1000.000000, 12.398078, 11.962951, 11.878945, 11.760026, -0.079052, -0.180515, 0.138512, -0.062858, -0.143534, 0.125084, -0.016195, -0.036980, 0.013428, 0.000000, 0.000000, -0.000000, -0.026178, -0.008726, 0.000000, 10.529456, -4.226174, -0.843354, 0.074394, 0.220929, -0.083389, 0.002147, 14.797852, 7.119751, 107.910149
-0.005236, -0.001745, 1023.000000, 0.000000, 2000.000000, 1000.000000, 11.656295, 10.863629, 12.569032, 12.911044, -0.283669, 0.740038, 0.112663, -0.222646, 0.580841, 0.101116, -0.061023, 0.159197, 0.011547, 0.000000, -0.000000, -0.000000, -0.026178, -0.008726, 0.000000, 11.179434, -5.997752, -1.147573, 0.330056, -0.938071, -0.067411, 0.002284, 14.844727, 5.160522, 78.430176
-0.005236, -0.001745, 1023.000000, 0.000000, 2000.000000, 1000.000000, 11.959495, 10.708528, 12.399343, 12.932635, -0.446065, 0.665989, 0.179419, -0.353806, 0.528244, 0.161836, -0.092259, 0.137745, 0.017583, 0.000000, -0.000000, -0.000000, -0.026178, -0.008726, 0.000000, 12.356359, -8.609919, -1.219415, 0.539912, -0.853916, -0.107890, 0.002173, 14.813477, 6.521606, 98.876945
-0.005236, -0.001745, 1024.000000, 0.000000, 2000.000000, 1000.000000, 12.462493, 11.317304, 11.907199, 12.313004, -0.387749, 0.110102, 0.184846, -0.319851, 0.090822, 0.169825, -0.067898, 0.019280, 0.015021, 0.000000, -0.000000, -0.000000, -0.026178, -0.008726, 0.000000, 13.764968, -10.033996, -1.297061, 0.485584, -0.154042, -0.113217, 0.001769, 14.793945, 6.719971, 101.806633
-0.005236, -0.001745, 1050.000000, -0.001745, 2000.000000, 1000.000000, 15.651484, 15.134295, 14.634113, 14.580109, -0.115796, -0.392889, 0.142798, -0.095481, -0.323962, 0.131170, -0.020315, -0.068926, 0.011628, 0.000000, 0.000000, -0.000000, -0.026178, -0.008726, -0.008726, 14.618314, -9.367137, -1.432934, 0.126592, 0.509614, -0.096173, 0.001773, 14.680664, 11.441040, 171.997055
-0.031414, 0.000000, 1048.000000, -0.001745, 2000.000000, 1000.000000, 14.099463, 13.597928, 14.452422, 13.850186, 0.025175, 0.151305, 0.275943, 0.019785, 0.118913, 0.247815, 0.005389, 0.032392, 0.028127, -0.000000, -0.000000, -0.000000, -0.157068, 0.000000, -0.008726, 14.212904, -7.954779, -2.000826, -0.188724, -0.190260, -0.173936, 0.002270, 14.625977, 12.399292, 185.607895
-0.073298, 0.001745, 1048.000000, -0.001745, 2000.000000, 1000.000000, 13.548123, 12.635592, 14.931434, 14.884851, -0.216487, 0.908142, 0.239778, -0.168362, 0.706263, 0.214260, -0.048125, 0.201878, 0.025518, 0.000000, -0.000000, -0.000000, -0.366492, 0.008726, -0.008726, 13.647225, -9.851725, -2.531130, -0.097112, -1.121296, -0.151566, 0.002382, 14.680664, 10.519409, 158.081055
-0.099476, 0.005236, 1048.000000, -0.001745, 2000.000000, 1000.000000, 13.605909, 12.488941, 14.845137, 15.060013, -0.332961, 0.952575, 0.225523, -0.258824, 0.740474, 0.201477, -0.074138, 0.212101, 0.024046, 0.000000, -0.000000, -0.000000, -0.497382, 0.026178, -0.008726, 13.169778, -13.064492, -3.051650, -0.083264, -1.158580, -0.143044, 0.002387, 14.680664, 10.519409, 158.203125
-0.141361, 0.005236, 1048.000000, -0.001745, 2000.000000, 1000.000000, 14.139462, 13.025355, 14.229630, 14.605552, -0.372507, 0.417591, 0.184547, -0.307156, 0.344331, 0.169519, -0.065351, 0.073260, 0.015028, 0.000000, -0.000000, -0.000000, -0.706806, 0.026178, -0.008726, 12.514817, -15.258860, -3.601446, -0.215356, -0.524751, -0.121739, 0.001773, 14.680664, 10.440063, 156.616211
-0.176265, 0.003490, 1048.000000, -0.001745, 2000.000000, 1000.000000, 14.746512, 13.582990, 13.604783, 14.065715, -0.406114, -0.164751, 0.175648, -0.321690, -0.130502, 0.158334, -0.084424, -0.034249, 0.017314, 0.000000, 0.000000, -0.000000, -0.881326, 0.017452, -0.008726, 11.661990, -15.446823, -4.139718, -0.366622, 0.226255, -0.114282, 0.002187, 14.653320, 11.041260, 165.710434
-0.218150, 0.015707, 1047.000000, -0.001745, 2000.000000, 1000.000000, 14.234497, 14.133017, 13.826483, 13.806004, -0.020250, -0.183757, 0.030490, -0.015824, -0.143591, 0.027307, -0.004426, -0.040165, 0.003183, -0.000000, 0.000000, -0.000000, -1.090750, 0.078534, -0.008726, 8.890381, -13.761161, -5.171096, -1.065431, 0.308280, -0.026931, 0.002331, 14.629883, 12.680054, 189.880356
-0.214660, 0.043630, 1072.000000, -0.001745, 2000.000000, 1000.000000, 16.479944, 16.901716, 17.645342, 16.972998, 0.273529, 0.309170, 0.062643, 0.213461, 0.241275, 0.056069, 0.060068, 0.067895, 0.006574, -0.000000, -0.000000, -0.000000, -1.073298, 0.218150, -0.008726, 5.273231, -13.180950, -6.139053, -1.414836, -0.167890, -0.046105, 0.002345, 14.520508, 15.640259, 232.727036
-0.218150, 0.041885, 1075.000000, -0.001745, 2000.000000, 1000.000000, 16.460533, 16.788597, 17.602386, 17.148483, 0.195491, 0.375434, 0.031460, 0.161275, 0.309723, 0.028905, 0.034216, 0.065711, 0.002555, -0.000000, -0.000000, -0.000000, -1.090750, 0.209424, -0.008726, 1.379949, -13.466004, -7.163785, -1.348790, -0.286134, -0.027996, 0.001768, 14.231445, 24.401855, 356.201141
-0.214660, 0.029668, 1075.000000, -0.001745, 2000.000000, 1000.000000, 17.137211, 17.228790, 17.276627, 16.357372, 0.252709, -0.183000, 0.206919, 0.201477, -0.145901, 0.187096, 0.051232, -0.037100, 0.019823, -0.000000, 0.000000, -0.000000, -1.073298, 0.148342, -0.008726, -2.318601, -12.924758, -8.238903, -1.395661, 0.381783, -0.133457, 0.002119, 14.356445, 20.559692, 302.124023
-0.115183, -0.001745, 1074.000000, -0.001745, 2000.000000, 1000.000000, 17.594206, 17.915564, 16.987276, 15.502954, 0.451419, -0.754885, 0.290741, 0.362539, -0.606256, 0.263794, 0.088880, -0.148630, 0.026947, -0.000000, 0.000000, -0.000000, -0.575916, -0.008726, -0.008726, -7.441808, -8.653987, -9.968235, -1.155978, 0.961283, -0.184589, 0.002043, 14.379883, 21.081543, 310.180664
-0.005236, -0.001745, 1074.000000, -0.001745, 2000.000000, 1000.000000, 17.118332, 17.177334, 17.407860, 16.296474, 0.292596, -0.147833, 0.263095, 0.227425, -0.114906, 0.235032, 0.065171, -0.032927, 0.028063, -0.000000, 0.000000, -0.000000, -0.026178, -0.008726, -0.008726, -9.245190, -6.730921, -10.667043, -0.390058, 0.175123, -0.165414, 0.002388, 14.344727, 21.679688, 318.420410
-0.005236, -0.001745, 1073.000000, 0.000000, 2000.000000, 1000.000000, 17.133539, 15.908461, 17.511564, 17.446436, -0.289988, 0.479000, 0.322552, -0.235962, 0.389760, 0.294460, -0.054026, 0.089239, 0.028091, 0.000000, -0.000000, -0.000000, -0.026178, -0.008726, 0.000000, -9.376173, -7.366391, -11.165020, 0.351361, -0.632342, -0.196307, 0.001908, 14.329102, 21.801758, 320.007324
-0.005236, -0.001745, 1073.000000, 0.000000, 2000.000000, 1000.000000, 17.192936, 15.926663, 17.520546, 17.359856, -0.276396, 0.440200, 0.356740, -0.221315, 0.352476, 0.323222, -0.055081, 0.087724, 0.033518, 0.000000, -0.000000, -0.000000, -0.026178, -0.008726, 0.000000, -8.488545, -9.465863, -11.644858, 0.327926, -0.572688, -0.215481, 0.002074, 14.387695, 19.839478, 291.992188
-0.005236, -0.001745, 1073.000000, 0.000000, 2000.000000, 1000.000000, 17.296370, 17.780764, 17.317961, 15.604907, 0.549362, -0.538566, 0.307165, 0.440477, -0.431820, 0.278481, 0.108886, -0.106746, 0.028684, -0.000000, 0.000000, -0.000000, -0.026178, -0.008726, 0.000000, -9.123767, -9.002219, -12.507726, -0.730940, 0.682186, -0.185654, 0.002060, 14.336914, 21.398926, 314.331055
-0.003490, -0.001745, 1072.000000, 0.000000, 2000.000000, 1000.000000, 17.314106, 17.859856, 17.230534, 15.595504, 0.545195, -0.586981, 0.272320, 0.423959, -0.456454, 0.243328, 0.121235, -0.130528, 0.028993, -0.000000, 0.000000, -0.000000, -0.017452, -0.008726, 0.000000, -10.889522, -6.355527, -13.178148, -0.695787, 0.721600, -0.162218, 0.002383, 14.387695, 19.561768, 288.085938
-0.005236, -0.001745, 1072.000000, 0.000000, 2000.000000, 1000.000000, 17.468555, 16.440372, 16.911591, 17.179482, -0.324019, 0.045537, 0.190072, -0.267254, 0.037559, 0.174619, -0.056765, 0.007978, 0.015454, 0.000000, -0.000000, -0.000000, -0.026178, -0.008726, 0.000000, -11.243070, -5.201123, -13.594424, 0.401428, -0.068821, -0.116412, 0.001770, 14.379883, 19.839478, 291.992188
-0.005236, -0.001745, 1067.000000, 0.000000, 2000.000000, 1000.000000, 16.534790, 14.315434, 16.098822, 17.050953, -0.792872, 0.574888, 0.316807, -0.624781, 0.453010, 0.284873, -0.168091, 0.121878, 0.031934, 0.000000, -0.000000, -0.000000, -0.026178, -0.008726, 0.000000, -9.412470, -7.001507, -13.794887, 0.973472, -0.733542, -0.189915, 0.002242, 14.500977, 14.721680, 218.505844
-0.003490, -0.001745, 1066.000000, 0.000000, 2000.000000, 1000.000000, 16.104334, 15.635099, 16.723738, 15.536829, 0.179419, 0.130284, 0.414036, 0.144329, 0.104804, 0.375952, 0.035089, 0.025480, 0.038084, -0.000000, -0.000000, -0.000000, -0.017452, -0.008726, 0.000000, -7.971158, -10.010078, -14.607368, -0.248379, -0.176412, -0.250635, 0.002026, 14.477539, 16.281128, 241.394028
-0.003490, -0.001745, 1065.000000, 0.000000, 2000.000000, 1000.000000, 16.142704, 16.962322, 16.603188, 14.291786, 0.782755, -0.552513, 0.372946, 0.607050, -0.428491, 0.332809, 0.175705, -0.124022, 0.040137, -0.000000, 0.000000, -0.000000, -0.017452, -0.008726, 0.000000, -9.667148, -8.593645, -15.504778, -0.988733, 0.676859, -0.221873, 0.002412, 14.458008, 16.519165, 244.506821
-0.003490, -0.001745, 1057.000000, 0.000000, 2000.000000, 1000.000000, 15.437031, 15.600052, 15.464779, 13.498138, 0.532416, -0.518541, 0.450905, 0.439272, -0.427825, 0.414302, 0.093143, -0.090716, 0.036604, -0.000000, 0.000000, -0.000000, -0.017452, -0.008726, 0.000000, -11.630831, -5.904136, -16.378109, -0.720288, 0.675794, -0.276201, 0.001767, 14.442383, 7.998657, 127.380363
-0.003490, -0.001745, 1050.000000, 0.000000, 2000.000000, 1000.000000, 15.908924, 13.654018, 15.218052, 15.219006, -0.563965, 0.218529, 0.563488, -0.450884, 0.174711, 0.510175, -0.113082, 0.043818, 0.053313, 0.000000, -0.000000, -0.000000, -0.017452, -0.008726, 0.000000, -11.405999, -5.503982, -17.242733, 0.703962, -0.288264, -0.340117, 0.002090, 14.594727, 11.401367, 170.410141
-0.003490, -0.001745, 1049.000000, 0.000000, 2000.000000, 1000.000000, 14.954403, 12.032070, 13.836252, 15.177275, -1.065839, 0.506763, 0.395328, -0.846360, 0.402410, 0.356778, -0.219478, 0.104353, 0.038550, 0.000000, -0.000000, -0.000000, -0.017452, -0.008726, 0.000000, -7.481993, -9.401593, -18.043169, 1.336725, -0.652582, -0.237852, 0.002161, 14.692383, 8.718872, 131.103516
-0.003490, -0.001745, 1049.000000, 0.000000, 2000.000000, 1000.000000, 14.804076, 13.575038, 13.936976, 13.683909, -0.243993, -0.189557, 0.370526, -0.189895, -0.147529, 0.331211, -0.054097, -0.042028, 0.039315, 0.000000, 0.000000, -0.000000, -0.017452, -0.008726, 0.000000, -5.469409, -10.690111, -18.262217, 0.286381, 0.227321, -0.220808, 0.002374, 14.661133, 9.719849, 145.996094
-0.005236, -0.001745, 1048.000000, 0.000000, 2000.000000, 1000.000000, 14.562858, 14.704637, 14.301719, 12.430787, 0.503178, -0.633747, 0.432289, 0.410516, -0.517040, 0.395127, 0.092662, -0.116706, 0.037162, -0.000000, 0.000000, -0.000000, -0.026178, -0.008726, 0.000000, -5.655782, -8.977876, -18.932278, -0.683004, 0.818539, -0.263418, 0.001881, 14.598633, 11.199951, 167.480453
-0.003490, 0.001745, 1046.000000, 0.000000, 2000.000000, 1000.000000, 14.319103, 14.719002, 14.433895, 12.528000, 0.576449, -0.519052, 0.376499, 0.465238, -0.418915, 0.342397, 0.111211, -0.100137, 0.034103, -0.000000, 0.000000, -0.000000, -0.017452, 0.008726, 0.000000, -7.046228, -6.193161, -19.800995, -0.761833, 0.678990, -0.228264, 0.001992, 14.598633, 12.121582, 181.091293
-0.003490, 0.001745, 1029.000000, 0.000000, 2000.000000, 1000.000000, 12.253489, 10.629581, 12.427397, 12.689533, -0.471511, 0.558465, 0.340443, -0.370323, 0.438617, 0.305645, -0.101187, 0.119848, 0.034798, 0.000000, -0.000000, -0.000000, -0.017452, 0.008726, 0.000000, -7.329591, -6.260581, -20.749069, 0.575065, -0.693062, -0.203764, 0.002277, 14.750977, 6.399536, 96.618645
-0.003490, 0.005236, 1018.000000, 0.000000, 2000.000000, 1000.000000, 11.277075, 9.481943, 11.353069, 11.887913, -0.582493, 0.620491, 0.315073, -0.458873, 0.488806, 0.283275, -0.123620, 0.131684, 0.031798, 0.000000, -0.000000, -0.000000, -0.017452, 0.026178, 0.000000, -6.254510, -9.005334, -21.125740, 0.716745, -0.755912, -0.188850, 0.002245, 14.903320, 1.440430, 21.972654
-0.003490, 0.033159, 1019.000000, 0.000000, 2000.000000, 1000.000000, 11.065248, 10.391975, 11.300964, 11.241812, -0.153530, 0.271388, 0.183107, -0.126646, 0.223866, 0.168227, -0.026884, 0.047522, 0.014880, 0.000000, -0.000000, -0.000000, -0.017452, 0.165794, 0.000000, -5.561948, -10.639641, -21.407417, 0.185181, -0.192391, -0.112151, 0.001769, 14.793945, 5.200195, 78.796387
-0.003490, 0.057592, 1023.000000, 0.003490, 2000.000000, 1000.000000, 12.011389, 12.229996, 12.367130, 11.391485, 0.298563, -0.120692, 0.189259, 0.245529, -0.099254, 0.173633, 0.053034, -0.021439, 0.015627, -0.000000, 0.000000, -0.000000, -0.017452, 0.287958, 0.017452, -5.763243, -10.121492, -21.721834, -0.410298, 0.446764, -0.098303, 0.001800, 14.672852, 9.759521, 146.606445
-0.027923, 0.137871, 1023.000000, 0.013962, 2000.000000, 1000.000000, 12.274883, 11.972778, 12.496401, 11.255938, 0.234589, -0.123831, 0.385642, 0.184489, -0.097385, 0.346442, 0.050100, -0.026446, 0.039200, -0.000000, 0.000000, -0.000000, -0.139616, 0.689354, 0.069808, -6.718119, -6.574984, -22.396679, -0.434799, 0.845170, -0.161153, 0.002263, 14.739258, 6.640625, 100.280754
-0.001745, 0.162304, 1024.000000, 0.017452, 2000.000000, 1000.000000, 12.257569, 11.672774, 12.306993, 11.762664, -0.010117, 0.034828, 0.282281, -0.008008, 0.027570, 0.254376, -0.002108, 0.007259, 0.027905, 0.000000, 0.000000, -0.000000, -0.008726, 0.811518, 0.087260, -6.367065, -4.364127, -22.698402, 0.004087, 0.767406, -0.082324, 0.002194, 14.739258, 7.119751, 107.421867
-0.001745, 0.164049, 1024.000000, 0.001745, 2000.000000, 1000.000000, 12.251717, 11.706970, 11.896000, 12.145313, -0.198515, 0.020657, 0.073859, -0.163802, 0.017045, 0.067866, -0.034713, 0.003612, 0.005993, 0.000000, 0.000000, -0.000000, -0.008726, 0.820244, 0.008726, -5.177787, -2.663695, -22.767908, 0.253358, 0.792973, -0.036518, 0.001766, 14.696289, 8.401489, 126.525871
-0.001745, 0.164049, 1025.000000, 0.000000, 2000.000000, 1000.000000, 12.440486, 11.767047, 11.992076, 11.800391, -0.120438, -0.103767, 0.216281, -0.099221, -0.085486, 0.198587, -0.021217, -0.018280, 0.017694, 0.000000, 0.000000, -0.000000, -0.008726, 0.820244, 0.000000, -3.619740, -0.728088, -22.945318, 0.150028, 0.957022, -0.132391, 0.001782, 14.762695, 6.201172, 93.688957
-0.001745, 0.164049, 1040.000000, 0.000000, 2000.000000, 1000.000000, 14.209349, 14.385283, 14.251047, 13.154322, 0.318165, -0.297315, 0.230198, 0.249651, -0.233291, 0.206576, 0.068514, -0.064024, 0.023622, -0.000000, 0.000000, -0.000000, -0.008726, 0.820244, 0.000000, -2.502669, 3.802263, -23.553574, -0.408167, 1.193509, -0.137718, 0.002287, 14.598633, 11.761475, 175.903305
-0.001745, 0.164049, 1051.000000, 0.001745, 2000.000000, 1000.000000, 15.232941, 15.196663, 15.365625, 14.204771, 0.281144, -0.214802, 0.299283, 0.221688, -0.169375, 0.269200, 0.059457, -0.045427, 0.030083, -0.000000, 0.000000, -0.000000, -0.008726, 0.820244, 0.008726, -2.240936, 7.107807, -23.989727, -0.363427, 1.091245, -0.170741, 0.002235, 14.473633, 15.438843, 228.881821
-0.001745, 0.162304, 1067.000000, 0.000000, 2000.000000, 1000.000000, 15.817825, 15.954857, 16.726677, 15.500641, 0.340767, 0.113659, 0.272251, 0.276282, 0.092151, 0.248121, 0.064484, 0.021508, 0.024130, -0.000000, 0.000000, -0.000000, -0.008726, 0.811518, 0.000000, -2.250677, 9.729465, -24.396469, -0.450778, 0.664076, -0.165414, 0.001945, 14.407227, 17.321777, 255.493149
-0.001745, 0.146597, 1076.000000, -0.001745, 2000.000000, 1000.000000, 17.355667, 15.954787, 18.469315, 16.220230, 0.212050, 0.344772, 0.912492, 0.173085, 0.281419, 0.834240, 0.038965, 0.063353, 0.078252, -0.000000, -0.000000, -0.000000, -0.008726, 0.732984, -0.008726, -2.899980, 11.244642, -24.851097, -0.285663, 0.282714, -0.564886, 0.001876, 14.258789, 22.921753, 334.777802
-0.001745, 0.106457, 1075.000000, -0.001745, 2000.000000, 1000.000000, 17.425896, 16.982994, 17.162689, 16.428421, 0.072841, -0.204444, 0.294292, 0.059236, -0.166258, 0.268588, 0.013605, -0.038186, 0.025704, -0.000000, 0.000000, -0.000000, -0.008726, 0.532286, -0.008726, -2.843880, 12.767817, -25.765137, -0.103504, 0.798299, -0.187785, 0.001914, 14.329102, 20.599365, 302.124023
-0.010471, 0.008726, 1077.000000, 0.000000, 2000.000000, 1000.000000, 18.594816, 16.874254, 16.168386, 16.362543, -0.478679, -0.734535, 0.381601, -0.375494, -0.576196, 0.342397, -0.103186, -0.158339, 0.039204, 0.000000, 0.000000, -0.000000, -0.052356, 0.043630, 0.000000, 0.456310, 16.229662, -27.370445, 0.548434, 0.965544, -0.228264, 0.002290, 14.340820, 18.719482, 275.085449
-0.026178, -0.001745, 1077.000000, 0.000000, 2000.000000, 1000.000000, 17.300615, 16.210089, 17.289862, 17.199434, -0.250025, 0.244648, 0.295238, -0.194881, 0.190690, 0.264100, -0.055144, 0.053958, 0.031137, 0.000000, -0.000000, -0.000000, -0.130890, -0.008726, 0.000000, 1.902481, 16.536917, -28.342432, 0.180920, -0.313830, -0.176067, 0.002358, 14.364258, 18.881226, 277.832031
-0.026178, -0.001745, 1077.000000, 0.000000, 2000.000000, 1000.000000, 16.166973, 16.137074, 18.488968, 17.206985, 0.313021, 0.847976, 0.327970, 0.245869, 0.666061, 0.294460, 0.067152, 0.181915, 0.033510, -0.000000, -0.000000, -0.000000, -0.130890, -0.008726, 0.000000, 0.296942, 14.848153, -28.429493, -0.524280, -1.074424, -0.196307, 0.002276, 14.301758, 22.000122, 322.326630
-0.029668, -0.001745, 1068.000000, 0.000000, 2000.000000, 1000.000000, 15.675951, 15.818174, 16.912855, 15.593019, 0.365515, 0.252937, 0.294403, 0.301540, 0.208666, 0.270492, 0.063975, 0.044271, 0.023911, -0.000000, -0.000000, -0.000000, -0.148342, -0.008726, 0.000000, -2.562083, 13.898907, -28.222374, -0.630806, -0.342592, -0.180328, 0.001768, 14.344727, 19.320679, 283.691406
-0.033159, -0.001745, 1063.000000, 0.003490, 2000.000000, 1000.000000, 17.381603, 16.003624, 15.269024, 15.345749, -0.363677, -0.692613, 0.325313, -0.295259, -0.562314, 0.296670, -0.068417, -0.130299, 0.028643, 0.000000, 0.000000, -0.000000, -0.165794, -0.008726, 0.017452, -2.495243, 14.844998, -28.730438, 0.306621, 0.890976, -0.180328, 0.001931, 14.458008, 16.000366, 236.877426
-0.034904, -0.001745, 1066.000000, 0.047120, 2000.000000, 1000.000000, 17.617830, 15.334558, 15.322474, 15.725137, -0.671484, -0.476194, 0.470153, -0.524417, -0.371899, 0.420963, -0.147068, -0.104295, 0.049190, 0.000000, 0.000000, -0.000000, -0.174520, -0.008726, 0.235602, 2.421521, 16.921169, -30.570236, 0.664547, 0.586313, -0.045040, 0.002337, 14.415039, 17.001343, 250.915512
-0.036649, -0.001745, 1066.000000, 0.059337, 2000.000000, 1000.000000, 16.223763, 14.049987, 18.203409, 15.522844, 0.126697, 0.863126, 1.213585, 0.097966, 0.667393, 1.081434, 0.028731, 0.195733, 0.132151, -0.000000, -0.000000, -0.000000, -0.183246, -0.008726, 0.296684, 2.202482, 16.137854, -30.497011, -0.339991, -1.076555, -0.424272, 0.002444, 14.356445, 18.679810, 274.902344
-0.036649, -0.001745, 1065.000000, 0.048866, 2000.000000, 1000.000000, 14.563824, 15.096004, 17.800549, 16.539621, 0.448277, 1.170086, 0.182187, 0.368940, 0.963002, 0.167205, 0.079337, 0.207084, 0.014982, -0.000000, -0.000000, 0.000000, -0.183246, -0.008726, 0.244328, -1.743298, 13.785715, -30.366943, -0.773551, -1.549529, 0.132858, 0.001792, 14.348633, 19.158936, 277.587891
-0.034904, -0.001745, 1057.000000, 0.005236, 2000.000000, 1000.000000, 14.449539, 15.137161, 14.666279, 15.747021, -0.098279, 0.206650, -0.442091, -0.078340, 0.164724, -0.399703, -0.019939, 0.041926, -0.042388, 0.000000, -0.000000, 0.000000, -0.174520, -0.008726, 0.026178, -4.163023, 12.159866, -28.911783, -0.049176, -0.272285, 0.292647, 0.002121, 14.407227, 17.080688, 251.831039
-0.036649, -0.001745, 1050.000000, 0.001745, 2000.000000, 1000.000000, 16.795315, 14.670888, 13.512700, 15.021096, -0.908206, -0.733102, 0.154008, -0.712296, -0.574964, 0.138173, -0.195910, -0.158138, 0.015835, 0.000000, 0.000000, -0.000000, -0.183246, -0.008726, 0.008726, -0.444166, 12.842956, -29.524315, 0.956428, 0.911216, -0.083389, 0.002292, 14.528320, 15.481567, 230.102524
-0.034904, -0.001745, 1046.000000, 0.020942, 2000.000000, 1000.000000, 14.704341, 13.422614, 13.864766, 14.008279, -0.356310, -0.063478, 0.284554, -0.278742, -0.049659, 0.254988, -0.077568, -0.013819, 0.029566, 0.000000, 0.000000, -0.000000, -0.174520, -0.008726, 0.104712, 1.939693, 13.142102, -30.307384, 0.271467, 0.070728, -0.065280, 0.002319, 14.602539, 10.800171, 161.376938
-0.034904, -0.001745, 1038.000000, 0.061082, 2000.000000, 1000.000000, 12.270347, 12.248008, 14.467933, 13.013713, 0.357970, 0.740822, 0.369140, 0.294500, 0.609470, 0.338722, 0.063471, 0.131353, 0.030417, -0.000000, -0.000000, -0.000000, -0.174520, -0.008726, 0.305410, 0.574707, 12.264573, -29.943710, -0.645720, -0.983877, 0.079595, 0.001796, 14.555664, 13.601685, 202.575668
-0.034904, -0.001745, 1000.000000, 0.111693, 2000.000000, 1000.000000, 9.600883, 8.901879, 11.615216, 9.882022, 0.258547, 0.748619, 0.608049, 0.258547, 0.748619, 0.608049, 0.000000, 0.000000, 0.000000, -0.000000, -0.000000, -0.000000, -0.174520, -0.008726, 0.558464, -2.872797, 10.251307, -28.892233, -0.588196, -1.206516, 0.153098, 0.001827, 18.407227, 0.000000, 4.516602
-0.034904, -0.001745, 1000.000000, 0.120419, 2000.000000, 1000.000000, 10.915076, 9.189567, 9.741626, 10.153731, -0.534404, -0.052322, 0.328351, -0.534404, -0.052322, 0.328351, 0.000000, 0.000000, 0.000000, 0.000000, 0.000000, 0.000000, -0.174520, -0.008726, 0.602094, -3.942761, 8.157117, -27.436501, 0.680526, 0.074989, 0.383193, 0.002306, 14.856445, 2.038574, 31.005857
-0.033159, -0.001745, 1000.000000, 0.127400, 2000.000000, 1000.000000, 11.649336, 8.975952, 9.450829, 9.923883, -0.786609, -0.312644, 0.550083, -0.786609, -0.312644, 0.550083, 0.000000, 0.000000, 0.000000, 0.000000, 0.000000, -0.000000, -0.165794, -0.008726, 0.636998, -1.151016, 7.837018, -26.960878, 1.092781, 0.491505, 0.270276, 0.002312, 14.790039, 3.921509, 59.387203
-0.034904, -0.001745, 1000.000000, 0.132635, 2000.000000, 1000.000000, 11.222814, 9.157466, 9.629916, 9.989804, -0.606309, -0.190139, 0.426365, -0.606309, -0.190139, 0.426365, 0.000000, 0.000000, 0.000000, 0.000000, 0.000000, 0.000000, -0.174520, -0.008726, 0.663176, 1.698140, 7.713603, -26.532650, 0.795574, 0.295497, 0.378932, 0.002175, 14.786133, 4.119873, 62.377926
-0.034904, -0.001745, 1010.000000, 0.164049, 2000.000000, 1000.000000, 11.367248, 9.796966, 11.898082, 10.937705, -0.152476, 0.417894, 0.632664, -0.119619, 0.327842, 0.567692, -0.032857, 0.090052, 0.064972, 0.000000, -0.000000, 0.000000, -0.174520, -0.008726, 0.820244, 2.895782, 6.578905, -24.902731, 0.016870, -0.533273, 0.441783, 0.002289, 14.715820, 7.958984, 119.873039
-0.036649, -0.001745, 1054.000000, 0.169284, 2000.000000, 1000.000000, 14.743295, 14.008935, 15.989655, 15.258115, -0.000705, 0.623885, 0.366475, -0.000571, 0.504941, 0.333720, -0.000134, 0.118944, 0.032755, -0.000000, -0.000000, 0.000000, -0.183246, -0.008726, 0.846422, 1.831365, 4.882967, -23.411644, -0.182333, -0.816632, 0.623942, 0.001963, 14.274414, 21.600342, 316.101074
-0.034904, -0.001745, 1060.000000, 0.132635, 2000.000000, 1000.000000, 16.156515, 15.414874, 16.044682, 16.383928, -0.270222, 0.214305, 0.100599, -0.222816, 0.176709, 0.092407, -0.047406, 0.037597, 0.008192, 0.000000, -0.000000, 0.000000, -0.174520, -0.008726, 0.663176, 1.137801, 3.440004, -21.617188, 0.181985, -0.291460, 0.601571, 0.001773, 14.141602, 31.640625, 457.092255
-0.036649, -0.001745, 1059.000000, 0.089005, 2000.000000, 1000.000000, 16.400457, 14.029840, 14.152705, 15.416999, -0.908728, -0.215148, 0.276581, -0.710299, -0.168169, 0.247744, -0.198429, -0.046980, 0.028837, 0.000000, 0.000000, 0.000000, -0.183246, -0.008726, 0.445026, 3.743937, 3.122991, -19.563210, 0.953232, 0.260344, 0.279863, 0.002328, 14.579102, 10.321045, 153.991699
-0.036649, -0.001745, 1060.000000, 0.071553, 2000.000000, 1000.000000, 16.373264, 15.244803, 15.341849, 17.040081, -0.706673, 0.190965, -0.142442, -0.582468, 0.157401, -0.130819, -0.124205, 0.033564, -0.011623, 0.000000, -0.000000, 0.000000, -0.183246, -0.008726, 0.357766, 5.901429, 2.537978, -18.596666, 0.748702, -0.260567, 0.444978, 0.001777, 14.497070, 13.040161, 193.481430
-0.034904, -0.001745, 1059.000000, 0.047120, 2000.000000, 1000.000000, 13.916116, 14.465434, 15.096671, 16.521778, -0.218948, 0.809225, -0.493606, -0.173548, 0.641427, -0.445091, -0.045400, 0.167797, -0.048515, 0.000000, -0.000000, 0.000000, -0.174520, -0.008726, 0.235602, 6.430184, 0.449893, -17.271084, 0.103156, -1.035010, 0.532329, 0.002180, 14.543945, 12.561035, 187.011703
-0.033159, -0.001745, 1057.000000, 0.024433, 2000.000000, 1000.000000, 13.885658, 14.774139, 15.420048, 15.920155, 0.097093, 0.670101, -0.347147, 0.076250, 0.526246, -0.311650, 0.020844, 0.143855, -0.035497, -0.000000, -0.000000, 0.000000, -0.165794, -0.008726, 0.122164, 4.225733, -3.765100, -15.586067, -0.287793, -0.850720, 0.329931, 0.002278, 14.504883, 13.439941, 199.707016
-0.034904, -0.001745, 1056.000000, 0.008726, 2000.000000, 1000.000000, 15.073885, 15.236263, 14.424166, 15.265686, -0.169785, -0.155075, -0.250975, -0.138927, -0.126890, -0.229715, -0.030858, -0.028185, -0.021260, 0.000000, 0.000000, 0.000000, -0.174520, -0.008726, 0.043630, 3.626296, -4.477850, -14.941568, 0.047763, 0.194298, 0.196773, 0.001851, 14.438477, 15.921021, 235.412582
-0.034904, -0.001745, 1054.000000, 0.003490, 2000.000000, 1000.000000, 15.608345, 15.177452, 13.947397, 15.266806, -0.437575, -0.392898, -0.222129, -0.352644, -0.316639, -0.201871, -0.084931, -0.076259, -0.020258, 0.000000, 0.000000, 0.000000, -0.174520, -0.008726, 0.017452, 4.700445, -3.402833, -14.423281, 0.389711, 0.497896, 0.152033, 0.002007, 14.516602, 13.040161, 193.786606
-0.034904, -0.001745, 1054.000000, 0.001745, 2000.000000, 1000.000000, 14.430003, 14.028218, 15.098504, 16.443275, -0.436638, 0.770890, -0.235746, -0.343323, 0.606141, -0.211764, -0.093315, 0.164749, -0.023982, 0.000000, -0.000000, 0.000000, -0.174520, -0.008726, 0.008726, 6.268656, -4.521530, -13.836189, 0.374797, -0.978551, 0.149902, 0.002265, 14.489258, 14.199829, 210.693344
-0.034904, -0.001745, 1054.000000, 0.000000, 2000.000000, 1000.000000, 13.703420, 13.938127, 15.785314, 16.573141, -0.138279, 1.179227, -0.255634, -0.113627, 0.968994, -0.234440, -0.024653, 0.210233, -0.021193, 0.000000, -0.000000, 0.000000, -0.174520, -0.008726, 0.000000, 5.762542, -8.139760, -13.498393, 0.007283, -1.559116, 0.156294, 0.001808, 14.481445, 15.280151, 226.318344
-0.036649, -0.001745, 1053.000000, 0.000000, 2000.000000, 1000.000000, 14.471521, 15.298124, 15.173096, 15.057259, 0.235610, 0.115178, -0.177691, 0.188512, 0.092154, -0.160938, 0.047098, 0.023024, -0.016754, -0.000000, -0.000000, 0.000000, -0.183246, -0.008726, 0.000000, 3.215321, -11.636031, -13.485700, -0.484866, -0.156172, 0.107292, 0.002082, 14.438477, 15.719604, 232.482895
-0.033159, -0.001745, 1053.000000, 0.000000, 2000.000000, 1000.000000, 15.443940, 15.404294, 14.173810, 14.977956, -0.210948, -0.424117, -0.191125, -0.166762, -0.335281, -0.172123, -0.044185, -0.088836, -0.019002, 0.000000, 0.000000, 0.000000, -0.165794, -0.008726, 0.000000, 2.733659, -10.605740, -13.348629, 0.101026, 0.527723, 0.114749, 0.002208, 14.469727, 14.999390, 222.290024
-0.033159, -0.001745, 1053.000000, -0.001745, 2000.000000, 1000.000000, 15.589068, 14.777566, 13.927207, 15.706159, -0.647613, -0.183317, -0.241862, -0.532945, -0.150858, -0.221963, -0.114668, -0.032459, -0.019899, 0.000000, 0.000000, 0.000000, -0.165794, -0.008726, -0.008726, 4.301774, -9.644458, -12.736254, 0.686918, 0.232647, 0.139249, 0.001793, 14.489258, 13.919067, 206.420883
-0.033159, -0.001745, 1053.000000, -0.001745, 2000.000000, 1000.000000, 14.387869, 13.826025, 15.102945, 16.683161, -0.535514, 0.893053, -0.254593, -0.419761, 0.700016, -0.228355, -0.115753, 0.193037, -0.026238, 0.000000, -0.000000, 0.000000, -0.165794, -0.008726, -0.008726, 6.986879, -12.554620, -11.784863, 0.505824, -1.128752, 0.143510, 0.002298, 14.528320, 12.481689, 185.607895
-0.033159, -0.001745, 1053.000000, -0.001745, 2000.000000, 1000.000000, 13.712238, 14.973032, 15.558670, 15.756060, 0.265851, 0.657365, -0.364546, 0.204746, 0.506273, -0.324228, 0.061104, 0.151092, -0.040318, -0.000000, -0.000000, 0.000000, -0.165794, -0.008726, -0.008726, 6.254016, -15.383076, -11.485635, -0.493388, -0.818762, 0.207426, 0.002487, 14.528320, 11.840820, 176.086411
-0.033159, -0.001745, 1053.000000, -0.001745, 2000.000000, 1000.000000, 14.424417, 16.168896, 14.869803, 14.536883, 0.519350, -0.296657, -0.352890, 0.428450, -0.244734, -0.324228, 0.090900, -0.051923, -0.028662, -0.000000, 0.000000, 0.000000, -0.165794, -0.008726, -0.008726, 4.003961, -15.461265, -11.541625, -0.851315, 0.382848, 0.207426, 0.001768, 14.481445, 14.041138, 208.190903
-0.033159, -0.001745, 1053.000000, -0.001745, 2000.000000, 1000.000000, 15.787478, 15.489367, 13.545699, 15.177455, -0.482466, -0.638423, -0.333411, -0.377151, -0.499064, -0.298662, -0.105316, -0.139359, -0.034749, 0.000000, 0.000000, 0.000000, -0.165794, -0.008726, -0.008726, 3.760308, -11.801621, -10.778124, 0.437647, 0.789777, 0.190382, 0.002327, 14.524414, 11.801147, 175.598129
-0.034904, -0.001745, 1053.000000, -0.001745, 2000.000000, 1000.000000, 15.449045, 14.071012, 13.961277, 16.518665, -0.983855, 0.239971, -0.294839, -0.765432, 0.186695, -0.263508, -0.218424, 0.053275, -0.031331, 0.000000, -0.000000, 0.000000, -0.174520, -0.008726, -0.008726, 6.147800, -11.605299, -9.816894, 1.050170, -0.307439, 0.166946, 0.002378, 14.458008, 14.401245, 213.317856
-0.036649, 0.015707, 1053.000000, -0.001745, 2000.000000, 1000.000000, 14.354332, 14.174726, 14.991734, 16.479208, -0.416770, 0.735471, -0.326968, -0.343451, 0.606084, -0.300260, -0.073320, 0.129387, -0.026708, 0.000000, -0.000000, 0.000000, -0.183246, 0.078534, -0.008726, 8.043372, -13.780876, -9.031708, 0.366275, -0.891200, 0.191447, 0.001779, 14.512695, 12.521362, 186.218246
-0.001745, 0.162304, 1053.000000, -0.001745, 2000.000000, 1000.000000, 13.767113, 15.634560, 16.400394, 14.197933, 1.017478, 0.299163, 0.083754, 0.800256, 0.235295, 0.075244, 0.217221, 0.063868, 0.008510, -0.000000, 0.000000, -0.000000, -0.008726, 0.811518, -0.008726, 5.485144, -15.167204, -8.788644, -1.289136, 0.435046, -0.058888, 0.002262, 14.489258, 13.800049, 204.589828
-0.005236, 0.167539, 1054.000000, -0.001745, 2000.000000, 1000.000000, 14.841009, 16.641272, 14.843655, 13.674063, 0.742464, -0.741141, -0.157668, 0.587615, -0.586568, -0.142069, 0.154848, -0.154573, -0.015599, -0.000000, 0.000000, 0.000000, -0.026178, 0.837696, -0.008726, 2.743522, -11.489626, -9.333038, -0.966362, 1.776205, 0.085987, 0.002196, 14.461914, 14.199829, 210.388168
-0.012216, 0.167539, 1054.000000, -0.001745, 2000.000000, 1000.000000, 15.968159, 15.894190, 13.635502, 14.502150, -0.235154, -0.931174, -0.198170, -0.193862, -0.767662, -0.182016, -0.041293, -0.163512, -0.016154, 0.000000, 0.000000, 0.000000, -0.061082, 0.837696, -0.008726, 2.684294, -5.935177, -9.080056, 0.249097, 2.065955, 0.112618, 0.001775, 14.469727, 13.641357, 206.787094
-0.031414, 0.167539, 1054.000000, -0.001745, 2000.000000, 1000.000000, 15.321621, 13.802292, 14.397551, 16.478535, -0.900079, 0.438043, -0.140414, -0.707253, 0.344200, -0.126090, -0.192826, 0.093843, -0.014324, 0.000000, -0.000000, 0.000000, -0.157068, 0.837696, -0.008726, 7.320944, -1.230368, -8.527562, 0.974537, 0.286975, 0.075334, 0.002272, 14.450195, 15.359497, 227.294907
-0.027923, 0.174520, 1054.000000, -0.001745, 2000.000000, 1000.000000, 13.511758, 14.302878, 16.031271, 16.154093, 0.167075, 1.092681, -0.228486, 0.134555, 0.880002, -0.207582, 0.032519, 0.212679, -0.020904, -0.000000, -0.000000, 0.000000, -0.139616, 0.872600, -0.008726, 8.070843, -2.148786, -8.193722, -0.354904, -0.535404, 0.129662, 0.002014, 14.489258, 13.479614, 199.890121
-0.027923, 0.172775, 1054.000000, -0.001745, 2000.000000, 1000.000000, 13.977539, 15.434673, 16.438610, 14.149178, 0.936641, 0.293894, 0.208074, 0.765055, 0.240055, 0.190292, 0.171586, 0.053839, 0.017783, -0.000000, 0.000000, -0.000000, -0.139616, 0.863874, -0.008726, 5.314396, -2.187723, -8.451374, -1.363704, 0.479787, -0.135587, 0.001869, 14.415039, 17.440796, 257.202148
-0.010471, 0.167539, 1054.000000, -0.001745, 2000.000000, 1000.000000, 16.220840, 16.097738, 13.886852, 13.794569, -0.007705, -1.159290, 0.053847, -0.005983, -0.900154, 0.048080, -0.001722, -0.259136, 0.005767, -0.000000, 0.000000, -0.000000, -0.052356, 0.837696, -0.008726, 2.733459, 4.952502, -8.607699, -0.042784, 2.277942, -0.040779, 0.002399, 14.461914, 14.160156, 209.716782
-0.008726, 0.167539, 1054.000000, -0.001745, 2000.000000, 1000.000000, 16.521561, 14.462834, 13.832463, 15.183141, -0.852352, -0.492198, 0.177012, -0.692946, -0.400148, 0.161530, -0.159405, -0.092050, 0.015483, 0.000000, 0.000000, -0.000000, -0.043630, 0.837696, -0.008726, 5.282921, 10.021840, -9.202539, 1.065084, 1.477933, -0.116412, 0.001917, 14.520508, 12.039185, 179.016098
-0.008726, 0.167539, 1054.000000, -0.001745, 2000.000000, 1000.000000, 15.179556, 13.241463, 15.404970, 16.174011, -0.676784, 0.789490, 0.292263, -0.544476, 0.635149, 0.265392, -0.132308, 0.154341, 0.026871, 0.000000, -0.000000, -0.000000, -0.043630, 0.837696, -0.008726, 8.708496, 11.090078, -10.252096, 0.827532, -0.178542, -0.185654, 0.002025, 14.461914, 14.120483, 208.984360
-0.008726, 0.157068, 1054.000000, -0.001745, 2000.000000, 1000.000000, 13.819875, 14.457683, 16.945484, 14.776958, 0.701584, 0.861222, 0.382680, 0.546082, 0.670337, 0.342091, 0.155502, 0.190885, 0.040589, -0.000000, -0.000000, -0.000000, -0.043630, 0.785340, -0.008726, 7.771377, 8.758875, -10.889191, -0.917361, -0.287199, -0.236787, 0.002373, 14.465820, 14.001465, 207.397446
-0.005236, 0.116928, 1054.000000, -0.001745, 2000.000000, 1000.000000, 15.275747, 15.423923, 15.915188, 13.385143, 0.669554, -0.349834, 0.595467, 0.541010, -0.282672, 0.541827, 0.128544, -0.067163, 0.053641, -0.000000, 0.000000, -0.000000, -0.026178, 0.584642, -0.008726, 5.304379, 10.379291, -11.275243, -0.891794, 1.036917, -0.369944, 0.001980, 14.387695, 16.241455, 239.501938
-0.038394, 0.000000, 1054.000000, -0.001745, 2000.000000, 1000.000000, 17.144951, 15.167171, 14.113403, 13.574476, -0.359712, -1.156061, 0.629176, -0.290315, -0.933029, 0.572186, -0.069397, -0.223031, 0.056990, 0.000000, 0.000000, -0.000000, -0.191972, 0.000000, -0.008726, 5.204744, 14.499022, -12.329849, 0.272532, 1.492847, -0.390184, 0.001992, 14.438477, 14.599609, 215.881332
-0.041885, 0.000000, 1054.000000, -0.001745, 2000.000000, 1000.000000, 15.745475, 12.422170, 16.070328, 15.762026, -0.753751, 0.916178, 0.907901, -0.596832, 0.725444, 0.818261, -0.156919, 0.190734, 0.089640, 0.000000, -0.000000, -0.000000, -0.209424, 0.000000, -0.008726, 8.802174, 14.992225, -14.667235, 0.745507, -1.160710, -0.554233, 0.002191, 14.516602, 11.801147, 175.476059
-0.040140, 0.000000, 1054.000000, -0.001745, 2000.000000, 1000.000000, 13.421165, 12.980825, 17.616261, 15.981749, 0.298543, 1.799004, 0.518713, 0.232199, 1.399219, 0.463530, 0.066344, 0.399785, 0.055183, -0.000000, -0.000000, -0.000000, -0.200698, 0.000000, -0.008726, 7.668561, 9.897065, -15.541917, -0.572217, -2.238751, -0.317746, 0.002381, 14.387695, 17.041016, 251.220688
-0.040140, 0.000000, 1054.000000, -0.001745, 2000.000000, 1000.000000, 13.176681, 14.963348, 17.815773, 14.044196, 1.389562, 0.929985, 0.496228, 1.135671, 0.760065, 0.453943, 0.253891, 0.169920, 0.042285, -0.000000, -0.000000, -0.000000, -0.200698, 0.000000, -0.008726, 2.401891, 5.944564, -15.702242, -2.017772, -1.216103, -0.311355, 0.001863, 14.422852, 15.759277, 232.727036
-0.036649, 0.000000, 1054.000000, -0.001745, 2000.000000, 1000.000000, 16.668365, 15.667719, 14.245587, 13.418330, -0.043348, -1.168041, 0.456976, -0.033860, -0.912390, 0.409202, -0.009488, -0.255652, 0.047774, -0.000000, 0.000000, -0.000000, -0.183246, 0.000000, -0.008726, -2.575168, 8.641196, -16.399050, -0.129070, 1.459824, -0.281527, 0.002335, 14.418945, 15.359497, 226.989731
-0.038394, 0.000000, 1054.000000, -0.001745, 2000.000000, 1000.000000, 16.937284, 14.543167, 13.779848, 14.739700, -0.838492, -0.740226, 0.358567, -0.691118, -0.610123, 0.329308, -0.147374, -0.130103, 0.029259, 0.000000, 0.000000, -0.000000, -0.191972, 0.000000, -0.008726, -0.080642, 11.842456, -17.488850, 0.913817, 0.976197, -0.228264, 0.001777, 14.387695, 12.799072, 189.697250
-0.036649, 0.000000, 1054.000000, -0.001745, 2000.000000, 1000.000000, 15.014811, 13.430485, 15.745090, 15.809613, -0.412213, 0.777352, 0.379950, -0.338790, 0.638892, 0.348482, -0.073423, 0.138461, 0.031468, 0.000000, -0.000000, -0.000000, -0.183246, 0.000000, -0.008726, 1.725660, 11.183433, -18.503704, 0.358818, -1.022227, -0.241048, 0.001806, 14.446289, 13.839722, 212.585434
-0.036649, 0.000000, 1054.000000, -0.001745, 2000.000000, 1000.000000, 13.449534, 13.709764, 17.267679, 15.573022, 0.488722, 1.420351, 0.358607, 0.382256, 1.110934, 0.321318, 0.106466, 0.309417, 0.037289, -0.000000, -0.000000, -0.000000, -0.183246, 0.000000, -0.008726, -2.145936, 4.662359, -18.798563, -0.794856, -1.777494, -0.222938, 0.002321, 14.438477, 13.681030, 202.209457
-0.038394, 0.000000, 1054.000000, -0.001745, 2000.000000, 1000.000000, 14.985711, 15.039330, 15.559157, 14.415801, 0.299244, -0.012520, 0.272434, 0.244977, -0.010250, 0.249413, 0.054267, -0.002271, 0.023021, -0.000000, 0.000000, -0.000000, -0.191972, 0.000000, -0.008726, -4.920651, 3.119255, -19.169374, -0.583935, 0.016400, -0.175002, 0.001846, 14.469727, 13.558960, 200.805649
-0.040140, 0.000000, 1054.000000, -0.001745, 2000.000000, 1000.000000, 17.052755, 15.072847, 13.719513, 14.154884, -0.603820, -1.062801, 0.386134, -0.474865, -0.835825, 0.346884, -0.128954, -0.226977, 0.039250, 0.000000, 0.000000, -0.000000, -0.200698, 0.000000, -0.008726, -3.286095, 7.407735, -20.205727, 0.559087, 1.337319, -0.239982, 0.002263, 14.387695, 15.640259, 230.529770
-0.040140, 0.000000, 1054.000000, -0.001745, 2000.000000, 1000.000000, 15.165926, 13.857023, 15.359701, 15.617350, -0.391638, 0.488526, 0.262813, -0.305090, 0.380567, 0.235032, -0.086548, 0.107959, 0.027781, 0.000000, -0.000000, -0.000000, -0.200698, 0.000000, -0.008726, -1.459684, 7.923368, -20.979519, 0.287446, -0.608907, -0.165414, 0.002364, 14.418945, 15.078735, 222.717270
-0.040140, 0.000000, 1054.000000, -0.001745, 2000.000000, 1000.000000, 13.136556, 13.275083, 17.148949, 16.439415, 0.212015, 1.794181, 0.142752, 0.174942, 1.480445, 0.131170, 0.037074, 0.313736, 0.011582, -0.000000, -0.000000, -0.000000, -0.200698, 0.000000, -0.008726, -3.330283, 3.799320, -21.131559, -0.480605, -2.368712, -0.096173, 0.001766, 14.442383, 14.080811, 208.312973
-0.038394, 0.000000, 1054.000000, -0.001745, 2000.000000, 1000.000000, 14.461198, 14.448121, 16.271954, 14.818727, 0.360038, 0.545341, 0.366576, 0.280263, 0.424509, 0.327710, 0.079774, 0.120832, 0.038866, -0.000000, -0.000000, -0.000000, -0.191972, 0.000000, -0.008726, -9.421711, -2.256738, -21.816154, -0.640394, -0.679214, -0.227199, 0.002372, 14.434570, 13.958740, 210.693344
-0.038394, 0.000000, 1054.000000, -0.001745, 2000.000000, 1000.000000, 16.588150, 15.372227, 13.935928, 14.103695, -0.345923, -0.980188, 0.262039, -0.278997, -0.790551, 0.238228, -0.066926, -0.189637, 0.023811, 0.000000, 0.000000, -0.000000, -0.191972, 0.000000, -0.008726, -9.467964, -0.863059, -22.355814, 0.254423, 1.264882, -0.167545, 0.001999, 14.387695, 16.040039, 236.389145
-0.038394, 0.000000, 1054.000000, -0.001745, 2000.000000, 1000.000000, 16.677498, 14.823955, 14.070952, 14.427594, -0.552546, -0.750727, 0.374225, -0.455430, -0.618778, 0.343689, -0.097116, -0.131948, 0.030537, 0.000000, 0.000000, -0.000000, -0.191972, 0.000000, -0.008726, -6.949844, 2.055198, -22.940691, 0.536716, 0.990045, -0.237852, 0.001777, 14.458008, 13.119507, 194.213852
-0.036649, 0.000000, 1054.000000, -0.001745, 2000.000000, 1000.000000, 13.846878, 13.006905, 17.001919, 16.144299, 0.004412, 1.573108, 0.424398, 0.003424, 1.220789, 0.378842, 0.000988, 0.352320, 0.045556, -0.000000, -0.000000, -0.000000, -0.183246, 0.000000, -0.008726, -7.167902, -0.433969, -24.055815, -0.188724, -1.953262, -0.261287, 0.002405, 14.418945, 15.161133, 223.999008
-0.036649, 0.000000, 1054.000000, -0.001745, 2000.000000, 1000.000000, 14.025597, 13.155745, 16.980122, 15.838537, 0.067933, 1.409330, 0.502859, 0.056021, 1.162199, 0.461932, 0.011912, 0.247130, 0.040927, -0.000000, -0.000000, -0.000000, -0.183246, 0.000000, -0.008726, -10.089693, -5.368423, -24.987587, -0.272880, -1.859519, -0.316681, 0.001772, 14.415039, 14.761353, 217.895493
-0.038394, 0.000000, 1054.000000, -0.001745, 2000.000000, 1000.000000, 15.869740, 14.498056, 15.039278, 14.592926, -0.231332, -0.183898, 0.454509, -0.190447, -0.151396, 0.417191, -0.040885, -0.032502, 0.037318, 0.000000, 0.000000, -0.000000, -0.191972, 0.000000, -0.008726, -11.285868, -7.290850, -26.006123, 0.112744, 0.242234, -0.286854, 0.001789, 14.426758, 14.920044, 220.520004
-0.040140, 0.000000, 1054.000000, -0.001745, 2000.000000, 1000.000000, 17.256945, 14.948598, 13.620809, 14.173650, -0.715297, -1.102771, 0.438876, -0.559420, -0.862456, 0.393223, -0.155877, -0.240315, 0.045653, 0.000000, 0.000000, -0.000000, -0.200698, 0.000000, -0.008726, -7.188223, -3.134083, -26.868340, 0.694374, 1.379930, -0.270875, 0.002322, 14.372070, 16.760254, 204.406723
-0.038394, 0.000000, 1054.000000, -0.001745, 2000.000000, 1000.000000, 14.930092, 13.832388, 15.583431, 15.654089, -0.292090, 0.618760, 0.256761, -0.239050, 0.506400, 0.235032, -0.053040, 0.112360, 0.021729, 0.000000, -0.000000, -0.000000, -0.191972, 0.000000, -0.008726, -5.824537, -2.984263, -27.339499, 0.190507, -0.810240, -0.165414, 0.001849, 14.399414, 15.319824, 225.830063
-0.040140, 0.000000, 1054.000000, -0.001745, 2000.000000, 1000.000000, 13.192667, 12.992741, 17.382650, 16.431942, 0.187696, 1.907296, 0.287659, 0.148310, 1.507077, 0.259001, 0.039385, 0.400219, 0.028658, -0.000000, -0.000000, -0.000000, -0.200698, 0.000000, -0.008726, -8.729064, -7.158360, -28.023405, -0.437995, -2.411323, -0.181393, 0.002213, 14.465820, 13.000488, 192.626938
-0.040140, 0.000000, 1054.000000, -0.001745, 2000.000000, 1000.000000, 15.900280, 13.966524, 14.941469, 15.191727, -0.546003, 0.066598, 0.420874, -0.423600, 0.051668, 0.375646, -0.122403, 0.014930, 0.045228, 0.000000, -0.000000, -0.000000, -0.200698, 0.000000, -0.008726, -12.072029, -12.684340, -29.601559, 0.477062, -0.082669, -0.259157, 0.002408, 14.485352, 12.121582, 175.720200
-0.040140, 0.000000, 1054.000000, -0.001745, 2000.000000, 1000.000000, 17.468599, 15.082339, 13.198628, 14.250434, -0.859516, -1.275468, 0.333614, -0.703230, -1.043550, 0.305339, -0.156286, -0.231919, 0.028274, 0.000000, 0.000000, -0.000000, -0.200698, 0.000000, -0.008726, -8.868782, -11.366561, -29.562254, 0.924470, 1.669680, -0.212286, 0.001852, 14.329102, 18.441772, 270.629883
-0.040140, 0.000000, 1054.000000, -0.001745, 2000.000000, 1000.000000, 15.769882, 14.640446, 15.009930, 14.579742, -0.174813, -0.205164, 0.389906, -0.138643, -0.162715, 0.351678, -0.036169, -0.042449, 0.038227, 0.000000, 0.000000, -0.000000, -0.200698, 0.000000, -0.008726, -3.899281, -7.580643, -29.709475, 0.021131, 0.260344, -0.243178, 0.002174, 14.485352, 11.999512, 177.978500
-0.040140, 0.000000, 1054.000000, -0.001745, 2000.000000, 1000.000000, 13.805723, 13.527002, 17.005493, 15.661782, 0.266248, 1.333637, 0.405609, 0.207565, 1.039695, 0.362863, 0.058683, 0.293943, 0.042745, -0.000000, -0.000000, -0.000000, -0.200698, 0.000000, -0.008726, -5.807596, -9.144825, -30.676649, -0.532803, -1.663512, -0.250635, 0.002356, 14.418945, 15.039062, 221.923813
-0.031414, 0.001745, 1054.000000, -0.001745, 2000.000000, 1000.000000, 13.733105, 13.585491, 16.740578, 15.940824, 0.163035, 1.340702, 0.236842, 0.134300, 1.104403, 0.217456, 0.028735, 0.236298, 0.019386, -0.000000, -0.000000, -0.000000, -0.157068, 0.008726, -0.008726, -9.807645, -12.815064, -31.963692, -0.371949, -1.758320, -0.153696, 0.001783, 14.485352, 11.999512, 177.917465
-0.033159, 0.010471, 1053.000000, -0.001745, 2000.000000, 1000.000000, 16.707769, 14.603013, 13.467174, 15.222043, -0.964906, -0.655392, 0.087472, -0.755983, -0.513485, 0.078440, -0.208923, -0.141907, 0.009032, 0.000000, 0.000000, -0.000000, -0.165794, 0.052356, -0.008726, -9.358370, -15.015626, -32.275269, 1.043779, 0.873932, -0.061019, 0.002303, 14.422852, 13.760376, 203.186020
-0.033159, 0.012216, 1053.000000, -0.001745, 2000.000000, 1000.000000, 16.979546, 14.950975, 13.418339, 14.651140, -0.815343, -0.965261, 0.198943, -0.632147, -0.748380, 0.177508, -0.183196, -0.216881, 0.021434, 0.000000, 0.000000, -0.000000, -0.165794, 0.061082, -0.008726, -5.012110, -13.772788, -31.432566, 0.845641, 1.258490, -0.127065, 0.002415, 14.395508, 15.280151, 225.402817
-0.029668, 0.033159, 1053.000000, 0.000000, 2000.000000, 1000.000000, 15.048615, 15.078482, 15.216688, 14.656216, 0.147585, -0.063548, 0.132651, 0.121778, -0.052436, 0.121888, 0.025807, -0.011112, 0.010763, -0.000000, 0.000000, -0.000000, -0.148342, 0.165794, 0.000000, -3.174730, -12.377093, -31.308878, -0.343187, 0.249691, -0.081259, 0.001766, 14.399414, 16.079712, 236.694321
-0.040140, 0.115183, 1053.000000, 0.000000, 2000.000000, 1000.000000, 13.426487, 13.805052, 16.859756, 15.908705, 0.332404, 1.384231, 0.143122, 0.260162, 1.083394, 0.128280, 0.072242, 0.300837, 0.014842, -0.000000, -0.000000, -0.000000, -0.200698, 0.575916, 0.000000, -7.517441, -13.252756, -32.531528, -0.616958, -1.157514, -0.085520, 0.002314, 14.438477, 13.400269, 198.181137
0.000000, 0.162304, 1053.000000, 0.000000, 2000.000000, 1000.000000, 14.914584, 13.610324, 15.775054, 15.700038, -0.307311, 0.737546, 0.344819, -0.237577, 0.570185, 0.307243, -0.069734, 0.167361, 0.037576, 0.000000, -0.000000, -0.000000, 0.000000, 0.811518, 0.000000, -8.769485, -14.763788, -33.319485, 0.380123, -0.100779, -0.204829, 0.002446, 14.481445, 11.840820, 175.476059
0.000000, 0.172775, 1053.000000, 0.000000, 2000.000000, 1000.000000, 16.630678, 14.446396, 14.007206, 14.915720, -0.773199, -0.538537, 0.318942, -0.637049, -0.443708, 0.292862, -0.136150, -0.094829, 0.026079, 0.000000, 0.000000, -0.000000, 0.000000, 0.863874, 0.000000, -5.698596, -14.019617, -33.160542, 1.019278, 1.573806, -0.195241, 0.001781, 14.422852, 14.041138, 207.397446
0.000000, 0.174520, 1053.000000, 0.000000, 2000.000000, 1000.000000, 16.630985, 15.034231, 14.157433, 14.177351, -0.404168, -0.832608, 0.394208, -0.316806, -0.652637, 0.353582, -0.087362, -0.179971, 0.040627, 0.000000, 0.000000, -0.000000, 0.000000, 0.872600, 0.000000, 1.888785, -8.393300, -32.326149, 0.506889, 1.916819, -0.235721, 0.002298, 14.434570, 13.879395, 205.017075
0.000000, 0.174520, 1052.000000, 0.000000, 2000.000000, 1000.000000, 15.134809, 14.437272, 15.655026, 14.772893, 0.046149, 0.213960, 0.394917, 0.036727, 0.170274, 0.356778, 0.009423, 0.043686, 0.038140, -0.000000, 0.000000, -0.000000, 0.000000, 0.872600, 0.000000, 4.061124, -5.727778, -32.745232, -0.058763, 0.600161, -0.237852, 0.002138, 14.438477, 13.641357, 201.721176
0.000000, 0.181501, 1052.000000, 0.000000, 2000.000000, 1000.000000, 14.301268, 13.827452, 16.305376, 15.565905, 0.066414, 0.935640, 0.303322, 0.054703, 0.770658, 0.278481, 0.011711, 0.164982, 0.024841, -0.000000, -0.000000, -0.000000, 0.000000, 0.907504, 0.000000, 3.789728, -5.532887, -33.316631, -0.087525, -0.325548, -0.185654, 0.001784, 14.430664, 14.080811, 208.129868
0.000000, 0.181501, 1053.000000, 0.000000, 2000.000000, 1000.000000, 15.776180, 14.473585, 14.886551, 14.863684, -0.319932, -0.124882, 0.331365, -0.251559, -0.098193, 0.297656, -0.068374, -0.026689, 0.033710, 0.000000, 0.000000, -0.000000, 0.000000, 0.907504, 0.000000, 4.853588, -5.220177, -34.001961, 0.402494, 1.064613, -0.198437, 0.002265, 14.403320, 14.920044, 220.092758
0.000000, 0.181501, 1050.000000, 0.000000, 2000.000000, 1000.000000, 16.607031, 15.086608, 14.362401, 13.943959, -0.275496, -0.846820, 0.484716, -0.216272, -0.664777, 0.435074, -0.059224, -0.182043, 0.049642, 0.000000, 0.000000, -0.000000, 0.000000, 0.907504, 0.000000, 8.200940, -2.167195, -34.434662, 0.346035, 1.971148, -0.290049, 0.002282, 14.403320, 14.999390, 221.191391
0.000000, 0.181501, 1051.000000, 0.000000, 2000.000000, 1000.000000, 16.019835, 14.945666, 14.920974, 14.113526, -0.066680, -0.482750, 0.470404, -0.054486, -0.394468, 0.430280, -0.012194, -0.088282, 0.040124, 0.000000, 0.000000, -0.000000, 0.000000, 0.907504, 0.000000, 11.445746, 1.686715, -35.161564, 0.087177, 1.538653, -0.286854, 0.001865, 14.426758, 14.160156, 209.228500
-0.003490, 0.181501, 1043.000000, 0.000000, 2000.000000, 1000.000000, 13.260962, 12.839931, 15.747969, 14.151138, 0.293950, 0.949554, 0.504465, 0.237539, 0.767329, 0.459042, 0.056411, 0.182225, 0.045422, -0.000000, -0.000000, -0.000000, -0.017452, 0.907504, 0.000000, 11.923667, 3.782466, -36.346546, -0.397515, -0.320222, -0.306028, 0.001979, 14.563477, 9.399414, 140.075684
-0.005236, 0.178010, 1034.000000, 0.000000, 2000.000000, 1000.000000, 12.463704, 11.825919, 14.649840, 13.060536, 0.237880, 0.855188, 0.556773, 0.186146, 0.669203, 0.498990, 0.051734, 0.185985, 0.057783, -0.000000, -0.000000, -0.000000, -0.026178, 0.890052, 0.000000, 10.525523, 3.453776, -37.114323, -0.324012, -0.180673, -0.332660, 0.002316, 14.508789, 10.919189, 162.231430
-0.005236, 0.174520, 1031.000000, 0.000000, 2000.000000, 1000.000000, 13.822188, 12.606799, 13.387641, 12.183372, -0.002779, -0.214494, 0.604915, -0.002271, -0.175269, 0.553318, -0.000508, -0.039225, 0.051597, 0.000000, 0.000000, -0.000000, -0.026178, 0.872600, 0.000000, 10.879240, 4.701327, -38.072987, -0.022544, 1.153030, -0.368878, 0.001865, 14.618164, 7.281494, 109.008781
-0.052356, 0.129145, 1032.000000, 0.000000, 2000.000000, 1000.000000, 14.778401, 13.162499, 12.229789, 11.829310, -0.303856, -0.970450, 0.504095, -0.238738, -0.762477, 0.452651, -0.065118, -0.207973, 0.051444, 0.000000, 0.000000, -0.000000, -0.261780, 0.645724, 0.000000, 16.258047, 10.073918, -40.220222, 0.120200, 1.865687, -0.301767, 0.002273, 14.586914, 8.480835, 126.586906
-0.061082, 0.101222, 1032.000000, 0.000000, 2000.000000, 1000.000000, 13.506841, 12.567954, 13.446336, 12.478869, 0.007145, -0.037397, 0.476588, 0.005634, -0.029489, 0.428683, 0.001511, -0.007909, 0.047905, -0.000000, 0.000000, -0.000000, -0.305410, 0.506108, 0.000000, 18.235235, 12.727740, -41.390995, -0.314425, 0.553290, -0.285788, 0.002235, 14.583008, 8.718872, 130.187988
-0.059337, 0.104712, 1032.000000, 0.000000, 2000.000000, 1000.000000, 11.999573, 11.789211, 14.884848, 13.326368, 0.337030, 1.105608, 0.442210, 0.278068, 0.912188, 0.406312, 0.058962, 0.193420, 0.035898, -0.000000, -0.000000, -0.000000, -0.296684, 0.523560, 0.000000, 16.629961, 13.079331, -41.766891, -0.741593, -0.935941, -0.270875, 0.001767, 14.563477, 8.520508, 127.075188
-0.059337, 0.109948, 1032.000000, 0.003490, 2000.000000, 1000.000000, 12.179684, 11.868084, 14.617403, 13.334829, 0.242744, 0.976116, 0.398543, 0.190184, 0.764766, 0.357389, 0.052559, 0.211351, 0.041153, -0.000000, -0.000000, -0.000000, -0.296684, 0.549738, 0.017452, 10.912109, 11.758533, -41.561897, -0.600979, -0.673887, -0.220808, 0.002303, 14.575195, 8.599854, 128.295898
-0.061082, 0.109948, 1032.000000, 0.017452, 2000.000000, 1000.000000, 13.940393, 12.517263, 13.176550, 12.365793, -0.153093, -0.228828, 0.558472, -0.122197, -0.182648, 0.505244, -0.030896, -0.046181, 0.053228, 0.000000, 0.000000, -0.000000, -0.305410, 0.549738, 0.087260, 10.505878, 12.591822, -42.081581, -0.109895, 0.841974, -0.249570, 0.002107, 14.563477, 9.201050, 137.207031
-0.059337, 0.095986, 1033.000000, 0.052356, 2000.000000, 1000.000000, 14.836418, 12.963242, 12.534172, 11.666168, -0.251293, -0.899829, 0.685295, -0.207290, -0.742262, 0.629606, -0.044003, -0.157567, 0.055689, 0.000000, 0.000000, -0.000000, -0.296684, 0.479930, 0.261780, 13.143603, 15.307834, -43.334538, 0.034980, 1.667549, -0.157957, 0.001769, 14.610352, 7.879639, 117.919914
-0.064572, 0.050611, 1041.000000, 0.059337, 2000.000000, 1000.000000, 14.283980, 13.602462, 14.671605, 13.441953, 0.137033, 0.056779, 0.477793, 0.107910, 0.044712, 0.429496, 0.029123, 0.012067, 0.048297, -0.000000, 0.000000, -0.000000, -0.322862, 0.253054, 0.296684, 16.004116, 19.479630, -44.288467, -0.495519, 0.181515, 0.010353, 0.002249, 14.454102, 12.960815, 191.894516
-0.064572, 0.038394, 1041.000000, 0.064572, 2000.000000, 1000.000000, 12.642654, 12.677496, 16.201488, 14.478361, 0.439492, 1.339925, 0.422071, 0.348925, 1.063804, 0.380879, 0.090567, 0.276121, 0.041192, -0.000000, -0.000000, -0.000000, -0.322862, 0.191972, 0.322862, 13.010422, 19.353416, -43.171108, -0.881142, -1.510115, 0.068942, 0.002163, 14.461914, 12.881470, 190.673813
-0.054101, 0.031414, 1041.000000, 0.082024, 2000.000000, 1000.000000, 12.820422, 12.350373, 16.307404, 14.521802, 0.328888, 1.414602, 0.563913, 0.267798, 1.151844, 0.514965, 0.061090, 0.262759, 0.048947, -0.000000, -0.000000, -0.000000, -0.270506, 0.157068, 0.410122, 7.897818, 17.309002, -41.335247, -0.698983, -1.685882, 0.066812, 0.001901, 14.497070, 11.840820, 175.720200
-0.048866, 0.029668, 1041.000000, 0.104712, 2000.000000, 1000.000000, 15.001651, 13.227851, 14.356061, 13.414437, -0.208044, -0.114751, 0.678856, -0.161917, -0.089309, 0.606826, -0.046127, -0.025442, 0.072030, 0.000000, 0.000000, -0.000000, -0.244328, 0.148342, 0.523560, 4.876076, 15.679492, -40.085682, 0.014740, 0.291236, 0.119010, 0.002374, 14.516602, 10.598755, 157.531738
-0.045375, 0.029668, 1041.000000, 0.116928, 2000.000000, 1000.000000, 15.025316, 13.865795, 14.200321, 12.908567, 0.033058, -0.445556, 0.612819, 0.026089, -0.351629, 0.551443, 0.006969, -0.093927, 0.061376, -0.000000, 0.000000, -0.000000, -0.226876, 0.148342, 0.584642, 5.857649, 17.101887, -39.877605, -0.268619, 0.710948, 0.217013, 0.002226, 14.524414, 9.799194, 145.812988
-0.045375, 0.029668, 1041.000000, 0.116928, 2000.000000, 1000.000000, 13.567904, 13.746340, 15.291903, 13.393854, 0.519121, 0.342878, 0.429903, 0.424229, 0.280202, 0.393252, 0.094892, 0.062676, 0.036651, -0.000000, -0.000000, 0.000000, -0.226876, 0.148342, 0.584642, 4.967901, 18.581259, -38.772728, -0.905643, -0.299982, 0.322474, 0.001864, 14.536133, 9.960938, 148.193359
-0.052356, 0.022688, 1044.000000, 0.104712, 2000.000000, 1000.000000, 12.286464, 12.682481, 16.788382, 14.242673, 0.735432, 1.515527, 0.537423, 0.572855, 1.180501, 0.480593, 0.162576, 0.335026, 0.056830, -0.000000, -0.000000, -0.000000, -0.261780, 0.113438, 0.523560, -2.559817, 17.470320, -35.193470, -1.178349, -1.775364, 0.203165, 0.002365, 14.493164, 12.039185, 178.710922
-0.061082, 0.013962, 1051.000000, 0.099476, 2000.000000, 1000.000000, 14.464375, 13.227232, 16.892975, 15.415419, 0.060103, 1.154196, 0.678675, 0.046913, 0.900899, 0.607506, 0.013190, 0.253297, 0.071169, -0.000000, -0.000000, -0.000000, -0.305410, 0.069808, 0.497382, -6.965473, 14.994752, -33.568146, -0.380471, -1.371631, 0.092378, 0.002343, 14.364258, 16.159058, 237.731918
-0.061082, 0.015707, 1057.000000, 0.094241, 2000.000000, 1000.000000, 16.665077, 13.312308, 14.782914, 15.239701, -0.952388, 0.011308, 0.723995, -0.747370, 0.008874, 0.649731, -0.205018, 0.002434, 0.074264, 0.000000, 0.000000, -0.000000, -0.305410, 0.078534, 0.471204, -6.835008, 12.041792, -33.305683, 0.890382, 0.064336, 0.038050, 0.002286, 14.395508, 14.678955, 216.430649
-0.062827, 0.020942, 1057.000000, 0.090750, 2000.000000, 1000.000000, 16.349188, 13.509372, 15.126197, 15.015244, -0.682216, 0.070721, 0.737692, -0.532448, 0.055195, 0.660304, -0.149767, 0.015525, 0.077388, 0.000000, -0.000000, -0.000000, -0.314136, 0.104712, 0.453752, -4.590498, 10.924868, -33.678787, 0.537781, 0.016400, 0.013549, 0.002344, 14.454102, 13.360596, 197.692856
-0.059337, 0.022688, 1057.000000, 0.092496, 2000.000000, 1000.000000, 14.990145, 13.807335, 16.527802, 14.674719, 0.167568, 0.601260, 0.758974, 0.138253, 0.496073, 0.697362, 0.029315, 0.105187, 0.061612, -0.000000, -0.000000, -0.000000, -0.296684, 0.113438, 0.462478, -5.008545, 10.087422, -33.677299, -0.517889, -0.680279, -0.002430, 0.001767, 14.434570, 13.119507, 193.908676
-0.050611, 0.034904, 1057.000000, 0.092496, 2000.000000, 1000.000000, 14.628491, 13.952743, 16.522110, 14.896655, 0.237427, 0.709383, 0.575301, 0.185495, 0.554223, 0.515203, 0.051931, 0.155160, 0.060098, -0.000000, -0.000000, -0.000000, -0.253054, 0.174520, 0.462478, -9.749957, 8.899511, -32.614594, -0.549847, -0.712237, 0.119010, 0.002333, 14.458008, 12.759399, 188.781723
-0.033159, 0.043630, 1057.000000, 0.094241, 2000.000000, 1000.000000, 16.228998, 13.290944, 14.877810, 15.602249, -0.915623, 0.240030, 0.553404, -0.727354, 0.190675, 0.499530, -0.188268, 0.049354, 0.053874, 0.000000, -0.000000, -0.000000, -0.165794, 0.218150, 0.471204, -9.823699, 7.774576, -32.241295, 0.997973, -0.086930, 0.138184, 0.002157, 14.375977, 15.960693, 234.924301
-0.034904, 0.048866, 1058.000000, 0.101222, 2000.000000, 1000.000000, 17.246098, 12.678098, 13.913508, 16.162296, -1.704197, 0.037903, 0.579803, -1.405918, 0.031269, 0.532711, -0.298279, 0.006634, 0.047092, 0.000000, 0.000000, -0.000000, -0.174520, 0.244328, 0.506108, -5.759329, 5.591312, -32.315872, 2.074948, 0.194298, 0.150967, 0.001768, 14.364258, 16.281128, 239.379868
-0.029668, 0.055846, 1057.000000, 0.120419, 2000.000000, 1000.000000, 15.428316, 13.533754, 15.673635, 15.364294, -0.396305, 0.518964, 0.550976, -0.308986, 0.404619, 0.492933, -0.087319, 0.114345, 0.058043, 0.000000, -0.000000, -0.000000, -0.148342, 0.279232, 0.602094, -0.410810, 2.027897, -31.801697, 0.346035, -0.368158, 0.273472, 0.002355, 14.438477, 13.601685, 200.988754
-0.026178, 0.062827, 1057.000000, 0.120419, 2000.000000, 1000.000000, 14.116454, 14.522906, 16.996477, 14.364161, 0.759692, 0.680319, 0.556466, 0.604062, 0.540949, 0.502520, 0.155631, 0.139370, 0.053946, -0.000000, -0.000000, -0.000000, -0.130890, 0.314136, 0.602094, -2.221719, 1.507727, -31.018803, -1.097389, -0.551383, 0.267080, 0.002147, 14.422852, 13.839722, 204.284653
-0.026178, 0.064572, 1057.000000, 0.118674, 2000.000000, 1000.000000, 14.703776, 14.353244, 16.400393, 14.542586, 0.376818, 0.471490, 0.552085, 0.308453, 0.385948, 0.505410, 0.068366, 0.085542, 0.046675, -0.000000, -0.000000, -0.000000, -0.130890, 0.322862, 0.593368, -5.160501, 1.759202, -30.276030, -0.624415, -0.294656, 0.256428, 0.001847, 14.454102, 12.759399, 188.781723
-0.027923, 0.062827, 1057.000000, 0.113438, 2000.000000, 1000.000000, 17.314953, 12.906323, 13.570451, 16.208275, -1.761613, -0.110639, 0.442702, -1.383437, -0.086887, 0.397434, -0.378176, -0.023751, 0.045268, 0.000000, 0.000000, 0.000000, -0.139616, 0.314136, 0.567190, -2.045485, 0.499349, -29.122795, 2.073883, 0.453155, 0.302234, 0.002278, 14.344727, 16.519165, 242.797836
-0.034904, 0.064572, 1057.000000, 0.095986, 2000.000000, 1000.000000, 16.819424, 13.002916, 13.674908, 16.502750, -1.661088, 0.088829, 0.247167, -1.303387, 0.069700, 0.221803, -0.357701, 0.019128, 0.025363, 0.000000, 0.000000, 0.000000, -0.174520, 0.322862, 0.479930, 3.635143, -1.473359, -28.246271, 1.910899, 0.211342, 0.332061, 0.002287, 14.422852, 14.239502, 210.205063
-0.059337, 0.068063, 1057.000000, 0.089005, 2000.000000, 1000.000000, 15.055813, 13.616552, 15.619686, 15.707949, -0.381881, 0.663818, 0.337750, -0.314481, 0.546658, 0.310061, -0.067400, 0.117160, 0.027688, 0.000000, -0.000000, 0.000000, -0.296684, 0.340314, 0.445026, 6.075471, -3.416379, -27.734850, 0.206486, -0.534339, 0.238318, 0.001786, 14.418945, 14.080811, 208.007797
-0.082024, 0.082024, 1057.000000, 0.087260, 2000.000000, 1000.000000, 13.744398, 14.922533, 16.482304, 14.850765, 0.702418, 0.666535, 0.113350, 0.554710, 0.526372, 0.102030, 0.147708, 0.140162, 0.011320, -0.000000, -0.000000, 0.000000, -0.410122, 0.410122, 0.436300, 1.141455, -4.331645, -26.615366, -1.297658, -0.432074, 0.368280, 0.002219, 14.465820, 11.199951, 165.832504
-0.108202, 0.087260, 1057.000000, 0.080279, 2000.000000, 1000.000000, 15.718863, 14.536249, 14.531137, 15.213751, -0.466307, -0.127556, 0.125000, -0.364655, -0.099750, 0.111992, -0.101651, -0.027806, 0.013008, 0.000000, 0.000000, 0.000000, -0.541012, 0.436300, 0.401396, -0.300674, -3.338134, -25.824596, 0.042437, 0.595900, 0.326735, 0.002323, 14.375977, 15.078735, 222.228989
-0.127400, 0.087260, 1057.000000, 0.066318, 2000.000000, 1000.000000, 17.013910, 13.885150, 13.166198, 15.934739, -1.474326, -0.449531, 0.090054, -1.204948, -0.367396, 0.082380, -0.269378, -0.082135, 0.007674, 0.000000, 0.000000, 0.000000, -0.636998, 0.436300, 0.331588, 2.886395, -1.959834, -24.834019, 1.290919, 1.024133, 0.276668, 0.001863, 14.442383, 12.438965, 184.020981
-0.130890, 0.092496, 1057.000000, 0.050611, 2000.000000, 1000.000000, 14.849980, 13.593488, 15.377872, 16.178659, -0.514320, 0.778266, 0.113926, -0.401599, 0.607697, 0.101998, -0.112721, 0.170568, 0.011929, 0.000000, -0.000000, 0.000000, -0.654450, 0.462478, 0.253054, 6.796843, -2.139642, -23.753328, -0.011892, -0.509838, 0.185056, 0.002339, 14.403320, 14.041138, 207.092270
-0.130890, 0.092496, 1059.000000, 0.045375, 2000.000000, 1000.000000, 13.271303, 14.350533, 16.932789, 15.445375, 0.641661, 1.189082, 0.102046, 0.502538, 0.931269, 0.091493, 0.139123, 0.257813, 0.010554, -0.000000, -0.000000, 0.000000, -0.654450, 0.462478, 0.226876, 3.720394, -3.425094, -23.509098, -1.458511, -1.027553, 0.165881, 0.002307, 14.415039, 13.760376, 203.186020
-0.130890, 0.090750, 1060.000000, 0.041885, 2000.000000, 1000.000000, 14.754924, 15.769045, 17.573433, 15.902598, 0.671239, 0.738016, 0.164178, 0.547146, 0.601578, 0.150003, 0.124093, 0.136438, 0.014175, -0.000000, -0.000000, 0.000000, -0.654450, 0.453752, 0.209424, -1.360569, -3.597842, -23.468676, -1.529884, -0.508772, 0.109422, 0.001890, 14.290039, 17.041016, 249.633774
-0.132635, 0.087260, 1071.000000, 0.033159, 2000.000000, 1000.000000, 18.201258, 15.865350, 16.099161, 17.834230, -1.017744, -0.033304, 0.150210, -0.789880, -0.025848, 0.134092, -0.227864, -0.007457, 0.016118, 0.000000, 0.000000, 0.000000, -0.663176, 0.436300, 0.165794, -3.144590, -2.499681, -23.115599, 0.600632, 0.477656, 0.076399, 0.002404, 14.122070, 23.681641, 342.590302
-0.132635, 0.087260, 1071.000000, 0.029668, 2000.000000, 1000.000000, 18.064671, 15.608224, 16.160049, 18.167057, -1.115864, 0.163553, 0.112360, -0.918376, 0.134607, 0.103120, -0.197488, 0.028946, 0.009240, 0.000000, -0.000000, 0.000000, -0.663176, 0.436300, 0.148342, -0.553908, -2.336204, -22.833437, 0.806226, 0.220929, 0.079595, 0.001792, 14.118164, 23.400879, 338.623016
-0.134380, 0.087260, 1071.000000, 0.027923, 2000.000000, 1000.000000, 16.561113, 15.882334, 17.844381, 17.712172, -0.136642, 0.778276, 0.202748, -0.112237, 0.639273, 0.185905, -0.024405, 0.139003, 0.016843, -0.000000, -0.000000, -0.000000, -0.671902, 0.436300, 0.139616, -0.453365, -3.163524, -22.675823, -0.492323, -0.586536, 0.015680, 0.001812, 14.215820, 20.361328, 296.325684
-0.132635, 0.089005, 1078.000000, 0.017452, 2000.000000, 1000.000000, 16.378740, 17.325453, 17.653913, 16.641893, 0.489684, 0.147904, 0.016326, 0.386564, 0.116758, 0.014693, 0.103120, 0.031146, 0.001633, -0.000000, 0.000000, 0.000000, -0.663176, 0.445026, 0.087260, -6.120173, -2.329831, -25.690371, -1.281679, 0.258213, 0.077464, 0.002223, 14.239258, 18.881226, 275.085449
-0.132635, 0.090750, 1077.000000, 0.013962, 2000.000000, 1000.000000, 17.772840, 16.903021, 15.381013, 17.943125, -0.857982, -0.337931, -0.423073, -0.707322, -0.278591, -0.388586, -0.150660, -0.059340, -0.034487, 0.000000, 0.000000, 0.000000, -0.663176, 0.453752, 0.069808, -6.447264, -0.069041, -24.828201, 0.468540, 0.899498, 0.328865, 0.001775, 14.200195, 20.800781, 302.429199
-0.130890, 0.092496, 1077.000000, 0.013962, 2000.000000, 1000.000000, 18.717335, 15.247174, 15.502250, 18.533241, -1.625288, 0.017746, 0.109792, -1.326376, 0.014482, 0.100367, -0.298912, 0.003264, 0.009424, 0.000000, 0.000000, -0.000000, -0.654450, 0.462478, 0.069808, -2.800087, 0.586505, -24.470608, 1.467751, 0.439307, 0.002896, 0.001878, 14.200195, 21.081543, 306.396484
-0.120419, 0.094241, 1056.000000, 0.017452, 2000.000000, 1000.000000, 13.966380, 13.538514, 16.565306, 15.929802, 0.051909, 1.247553, 0.265843, 0.041248, 0.991317, 0.239995, 0.010662, 0.256236, 0.025847, -0.000000, -0.000000, -0.000000, -0.602094, 0.471204, 0.087260, -1.084228, -1.874344, -24.900084, -0.668090, -1.114904, -0.072737, 0.002154, 14.536133, 6.521606, 96.984856
-0.120419, 0.095986, 1045.000000, 0.019197, 2000.000000, 1000.000000, 11.724795, 13.859033, 16.398821, 14.017350, 1.128927, 1.208086, 0.061808, 0.922748, 0.987450, 0.056544, 0.206179, 0.220636, 0.005264, -0.000000, -0.000000, 0.000000, -0.602094, 0.479930, 0.095986, -6.346444, -3.146003, -25.076752, -2.078491, -1.099990, 0.058290, 0.001862, 14.532227, 10.040283, 152.893066
-0.120419, 0.104712, 1046.000000, 0.020942, 2000.000000, 1000.000000, 13.545263, 14.242491, 14.705111, 13.507135, 0.473800, 0.106123, 0.125187, 0.374806, 0.083950, 0.112776, 0.098994, 0.022173, 0.012411, -0.000000, 0.000000, -0.000000, -0.602094, 0.523560, 0.104712, -11.344438, -2.076135, -25.213617, -1.201784, 0.389240, 0.029528, 0.002201, 14.481445, 11.361694, 168.395981
-0.120419, 0.122164, 1045.000000, 0.020942, 2000.000000, 1000.000000, 16.163624, 13.196526, 11.870766, 14.769085, -1.466354, -0.680074, 0.017194, -1.131202, -0.524635, 0.015305, -0.335152, -0.155439, 0.001889, 0.000000, 0.000000, 0.000000, -0.602094, 0.610820, 0.104712, -8.277107, 2.125812, -25.037758, 1.207829, 1.450237, 0.094509, 0.002469, 14.442383, 12.121582, 179.382309
-0.125654, 0.134380, 1044.000000, 0.019197, 2000.000000, 1000.000000, 14.719373, 12.697417, 13.362718, 15.220492, -0.969932, 0.291605, 0.041045, -0.784709, 0.235919, 0.037370, -0.185223, 0.055686, 0.003675, 0.000000, -0.000000, 0.000000, -0.628272, 0.671902, 0.095986, -4.654139, 3.177183, -25.015322, 0.627263, 0.294432, 0.071073, 0.001967, 14.473633, 10.641479, 157.714844
-0.127400, 0.137871, 1043.000000, 0.017452, 2000.000000, 1000.000000, 12.430741, 13.136752, 15.770932, 14.661574, 0.453842, 1.216253, 0.100837, 0.363644, 0.974530, 0.091392, 0.090198, 0.241723, 0.009445, -0.000000, -0.000000, -0.000000, -0.636998, 0.689354, 0.087260, -5.976719, 2.465500, -24.845482, -1.218829, -0.869895, 0.026332, 0.002067, 14.458008, 11.959839, 177.124008
-0.127400, 0.155323, 1044.000000, 0.038394, 2000.000000, 1000.000000, 13.250352, 13.705611, 15.268010, 13.776027, 0.486810, 0.522019, 0.259181, 0.381620, 0.409221, 0.232481, 0.105190, 0.112798, 0.026700, -0.000000, -0.000000, -0.000000, -0.636998, 0.776614, 0.191972, -13.041740, 2.786690, -24.467455, -1.247591, 0.121860, 0.036985, 0.002297, 14.473633, 10.559082, 156.494141
-0.125654, 0.164049, 1046.000000, 0.047120, 2000.000000, 1000.000000, 15.371926, 13.602357, 12.831445, 14.194272, -0.783099, -0.487142, 0.101685, -0.622258, -0.387088, 0.091799, -0.160841, -0.100054, 0.009887, 0.000000, 0.000000, 0.000000, -0.628272, 0.820244, 0.235602, -13.110801, 5.368174, -24.198095, 0.367340, 1.439584, 0.174403, 0.002154, 14.481445, 10.760498, 159.606934
-0.120419, 0.164049, 1047.000000, 0.047120, 2000.000000, 1000.000000, 15.946355, 13.288545, 12.284873, 14.480227, -1.213291, -0.617450, 0.115614, -1.000042, -0.508926, 0.106180, -0.213249, -0.108523, 0.009434, 0.000000, 0.000000, 0.000000, -0.602094, 0.820244, 0.235602, -9.022928, 8.588650, -24.253424, 0.997973, 1.634526, 0.164816, 0.001777, 14.415039, 13.000488, 191.894516
-0.094241, 0.172775, 1056.000000, 0.057592, 2000.000000, 1000.000000, 14.327033, 13.915278, 15.994899, 15.762790, -0.044911, 0.878844, 0.160966, -0.035403, 0.692789, 0.144766, -0.009508, 0.186055, 0.016199, -0.000000, -0.000000, 0.000000, -0.471204, 0.863874, 0.287958, -6.238254, 10.696014, -23.949488, -0.414559, -0.244588, 0.191447, 0.002238, 14.372070, 14.840698, 218.627914
-0.075044, 0.176265, 1061.000000, 0.059337, 2000.000000, 1000.000000, 14.288649, 15.035944, 17.825907, 16.849503, 0.430925, 1.337704, 0.057278, 0.352155, 1.093181, 0.052395, 0.078770, 0.244523, 0.004883, -0.000000, -0.000000, 0.000000, -0.375218, 0.881326, 0.296684, -8.816909, 9.862327, -22.834312, -0.938666, -0.867764, 0.261754, 0.001864, 14.239258, 20.721436, 302.001953
-0.038394, 0.174520, 1070.000000, 0.068063, 2000.000000, 1000.000000, 16.446943, 15.949705, 17.828333, 17.775019, -0.110981, 0.801676, 0.137638, -0.090579, 0.654301, 0.125829, -0.020402, 0.147375, 0.011809, -0.000000, -0.000000, 0.000000, -0.191972, 0.872600, 0.340314, -10.854383, 8.860446, -21.741274, -0.047045, -0.174281, 0.256428, 0.001877, 14.270508, 19.241333, 279.113770
-0.036649, 0.171030, 1070.000000, 0.068063, 2000.000000, 1000.000000, 18.743063, 15.699442, 15.523188, 18.034307, -1.388685, -0.221253, 0.133125, -1.089131, -0.173526, 0.119438, -0.299555, -0.047727, 0.013688, 0.000000, 0.000000, 0.000000, -0.183246, 0.855148, 0.340314, -6.628619, 9.984501, -21.401428, 1.559363, 1.132790, 0.260689, 0.002292, 14.208008, 20.159912, 293.395996
-0.036649, 0.165794, 1070.000000, 0.068063, 2000.000000, 1000.000000, 17.816494, 16.151451, 16.339394, 17.692661, -0.754577, 0.016027, 0.077943, -0.620418, 0.013177, 0.071501, -0.134159, 0.002849, 0.006442, 0.000000, 0.000000, 0.000000, -0.183246, 0.828970, 0.340314, -2.454238, 11.360116, -21.397320, 0.809422, 0.807886, 0.292647, 0.001802, 14.196289, 20.840454, 303.100586
-0.024433, 0.157068, 1070.000000, 0.066318, 2000.000000, 1000.000000, 15.650932, 16.198067, 18.831032, 17.319969, 0.514550, 1.075500, 0.240982, 0.405119, 0.846770, 0.216603, 0.109431, 0.228730, 0.024379, -0.000000, -0.000000, 0.000000, -0.122164, 0.785340, 0.331588, -3.204047, 11.760521, -20.212950, -0.770355, -0.569492, 0.187186, 0.002251, 14.192383, 20.599365, 299.316406
-0.017452, 0.137871, 1070.000000, 0.062827, 2000.000000, 1000.000000, 16.812576, 15.586548, 17.875568, 17.725307, -0.268942, 0.800437, 0.344073, -0.210889, 0.627656, 0.308669, -0.058053, 0.172781, 0.035404, 0.000000, -0.000000, -0.000000, -0.087260, 0.689354, 0.314136, -4.544693, 10.615264, -19.579914, 0.250162, -0.314895, 0.108357, 0.002294, 14.208008, 21.200562, 308.288574
-0.020942, 0.123909, 1070.000000, 0.034904, 2000.000000, 1000.000000, 18.456461, 15.650305, 15.523001, 18.370234, -1.413348, -0.053384, -0.010269, -1.159889, -0.043810, -0.009412, -0.253459, -0.009573, -0.000857, 0.000000, 0.000000, 0.000000, -0.104712, 0.619546, 0.174520, -1.600687, 10.204473, -19.680658, 1.751110, 0.689642, 0.180794, 0.001821, 14.208008, 20.120239, 326.110809
-0.048866, 0.064572, 1054.000000, 0.001745, 2000.000000, 1000.000000, 16.673677, 14.585557, 13.345870, 15.394895, -1.034286, -0.629618, 0.009774, -0.806398, -0.490892, 0.008744, -0.227888, -0.138726, 0.001030, 0.000000, 0.000000, 0.000000, -0.244328, 0.322862, 0.008726, 6.734928, 12.201283, -20.712664, 1.045909, 1.108289, 0.002896, 0.002355, 14.364258, 14.279175, 210.082993
-0.050611, 0.031414, 1049.000000, 0.001745, 2000.000000, 1000.000000, 13.944660, 13.995510, 14.360571, 13.699259, 0.178041, 0.029915, 0.152616, 0.138890, 0.023336, 0.136575, 0.039150, 0.006578, 0.016041, -0.000000, 0.000000, -0.000000, -0.253054, 0.157068, 0.008726, 7.896674, 13.544083, -21.083170, -0.475279, 0.119730, -0.082324, 0.002349, 14.594727, 5.358887, 80.078125
-0.048866, 0.031414, 1044.000000, 0.001745, 2000.000000, 1000.000000, 12.780224, 13.669954, 15.176071, 14.373751, 0.423013, 0.774911, -0.021852, 0.346743, 0.635194, -0.020018, 0.076270, 0.139717, -0.001835, -0.000000, -0.000000, 0.000000, -0.244328, 0.157068, 0.008726, 5.395877, 13.140489, -20.496378, -0.799117, -0.859242, 0.022071, 0.001833, 14.508789, 10.040283, 149.108887
-0.048866, 0.034904, 1043.000000, 0.001745, 2000.000000, 1000.000000, 14.643691, 12.631837, 13.528829, 15.195643, -0.919668, 0.362236, 0.086260, -0.722509, 0.284580, 0.077453, -0.197158, 0.077656, 0.008806, 0.000000, -0.000000, -0.000000, -0.244328, 0.174520, 0.008726, 4.110491, 10.229552, -20.270847, 0.911687, -0.280807, -0.042910, 0.002274, 14.442383, 12.399292, 183.288559
-0.048866, 0.027923, 1040.000000, 0.000000, 2000.000000, 1000.000000, 15.808625, 12.536016, 12.450389, 15.204970, -1.506797, -0.172321, 0.129507, -1.201210, -0.137373, 0.117095, -0.305588, -0.034948, 0.012412, 0.000000, 0.000000, -0.000000, -0.244328, 0.139616, 0.000000, 7.831882, 9.134482, -21.032726, 1.677607, 0.359413, -0.078063, 0.002120, 14.450195, 11.318970, 167.480453
-0.076789, 0.005236, 1039.000000, 0.000000, 2000.000000, 1000.000000, 14.483567, 12.012204, 11.938495, 13.565734, -1.024651, -0.247886, 0.211031, -0.844390, -0.204277, 0.193793, -0.180260, -0.043609, 0.017238, 0.000000, 0.000000, -0.000000, -0.383944, 0.026178, 0.000000, 11.688760, 8.902484, -21.902342, 0.967080, 0.353021, -0.129196, 0.001779, 14.625977, 5.041504, 75.500488
-0.075044, 0.003490, 1040.000000, 0.000000, 2000.000000, 1000.000000, 13.393647, 13.600892, 15.020621, 13.984839, 0.310757, 0.502730, 0.207134, 0.243632, 0.394137, 0.185804, 0.067125, 0.108593, 0.021330, -0.000000, -0.000000, -0.000000, -0.375218, 0.017452, 0.000000, 11.283144, 8.481892, -22.289534, -0.765029, -0.613168, -0.123869, 0.002296, 14.450195, 12.438965, 183.898911
-0.045375, 0.003490, 1039.000000, 0.000000, 2000.000000, 1000.000000, 12.340368, 12.499815, 14.006895, 13.152922, 0.253355, 0.579908, 0.173631, 0.206517, 0.472700, 0.158640, 0.046838, 0.107208, 0.014991, -0.000000, -0.000000, -0.000000, -0.226876, 0.017452, 0.000000, 8.614783, 7.531591, -22.250113, -0.557303, -0.738868, -0.105760, 0.001890, 14.391602, 14.480591, 213.317856
-0.036649, 0.001745, 1040.000000, 0.000000, 2000.000000, 1000.000000, 14.428071, 12.884519, 13.944367, 14.743043, -0.585557, 0.343705, 0.186219, -0.465955, 0.273503, 0.168227, -0.119601, 0.070203, 0.017992, 0.000000, -0.000000, -0.000000, -0.183246, 0.008726, 0.000000, 8.003586, 5.989175, -22.428423, 0.562282, -0.428878, -0.112151, 0.002139, 14.383789, 15.240479, 224.487289
-0.001745, -0.001745, 1039.000000, 0.000000, 2000.000000, 1000.000000, 14.432335, 11.267073, 12.159012, 14.141581, -1.286958, 0.150297, 0.295673, -1.000030, 0.116788, 0.264100, -0.286928, 0.033509, 0.031573, 0.000000, -0.000000, -0.000000, -0.008726, -0.008726, 0.000000, 12.529203, 2.972067, -23.336924, 1.591321, -0.195587, -0.176067, 0.002391, 14.520508, 9.280396, 138.000488
-0.001745, -0.001745, 1039.000000, -0.001745, 2000.000000, 1000.000000, 13.657516, 11.836406, 12.778960, 13.727118, -0.692317, 0.253040, 0.218238, -0.567269, 0.207335, 0.199879, -0.125049, 0.045705, 0.018359, 0.000000, -0.000000, -0.000000, -0.008726, -0.008726, -0.008726, 15.354064, 1.003434, -23.887732, 0.898904, -0.340462, -0.141979, 0.001837, 14.579102, 7.519531, 112.182610
-0.001745, -0.001745, 1040.000000, -0.001745, 2000.000000, 1000.000000, 13.779661, 13.158407, 14.790606, 14.271326, -0.025494, 0.530966, 0.285133, -0.019992, 0.416392, 0.255805, -0.005501, 0.114574, 0.029328, 0.000000, -0.000000, -0.000000, -0.008726, -0.008726, -0.008726, 15.709908, -1.506979, -24.505116, 0.023262, -0.674953, -0.179263, 0.002293, 14.442383, 11.999512, 177.429184
-0.001745, -0.001745, 1040.000000, -0.001745, 2000.000000, 1000.000000, 14.290153, 12.696145, 14.576045, 14.437657, -0.363905, 0.506851, 0.433099, -0.280315, 0.390426, 0.385234, -0.083590, 0.116425, 0.047865, 0.000000, -0.000000, -0.000000, -0.008726, -0.008726, -0.008726, 15.423184, -3.346971, -25.152527, 0.439778, -0.633408, -0.265548, 0.002485, 14.493164, 10.000610, 148.193359
-0.003490, -0.001745, 1040.000000, -0.001745, 2000.000000, 1000.000000, 14.817402, 12.516336, 13.837097, 14.829165, -0.823283, 0.333130, 0.327249, -0.678582, 0.274579, 0.300546, -0.144701, 0.058551, 0.026703, 0.000000, -0.000000, -0.000000, -0.017452, -0.008726, -0.008726, 16.691954, -5.513339, -25.716419, 1.068280, -0.448053, -0.209090, 0.001777, 14.497070, 10.000610, 148.376465
-0.003490, -0.001745, 1040.000000, -0.001745, 2000.000000, 1000.000000, 14.890805, 12.437495, 13.823451, 14.848248, -0.869527, 0.335849, 0.357128, -0.700553, 0.270584, 0.324514, -0.168973, 0.065265, 0.032614, 0.000000, -0.000000, -0.000000, -0.017452, -0.008726, -0.008726, 20.318890, -9.197945, -26.071762, 1.103433, -0.441661, -0.225069, 0.002010, 14.493164, 10.079956, 149.597168
-0.003490, -0.001745, 1040.000000, -0.001745, 2000.000000, 1000.000000, 14.347067, 12.530468, 14.374716, 14.747749, -0.547408, 0.561232, 0.360891, -0.426915, 0.437697, 0.322916, -0.120493, 0.123536, 0.037975, 0.000000, -0.000000, -0.000000, -0.017452, -0.008726, -0.008726, 21.665987, -11.690915, -26.446503, 0.665612, -0.709041, -0.224003, 0.002352, 14.465820, 10.839844, 160.583496
-0.003490, -0.001745, 1040.000000, -0.001745, 2000.000000, 1000.000000, 14.040852, 13.010389, 14.525816, 14.422943, -0.231897, 0.474380, 0.283334, -0.189230, 0.387097, 0.259001, -0.042667, 0.087283, 0.024333, 0.000000, -0.000000, -0.000000, -0.017452, -0.008726, -0.008726, 21.901207, -13.836112, -26.917255, 0.285315, -0.628081, -0.181393, 0.001879, 14.469727, 11.160278, 165.405258
-0.003490, -0.001745, 1040.000000, -0.001745, 2000.000000, 1000.000000, 14.163664, 13.281115, 14.792900, 13.762321, 0.037008, 0.277611, 0.478282, 0.029148, 0.218653, 0.429975, 0.007860, 0.058958, 0.048308, -0.000000, -0.000000, -0.000000, -0.017452, -0.008726, -0.008726, 21.072159, -15.722538, -28.007837, -0.064089, -0.358571, -0.295376, 0.002247, 14.473633, 10.800171, 160.095215
-0.034904, 0.000000, 1040.000000, -0.001745, 2000.000000, 1000.000000, 14.333785, 12.996007, 14.581025, 14.089183, -0.211484, 0.335104, 0.457405, -0.166224, 0.263388, 0.410800, -0.045259, 0.071715, 0.046605, 0.000000, -0.000000, -0.000000, -0.174520, 0.000000, -0.008726, 20.619963, -16.534645, -28.925114, 0.091438, -0.421421, -0.282593, 0.002269, 14.485352, 10.839844, 158.386230
-0.216405, 0.027923, 1040.000000, -0.001745, 2000.000000, 1000.000000, 14.812787, 11.848493, 14.086474, 15.252246, -1.032517, 0.669360, 0.449631, -0.834613, 0.541063, 0.409202, -0.197904, 0.128297, 0.040429, 0.000000, -0.000000, -0.000000, -1.082024, 0.139616, -0.008726, 20.255762, -18.199219, -29.790001, 0.253358, -0.726085, -0.281527, 0.001976, 14.458008, 12.078857, 178.894028
-0.349040, 0.045375, 1041.000000, -0.001745, 2000.000000, 1000.000000, 14.877380, 12.263449, 14.272295, 14.586876, -0.732128, 0.429586, 0.574838, -0.567999, 0.333281, 0.513065, -0.164129, 0.096305, 0.061773, 0.000000, -0.000000, -0.000000, -1.745200, 0.226876, -0.008726, 18.504742, -20.160410, -31.645962, -0.836401, -0.306373, -0.350769, 0.002408, 14.442383, 12.240601, 181.091293
-0.387434, 0.038394, 1041.000000, -0.001745, 2000.000000, 1000.000000, 14.661448, 13.722755, 14.562912, 13.052885, 0.142834, -0.192101, 0.612180, 0.112959, -0.151921, 0.551414, 0.029875, -0.040180, 0.060766, -0.000000, 0.000000, -0.000000, -1.937172, 0.191972, -0.008726, 14.999431, -17.750942, -33.786739, -2.117906, 0.435046, -0.376335, 0.002204, 14.477539, 11.120605, 164.794907
-0.356021, 0.027923, 1041.000000, -0.001745, 2000.000000, 1000.000000, 13.574829, 14.498962, 15.338673, 12.587536, 0.918818, -0.036895, 0.456751, 0.718455, -0.028850, 0.409202, 0.200363, -0.008046, 0.047549, -0.000000, 0.000000, -0.000000, -1.780104, 0.139616, -0.008726, 6.544230, -9.600967, -37.207310, -2.929632, 0.185776, -0.281527, 0.002324, 14.458008, 10.958862, 162.414536
-0.342059, 0.034904, 1041.000000, -0.001745, 2000.000000, 1000.000000, 13.654215, 13.316896, 15.336472, 13.692417, 0.326684, 0.514444, 0.495343, 0.258085, 0.406418, 0.445953, 0.068599, 0.108026, 0.049389, -0.000000, -0.000000, -0.000000, -1.710296, 0.174520, -0.008726, 0.855433, -5.748379, -38.767365, -2.123232, -0.475749, -0.306028, 0.002215, 14.481445, 10.919189, 161.926254
-0.338569, 0.033159, 1041.000000, -0.001745, 2000.000000, 1000.000000, 13.896589, 12.476189, 14.976730, 14.650492, -0.273541, 0.813611, 0.436660, -0.225686, 0.671274, 0.401213, -0.047855, 0.142337, 0.035447, -0.000000, -0.000000, -0.000000, -1.692844, 0.165794, -0.008726, -3.811618, -4.448860, -39.995163, -1.331746, -0.908244, -0.276201, 0.001767, 14.469727, 11.361694, 168.273911
-0.328098, 0.034904, 1041.000000, -0.001745, 2000.000000, 1000.000000, 14.000260, 12.678901, 14.877021, 14.443818, -0.222039, 0.660420, 0.438640, -0.182977, 0.544236, 0.402810, -0.039062, 0.116184, 0.035830, -0.000000, -0.000000, -0.000000, -1.640488, 0.174520, -0.008726, -7.973913, -3.910036, -41.034538, -1.347725, -0.696258, -0.277266, 0.001779, 14.508789, 9.478760, 140.930176
-0.247818, 0.026178, 1042.000000, -0.001745, 2000.000000, 1000.000000, 13.488771, 14.222937, 15.194164, 13.094128, 0.708551, 0.144146, 0.341468, 0.557914, 0.113501, 0.306937, 0.150637, 0.030645, 0.034530, -0.000000, -0.000000, -0.000000, -1.239092, 0.130890, -0.008726, -14.394152, -0.241618, -42.418205, -2.131754, -0.050712, -0.213351, 0.002250, 14.493164, 10.839844, 160.827621
-0.136126, -0.001745, 1043.000000, -0.001745, 2000.000000, 1000.000000, 13.477844, 15.080355, 14.798086, 12.643715, 0.939220, -0.279099, 0.137965, 0.769802, -0.228755, 0.126376, 0.169418, -0.050344, 0.011589, -0.000000, 0.000000, -0.000000, -0.680628, -0.008726, -0.008726, -18.186440, 3.993069, -42.717636, -1.912311, 0.357282, -0.092977, 0.001834, 14.461914, 11.480713, 169.982895
-0.006981, -0.001745, 1049.000000, -0.001745, 2000.000000, 1000.000000, 13.586270, 14.240516, 14.714875, 13.458339, 0.477696, 0.086607, 0.150573, 0.379763, 0.068851, 0.135963, 0.097933, 0.017755, 0.014609, -0.000000, -0.000000, -0.000000, -0.034904, -0.008726, -0.008726, -20.433832, 6.868095, -42.718990, -0.642524, -0.118888, -0.099368, 0.002149, 14.489258, 9.921265, 147.216797
-0.005236, -0.001745, 1057.000000, -0.001745, 2000.000000, 1000.000000, 15.093862, 12.573632, 15.284217, 17.048290, -1.071076, 1.166253, 0.189039, -0.839164, 0.913734, 0.169519, -0.231911, 0.252519, 0.019520, 0.000000, -0.000000, -0.000000, -0.026178, -0.008726, -0.008726, -21.297756, 2.803594, -43.134922, 1.316485, -1.470700, -0.121739, 0.002303, 14.352539, 15.200806, 223.388657
-0.008726, -0.001745, 1081.000000, -0.001745, 2000.000000, 1000.000000, 17.958570, 16.312433, 18.059233, 19.669764, -0.814168, 0.864498, 0.008901, -0.663652, 0.704677, 0.008133, -0.150516, 0.159821, 0.000769, 0.000000, -0.000000, -0.000000, -0.043630, -0.008726, -0.008726, -21.175417, -2.474012, -43.370792, 1.018213, -1.136209, -0.014148, 0.001890, 14.043945, 25.720215, 369.995087
-0.019197, -0.001745, 1130.000000, -0.001745, 2000.000000, 1000.000000, 23.134478, 24.065416, 23.359945, 21.440161, 0.712681, -0.599946, 0.247212, 0.578606, -0.487080, 0.225445, 0.134075, -0.112866, 0.021767, -0.000000, 0.000000, -0.000000, -0.095986, -0.008726, -0.008726, -21.322319, -2.404671, -43.605888, -1.021756, 0.770602, -0.159023, 0.001931, 13.200195, 56.759644, 767.639099
-0.019197, -0.001745, 1130.000000, -0.001745, 2000.000000, 1000.000000, 22.557352, 22.717749, 24.004854, 22.720045, 0.361302, 0.362450, 0.281103, 0.284329, 0.285232, 0.252609, 0.076973, 0.077218, 0.028494, -0.000000, -0.000000, -0.000000, -0.095986, -0.008726, -0.008726, -22.635286, -0.056810, -44.022430, -0.550912, -0.465097, -0.177132, 0.002256, 13.266602, 54.479980, 739.623962
-0.022688, -0.001745, 1130.000000, -0.001745, 2000.000000, 1000.000000, 23.237770, 20.027756, 23.654354, 25.080120, -1.158946, 1.367237, 0.446062, -0.944967, 1.114801, 0.407604, -0.213978, 0.252436, 0.038457, 0.000000, -0.000000, -0.000000, -0.113438, -0.008726, -0.008726, -24.254839, -3.494100, -44.681698, 1.398510, -1.792408, -0.280462, 0.001887, 13.325195, 52.160645, 700.622498
-0.033159, -0.001745, 1117.000000, -0.001745, 2000.000000, 1000.000000, 22.618975, 20.488218, 19.980200, 20.912607, -0.765791, -0.553596, 0.299587, -0.614836, -0.444470, 0.271784, -0.150955, -0.109126, 0.027803, 0.000000, 0.000000, -0.000000, -0.165794, -0.008726, -0.008726, -21.891943, -11.207528, -45.385513, 0.817944, 0.702426, -0.189915, 0.002046, 13.516602, 44.161987, 611.389160
-0.036649, -0.001745, 1068.000000, -0.001745, 2000.000000, 1000.000000, 16.484356, 17.804489, 16.437149, 13.274005, 1.120819, -1.144423, 0.460753, 0.867614, -0.885886, 0.410800, 0.253205, -0.258537, 0.049953, -0.000000, 0.000000, -0.000000, -0.183246, -0.008726, -0.008726, -20.171898, -7.825548, -45.609444, -1.571429, 1.408692, -0.282593, 0.002432, 14.969727, 0.000000, 0.000000
-0.027923, -0.001745, 1030.000000, -0.001745, 2000.000000, 1000.000000, 12.559821, 13.507655, 15.096696, 10.835828, 1.302175, -0.033738, 0.828259, 1.068653, -0.027688, 0.759139, 0.233522, -0.006050, 0.069120, -0.000000, 0.000000, -0.000000, -0.139616, -0.008726, -0.008726, -22.442299, -2.678312, -46.898609, -1.849461, 0.035574, -0.514819, 0.001821, 15.250977, 0.039673, 0.610352
-0.024433, -0.001745, 1000.000000, 0.000000, 2000.000000, 1000.000000, 11.271903, 7.888656, 10.052045, 10.787396, -1.029650, 0.419721, 0.661974, -1.029650, 0.419721, 0.661974, 0.000000, 0.000000, 0.000000, 0.000000, -0.000000, -0.000000, -0.122164, -0.008726, 0.000000, -24.474068, -3.676331, -49.280727, 1.525275, -0.680279, -0.441316, 0.002291, 16.790039, 0.000000, 0.671387
-0.026178, -0.001745, 1000.000000, 0.000000, 2000.000000, 1000.000000, 11.891745, 7.455235, 9.246849, 11.406172, -1.648958, 0.326511, 0.569297, -1.648958, 0.326511, 0.569297, 0.000000, 0.000000, 0.000000, 0.000000, -0.000000, -0.000000, -0.130890, -0.008726, 0.000000, -21.808187, -9.364743, -50.010799, 2.507443, -0.531143, -0.379531, 0.002307, 14.731445, 1.361084, 20.507811
-0.020942, -0.001745, 1000.000000, 0.000000, 2000.000000, 1000.000000, 11.569387, 8.041243, 9.620338, 10.769032, -1.169210, 0.194685, 0.594863, -1.169210, 0.194685, 0.594863, 0.000000, 0.000000, 0.000000, 0.000000, -0.000000, -0.000000, -0.104712, -0.008726, 0.000000, -18.790049, -14.727343, -50.456135, 1.766024, -0.320222, -0.396575, 0.001769, 14.692383, 2.239990, 33.691406
-0.022688, -0.001745, 1002.000000, 0.000000, 2000.000000, 1000.000000, 10.334349, 9.622490, 10.382402, 9.660759, 0.002446, 0.021580, 0.358376, 0.002446, 0.021580, 0.358376, 0.000000, 0.000000, 0.000000, -0.000000, -0.000000, -0.000000, -0.113438, -0.008726, 0.000000, -17.217964, -17.592876, -51.227654, -0.117352, -0.043255, -0.238917, 0.002161, 14.661133, 3.399658, 51.025387
-0.020942, 0.000000, 1004.000000, 0.000000, 2000.000000, 1000.000000, 9.915714, 10.176691, 10.654032, 9.253563, 0.415361, -0.046202, 0.284873, 0.415361, -0.046202, 0.284873, 0.000000, 0.000000, 0.000000, -0.000000, 0.000000, -0.000000, -0.104712, 0.000000, 0.000000, -18.125280, -16.459112, -52.066303, -0.769290, 0.073924, -0.189915, 0.002273, 14.653320, 3.759766, 56.396481
-0.033159, 0.000000, 1035.000000, 0.000000, 2000.000000, 1000.000000, 13.328437, 12.927276, 13.670899, 12.073388, 0.299088, -0.127856, 0.499668, 0.246691, -0.105457, 0.459042, 0.052397, -0.022399, 0.040625, -0.000000, 0.000000, -0.000000, -0.165794, 0.000000, 0.000000, -19.111511, -14.700167, -53.017826, -0.560499, 0.168732, -0.306028, 0.001770, 14.141602, 26.440430, 383.178680
-0.005236, 0.127400, 1039.000000, 0.000000, 2000.000000, 1000.000000, 13.474875, 12.024325, 12.992288, 13.508512, -0.491693, 0.250400, 0.233581, -0.386430, 0.196793, 0.209772, -0.105263, 0.053607, 0.023809, 0.000000, 0.000000, -0.000000, -0.026178, 0.636998, 0.000000, -18.330620, -14.042955, -53.757019, 0.592110, 0.322129, -0.139848, 0.002270, 14.497070, 10.281372, 152.282715
-0.003490, 0.186736, 1039.000000, 0.000000, 2000.000000, 1000.000000, 14.038370, 11.464895, 12.409704, 14.087030, -1.062700, 0.248367, 0.224037, -0.826387, 0.193138, 0.200185, -0.236314, 0.055230, 0.023852, 0.000000, 0.000000, -0.000000, -0.017452, 0.933682, 0.000000, -15.650030, -15.424866, -53.422039, 1.304767, 0.624662, -0.133457, 0.002383, 14.547852, 7.400513, 110.229485
-0.001745, 0.211169, 1041.000000, 0.000000, 2000.000000, 1000.000000, 15.299285, 13.344916, 12.881625, 14.474174, -0.886729, -0.322101, 0.090455, -0.709747, -0.257812, 0.081941, -0.176982, -0.064288, 0.008514, 0.000000, 0.000000, -0.000000, -0.008726, 1.055846, 0.000000, -8.524320, -17.354122, -51.855156, 1.126869, 1.468346, -0.054627, 0.002078, 14.336914, 16.079712, 236.083969
-0.001745, 0.218150, 1047.000000, 0.000000, 2000.000000, 1000.000000, 14.854101, 14.198580, 13.118559, 13.828760, -0.341431, -0.526340, -0.013670, -0.270994, -0.417757, -0.012334, -0.070437, -0.108583, -0.001336, 0.000000, 0.000000, 0.000000, -0.008726, 1.090750, 0.000000, -3.622527, -16.096128, -50.456444, 0.424864, 1.759161, 0.008223, 0.002166, 14.211914, 19.680786, 286.621094
-0.001745, 0.216405, 1063.000000, 0.000000, 2000.000000, 1000.000000, 16.099220, 16.358440, 15.707924, 15.834415, 0.033182, -0.228830, -0.096427, 0.026613, -0.183528, -0.087435, 0.006569, -0.045302, -0.008993, -0.000000, 0.000000, 0.000000, -0.008726, 1.082024, 0.000000, 0.057087, -13.344276, -49.398453, -0.051306, 1.375669, 0.058290, 0.002057, 14.118164, 23.959351, 346.435516
-0.001745, 0.207679, 1073.000000, 0.000000, 2000.000000, 1000.000000, 17.373375, 15.429924, 17.005318, 18.191383, -0.782380, 0.598351, 0.189346, -0.613208, 0.468971, 0.169825, -0.169172, 0.129380, 0.019521, 0.000000, -0.000000, -0.000000, -0.008726, 1.038394, 0.000000, 3.743258, -12.247818, -48.688305, 0.972407, 0.288040, -0.113217, 0.002299, 14.028320, 26.641846, 382.812469
-0.001745, 0.211169, 1072.000000, -0.001745, 2000.000000, 1000.000000, 18.711483, 14.080729, 17.686642, 17.521149, -1.116315, 0.603895, 1.199062, -0.914143, 0.494526, 1.097891, -0.202172, 0.109369, 0.101171, 0.000000, -0.000000, -0.000000, -0.008726, 1.055846, -0.008726, 6.403807, -14.548462, -48.559376, 1.453903, 0.264605, -0.740653, 0.001843, 14.219727, 18.798828, 273.803711
-0.001745, 0.211169, 1072.000000, -0.001745, 2000.000000, 1000.000000, 17.751719, 18.254011, 16.131517, 15.862753, 0.192765, -1.002865, -0.058382, 0.152446, -0.793104, -0.052587, 0.040319, -0.209760, -0.005795, -0.000000, 0.000000, 0.000000, -0.008726, 1.055846, -0.008726, 13.063375, -12.982378, -47.838470, -0.252640, 2.324813, 0.026332, 0.002204, 14.204102, 19.201660, 279.174805
-0.001745, 0.207679, 1072.000000, -0.001745, 2000.000000, 1000.000000, 17.402187, 18.553722, 17.275307, 14.768783, 0.914514, -0.977955, 0.338748, 0.716367, -0.766062, 0.303742, 0.198147, -0.211893, 0.035006, -0.000000, 0.000000, -0.000000, -0.008726, 1.038394, -0.008726, 16.496159, -6.858033, -47.423901, -1.154913, 2.264093, -0.211220, 0.002305, 14.200195, 19.400024, 281.677246
-0.001745, 0.181501, 1072.000000, -0.001745, 2000.000000, 1000.000000, 17.455166, 16.569992, 17.884857, 16.089985, 0.227424, -0.012578, 0.670011, 0.186401, -0.010310, 0.613732, 0.041023, -0.002269, 0.056279, -0.000000, 0.000000, -0.000000, -0.008726, 0.907504, -0.008726, 18.174654, -2.396450, -48.191509, -0.306968, 0.923999, -0.417880, 0.001834, 14.211914, 18.640137, 271.179199
-0.083770, 0.015707, 1071.000000, 0.000000, 2000.000000, 1000.000000, 20.866100, 13.384768, 17.356758, 16.392372, -1.629237, -0.125435, 2.111430, -1.311616, -0.100981, 1.917913, -0.317621, -0.024454, 0.193517, 0.000000, 0.000000, -0.000000, -0.418848, 0.078534, 0.000000, 21.110283, -4.509631, -50.903179, 1.679738, 0.240104, -1.278609, 0.002018, 14.004883, 27.639771, 396.484344
-0.076789, -0.001745, 1069.000000, 0.000000, 2000.000000, 1000.000000, 17.687923, 15.498409, 14.402447, 16.411221, -1.049572, -0.593166, 0.045185, -0.817093, -0.461780, 0.040396, -0.232479, -0.131386, 0.004789, 0.000000, 0.000000, -0.000000, -0.383944, -0.008726, 0.000000, 24.852793, -6.749951, -51.878845, 0.923405, 0.730122, -0.026931, 0.002371, 14.204102, 19.879150, 288.879395
-0.076789, -0.001745, 1063.000000, 0.000000, 2000.000000, 1000.000000, 15.782423, 16.639797, 16.778557, 14.799223, 0.709177, -0.211111, 0.280490, 0.585053, -0.174161, 0.257709, 0.124125, -0.036950, 0.022781, -0.000000, 0.000000, -0.000000, -0.383944, -0.008726, 0.000000, 25.740356, -5.396335, -51.907143, -1.320028, 0.269931, -0.171806, 0.001768, 14.325195, 15.200806, 223.022446
-0.085515, -0.001745, 1066.000000, 0.000000, 2000.000000, 1000.000000, 14.498553, 16.105396, 18.451515, 14.944535, 1.278456, 0.698026, 0.475035, 0.999200, 0.545554, 0.425487, 0.279256, 0.152471, 0.049548, -0.000000, -0.000000, -0.000000, -0.427574, -0.008726, 0.000000, 18.420059, 0.781064, -53.395885, -2.026294, -0.881613, -0.283658, 0.002329, 14.266602, 16.360474, 239.074692
-0.080279, -0.001745, 1066.000000, 0.000000, 2000.000000, 1000.000000, 16.545216, 14.532556, 16.502710, 16.419521, -0.482368, 0.461115, 0.523962, -0.381258, 0.364460, 0.471826, -0.101110, 0.096655, 0.052137, 0.000000, -0.000000, -0.000000, -0.401396, -0.008726, 0.000000, 15.354969, 1.456199, -54.112320, 0.208617, -0.591862, -0.314550, 0.002210, 14.274414, 17.001343, 248.413071
-0.082024, -0.001745, 1064.000000, 0.000000, 2000.000000, 1000.000000, 17.818832, 14.466191, 15.117801, 16.597176, -1.208004, -0.142512, 0.468317, -0.996572, -0.117569, 0.430280, -0.211433, -0.024943, 0.038037, 0.000000, 0.000000, -0.000000, -0.410122, -0.008726, 0.000000, 16.392172, -1.091247, -54.964184, 1.184393, 0.179384, -0.286854, 0.001768, 14.282227, 15.841675, 231.689438
-0.069808, -0.001745, 1062.000000, 0.000000, 2000.000000, 1000.000000, 16.202080, 16.586029, 16.539520, 14.672370, 0.562775, -0.394055, 0.370800, 0.441753, -0.309315, 0.332809, 0.121023, -0.084740, 0.037990, -0.000000, 0.000000, -0.000000, -0.349040, -0.008726, 0.000000, 18.665684, -0.700392, -55.840717, -1.055844, 0.486178, -0.221873, 0.002283, 14.266602, 15.881348, 232.177719
-0.061082, -0.001745, 1061.000000, 0.001745, 2000.000000, 1000.000000, 14.747917, 16.841965, 18.141026, 14.269093, 1.491495, 0.205059, 0.444472, 1.178749, 0.162061, 0.400227, 0.312746, 0.042998, 0.044245, -0.000000, -0.000000, -0.000000, -0.305410, -0.008726, 0.008726, 16.266964, 3.495237, -56.448639, -2.191409, -0.268024, -0.258092, 0.002211, 14.286133, 16.281128, 238.098129
-0.092496, 0.052356, 1061.000000, 0.001745, 2000.000000, 1000.000000, 14.927710, 15.506896, 17.923651, 15.641746, 0.715272, 0.782697, 0.425680, 0.588566, 0.644047, 0.390639, 0.126706, 0.138650, 0.035040, -0.000000, -0.000000, -0.000000, -0.462478, 0.261780, 0.008726, 11.922071, 6.962288, -56.759708, -1.404183, -0.768695, -0.251700, 0.001794, 14.258789, 16.879272, 246.520981
-0.101222, 0.087260, 1061.000000, 0.001745, 2000.000000, 1000.000000, 17.540112, 13.809342, 15.415015, 17.235531, -1.387821, 0.325274, 0.477563, -1.099839, 0.257777, 0.430586, -0.287982, 0.067496, 0.046977, 0.000000, -0.000000, -0.000000, -0.506108, 0.436300, 0.008726, 10.821551, 4.941404, -57.860157, 1.253635, 0.023856, -0.278332, 0.002182, 14.227539, 18.359375, 267.517090
-0.101222, 0.069808, 1057.000000, 0.001745, 2000.000000, 1000.000000, 16.428835, 14.093523, 14.344728, 15.132914, -0.780875, -0.261179, 0.386782, -0.638449, -0.213542, 0.353888, -0.142425, -0.047637, 0.032894, 0.000000, 0.000000, -0.000000, -0.506108, 0.349040, 0.008726, 13.256177, 3.081511, -58.716869, 0.515411, 0.690708, -0.227199, 0.001859, 14.426758, 10.879517, 160.705551
-0.092496, 0.033159, 1045.000000, 0.001745, 2000.000000, 1000.000000, 13.920757, 14.966570, 14.637245, 12.475428, 0.801908, -0.443664, 0.279001, 0.653147, -0.361360, 0.254819, 0.148761, -0.082303, 0.024182, -0.000000, 0.000000, -0.000000, -0.462478, 0.165794, 0.008726, 14.394516, 5.654382, -59.377388, -1.507513, 0.743971, -0.161153, 0.001898, 14.532227, 7.360840, 109.497063
-0.068063, -0.001745, 1045.000000, 0.006981, 2000.000000, 1000.000000, 12.755765, 14.398602, 16.015182, 12.830451, 1.206892, 0.422816, 0.385473, 0.933896, 0.327176, 0.343620, 0.272996, 0.095640, 0.041853, -0.000000, -0.000000, -0.000000, -0.340314, -0.008726, 0.034904, 10.472376, 13.632993, -59.264835, -1.834548, -0.532208, -0.194176, 0.002436, 14.481445, 9.399414, 139.282227
-0.075044, -0.001745, 1045.000000, 0.005236, 2000.000000, 1000.000000, 13.948240, 12.246021, 15.060247, 14.745491, -0.346866, 0.902869, 0.504244, -0.279676, 0.727979, 0.458362, -0.067189, 0.174890, 0.045882, 0.000000, -0.000000, -0.000000, -0.375218, -0.008726, 0.026178, 6.983260, 14.261642, -59.047367, 0.072264, -1.173493, -0.279397, 0.002002, 14.422852, 11.639404, 171.813950
-0.073298, 0.000000, 1045.000000, 0.003490, 2000.000000, 1000.000000, 15.085955, 11.440475, 13.761871, 15.711698, -1.398827, 0.736785, 0.423913, -1.113113, 0.586295, 0.382956, -0.285714, 0.150490, 0.040957, 0.000000, -0.000000, -0.000000, -0.366492, 0.000000, 0.017452, 5.516480, 10.514922, -59.451832, 1.414489, -0.938071, -0.237852, 0.002139, 14.407227, 11.480713, 169.311508
-0.061082, 0.000000, 1045.000000, 0.000000, 2000.000000, 1000.000000, 14.731450, 13.985478, 13.654628, 13.628444, -0.179947, -0.358465, 0.193039, -0.140839, -0.280559, 0.173021, -0.039108, -0.077906, 0.020018, 0.000000, 0.000000, -0.000000, -0.305410, 0.000000, 0.000000, 6.755708, 6.899795, -60.300797, -0.080068, 0.448894, -0.115347, 0.002314, 14.465820, 9.161377, 135.681152
-0.069808, 0.000000, 1045.000000, 0.000000, 2000.000000, 1000.000000, 13.869700, 14.979371, 14.745990, 12.404939, 0.862681, -0.424535, 0.307845, 0.705404, -0.347138, 0.281677, 0.157277, -0.077398, 0.026168, -0.000000, 0.000000, -0.000000, -0.349040, 0.000000, 0.000000, 6.928794, 9.890159, -60.684818, -1.477686, 0.555420, -0.187785, 0.001858, 14.372070, 13.000488, 191.284164
-0.064572, 0.000000, 1045.000000, 0.000000, 2000.000000, 1000.000000, 13.259859, 14.402723, 15.385551, 12.951866, 0.894137, 0.168709, 0.322705, 0.718436, 0.135557, 0.292862, 0.175701, 0.033152, 0.029843, -0.000000, -0.000000, -0.000000, -0.322862, 0.000000, 0.000000, 5.029806, 14.078683, -60.853981, -1.472360, -0.216892, -0.195241, 0.002038, 14.422852, 11.599731, 171.325668
-0.085515, 0.000000, 1046.000000, 0.000000, 2000.000000, 1000.000000, 14.408703, 12.220999, 14.135839, 15.234459, -0.821581, 0.685149, 0.272272, -0.647955, 0.540355, 0.244926, -0.173626, 0.144794, 0.027346, 0.000000, -0.000000, -0.000000, -0.427574, 0.000000, 0.000000, 1.623056, 14.255342, -60.636036, 0.609154, -0.864568, -0.163284, 0.002233, 14.375977, 13.839722, 203.674301
-0.054101, 0.000000, 1047.000000, 0.000000, 2000.000000, 1000.000000, 15.216889, 12.075324, 13.584823, 15.122964, -1.169927, 0.353894, 0.400856, -0.927954, 0.280699, 0.361571, -0.241973, 0.073195, 0.039285, 0.000000, -0.000000, -0.000000, -0.270506, 0.000000, 0.000000, 1.367898, 10.897763, -61.105259, 1.214220, -0.449118, -0.241048, 0.002173, 14.438477, 10.879517, 160.827621
-0.057592, 0.000000, 1047.000000, 0.000000, 2000.000000, 1000.000000, 15.040026, 13.122261, 13.792833, 14.044880, -0.542453, -0.081143, 0.416430, -0.446845, -0.066842, 0.382344, -0.095607, -0.014301, 0.034086, 0.000000, 0.000000, -0.000000, -0.287958, 0.000000, 0.000000, 2.220151, 8.500434, -61.977165, 0.426995, 0.106947, -0.254896, 0.001783, 14.438477, 11.239624, 166.198715
-0.071553, 0.000000, 1047.000000, 0.000000, 2000.000000, 1000.000000, 13.681680, 14.356357, 14.921409, 13.040555, 0.638883, -0.019018, 0.301544, 0.500880, -0.014910, 0.270492, 0.138002, -0.004108, 0.031052, -0.000000, 0.000000, -0.000000, -0.357766, 0.000000, 0.000000, 1.731001, 10.353212, -62.727844, -1.159174, 0.023856, -0.180328, 0.002296, 14.434570, 10.321045, 152.709961
-0.071553, 0.000000, 1048.000000, -0.001745, 2000.000000, 1000.000000, 13.604536, 13.835003, 15.176273, 13.384188, 0.505638, 0.280231, 0.390405, 0.392357, 0.217449, 0.348482, 0.113281, 0.062782, 0.041922, -0.000000, -0.000000, -0.000000, -0.357766, 0.000000, -0.008726, -0.220857, 12.872915, -62.902130, -0.985537, -0.347918, -0.241048, 0.002406, 14.403320, 12.359619, 182.189926
-0.071553, 0.000000, 1048.000000, 0.000000, 2000.000000, 1000.000000, 14.427687, 12.903084, 14.225943, 14.443287, -0.435487, 0.334615, 0.326815, -0.356652, 0.274041, 0.299254, -0.078834, 0.060574, 0.027561, 0.000000, -0.000000, -0.000000, -0.357766, 0.000000, 0.000000, -1.775858, 13.283444, -63.172661, 0.212878, -0.438465, -0.199503, 0.001842, 14.434570, 11.120605, 164.428696
-0.041885, 0.000000, 1048.000000, -0.001745, 2000.000000, 1000.000000, 15.193238, 12.545552, 13.413085, 14.848125, -1.020681, 0.130604, 0.303161, -0.799231, 0.102268, 0.271784, -0.221451, 0.028336, 0.031377, 0.000000, -0.000000, -0.000000, -0.209424, 0.000000, -0.008726, -1.272822, 9.581905, -63.984314, 1.069345, -0.163629, -0.189915, 0.002309, 14.383789, 11.041260, 163.024887
-0.045375, 0.000000, 1048.000000, -0.001745, 2000.000000, 1000.000000, 14.636846, 13.302117, 13.826118, 14.234920, -0.435883, 0.030518, 0.231481, -0.348083, 0.024371, 0.209466, -0.087800, 0.006147, 0.022015, 0.000000, -0.000000, -0.000000, -0.226876, 0.000000, -0.008726, -0.594190, 7.785586, -64.546394, 0.330056, -0.038994, -0.148370, 0.002102, 14.446289, 10.958862, 162.109360
-0.045375, 0.000000, 1048.000000, -0.001745, 2000.000000, 1000.000000, 14.107889, 13.768206, 14.561506, 13.562399, 0.164856, 0.061952, 0.334698, 0.133946, 0.050337, 0.305339, 0.030909, 0.011616, 0.029358, -0.000000, -0.000000, -0.000000, -0.226876, 0.000000, -0.008726, -0.789299, 8.001719, -65.049942, -0.441190, -0.080539, -0.212286, 0.001923, 14.434570, 11.120605, 164.428696
-0.050611, 0.000000, 1048.000000, -0.001745, 2000.000000, 1000.000000, 13.929479, 13.675820, 14.499049, 13.895652, 0.087435, 0.197351, 0.214264, 0.068317, 0.154199, 0.191889, 0.019118, 0.043151, 0.022374, -0.000000, -0.000000, -0.000000, -0.253054, 0.000000, -0.008726, -2.370294, 9.744499, -65.477898, -0.362361, -0.246719, -0.136652, 0.002332, 14.461914, 9.921265, 146.972656
-0.048866, 0.000000, 1048.000000, -0.001745, 2000.000000, 1000.000000, 14.492533, 13.106472, 13.937082, 14.463913, -0.478223, 0.200498, 0.214807, -0.391614, 0.164186, 0.196683, -0.086609, 0.036311, 0.018124, 0.000000, -0.000000, -0.000000, -0.244328, 0.000000, -0.008726, -2.999149, 9.405050, -65.741768, 0.382254, -0.262698, -0.139848, 0.001843, 14.426758, 11.160278, 164.916977
-0.050611, 0.000000, 1048.000000, -0.001745, 2000.000000, 1000.000000, 14.972124, 12.579689, 13.646175, 14.802011, -0.887068, 0.224094, 0.309150, -0.700000, 0.176836, 0.278175, -0.187068, 0.047258, 0.030975, 0.000000, -0.000000, -0.000000, -0.253054, 0.000000, -0.008726, -2.828110, 7.266569, -66.271057, 0.866946, -0.282938, -0.194176, 0.002227, 14.465820, 10.241699, 151.672363
-0.057592, 0.000000, 1055.000000, -0.001745, 2000.000000, 1000.000000, 15.668277, 13.594272, 14.992286, 15.745166, -0.706721, 0.368726, 0.330281, -0.552040, 0.288022, 0.295752, -0.154681, 0.080704, 0.034529, 0.000000, -0.000000, -0.000000, -0.287958, 0.000000, -0.008726, -2.832723, 3.750625, -67.142761, 0.595305, -0.460836, -0.205894, 0.002335, 14.301758, 15.798950, 231.384262
-0.052356, 0.000000, 1067.000000, -0.001745, 2000.000000, 1000.000000, 16.037636, 15.247117, 16.420027, 16.295219, -0.166428, 0.357623, 0.228831, -0.136207, 0.292683, 0.209466, -0.030222, 0.064940, 0.019365, 0.000000, -0.000000, -0.000000, -0.261780, 0.000000, -0.008726, -3.672460, 2.601438, -67.626289, -0.043849, -0.468293, -0.148370, 0.001849, 14.102539, 22.680664, 327.575653
-0.052356, 0.000000, 1068.000000, -0.001745, 2000.000000, 1000.000000, 16.415575, 15.389340, 16.037510, 16.157576, -0.286575, 0.097542, 0.226542, -0.228085, 0.077634, 0.204673, -0.058490, 0.019908, 0.021869, 0.000000, -0.000000, -0.000000, -0.261780, 0.000000, -0.008726, -5.108843, 2.508737, -68.107117, 0.103156, -0.124214, -0.145174, 0.002137, 14.243164, 18.441772, 268.981934
-0.057592, 0.000000, 1068.000000, -0.001745, 2000.000000, 1000.000000, 17.202440, 15.023632, 15.319191, 16.454737, -0.828588, -0.113036, 0.260815, -0.655902, -0.089478, 0.235032, -0.172686, -0.023558, 0.025783, 0.000000, 0.000000, -0.000000, -0.287958, 0.000000, -0.008726, -4.634632, 1.394102, -68.508430, 0.761486, 0.143165, -0.165414, 0.002194, 14.290039, 14.801025, 216.674789
-0.062827, 0.000000, 1068.000000, -0.001745, 2000.000000, 1000.000000, 17.205921, 14.883495, 15.197823, 16.712761, -0.959341, -0.044709, 0.201872, -0.762810, -0.035550, 0.182302, -0.196530, -0.009159, 0.019570, 0.000000, 0.000000, -0.000000, -0.314136, 0.000000, -0.008726, -3.443081, -0.759014, -68.972061, 0.906361, 0.056879, -0.130261, 0.002147, 14.278320, 18.521118, 270.080566
-0.073298, 0.000000, 1068.000000, -0.001745, 2000.000000, 1000.000000, 15.791414, 14.916252, 16.319366, 16.972965, -0.382190, 0.646167, 0.055390, -0.299522, 0.506400, 0.049678, -0.082668, 0.139766, 0.005713, 0.000000, -0.000000, -0.000000, -0.366492, 0.000000, -0.008726, -4.209257, -3.325046, -69.279129, 0.112744, -0.810240, -0.041844, 0.002300, 14.282227, 15.521240, 227.111801
-0.076789, 0.000000, 1068.000000, 0.000000, 2000.000000, 1000.000000, 15.435192, 15.014236, 16.675751, 16.874821, -0.155006, 0.775285, 0.055472, -0.122678, 0.613592, 0.049983, -0.032328, 0.161694, 0.005488, 0.000000, -0.000000, -0.000000, -0.383944, 0.000000, 0.000000, -6.695530, -4.045858, -69.519257, -0.187659, -0.981747, -0.033322, 0.002196, 14.309570, 15.600586, 228.576645
-0.069808, 0.000000, 1068.000000, 0.000000, 2000.000000, 1000.000000, 16.165913, 15.095478, 15.859415, 16.879196, -0.522554, 0.369305, 0.012663, -0.431093, 0.304667, 0.011634, -0.091461, 0.064638, 0.001028, 0.000000, -0.000000, -0.000000, -0.349040, 0.000000, 0.000000, -8.567087, -5.049475, -69.686424, 0.340709, -0.487467, -0.007756, 0.001768, 14.254883, 17.001343, 248.229965
-0.064572, 0.000000, 1064.000000, 0.000000, 2000.000000, 1000.000000, 17.740667, 14.700194, 15.785628, 15.773513, -0.757089, -0.220429, 0.763147, -0.593162, -0.172702, 0.684344, -0.163926, -0.047728, 0.078802, 0.000000, 0.000000, -0.000000, -0.322862, 0.000000, 0.000000, -7.471560, -7.469201, -70.094444, 0.626198, 0.276323, -0.456230, 0.002303, 14.243164, 17.199707, 250.915512
-0.062827, 0.000000, 1063.000000, 0.000000, 2000.000000, 1000.000000, 16.374691, 15.248424, 15.941560, 16.435326, -0.405008, 0.188443, 0.158125, -0.321394, 0.149539, 0.142661, -0.083614, 0.038904, 0.015464, 0.000000, -0.000000, -0.000000, -0.314136, 0.000000, 0.000000, -6.944570, -8.759925, -70.679779, 0.200095, -0.239262, -0.095107, 0.002168, 14.282227, 15.719604, 229.797348
-0.061082, 0.000000, 1057.000000, 0.000000, 2000.000000, 1000.000000, 14.440966, 14.070900, 15.984869, 15.503265, 0.027884, 0.744068, 0.212918, 0.022945, 0.612260, 0.195391, 0.004940, 0.131807, 0.017527, -0.000000, -0.000000, -0.000000, -0.305410, 0.000000, 0.000000, -8.861501, -9.103708, -71.224808, -0.342121, -0.979616, -0.130261, 0.001794, 14.434570, 10.241699, 151.306152
-0.069808, 0.000000, 1044.000000, 0.000000, 2000.000000, 1000.000000, 14.443835, 13.052350, 14.255477, 14.248338, -0.346087, 0.251908, 0.349656, -0.271304, 0.197475, 0.313635, -0.074782, 0.054432, 0.036021, 0.000000, -0.000000, -0.000000, -0.349040, 0.000000, 0.000000, -12.602033, -9.133389, -72.647408, 0.085047, -0.315961, -0.209090, 0.002297, 14.434570, 11.239624, 166.076645
-0.075044, 0.000000, 1045.000000, 0.000000, 2000.000000, 1000.000000, 15.620971, 13.181537, 13.363643, 13.833850, -0.727410, -0.401253, 0.492307, -0.578614, -0.319174, 0.444661, -0.148796, -0.082079, 0.047645, 0.000000, 0.000000, -0.000000, -0.375218, 0.000000, 0.000000, -11.921550, -9.801310, -73.224983, 0.550565, 0.510679, -0.296441, 0.002143, 14.430664, 9.881592, 146.179199
-0.071553, 0.000000, 1045.000000, -0.001745, 2000.000000, 1000.000000, 15.579940, 13.298358, 13.367072, 13.754630, -0.667285, -0.439149, 0.473506, -0.549730, -0.361785, 0.434768, -0.117554, -0.077364, 0.038738, 0.000000, 0.000000, -0.000000, -0.357766, 0.000000, -0.008726, -9.775529, -10.760806, -73.650703, 0.521803, 0.578856, -0.298571, 0.001782, 14.438477, 10.839844, 160.278320
-0.076789, 0.000000, 1045.000000, -0.001745, 2000.000000, 1000.000000, 14.917749, 12.864294, 14.121790, 14.096167, -0.506958, 0.108978, 0.519769, -0.398314, 0.085623, 0.466726, -0.108644, 0.023355, 0.053043, 0.000000, -0.000000, -0.000000, -0.383944, 0.000000, -0.008726, -8.782526, -11.526055, -74.330841, 0.253358, -0.136997, -0.319877, 0.002273, 14.415039, 11.999512, 177.185043
-0.069808, 0.000000, 1048.000000, -0.001745, 2000.000000, 1000.000000, 14.308048, 12.706448, 14.962280, 14.023224, -0.165636, 0.492752, 0.635164, -0.129492, 0.385227, 0.568991, -0.036144, 0.107525, 0.066174, 0.000000, -0.000000, -0.000000, -0.349040, 0.000000, -0.008726, -10.992207, -12.077019, -76.248100, -0.141853, -0.616363, -0.388053, 0.002326, 14.383789, 12.280273, 181.030258
-0.075044, 0.000000, 1047.000000, -0.001745, 2000.000000, 1000.000000, 14.953415, 13.309616, 14.318691, 13.418278, -0.185846, -0.131516, 0.636053, -0.151845, -0.107455, 0.581774, -0.034001, -0.024061, 0.054279, 0.000000, 0.000000, -0.000000, -0.375218, 0.000000, -0.008726, -11.776772, -11.788085, -77.420258, -0.132266, 0.171927, -0.396575, 0.001866, 14.446289, 10.800171, 159.790039
-0.076789, 0.000000, 1047.000000, -0.001745, 2000.000000, 1000.000000, 15.988323, 13.290306, 13.367310, 13.354061, -0.671192, -0.639314, 0.677817, -0.530805, -0.505595, 0.610536, -0.140387, -0.133720, 0.067281, 0.000000, 0.000000, -0.000000, -0.383944, 0.000000, -0.008726, -8.889637, -12.108453, -78.567604, 0.465344, 0.808951, -0.415750, 0.002204, 14.375977, 13.400269, 197.326645
-0.068063, 0.000000, 1047.000000, -0.001745, 2000.000000, 1000.000000, 15.309716, 13.037494, 13.915551, 13.737239, -0.523477, -0.173605, 0.612634, -0.408329, -0.135418, 0.548218, -0.115149, -0.038188, 0.064416, 0.000000, 0.000000, -0.000000, -0.340314, 0.000000, -0.008726, -7.132997, -13.039446, -79.269508, 0.313012, 0.216668, -0.374205, 0.002350, 14.442383, 10.440063, 154.418945
-0.069808, 0.000000, 1047.000000, -0.001745, 2000.000000, 1000.000000, 14.228604, 13.038550, 14.816236, 13.916610, -0.072607, 0.366422, 0.522420, -0.058919, 0.297343, 0.476313, -0.013688, 0.069079, 0.046107, -0.000000, -0.000000, -0.000000, -0.349040, 0.000000, -0.008726, -7.543916, -13.230085, -80.350525, -0.254770, -0.475749, -0.326268, 0.001936, 14.430664, 10.800171, 159.606934
-0.069808, 0.000000, 1047.000000, -0.001745, 2000.000000, 1000.000000, 14.028557, 13.282013, 15.109558, 13.579872, 0.195786, 0.344715, 0.569058, 0.154133, 0.271378, 0.511467, 0.041653, 0.073337, 0.057591, -0.000000, -0.000000, -0.000000, -0.349040, 0.000000, -0.008726, -10.527624, -11.616761, -82.358894, -0.595653, -0.434204, -0.349704, 0.002252, 14.430664, 11.041260, 163.207993
-0.073298, 0.000000, 1048.000000, -0.001745, 2000.000000, 1000.000000, 15.144306, 13.580627, 14.045706, 13.229361, -0.186833, -0.362467, 0.595006, -0.148389, -0.287883, 0.537033, -0.038445, -0.074585, 0.057973, 0.000000, 0.000000, -0.000000, -0.366492, 0.000000, -0.008726, -10.581944, -10.547257, -83.373138, -0.129070, 0.460612, -0.366748, 0.002159, 14.450195, 10.400391, 153.930664
-0.073298, 0.000000, 1048.000000, -0.001745, 2000.000000, 1000.000000, 15.733767, 13.588598, 13.448282, 13.229353, -0.481560, -0.661183, 0.591024, -0.395395, -0.542879, 0.541827, -0.086165, -0.118304, 0.049198, 0.000000, 0.000000, -0.000000, -0.366492, 0.000000, -0.008726, -8.512848, -10.666202, -83.990234, 0.266141, 0.868606, -0.369944, 0.001816, 14.430664, 11.361694, 167.907700
-0.047120, 0.000000, 1052.000000, -0.001745, 2000.000000, 1000.000000, 15.158777, 15.027216, 15.661356, 14.152651, 0.344286, -0.092997, 0.410066, 0.269639, -0.072834, 0.367657, 0.074647, -0.020163, 0.042409, -0.000000, 0.000000, -0.000000, -0.235602, 0.000000, -0.008726, -6.024541, -10.029031, -84.897415, -0.667025, 0.116534, -0.253831, 0.002307, 14.313477, 18.240356, 266.601562
-0.047120, 0.000000, 1055.000000, -0.001745, 2000.000000, 1000.000000, 14.112971, 15.176345, 16.590219, 14.120463, 0.883283, 0.355342, 0.351596, 0.697740, 0.280699, 0.316525, 0.185543, 0.074643, 0.035071, -0.000000, -0.000000, -0.000000, -0.235602, 0.000000, -0.008726, -6.808335, -7.251811, -85.562614, -1.351986, -0.449118, -0.219742, 0.002216, 14.282227, 16.680908, 243.896469
-0.045375, 0.000000, 1059.000000, -0.001745, 2000.000000, 1000.000000, 14.462787, 14.738881, 16.546227, 14.252107, 0.642553, 0.399166, 0.504506, 0.530089, 0.329301, 0.463530, 0.112464, 0.069865, 0.040976, -0.000000, -0.000000, -0.000000, -0.226876, 0.000000, -0.008726, -8.470654, -3.820625, -86.465828, -1.075019, -0.526882, -0.317746, 0.001768, 14.375977, 12.799072, 188.415512
-0.045375, 0.000000, 1061.000000, -0.001745, 2000.000000, 1000.000000, 16.669264, 15.790621, 16.257671, 15.282441, 0.024147, -0.229943, 0.463468, 0.018765, -0.178694, 0.413996, 0.005382, -0.051249, 0.049472, -0.000000, 0.000000, -0.000000, -0.226876, 0.000000, -0.008726, -9.295761, -1.602278, -87.820595, -0.256901, 0.285910, -0.284723, 0.002390, 14.227539, 18.121338, 264.099121
-0.043630, 0.000000, 1062.000000, -0.001745, 2000.000000, 1000.000000, 16.889946, 15.861435, 16.074808, 15.173807, -0.031878, -0.375691, 0.482378, -0.025049, -0.295206, 0.433170, -0.006829, -0.080485, 0.049208, -0.000000, 0.000000, -0.000000, -0.218150, 0.000000, -0.008726, -8.214610, -1.002876, -88.561111, -0.178072, 0.472330, -0.297506, 0.002272, 14.286133, 16.040039, 234.619125
-0.043630, 0.000000, 1061.000000, -0.001745, 2000.000000, 1000.000000, 16.512190, 16.248903, 16.281277, 14.957626, 0.265092, -0.380547, 0.396734, 0.218629, -0.313848, 0.364461, 0.046463, -0.066699, 0.032273, -0.000000, 0.000000, -0.000000, -0.218150, 0.000000, -0.008726, -6.876183, 0.217525, -89.263832, -0.567956, 0.502157, -0.251700, 0.001771, 14.274414, 16.281128, 237.915024
-0.043630, 0.000000, 1061.000000, -0.001745, 2000.000000, 1000.000000, 16.330940, 15.527036, 16.599314, 15.542712, 0.063175, 0.071013, 0.465127, 0.049519, 0.055663, 0.417191, 0.013655, 0.015350, 0.047935, -0.000000, -0.000000, -0.000000, -0.218150, 0.000000, -0.008726, -5.794058, 2.352269, -90.315254, -0.297381, -0.089061, -0.286854, 0.002298, 14.274414, 16.281128, 238.098129
-0.045375, 0.000000, 1062.000000, -0.001745, 2000.000000, 1000.000000, 15.999372, 15.169066, 16.834515, 15.997046, 0.001790, 0.415781, 0.416943, 0.001455, 0.337956, 0.380440, 0.000335, 0.077825, 0.036503, -0.000000, -0.000000, -0.000000, -0.226876, 0.000000, -0.008726, -6.702373, 2.916769, -91.031830, -0.229204, -0.540730, -0.262353, 0.001919, 14.297852, 15.798950, 231.384262
-0.045375, 0.000000, 1061.000000, -0.001745, 2000.000000, 1000.000000, 16.033510, 14.922096, 16.961908, 16.082485, -0.057997, 0.522197, 0.497710, -0.047813, 0.430501, 0.457139, -0.010184, 0.091697, 0.040571, -0.000000, -0.000000, -0.000000, -0.226876, 0.000000, -0.008726, -8.404506, 3.576120, -91.636734, -0.150375, -0.688801, -0.313485, 0.001775, 14.278320, 16.360474, 239.074692
-0.048866, 0.000000, 1061.000000, -0.001745, 2000.000000, 1000.000000, 16.813955, 16.188232, 15.920071, 15.077741, 0.054152, -0.501094, 0.367013, 0.042479, -0.393077, 0.329308, 0.011673, -0.108017, 0.037706, -0.000000, 0.000000, -0.000000, -0.244328, 0.000000, -0.008726, -8.958053, 5.085944, -92.818497, -0.312294, 0.628923, -0.228264, 0.002290, 14.282227, 15.560913, 227.600082
-0.045375, 0.000000, 1061.000000, -0.001745, 2000.000000, 1000.000000, 17.370567, 16.413956, 15.013359, 15.202119, -0.286342, -0.892262, 0.191962, -0.234899, -0.731962, 0.175911, -0.051443, -0.160300, 0.016052, 0.000000, 0.000000, -0.000000, -0.226876, 0.000000, -0.008726, -6.184622, 5.068926, -93.504662, 0.148962, 1.171139, -0.126000, 0.001825, 14.293945, 15.280151, 223.632797
-0.048866, 0.000000, 1061.000000, -0.001745, 2000.000000, 1000.000000, 16.766088, 15.569483, 15.617321, 16.047106, -0.406598, -0.167786, 0.191705, -0.321706, -0.132754, 0.172715, -0.084892, -0.035031, 0.018990, 0.000000, 0.000000, -0.000000, -0.244328, 0.000000, -0.008726, -4.093139, 4.336470, -94.002747, 0.270402, 0.212407, -0.123869, 0.002199, 14.336914, 13.681030, 200.805649
-0.045375, 0.000000, 1061.000000, -0.003490, 2000.000000, 1000.000000, 15.840353, 14.881720, 16.678114, 16.599813, -0.220083, 0.638963, 0.259233, -0.170984, 0.496413, 0.231531, -0.049100, 0.142550, 0.027703, 0.000000, -0.000000, -0.000000, -0.226876, 0.000000, -0.017452, -6.047699, 3.950078, -94.521606, 0.046698, -0.794261, -0.171806, 0.002393, 14.313477, 14.080811, 206.481918
-0.045375, 0.000000, 1061.000000, -0.001745, 2000.000000, 1000.000000, 16.201637, 15.465480, 16.366440, 15.966441, -0.084040, 0.166441, 0.284039, -0.069118, 0.136889, 0.260599, -0.014921, 0.029552, 0.023441, 0.000000, -0.000000, -0.000000, -0.226876, 0.000000, -0.008726, -7.551815, 4.138505, -94.843872, -0.116287, -0.219022, -0.182458, 0.001799, 14.211914, 18.081665, 263.122559
-0.045375, 0.000000, 1052.000000, -0.001745, 2000.000000, 1000.000000, 15.938931, 15.390986, 14.436671, 14.233411, -0.086171, -0.664959, 0.187802, -0.068452, -0.528231, 0.169519, -0.017718, -0.136727, 0.018283, 0.000000, 0.000000, -0.000000, -0.226876, 0.000000, -0.008726, -5.880935, 4.532279, -95.568855, -0.117352, 0.845170, -0.121739, 0.002157, 14.399414, 11.441040, 168.701157
-0.043630, 0.000000, 1050.000000, -0.001745, 2000.000000, 1000.000000, 16.054739, 15.004363, 14.525483, 14.415414, -0.235076, -0.529551, 0.290111, -0.184838, -0.416379, 0.260599, -0.050239, -0.113172, 0.029513, 0.000000, 0.000000, -0.000000, -0.218150, 0.000000, -0.008726, -3.730247, 4.273585, -96.180222, 0.077590, 0.666207, -0.182458, 0.002265, 14.313477, 14.999390, 219.787582
-0.045375, 0.000000, 1050.000000, 0.000000, 2000.000000, 1000.000000, 15.629414, 14.157965, 15.489065, 14.723557, -0.176485, 0.106311, 0.559240, -0.144352, 0.086955, 0.511773, -0.032133, 0.019356, 0.047467, 0.000000, -0.000000, -0.000000, -0.226876, 0.000000, 0.000000, -3.010948, 4.090812, -96.734322, 0.004087, -0.139128, -0.341182, 0.001855, 14.352539, 14.041138, 206.420883
-0.043630, 0.000000, 1050.000000, 0.000000, 2000.000000, 1000.000000, 14.990462, 14.328530, 15.360244, 15.320764, -0.155613, 0.340503, 0.175353, -0.121588, 0.266051, 0.157042, -0.034025, 0.074452, 0.018311, 0.000000, -0.000000, -0.000000, -0.218150, 0.000000, 0.000000, -4.675300, 4.616747, -97.225494, -0.023609, -0.425682, -0.104695, 0.002332, 14.465820, 9.078979, 134.399414
-0.043630, 0.000000, 1050.000000, 0.000000, 2000.000000, 1000.000000, 15.489667, 14.666234, 14.954017, 14.890082, -0.189875, -0.077951, 0.221841, -0.148219, -0.060850, 0.198587, -0.041656, -0.017101, 0.023255, 0.000000, 0.000000, -0.000000, -0.218150, 0.000000, 0.000000, -5.083968, 4.592870, -97.540382, 0.019001, 0.097359, -0.132391, 0.002342, 14.333008, 11.801147, 173.706039
-0.045375, 0.000000, 1050.000000, -0.001745, 2000.000000, 1000.000000, 15.829646, 15.018382, 14.633277, 14.518695, -0.174171, -0.424014, 0.231461, -0.143686, -0.349801, 0.212662, -0.030484, -0.074214, 0.018799, 0.000000, 0.000000, -0.000000, -0.226876, 0.000000, -0.008726, -3.974528, 4.357766, -98.052528, 0.003022, 0.559681, -0.150501, 0.001768, 14.356445, 13.360596, 196.594223
-0.045375, 0.000000, 1050.000000, -0.001745, 2000.000000, 1000.000000, 15.777197, 14.949556, 14.864353, 14.408894, -0.093045, -0.363377, 0.320775, -0.076442, -0.298535, 0.294154, -0.016603, -0.064842, 0.026621, 0.000000, 0.000000, -0.000000, -0.226876, 0.000000, -0.008726, -2.317972, 4.388281, -98.644592, -0.104569, 0.477656, -0.204829, 0.001810, 14.364258, 12.319946, 181.274399
-0.045375, 0.000000, 1050.000000, -0.001745, 2000.000000, 1000.000000, 15.527116, 14.206096, 15.122962, 15.143826, -0.335471, 0.133394, 0.325039, -0.258867, 0.102934, 0.289361, -0.076604, 0.030460, 0.035678, 0.000000, -0.000000, -0.000000, -0.226876, 0.000000, -0.008726, -1.980306, 3.965902, -99.646393, 0.187312, -0.164694, -0.201633, 0.002466, 14.317383, 15.319824, 224.487289
-0.047120, 0.003490, 1050.000000, -0.001745, 2000.000000, 1000.000000, 15.698491, 14.291785, 14.845954, 15.163770, -0.431131, 0.004862, 0.272222, -0.353536, 0.003987, 0.249413, -0.077594, 0.000875, 0.022809, 0.000000, -0.000000, -0.000000, -0.235602, 0.017452, -0.008726, -2.419606, 3.240004, -100.113968, 0.330056, 0.011073, -0.175002, 0.001829, 14.372070, 12.240601, 180.114731
-0.045375, 0.003490, 1048.000000, -0.001745, 2000.000000, 1000.000000, 14.740551, 13.885799, 13.678953, 13.694696, -0.217624, -0.313175, 0.209752, -0.171649, -0.247015, 0.188694, -0.045975, -0.066160, 0.021058, 0.000000, 0.000000, -0.000000, -0.226876, 0.017452, -0.008726, -1.883290, 2.493435, -101.078583, 0.047763, 0.412676, -0.134522, 0.002232, 14.469727, 7.159424, 106.201164
-0.045375, -0.001745, 1042.000000, 0.000000, 2000.000000, 1000.000000, 14.350994, 14.334734, 13.692766, 13.621506, 0.013750, -0.342864, 0.021880, 0.010776, -0.268702, 0.019624, 0.002974, -0.074162, 0.002257, -0.000000, 0.000000, -0.000000, -0.226876, -0.008726, 0.000000, 0.305568, 2.769017, -101.162323, -0.244118, 0.421198, -0.013082, 0.002300, 14.442383, 10.040283, 153.198242
-0.047120, 0.000000, 1035.000000, 0.000000, 2000.000000, 1000.000000, 13.388976, 12.212638, 13.037097, 13.361289, -0.375132, 0.199193, 0.213037, -0.302937, 0.160857, 0.193793, -0.072196, 0.038335, 0.019244, 0.000000, -0.000000, -0.000000, -0.235602, 0.000000, 0.000000, 0.640801, 2.709802, -101.499435, 0.249097, -0.257372, -0.129196, 0.001986, 14.536133, 7.119751, 105.895988
-0.005236, 0.108202, 1036.000000, 0.000000, 2000.000000, 1000.000000, 12.542576, 11.862791, 13.650261, 13.944372, -0.243474, 0.797316, 0.096419, -0.192020, 0.628818, 0.086735, -0.051454, 0.168498, 0.009684, 0.000000, -0.000000, -0.000000, -0.026178, 0.541012, 0.000000, -0.593562, 2.192684, -101.739197, 0.281054, -0.465097, -0.057823, 0.002233, 14.543945, 6.478882, 96.496574
-0.001745, 0.162304, 1046.000000, 0.000000, 2000.000000, 1000.000000, 13.491910, 13.376506, 14.502105, 14.629479, -0.060695, 0.565792, -0.002993, -0.049953, 0.465657, -0.002747, -0.010742, 0.100135, -0.000246, 0.000000, -0.000000, 0.000000, -0.008726, 0.811518, 0.000000, -1.327285, 1.908064, -101.749313, 0.071199, 0.066467, 0.001831, 0.001792, 14.364258, 12.881470, 189.575180
-0.003490, 0.169284, 1045.000000, 0.000000, 2000.000000, 1000.000000, 14.516195, 13.825373, 13.868063, 13.790369, -0.153282, -0.170784, 0.192129, -0.125980, -0.140364, 0.176217, -0.027302, -0.030420, 0.015912, 0.000000, 0.000000, -0.000000, -0.017452, 0.846422, 0.000000, 0.141353, 1.272015, -101.949562, 0.184116, 1.071005, -0.117478, 0.001806, 14.430664, 11.318970, 167.175278
-0.001745, 0.129145, 1048.000000, 0.000000, 2000.000000, 1000.000000, 15.712244, 14.097511, 12.872442, 13.317802, -0.515023, -0.904877, 0.292343, -0.399491, -0.701890, 0.260904, -0.115533, -0.202987, 0.031439, 0.000000, 0.000000, -0.000000, -0.008726, 0.645724, 0.000000, 6.299096, -1.773012, -102.567528, 0.630459, 1.768749, -0.173936, 0.002410, 14.454102, 9.680176, 143.310547
-0.001745, 0.160558, 1049.000000, 0.000000, 2000.000000, 1000.000000, 14.733723, 13.320864, 13.782301, 14.163113, -0.448417, -0.027293, 0.258012, -0.369530, -0.022492, 0.236936, -0.078887, -0.004802, 0.021075, 0.000000, 0.000000, -0.000000, -0.008726, 0.802792, 0.000000, 9.434673, -4.151344, -102.843086, 0.582522, 0.838779, -0.157957, 0.001779, 14.430664, 10.720825, 158.508301
-0.001745, 0.172775, 1054.000000, 0.000000, 2000.000000, 1000.000000, 14.712682, 13.783496, 15.808944, 15.694879, -0.203780, 0.751911, 0.260813, -0.166465, 0.614226, 0.238534, -0.037315, 0.137685, 0.022279, 0.000000, -0.000000, -0.000000, -0.008726, 0.863874, 0.000000, 9.832069, -5.341773, -103.247528, 0.257619, -0.118888, -0.159023, 0.001868, 14.356445, 13.439941, 197.631821
-0.001745, 0.174520, 1059.000000, 0.000000, 2000.000000, 1000.000000, 15.329286, 14.545266, 15.463191, 14.662257, 0.004228, 0.062724, 0.396239, 0.003310, 0.049101, 0.355180, 0.000918, 0.013623, 0.041059, -0.000000, 0.000000, -0.000000, -0.008726, 0.872600, 0.000000, 10.515317, -5.840529, -103.936966, -0.014022, 0.794038, -0.236787, 0.002312, 14.313477, 14.678955, 215.087875
-0.001745, 0.174520, 1057.000000, 0.000000, 2000.000000, 1000.000000, 15.895473, 15.259135, 14.795465, 14.049928, 0.027300, -0.577304, 0.345469, 0.021952, -0.464220, 0.313635, 0.005348, -0.113084, 0.031834, -0.000000, 0.000000, -0.000000, -0.008726, 0.872600, 0.000000, 13.853606, -6.565911, -104.192947, -0.043849, 1.615352, -0.209090, 0.002030, 14.348633, 13.720703, 201.477036
-0.001745, 0.167539, 1065.000000, 0.000000, 2000.000000, 1000.000000, 17.100941, 16.181908, 15.650497, 15.066655, -0.083797, -0.641424, 0.375718, -0.065932, -0.504677, 0.337603, -0.017865, -0.136747, 0.038115, 0.000000, 0.000000, -0.000000, -0.008726, 0.837696, 0.000000, 18.506338, -7.868927, -104.230080, 0.096765, 1.645179, -0.225069, 0.002258, 14.176758, 19.961548, 289.916992
-0.001745, 0.164049, 1069.000000, 0.000000, 2000.000000, 1000.000000, 15.908658, 14.417981, 17.014902, 16.658457, -0.283558, 0.836680, 0.461781, -0.222391, 0.656199, 0.414302, -0.061167, 0.180481, 0.047479, 0.000000, -0.000000, -0.000000, -0.008726, 0.820244, 0.000000, 20.963497, -9.488089, -104.830986, 0.347100, -0.229675, -0.276201, 0.002292, 14.262695, 16.641235, 242.980942
-0.001745, 0.165794, 1068.000000, 0.000000, 2000.000000, 1000.000000, 15.449452, 14.837969, 17.012329, 16.700251, -0.074851, 0.856290, 0.230890, -0.061271, 0.700934, 0.211370, -0.013580, 0.155355, 0.019520, 0.000000, -0.000000, -0.000000, -0.008726, 0.828970, 0.000000, 19.757414, -9.715188, -105.614967, 0.089308, -0.292525, -0.140913, 0.001847, 14.266602, 15.759277, 230.285629
-0.001745, 0.132635, 1069.000000, 0.000000, 2000.000000, 1000.000000, 17.303629, 16.279716, 15.263655, 15.153001, -0.228315, -0.791672, 0.283642, -0.179115, -0.621075, 0.254513, -0.049199, -0.170597, 0.029129, 0.000000, 0.000000, -0.000000, -0.008726, 0.663176, 0.000000, 22.555136, -11.251501, -105.641800, 0.277859, 1.656897, -0.169675, 0.002289, 14.317383, 14.480591, 211.181625
-0.020942, 0.047120, 1069.000000, 0.000000, 2000.000000, 1000.000000, 17.762604, 16.388988, 14.918282, 14.930128, -0.346365, -1.075795, 0.340442, -0.269067, -0.835712, 0.304047, -0.077298, -0.240083, 0.036394, 0.000000, 0.000000, -0.000000, -0.104712, 0.235602, 0.000000, 27.053432, -13.419268, -105.193977, 0.325795, 1.572741, -0.202698, 0.002394, 14.290039, 15.560913, 227.600082
-0.024433, 0.022688, 1069.000000, 0.000000, 2000.000000, 1000.000000, 16.301889, 15.315303, 16.382275, 16.000536, -0.151212, 0.191405, 0.342081, -0.124181, 0.157188, 0.313635, -0.027032, 0.034217, 0.028447, 0.000000, -0.000000, -0.000000, -0.122164, 0.113438, 0.000000, 28.979113, -14.369924, -105.278748, 0.076525, -0.138063, -0.209090, 0.001814, 14.282227, 16.760254, 244.079575
-0.045375, 0.027923, 1068.000000, 0.000000, 2000.000000, 1000.000000, 14.468147, 14.585086, 18.033611, 16.913157, 0.309348, 1.473384, 0.250879, 0.247796, 1.180218, 0.227349, 0.061552, 0.293166, 0.023531, -0.000000, -0.000000, -0.000000, -0.226876, 0.139616, 0.000000, 23.813679, -11.325962, -107.033936, -0.623349, -1.748732, -0.151566, 0.002070, 14.239258, 16.799927, 244.934067
-0.041885, 0.041885, 1068.000000, 0.000000, 2000.000000, 1000.000000, 15.657505, 15.587548, 16.753330, 16.001616, 0.170440, 0.377473, 0.205417, 0.133536, 0.295742, 0.184206, 0.036904, 0.081731, 0.021211, -0.000000, -0.000000, -0.000000, -0.209424, 0.209424, 0.000000, 21.391689, -8.948300, -107.867523, -0.423081, -0.263763, -0.122804, 0.002303, 14.258789, 16.400146, 239.501938
-0.005236, 0.115183, 1068.000000, 0.000000, 2000.000000, 1000.000000, 16.896633, 16.262001, 15.556540, 15.284824, -0.090729, -0.579318, 0.226587, -0.074842, -0.477874, 0.208174, -0.015887, -0.101443, 0.018413, 0.000000, 0.000000, -0.000000, -0.026178, 0.575916, 0.000000, 23.179302, -9.182013, -107.970177, 0.093569, 1.340515, -0.138783, 0.001769, 14.243164, 16.839600, 249.694809
-0.001745, 0.155323, 1068.000000, 0.000000, 2000.000000, 1000.000000, 16.958363, 14.645945, 16.525696, 15.869994, -0.414180, 0.197845, 0.742030, -0.324257, 0.154891, 0.665170, -0.089923, 0.042954, 0.076860, 0.000000, 0.000000, -0.000000, -0.008726, 0.776614, 0.000000, 27.779404, -12.217501, -109.858795, 0.510085, 0.528789, -0.443447, 0.002311, 14.184570, 18.280029, 265.625000
-0.003490, 0.130890, 1068.000000, 0.000000, 2000.000000, 1000.000000, 14.760565, 15.129530, 16.487232, 17.622671, -0.191619, 1.054952, -0.376100, -0.152611, 0.840198, -0.339901, -0.039007, 0.214755, -0.036199, 0.000000, -0.000000, 0.000000, -0.017452, 0.654450, 0.000000, 26.976000, -13.094027, -109.880341, 0.226726, -0.689866, 0.226601, 0.002130, 14.266602, 15.481567, 226.196274
-0.031414, 0.043630, 1068.000000, 0.000000, 2000.000000, 1000.000000, 15.536353, 15.079584, 16.753494, 16.630566, -0.083461, 0.692031, 0.144924, -0.068764, 0.570173, 0.133074, -0.014696, 0.121857, 0.011850, 0.000000, -0.000000, -0.000000, -0.157068, 0.218150, 0.000000, 24.808409, -12.490142, -110.174583, -0.047045, -0.694127, -0.088716, 0.001781, 14.231445, 17.321777, 252.380356
-0.050611, 0.000000, 1068.000000, 0.000000, 2000.000000, 1000.000000, 16.224993, 16.174322, 16.188198, 15.412490, 0.181258, -0.199657, 0.206595, 0.142885, -0.157389, 0.185804, 0.038373, -0.042268, 0.020791, -0.000000, 0.000000, -0.000000, -0.253054, 0.000000, 0.000000, 24.676437, -11.195199, -110.929031, -0.481670, 0.251822, -0.123869, 0.002238, 14.219727, 18.081665, 263.183594
-0.045375, 0.000000, 1068.000000, 0.000000, 2000.000000, 1000.000000, 15.871170, 15.953589, 16.403610, 15.771627, 0.178601, 0.087620, 0.137391, 0.140604, 0.068979, 0.123486, 0.037997, 0.018641, 0.013905, -0.000000, -0.000000, -0.000000, -0.226876, 0.000000, 0.000000, 25.504890, -10.169743, -111.036423, -0.451843, -0.110366, -0.082324, 0.002252, 14.239258, 17.440796, 254.699692
-0.048866, 0.000000, 1066.000000, 0.005236, 2000.000000, 1000.000000, 15.780189, 14.775595, 16.673893, 16.770327, -0.275257, 0.722109, 0.227040, -0.224501, 0.588958, 0.207494, -0.050755, 0.133152, 0.019546, 0.000000, -0.000000, -0.000000, -0.244328, 0.000000, 0.026178, 24.226946, -9.207387, -111.493881, 0.114874, -0.942332, -0.112151, 0.001884, 14.274414, 15.200806, 222.106918
-0.087260, 0.000000, 1062.000000, 0.001745, 2000.000000, 1000.000000, 16.082346, 14.197643, 16.703896, 17.016117, -0.549231, 0.860006, 0.393120, -0.429704, 0.672847, 0.352290, -0.119527, 0.187159, 0.040830, 0.000000, -0.000000, -0.000000, -0.436300, 0.000000, 0.008726, 19.374784, -8.557581, -112.941498, 0.251227, -1.076555, -0.226134, 0.002318, 14.192383, 19.241333, 279.479980
-0.069808, 0.000000, 1062.000000, 0.001745, 2000.000000, 1000.000000, 15.970903, 15.162727, 16.600296, 16.266071, -0.118489, 0.433184, 0.285600, -0.095537, 0.349275, 0.259613, -0.022952, 0.083910, 0.025987, -0.000000, -0.000000, -0.000000, -0.349040, 0.000000, 0.008726, 17.386026, -7.865865, -113.797203, -0.196181, -0.558839, -0.164349, 0.002002, 14.262695, 16.320801, 230.285629
-0.076789, 0.000000, 1061.000000, 0.001745, 2000.000000, 1000.000000, 15.500850, 16.149498, 16.925163, 15.424489, 0.537331, 0.174826, 0.213006, 0.443240, 0.144213, 0.195697, 0.094091, 0.030613, 0.017309, -0.000000, -0.000000, -0.000000, -0.383944, 0.000000, 0.008726, 17.297775, -5.685365, -114.131454, -1.093128, -0.230740, -0.121739, 0.001769, 14.258789, 17.199707, 250.976547
-0.085515, 0.000000, 1062.000000, 0.000000, 2000.000000, 1000.000000, 15.810124, 15.106746, 16.848436, 16.234694, -0.022409, 0.541565, 0.329280, -0.017455, 0.421845, 0.294460, -0.004954, 0.119720, 0.034820, -0.000000, -0.000000, -0.000000, -0.427574, 0.000000, 0.000000, 17.371420, -1.602211, -114.871307, -0.399645, -0.674953, -0.196307, 0.002365, 14.266602, 16.000366, 233.825668
-0.085515, 0.000000, 1057.000000, 0.000000, 2000.000000, 1000.000000, 15.437763, 13.179268, 15.284477, 16.098492, -0.768128, 0.691484, 0.361120, -0.631310, 0.568318, 0.331211, -0.136818, 0.123166, 0.029908, 0.000000, -0.000000, -0.000000, -0.427574, 0.000000, 0.000000, 15.284784, -0.874219, -115.411957, 0.582522, -0.909309, -0.220808, 0.001806, 14.188477, 19.760132, 286.987305
-0.052356, 0.000000, 1043.000000, 0.000000, 2000.000000, 1000.000000, 14.113649, 12.820051, 14.407681, 14.658619, -0.386135, 0.533150, 0.260665, -0.311308, 0.429835, 0.236936, -0.074826, 0.103315, 0.023729, 0.000000, -0.000000, -0.000000, -0.261780, 0.000000, 0.000000, 11.045744, -1.613429, -116.359741, 0.236314, -0.687736, -0.157957, 0.002003, 14.500977, 6.478882, 96.313469
-0.057592, 0.000000, 1044.000000, 0.000000, 2000.000000, 1000.000000, 13.589010, 13.687410, 14.888012, 13.835567, 0.287711, 0.361790, 0.238511, 0.226930, 0.285359, 0.214566, 0.060781, 0.076431, 0.023946, -0.000000, -0.000000, -0.000000, -0.287958, 0.000000, 0.000000, 9.980689, -0.424553, -116.826134, -0.651046, -0.456575, -0.143044, 0.002232, 14.461914, 9.240723, 136.779785
-0.062827, 0.000000, 1043.000000, 0.003490, 2000.000000, 1000.000000, 13.548921, 13.918017, 15.128797, 13.404265, 0.523407, 0.266531, 0.338859, 0.430944, 0.219446, 0.311051, 0.092463, 0.047084, 0.027808, -0.000000, -0.000000, -0.000000, -0.314136, 0.000000, 0.017452, 10.029218, 2.141293, -117.335945, -1.003646, -0.351114, -0.189915, 0.001788, 14.418945, 10.641479, 157.104492
-0.068063, 0.000000, 1043.000000, 0.003490, 2000.000000, 1000.000000, 14.249085, 13.240458, 14.042754, 14.467702, -0.358394, 0.255228, 0.145920, -0.279166, 0.198807, 0.130490, -0.079227, 0.056421, 0.015430, 0.000000, -0.000000, -0.000000, -0.340314, 0.000000, 0.017452, 9.581140, 4.727825, -117.769470, 0.106352, -0.318091, -0.069541, 0.002365, 14.372070, 12.481689, 183.776840
-0.061082, 0.000000, 1043.000000, 0.001745, 2000.000000, 1000.000000, 14.612129, 12.743683, 13.649193, 14.994995, -0.803563, 0.322094, 0.130661, -0.632189, 0.253401, 0.117401, -0.171374, 0.068692, 0.013260, 0.000000, -0.000000, -0.000000, -0.305410, 0.000000, 0.008726, 8.116261, 3.923271, -117.844246, 0.706092, -0.405442, -0.069541, 0.002259, 14.450195, 9.960938, 147.277832
-0.071553, 0.000000, 1043.000000, 0.000000, 2000.000000, 1000.000000, 14.183286, 12.721339, 14.083516, 15.011859, -0.597573, 0.547687, 0.133401, -0.487146, 0.446479, 0.121888, -0.110426, 0.101208, 0.011512, 0.000000, -0.000000, -0.000000, -0.357766, 0.000000, 0.000000, 5.952270, 3.054076, -117.909706, 0.421668, -0.714367, -0.081259, 0.001889, 14.403320, 11.718750, 172.790512
-0.095986, 0.034904, 1043.000000, 0.000000, 2000.000000, 1000.000000, 13.026503, 13.169979, 15.447559, 14.355959, 0.308769, 0.901759, 0.237031, 0.246763, 0.720669, 0.214566, 0.062007, 0.181090, 0.022465, -0.000000, -0.000000, -0.000000, -0.479930, 0.174520, 0.000000, 2.957572, 5.651936, -118.299599, -0.874750, -0.978551, -0.143044, 0.002094, 14.364258, 12.280273, 180.725082
-0.169284, 0.078534, 1046.000000, 0.001745, 2000.000000, 1000.000000, 13.152255, 13.051919, 15.256886, 14.538939, 0.154403, 0.897913, 0.204571, 0.120236, 0.699222, 0.182914, 0.034166, 0.198691, 0.021657, -0.000000, -0.000000, -0.000000, -0.846422, 0.392670, 0.008726, 2.335838, 9.243585, -118.550407, -1.038800, -0.726085, -0.113217, 0.002368, 14.399414, 11.401367, 168.090805
-0.204188, 0.045375, 1046.000000, 0.001745, 2000.000000, 1000.000000, 14.301220, 13.075922, 14.030325, 14.592533, -0.446876, 0.311429, 0.165773, -0.361679, 0.252055, 0.150956, -0.085197, 0.059374, 0.014816, 0.000000, -0.000000, -0.000000, -1.020942, 0.226876, 0.008726, 2.319642, 11.587118, -118.834625, -0.442256, -0.176412, -0.091911, 0.001963, 14.379883, 12.759399, 187.927231
-0.144852, 0.000000, 1054.000000, 0.001745, 2000.000000, 1000.000000, 15.552017, 14.034582, 14.538696, 15.874704, -0.713360, 0.206700, 0.045356, -0.559744, 0.162189, 0.040702, -0.153616, 0.044511, 0.004654, 0.000000, -0.000000, -0.000000, -0.724258, 0.000000, 0.008726, 2.086382, 11.650895, -118.996063, 0.171333, -0.259502, -0.018409, 0.002287, 14.329102, 13.558960, 198.913559
-0.094241, -0.001745, 1054.000000, 0.001745, 2000.000000, 1000.000000, 14.565404, 13.902896, 15.648183, 15.883517, -0.224461, 0.765850, 0.106793, -0.179213, 0.611467, 0.096628, -0.045248, 0.154383, 0.010165, 0.000000, -0.000000, -0.000000, -0.471204, -0.008726, 0.008726, 0.669514, 12.426871, -118.848610, -0.184463, -0.987073, -0.055693, 0.002104, 14.344727, 13.000488, 190.978989
-0.113438, -0.001745, 1054.000000, 0.003490, 2000.000000, 1000.000000, 14.230384, 13.370242, 16.320107, 16.079268, -0.154826, 1.199687, 0.275245, -0.126686, 0.981644, 0.251929, -0.028140, 0.218043, 0.023316, -0.000000, -0.000000, -0.000000, -0.567190, -0.008726, 0.017452, -2.318080, 14.777842, -118.440605, -0.364492, -1.579356, -0.150501, 0.001851, 14.290039, 14.480591, 211.975082
-0.085515, -0.001745, 1054.000000, 0.013962, 2000.000000, 1000.000000, 15.212959, 13.744074, 15.564734, 15.478233, -0.345596, 0.521484, 0.388846, -0.267125, 0.403076, 0.346442, -0.078471, 0.118408, 0.042404, 0.000000, -0.000000, -0.000000, -0.427574, -0.008726, 0.069808, -6.840851, 17.913532, -117.896103, -0.000174, -0.653647, -0.161153, 0.002448, 14.364258, 12.960815, 190.429672
-0.097731, -0.001745, 1055.000000, 0.017452, 2000.000000, 1000.000000, 16.240215, 13.994678, 14.280122, 15.484986, -0.862601, -0.117446, 0.260168, -0.687463, -0.093601, 0.235202, -0.175138, -0.023846, 0.024967, 0.000000, 0.000000, -0.000000, -0.488656, -0.008726, 0.087260, -7.813917, 17.301346, -117.888435, 0.611284, 0.141035, -0.069541, 0.002123, 14.333008, 14.480591, 212.524399
-0.075044, -0.001745, 1056.000000, 0.019197, 2000.000000, 1000.000000, 15.910118, 14.200333, 14.224174, 15.665375, -0.787747, -0.055225, 0.067147, -0.641864, -0.044998, 0.061338, -0.145883, -0.010227, 0.005809, 0.000000, 0.000000, 0.000000, -0.375218, -0.008726, 0.095986, -8.318818, 15.360896, -117.755592, 0.651764, 0.063271, 0.055094, 0.001894, 14.321289, 14.199829, 182.922348
-0.075044, -0.001745, 1056.000000, 0.026178, 2000.000000, 1000.000000, 14.498932, 13.829048, 15.544302, 16.127720, -0.313325, 0.836010, 0.021617, -0.246387, 0.657406, 0.019419, -0.066938, 0.178604, 0.002198, 0.000000, -0.000000, 0.000000, -0.375218, -0.008726, 0.130890, -10.872955, 14.984565, -117.296806, 0.019001, -1.060576, 0.117944, 0.002264, 14.387695, 11.718750, 172.729477
-0.073298, -0.001745, 1056.000000, 0.019197, 2000.000000, 1000.000000, 14.202801, 13.667353, 15.723801, 16.406046, -0.304423, 1.064923, -0.036699, -0.238936, 0.835837, -0.032937, -0.065487, 0.229086, -0.003761, 0.000000, -0.000000, 0.000000, -0.366492, -0.008726, 0.095986, -14.290040, 16.460953, -116.008179, 0.015805, -1.346065, 0.117944, 0.002284, 14.344727, 13.760376, 202.087387
-0.083770, -0.001745, 1058.000000, 0.001745, 2000.000000, 1000.000000, 14.850166, 13.970304, 14.876631, 16.302898, -0.576532, 0.589764, -0.136602, -0.475389, 0.486299, -0.125478, -0.101144, 0.103465, -0.011124, 0.000000, -0.000000, 0.000000, -0.418848, -0.008726, 0.008726, -17.313286, 17.285433, -114.859070, 0.341774, -0.786805, 0.092378, 0.001773, 14.352539, 12.881470, 189.208969
-0.083770, -0.001745, 1058.000000, 0.000000, 2000.000000, 1000.000000, 15.778850, 14.659808, 14.044122, 15.517220, -0.648036, -0.219329, -0.088514, -0.508678, -0.172163, -0.079445, -0.139357, -0.047166, -0.009069, 0.000000, 0.000000, 0.000000, -0.418848, -0.008726, 0.000000, -18.372133, 15.988352, -114.246040, 0.395037, 0.266735, 0.052964, 0.002283, 14.368164, 12.240601, 179.992661
-0.089005, 0.000000, 1057.000000, 0.000000, 2000.000000, 1000.000000, 15.573223, 14.470680, 14.388966, 15.567131, -0.570177, -0.021951, -0.018906, -0.456463, -0.017573, -0.017128, -0.113714, -0.004378, -0.001778, 0.000000, 0.000000, 0.000000, -0.445026, 0.000000, 0.000000, -18.133394, 14.962074, -114.221558, 0.285315, 0.028117, 0.011419, 0.002076, 14.352539, 12.719727, 187.011703
-0.082024, 0.000000, 1057.000000, 0.000000, 2000.000000, 1000.000000, 14.849445, 14.046377, 15.106270, 15.997908, -0.423676, 0.552089, -0.022142, -0.348762, 0.454469, -0.020324, -0.074914, 0.097620, -0.001819, 0.000000, -0.000000, 0.000000, -0.410122, 0.000000, 0.000000, -19.208595, 14.919213, -113.906380, 0.147897, -0.727150, 0.013549, 0.001790, 14.387695, 11.480713, 169.128403
-0.071553, -0.001745, 1057.000000, 0.000000, 2000.000000, 1000.000000, 14.802053, 13.433800, 15.359362, 16.404785, -0.603419, 0.882073, 0.080707, -0.472499, 0.690695, 0.072354, -0.130920, 0.191378, 0.008353, 0.000000, -0.000000, -0.000000, -0.357766, -0.008726, 0.000000, -23.818939, 15.890265, -112.811981, 0.398233, -1.113839, -0.048236, 0.002309, 14.336914, 13.839722, 203.186020
-0.083770, -0.001745, 1057.000000, -0.001745, 2000.000000, 1000.000000, 15.527091, 14.006650, 14.615935, 15.850324, -0.688708, 0.233130, 0.071513, -0.567267, 0.192022, 0.065656, -0.121441, 0.041108, 0.005857, 0.000000, -0.000000, -0.000000, -0.418848, -0.008726, -0.008726, -26.051575, 15.554607, -112.360237, 0.488780, -0.315961, -0.052497, 0.001784, 14.325195, 13.839722, 202.880844
-0.075044, 0.000000, 1057.000000, -0.001745, 2000.000000, 1000.000000, 15.967875, 14.540656, 14.121228, 15.370240, -0.669058, -0.254266, 0.044552, -0.528014, -0.200665, 0.040090, -0.141043, -0.053602, 0.004462, 0.000000, 0.000000, -0.000000, -0.375218, 0.000000, -0.008726, -26.351555, 13.989734, -113.067047, 0.469605, 0.321063, -0.035453, 0.002226, 14.301758, 15.078735, 220.825180
-0.069808, 0.000000, 1057.000000, -0.001745, 2000.000000, 1000.000000, 15.273281, 14.234516, 14.598742, 15.893461, -0.583371, 0.246101, -0.063988, -0.457059, 0.192815, -0.057381, -0.126313, 0.053286, -0.006607, 0.000000, -0.000000, 0.000000, -0.349040, 0.000000, -0.008726, -26.730320, 12.246402, -112.835724, 0.382254, -0.308504, 0.029528, 0.002303, 14.356445, 13.479614, 198.181137
-0.069808, 0.000000, 1061.000000, -0.001745, 2000.000000, 1000.000000, 15.934237, 14.803477, 16.132620, 17.129667, -0.531951, 0.631144, 0.033428, -0.432425, 0.513058, 0.030503, -0.099527, 0.118085, 0.002925, 0.000000, -0.000000, -0.000000, -0.349040, 0.000000, -0.008726, -28.647482, 11.941772, -112.450264, 0.342839, -0.820893, -0.029061, 0.001918, 14.204102, 17.678833, 256.774902
-0.068063, -0.001745, 1061.000000, 0.000000, 2000.000000, 1000.000000, 16.482449, 15.347418, 15.701862, 16.468269, -0.475360, 0.085066, 0.092156, -0.381032, 0.068186, 0.083539, -0.094328, 0.016880, 0.008617, 0.000000, -0.000000, -0.000000, -0.340314, -0.008726, 0.000000, -31.817863, 11.655779, -112.030342, 0.269337, -0.117823, -0.055693, 0.002063, 14.254883, 16.201782, 236.389145
-0.069808, -0.001745, 1061.000000, 0.000000, 2000.000000, 1000.000000, 17.036715, 15.963551, 15.183639, 15.816099, -0.426406, -0.500132, 0.110176, -0.339215, -0.397865, 0.099518, -0.087192, -0.102267, 0.010658, 0.000000, 0.000000, -0.000000, -0.349040, -0.008726, 0.000000, -31.118992, 10.804488, -112.317154, 0.193703, 0.627858, -0.066345, 0.002142, 14.301758, 14.678955, 214.904770
-0.069808, -0.001745, 1061.000000, 0.000000, 2000.000000, 1000.000000, 17.059309, 16.033562, 15.011850, 15.895278, -0.477294, -0.546436, 0.035579, -0.386485, -0.442472, 0.032407, -0.090809, -0.103963, 0.003173, 0.000000, 0.000000, -0.000000, -0.349040, -0.008726, 0.000000, -29.525770, 9.499309, -112.727592, 0.269337, 0.699230, -0.021604, 0.001958, 14.219727, 17.279053, 251.586899
-0.069808, -0.001745, 1061.000000, -0.001745, 2000.000000, 1000.000000, 16.464941, 14.418251, 15.749002, 17.367804, -0.916373, 0.558404, 0.106972, -0.719378, 0.438363, 0.096016, -0.196995, 0.120041, 0.010955, 0.000000, -0.000000, -0.000000, -0.349040, -0.008726, -0.008726, -30.636469, 7.281701, -112.694466, 0.801965, -0.710106, -0.072737, 0.002282, 14.247070, 16.360474, 238.830551
-0.071553, -0.001745, 1061.000000, -0.001745, 2000.000000, 1000.000000, 16.342287, 14.610118, 16.066595, 16.980997, -0.661643, 0.523797, 0.204442, -0.521767, 0.413063, 0.183900, -0.139875, 0.110734, 0.020542, 0.000000, -0.000000, -0.000000, -0.357766, -0.008726, -0.008726, -33.406170, 6.286219, -112.678825, 0.477062, -0.669626, -0.131326, 0.002234, 14.215820, 17.721558, 257.995605
-0.071553, -0.001745, 1061.000000, -0.001745, 2000.000000, 1000.000000, 16.371290, 16.133600, 15.772321, 15.722789, -0.047039, -0.252446, 0.071805, -0.038407, -0.206118, 0.065656, -0.008632, -0.046327, 0.006149, -0.000000, 0.000000, -0.000000, -0.357766, -0.008726, -0.008726, -33.905155, 6.430249, -112.911621, -0.296315, 0.321063, -0.052497, 0.001873, 14.286133, 14.999390, 219.482407
-0.071553, 0.003490, 1061.000000, -0.001745, 2000.000000, 1000.000000, 17.028276, 16.751785, 15.445023, 14.774914, 0.098405, -0.890031, 0.236650, 0.077440, -0.700415, 0.212662, 0.020965, -0.189616, 0.023988, -0.000000, 0.000000, -0.000000, -0.357766, 0.017452, -0.008726, -28.896719, 7.075571, -113.822166, -0.481670, 1.138116, -0.150501, 0.002256, 14.247070, 16.400146, 239.196762
-0.068063, 0.062827, 1060.000000, -0.001745, 2000.000000, 1000.000000, 16.829758, 14.918951, 15.789375, 16.461914, -0.645837, 0.125644, 0.309567, -0.508197, 0.098867, 0.278175, -0.137640, 0.026777, 0.031392, 0.000000, 0.000000, -0.000000, -0.340314, 0.314136, -0.008726, -27.153397, 6.276711, -114.564270, 0.472801, 0.155948, -0.194176, 0.002257, 14.301758, 15.359497, 224.914536
-0.066318, 0.137871, 1060.000000, -0.003490, 2000.000000, 1000.000000, 16.440742, 13.800796, 16.220261, 17.538200, -0.989471, 0.879230, 0.330502, -0.814997, 0.724195, 0.303436, -0.174474, 0.155036, 0.027066, 0.000000, -0.000000, -0.000000, -0.331588, 0.689354, -0.017452, -28.802628, 4.722955, -114.959419, 0.972407, -0.469358, -0.219742, 0.001784, 14.239258, 16.839600, 245.483383
-0.062827, 0.230366, 1060.000000, -0.001745, 2000.000000, 1000.000000, 16.399260, 16.062452, 15.622425, 15.915865, -0.157562, -0.230855, 0.010842, -0.123656, -0.181177, 0.009730, -0.033906, -0.049679, 0.001112, 0.000000, 0.000000, -0.000000, -0.314136, 1.151832, -0.008726, -28.642160, 2.235808, -115.461952, -0.116287, 1.441715, -0.015213, 0.002285, 14.239258, 16.439819, 239.807114
-0.080279, 0.240838, 1060.000000, -0.001745, 2000.000000, 1000.000000, 16.876883, 17.420345, 15.324859, 14.377916, 0.372602, -1.148613, 0.100869, 0.297178, -0.916105, 0.091223, 0.075424, -0.232508, 0.009647, -0.000000, 0.000000, -0.000000, -0.401396, 1.204188, -0.008726, -22.752676, 1.064890, -115.675957, -0.876881, 2.669957, -0.069541, 0.002115, 14.219727, 17.599487, 246.398911
-0.101222, 0.240838, 1060.000000, -0.001745, 2000.000000, 1000.000000, 17.198694, 16.631632, 15.389447, 14.780228, 0.010539, -0.915163, 0.294070, 0.008695, -0.754985, 0.270186, 0.001845, -0.160178, 0.023884, -0.000000, 0.000000, -0.000000, -0.506108, 1.204188, -0.008726, -15.370882, -0.212787, -116.110580, -0.520019, 2.412164, -0.188850, 0.001768, 14.250977, 15.798950, 230.712875
-0.095986, 0.246073, 1061.000000, -0.001745, 2000.000000, 1000.000000, 16.243242, 14.421589, 16.417143, 16.918026, -0.580634, 0.667584, 0.330192, -0.458971, 0.527701, 0.297350, -0.121664, 0.139883, 0.032842, 0.000000, -0.000000, -0.000000, -0.479930, 1.230366, -0.008726, -10.174655, -2.613730, -116.767967, 0.254423, 0.386044, -0.206959, 0.002209, 14.247070, 16.799927, 244.811996
-0.087260, 0.244328, 1061.000000, -0.001745, 2000.000000, 1000.000000, 16.642490, 13.970020, 17.004557, 16.382935, -0.512712, 0.693745, 0.823523, -0.399744, 0.540889, 0.736769, -0.112968, 0.152855, 0.086755, 0.000000, -0.000000, -0.000000, -0.436300, 1.221640, -0.008726, -9.859053, -3.420729, -117.338753, 0.203291, 0.356217, -0.499905, 0.002355, 14.293945, 14.160156, 207.214340
-0.125654, 0.232112, 1061.000000, -0.001745, 2000.000000, 1000.000000, 16.504932, 15.913678, 15.715468, 15.865922, -0.185427, -0.209305, 0.110200, -0.151547, -0.171062, 0.100810, -0.033880, -0.038243, 0.009390, 0.000000, 0.000000, -0.000000, -0.628272, 1.160558, -0.008726, -7.686167, -4.295308, -117.834167, -0.385797, 1.434258, -0.075933, 0.001863, 14.274414, 14.678955, 214.599594
-0.085515, 0.197208, 1060.000000, -0.001745, 2000.000000, 1000.000000, 16.911463, 17.257345, 15.355047, 14.476147, 0.306196, -1.084403, 0.133254, 0.248859, -0.881342, 0.121582, 0.057337, -0.203061, 0.011672, -0.000000, 0.000000, -0.000000, -0.427574, 0.986038, -0.008726, 1.697670, -5.814488, -117.233955, -0.825748, 2.396185, -0.089781, 0.001920, 14.223633, 15.881348, 231.689438
-0.097731, 0.198953, 1060.000000, 0.000000, 2000.000000, 1000.000000, 16.816305, 15.608740, 15.666191, 15.908766, -0.362535, -0.212522, 0.241247, -0.287991, -0.168824, 0.217762, -0.074544, -0.043698, 0.023486, 0.000000, 0.000000, -0.000000, -0.488656, 0.994764, 0.000000, 6.773914, -7.067640, -116.958588, -0.027870, 1.264882, -0.145174, 0.002157, 14.254883, 15.798950, 230.712875
-0.089005, 0.198953, 1060.000000, 0.000000, 2000.000000, 1000.000000, 16.564848, 14.176453, 16.281721, 16.976980, -0.770913, 0.629351, 0.423284, -0.624241, 0.509612, 0.385540, -0.146672, 0.119739, 0.037744, 0.000000, -0.000000, -0.000000, -0.445026, 0.994764, 0.000000, 7.922748, -8.736221, -117.374626, 0.553760, 0.179384, -0.257026, 0.001958, 14.297852, 14.721680, 215.332016
-0.116928, 0.179756, 1060.000000, 0.000000, 2000.000000, 1000.000000, 16.136576, 15.606651, 16.263262, 15.993511, -0.065043, 0.128387, 0.199919, -0.051042, 0.100749, 0.179412, -0.014002, 0.027638, 0.020507, -0.000000, 0.000000, -0.000000, -0.584642, 0.898778, 0.000000, 8.584496, -9.846746, -118.094261, -0.502975, 0.737579, -0.119608, 0.002286, 14.266602, 15.319824, 223.876938
-0.066318, 0.174520, 1060.000000, 0.000000, 2000.000000, 1000.000000, 15.917341, 17.591825, 16.108477, 14.382357, 0.850151, -0.754583, 0.012910, 0.673035, -0.597377, 0.011634, 0.177116, -0.157206, 0.001276, -0.000000, 0.000000, -0.000000, -0.331588, 0.872600, 0.000000, 13.017312, -9.052458, -117.442230, -1.408444, 1.828403, -0.007756, 0.002193, 14.227539, 17.001343, 247.680649
-0.078534, 0.176265, 1060.000000, 0.000000, 2000.000000, 1000.000000, 16.683165, 17.064146, 15.967927, 14.284762, 0.516037, -0.873656, 0.325545, 0.416481, -0.705107, 0.296058, 0.099556, -0.168549, 0.029487, -0.000000, 0.000000, -0.000000, -0.392670, 0.881326, 0.000000, 19.778341, -8.389966, -116.682594, -1.059040, 2.009497, -0.197372, 0.001992, 14.250977, 16.360474, 238.830551
-0.066318, 0.191972, 1061.000000, 0.000000, 2000.000000, 1000.000000, 16.733355, 14.497498, 16.444798, 16.324350, -0.528852, 0.384574, 0.589076, -0.413528, 0.300712, 0.527752, -0.115325, 0.083862, 0.061325, 0.000000, -0.000000, -0.000000, -0.331588, 0.959860, 0.000000, 24.975300, -9.433896, -117.171440, 0.330056, 0.478721, -0.351834, 0.002324, 14.258789, 16.000366, 233.520493
-0.050611, 0.207679, 1061.000000, 0.000000, 2000.000000, 1000.000000, 17.453915, 13.356253, 17.000570, 16.189262, -0.821589, 0.594916, 1.227242, -0.646737, 0.468305, 1.102991, -0.174852, 0.126611, 0.124252, 0.000000, -0.000000, -0.000000, -0.253054, 1.038394, 0.000000, 24.856138, -11.229040, -118.184090, 0.781725, 0.289106, -0.735327, 0.002253, 14.262695, 15.438843, 225.524887
-0.057592, 0.209424, 1060.000000, 0.000000, 2000.000000, 1000.000000, 16.650242, 15.282574, 16.248585, 15.818600, -0.234421, 0.033592, 0.449414, -0.193181, 0.027682, 0.412704, -0.041240, 0.005910, 0.036710, 0.000000, 0.000000, -0.000000, -0.287958, 1.047120, 0.000000, 25.837090, -13.086674, -119.246979, 0.021131, 1.002828, -0.275136, 0.001779, 14.270508, 15.719604, 229.614243
-0.083770, 0.207679, 1042.000000, 0.000000, 2000.000000, 1000.000000, 14.471684, 14.851820, 13.921843, 12.754654, 0.386831, -0.661752, 0.196763, 0.302249, -0.517058, 0.176217, 0.084581, -0.144694, 0.020547, -0.000000, 0.000000, -0.000000, -0.418848, 1.038394, 0.000000, 32.937855, -14.172155, -118.249222, -0.902447, 1.865687, -0.117478, 0.002332, 14.489258, 7.598877, 112.731926
-0.083770, 0.200698, 1041.000000, 0.000000, 2000.000000, 1000.000000, 14.058668, 14.571499, 14.297535, 13.072298, 0.434517, -0.315084, 0.178102, 0.357510, -0.259243, 0.163433, 0.077008, -0.055841, 0.014668, -0.000000, 0.000000, -0.000000, -0.418848, 1.003490, 0.000000, 38.401562, -13.871308, -117.240509, -0.990863, 1.418279, -0.108956, 0.001795, 14.415039, 11.041260, 162.719711
-0.062827, 0.188482, 1041.000000, 0.000000, 2000.000000, 1000.000000, 13.665572, 13.687625, 14.691203, 13.955600, 0.189414, 0.323401, 0.178388, 0.155309, 0.265170, 0.163433, 0.034106, 0.058231, 0.014954, -0.000000, 0.000000, -0.000000, -0.314136, 0.942408, 0.000000, 41.805988, -13.077116, -116.699615, -0.562630, 0.518136, -0.108956, 0.001830, 14.446289, 9.078979, 134.277344
-0.076789, 0.179756, 1041.000000, 0.000000, 2000.000000, 1000.000000, 14.288076, 12.646212, 14.352329, 14.713383, -0.500730, 0.532856, 0.320203, -0.394985, 0.420327, 0.288069, -0.105745, 0.112530, 0.032134, 0.000000, -0.000000, -0.000000, -0.383944, 0.898778, 0.000000, 42.922527, -13.175132, -117.114944, 0.248031, 0.226255, -0.192046, 0.002231, 14.403320, 10.641479, 156.982422
-0.109948, 0.179756, 1044.000000, 0.000000, 2000.000000, 1000.000000, 14.473181, 13.104765, 13.796181, 14.625874, -0.549527, 0.211027, 0.134680, -0.451335, 0.173320, 0.123486, -0.098192, 0.037707, 0.011194, 0.000000, 0.000000, -0.000000, -0.549738, 0.898778, 0.000000, 43.632191, -14.262623, -117.293182, 0.172398, 0.621466, -0.082324, 0.001813, 14.430664, 9.759521, 144.226074
-0.111693, 0.174520, 1073.000000, 0.000000, 2000.000000, 1000.000000, 17.054878, 16.806808, 17.223495, 16.914818, 0.015151, 0.069156, 0.139187, 0.011925, 0.054428, 0.125084, 0.003227, 0.014728, 0.014103, -0.000000, 0.000000, -0.000000, -0.558464, 0.872600, 0.000000, 47.239414, -15.014396, -116.655296, -0.577543, 0.785516, -0.083389, 0.002255, 13.872070, 30.841064, 438.110321
-0.123909, 0.164049, 1075.000000, 0.000000, 2000.000000, 1000.000000, 16.676371, 16.603148, 17.409521, 17.310961, 0.006333, 0.360241, 0.042946, 0.005040, 0.286688, 0.038798, 0.001293, 0.073553, 0.004148, -0.000000, -0.000000, -0.000000, -0.619546, 0.820244, 0.000000, 49.647263, -13.969755, -116.139595, -0.627610, 0.361543, -0.025866, 0.002138, 14.071289, 22.879028, 324.523895
-0.174520, 0.139616, 1076.000000, 0.000000, 2000.000000, 1000.000000, 17.518373, 15.506186, 16.887800, 18.087641, -0.803008, 0.487721, 0.203087, -0.644469, 0.391429, 0.184206, -0.158539, 0.096292, 0.018881, 0.000000, -0.000000, -0.000000, -0.872600, 0.698080, 0.000000, 50.444309, -13.423463, -116.313026, 0.158550, 0.071793, -0.122804, 0.002050, 14.063477, 22.439575, 323.303192
-0.218150, 0.130890, 1075.000000, 0.000000, 2000.000000, 1000.000000, 17.942879, 15.702489, 16.711914, 17.642719, -0.792798, 0.177316, 0.327395, -0.625018, 0.139791, 0.294460, -0.167780, 0.037525, 0.032935, 0.000000, 0.000000, -0.000000, -1.090750, 0.654450, 0.000000, 50.936317, -14.104539, -116.607925, -0.090721, 0.430785, -0.196307, 0.002237, 14.211914, 16.558838, 241.027817
-0.198953, 0.123909, 1076.000000, 0.000000, 2000.000000, 1000.000000, 17.341551, 16.602362, 17.542524, 16.513563, 0.072443, 0.028044, 0.442037, 0.058814, 0.022768, 0.403116, 0.013628, 0.005276, 0.038921, -0.000000, 0.000000, -0.000000, -0.994764, 0.619546, 0.000000, 53.227859, -13.203781, -116.685051, -1.088867, 0.583117, -0.268744, 0.001931, 14.141602, 19.039917, 286.621094
-0.228621, 0.071553, 1077.000000, 0.000000, 2000.000000, 1000.000000, 16.528584, 16.549652, 17.843018, 17.078747, 0.196334, 0.460882, 0.185800, 0.153852, 0.361158, 0.166629, 0.042482, 0.099723, 0.019171, -0.000000, -0.000000, -0.000000, -1.143106, 0.357766, 0.000000, 56.744907, -8.002814, -116.755379, -1.389270, -0.220088, -0.111086, 0.002301, 14.184570, 17.480469, 253.723129
-0.256544, -0.001745, 1076.000000, 0.000000, 2000.000000, 1000.000000, 17.321964, 15.619245, 16.913273, 18.145519, -0.733741, 0.529396, 0.117618, -0.579886, 0.418389, 0.105909, -0.153855, 0.111007, 0.011708, 0.000000, -0.000000, -0.000000, -1.282722, -0.008726, 0.000000, 56.584267, -5.391001, -117.036209, -0.354904, -0.678148, -0.070606, 0.002211, 14.102539, 21.481323, 310.302734
-0.144852, -0.038394, 1075.000000, 0.001745, 2000.000000, 1000.000000, 17.370878, 15.975370, 17.195311, 17.458441, -0.414660, 0.326876, 0.283094, -0.340701, 0.268574, 0.259613, -0.073959, 0.058302, 0.023482, 0.000000, -0.000000, -0.000000, -0.724258, -0.191972, 0.008726, 55.130203, -4.078365, -117.465935, -0.179137, -0.621690, -0.164349, 0.001809, 14.149414, 19.000244, 275.085449
-0.212914, -0.115183, 1072.000000, 0.000000, 2000.000000, 1000.000000, 17.380136, 16.631872, 17.060293, 16.927698, -0.153917, -0.006005, 0.220214, -0.119970, -0.004681, 0.196989, -0.033947, -0.001324, 0.023225, -0.000000, -0.000000, -0.000000, -1.064572, -0.575916, 0.000000, 54.282787, -0.554766, -118.033577, -0.872620, -0.568427, -0.131326, 0.002358, 14.145508, 19.918823, 288.696289
0.001745, -0.219895, 1071.000000, 0.000000, 2000.000000, 1000.000000, 16.694069, 17.503197, 17.758698, 16.044037, 0.630948, -0.098632, 0.226383, 0.496247, -0.077575, 0.203381, 0.134701, -0.021057, 0.023002, -0.000000, -0.000000, -0.000000, 0.008726, -1.099476, 0.000000, 53.623734, 2.327488, -118.306351, -0.785269, -0.975355, -0.135587, 0.002262, 14.129883, 19.601440, 283.508301
0.005236, -0.254799, 1071.000000, 0.000000, 2000.000000, 1000.000000, 16.720205, 16.639437, 17.913877, 16.726480, 0.276657, 0.320179, 0.317041, 0.228190, 0.264087, 0.291264, 0.048468, 0.056092, 0.025777, -0.000000, -0.000000, -0.000000, 0.026178, -1.273996, 0.000000, 51.202068, 5.856390, -118.586250, -0.338926, -1.696535, -0.194176, 0.001770, 14.208008, 16.079712, 234.130844
0.001745, -0.399651, 1072.000000, 0.000000, 2000.000000, 1000.000000, 17.794212, 15.264452, 16.463402, 18.477932, -1.136072, 0.470668, 0.128808, -0.889920, 0.368688, 0.115497, -0.246152, 0.101979, 0.013311, 0.000000, -0.000000, -0.000000, 0.008726, -1.998254, 0.000000, 41.911884, 7.871478, -117.908943, 1.432598, -2.588155, -0.076998, 0.002305, 14.129883, 19.961548, 288.879395
0.000000, -0.465968, 1071.000000, 0.000000, 2000.000000, 1000.000000, 19.829224, 13.514565, 18.384087, 16.272125, -1.050675, 0.328105, 2.106655, -0.826132, 0.257985, 1.892347, -0.224543, 0.070120, 0.214308, 0.000000, -0.000000, -0.000000, 0.000000, -2.329842, 0.000000, 33.564659, 7.541578, -119.198212, 1.321811, -2.742618, -1.261564, 0.002265, 13.887695, 28.479004, 404.907196
-0.057592, -0.495637, 1073.000000, 0.000000, 2000.000000, 1000.000000, 15.866130, 16.562527, 16.715513, 18.855829, -0.360979, 0.785672, -0.709178, -0.297709, 0.647966, -0.651489, -0.063269, 0.137706, -0.057689, 0.000000, -0.000000, 0.000000, -0.287958, -2.478184, 0.000000, 25.036879, 9.851061, -118.209084, 0.188377, -3.514930, 0.434326, 0.001771, 14.133789, 20.159912, 291.809082
-0.013962, -0.446771, 1042.000000, 0.036649, 2000.000000, 1000.000000, 13.056768, 12.243896, 16.098499, 14.600836, 0.171198, 1.349667, 0.577634, 0.134243, 1.058330, 0.518197, 0.036955, 0.291337, 0.059437, -0.000000, -0.000000, -0.000000, -0.069808, -2.233856, 0.183246, 10.923246, 18.232147, -114.077621, -0.284597, -3.927184, -0.162218, 0.002294, 15.418945, 0.079346, 1.220703
0.000000, 0.001745, 1000.000000, 0.024433, 2000.000000, 1000.000000, 9.115935, 7.257134, 11.532683, 12.094247, -0.605091, 1.813466, 0.324309, -0.605091, 1.813466, 0.324309, 0.000000, 0.000000, 0.000000, 0.000000, -0.000000, -0.000000, 0.000000, 0.008726, 0.122164, 1.563321, 21.056047, -111.372612, 0.968146, -2.892819, -0.094042, 0.001913, 18.340820, 0.000000, 2.197266
0.000000, -0.012216, 1000.000000, 0.001745, 2000.000000, 1000.000000, 10.934169, 8.045494, 8.830853, 12.189483, -1.561826, 0.510168, -0.117489, -1.561826, 0.510168, -0.117489, 0.000000, 0.000000, 0.000000, 0.000000, -0.000000, 0.000000, 0.000000, -0.061082, 0.008726, -5.299625, 17.989534, -109.040817, 2.498921, -0.877352, 0.087052, 0.001904, 15.692383, 0.000000, 1.281738
0.000000, -0.001745, 1000.000000, 0.132635, 2000.000000, 1000.000000, 12.797645, 7.645219, 9.406898, 10.150239, -1.473942, -0.221431, 1.102271, -1.473942, -0.221431, 1.102271, 0.000000, 0.000000, 0.000000, 0.000000, 0.000000, -0.000000, 0.000000, -0.008726, 0.663176, -8.451701, 7.290102, -108.489647, 2.358307, 0.345564, -0.071672, 0.002368, 14.641602, 2.398682, 35.888672
0.001745, 0.000000, 1000.000000, -0.001745, 2000.000000, 1000.000000, 9.983393, 10.017134, 9.991327, 10.008146, 0.004231, -0.000263, -0.012640, 0.004231, -0.000263, -0.012640, 0.000000, 0.000000, 0.000000, -0.000000, 0.000000, 0.000000, 0.008726, 0.000000, -0.008726, 1.745580, 4.309637, -153.685043, 0.001957, 0.000421, -0.000299, 0.001788, 14.770508, 0.518799, 7.812500
0.001745, 0.000000, 1000.000000, 0.000000, 2000.000000, 1000.000000, 9.975842, 10.015363, 9.993098, 10.015697, 0.004231, 0.004398, -0.015530, 0.004231, 0.004398, -0.015530, 0.000000, 0.000000, 0.000000, -0.000000, -0.000000, 0.000000, 0.008726, 0.000000, 0.000000, 1.750970, 4.238616, -153.691467, 0.001957, -0.007036, 0.010353, 0.002323, 14.633789, 4.721069, 70.800781
0.000000, -0.001745, 1000.000000, 0.000000, 2000.000000, 1000.000000, 10.029492, 9.989930, 10.012950, 9.967628, 0.001440, -0.009711, 0.021222, 0.001440, -0.009711, 0.021222, 0.000000, 0.000000, 0.000000, -0.000000, 0.000000, -0.000000, 0.000000, -0.008726, 0.000000, 1.756439, 4.185012, -153.715256, -0.002304, 0.006812, -0.014148, 0.002379, 14.461914, 12.359619, 183.105453
0.001745, -0.001745, 1000.000000, 0.000000, 2000.000000, 1000.000000, 10.030430, 9.915756, 10.024796, 10.029018, -0.029724, 0.026907, 0.027613, -0.029724, 0.026907, 0.027613, 0.000000, 0.000000, 0.000000, 0.000000, -0.000000, -0.000000, 0.008726, -0.008726, 0.000000, 1.678606, 4.180938, -153.661316, 0.056285, -0.051777, -0.018409, 0.001888, 14.442383, 11.318970, 167.602524
0.001745, 0.000000, 1000.000000, -0.001745, 2000.000000, 1000.000000, 9.991648, 10.035509, 10.002247, 9.970596, 0.018878, -0.013579, -0.003053, 0.018878, -0.013579, -0.003053, 0.000000, 0.000000, 0.000000, -0.000000, 0.000000, -0.000000, 0.008726, 0.000000, -0.008726, 1.490365, 4.022343, -153.726379, -0.021479, 0.021726, -0.006691, 0.002425, 14.657227, 4.238892, 59.387203
0.001745, 0.000000, 1000.000000, 0.000000, 2000.000000, 1000.000000, 10.003139, 9.990728, 9.997759, 10.008373, -0.005756, 0.003066, 0.000449, -0.005756, 0.003066, 0.000449, 0.000000, 0.000000, 0.000000, 0.000000, -0.000000, -0.000000, 0.008726, 0.000000, 0.000000, 1.520179, 3.939018, -153.726105, 0.017936, -0.004905, -0.000299, 0.002282, 14.653320, 4.559326, 68.420410
0.001745, 0.000000, 1000.000000, 0.000000, 2000.000000, 1000.000000, 10.030037, 9.986467, 10.021994, 9.961502, 0.004231, -0.008252, 0.026015, 0.004231, -0.008252, 0.026015, 0.000000, 0.000000, 0.000000, 0.000000, 0.000000, -0.000000, 0.008726, 0.000000, 0.000000, 1.521607, 3.808065, -153.714661, 0.001957, 0.013204, -0.017343, 0.002107, 14.672852, 4.080200, 61.279293
0.001745, -0.001745, 1000.000000, 0.000000, 2000.000000, 1000.000000, 10.011922, 9.994185, 10.004954, 9.988938, -0.000430, -0.003054, 0.008438, -0.000430, -0.003054, 0.008438, 0.000000, 0.000000, 0.000000, 0.000000, 0.000000, -0.000000, 0.008726, -0.008726, 0.000000, 1.499649, 3.664231, -153.730423, 0.009414, -0.003840, -0.005626, 0.001826, 14.676758, 3.720093, 55.908199
0.000000, 0.000000, 1000.000000, 0.000000, 2000.000000, 1000.000000, 10.004599, 9.977285, 9.996300, 10.021816, -0.013207, 0.009058, 0.000449, -0.013207, 0.009058, 0.000449, 0.000000, 0.000000, 0.000000, 0.000000, -0.000000, 0.000000, 0.000000, 0.000000, 0.000000, 1.432002, 3.496558, -153.717636, 0.021131, -0.014493, -0.000299, 0.002345, 14.684570, 3.839111, 57.678219
0.000000, 0.000000, 1000.000000, 0.000000, 2000.000000, 1000.000000, 10.053200, 9.964636, 10.027592, 9.954573, -0.003886, -0.008918, 0.040396, -0.003886, -0.008918, 0.040396, 0.000000, 0.000000, 0.000000, 0.000000, 0.000000, -0.000000, 0.000000, 0.000000, 0.000000, 1.410475, 3.348421, -153.735687, 0.006218, 0.014269, -0.026931, 0.002374, 14.692383, 3.201294, 48.217770
0.001745, 0.000000, 1000.000000, 0.000000, 2000.000000, 1000.000000, 9.988625, 10.013233, 10.021860, 9.976282, 0.017546, -0.000929, 0.005243, 0.017546, -0.000929, 0.005243, 0.000000, 0.000000, 0.000000, -0.000000, -0.000000, -0.000000, 0.008726, 0.000000, 0.000000, 1.382453, 3.206010, -153.744705, -0.019348, 0.001486, -0.003495, 0.001797, 14.676758, 4.080200, 61.279293
0.000000, 0.000000, 1000.000000, 0.000000, 2000.000000, 1000.000000, 9.987953, 10.012573, 9.965008, 10.034466, -0.011210, -0.000263, -0.023519, -0.011210, -0.000263, -0.023519, 0.000000, 0.000000, 0.000000, 0.000000, -0.000000, 0.000000, 0.000000, 0.000000, 0.000000, 1.329638, 3.037155, -153.740845, 0.017936, 0.000421, 0.015680, 0.002288, 14.684570, 3.720093, 56.030270
0.001745, -0.001745, 1000.000000, 0.000000, 2000.000000, 1000.000000, 10.029632, 9.985797, 10.016007, 9.968564, 0.000902, -0.007714, 0.022819, 0.000902, -0.007714, 0.022819, 0.000000, 0.000000, 0.000000, -0.000000, 0.000000, -0.000000, 0.008726, -0.008726, 0.000000, 1.353581, 2.931013, -153.748611, 0.007283, 0.003617, -0.015213, 0.002380, 14.676758, 4.360962, 65.490723
0.000000, 0.000000, 1000.000000, 0.001745, 2000.000000, 1000.000000, 10.023813, 9.976713, 10.028830, 9.970644, 0.002772, -0.000263, 0.026321, 0.002772, -0.000263, 0.026321, 0.000000, 0.000000, 0.000000, 0.000000, -0.000000, -0.000000, 0.000000, 0.000000, 0.008726, 1.354867, 2.821953, -153.753372, -0.004435, 0.000421, -0.008821, 0.002292, 14.680664, 3.799438, 57.128902
0.001745, 0.000000, 1000.000000, 0.000000, 2000.000000, 1000.000000, 10.041355, 9.963165, 10.042633, 9.952847, 0.002899, -0.002260, 0.041994, 0.002899, -0.002260, 0.041994, 0.000000, 0.000000, 0.000000, -0.000000, 0.000000, -0.000000, 0.008726, 0.000000, 0.000000, 1.363058, 2.678770, -153.772049, 0.004087, 0.003617, -0.027996, 0.001867, 14.688477, 3.479004, 52.307125
0.001745, 0.000000, 1000.000000, 0.001745, 2000.000000, 1000.000000, 9.973751, 10.026775, 9.983017, 10.016457, 0.004897, -0.000263, -0.021616, 0.004897, -0.000263, -0.021616, 0.000000, 0.000000, 0.000000, -0.000000, -0.000000, 0.000000, 0.008726, 0.000000, 0.008726, 1.345108, 2.514301, -153.775589, 0.000892, 0.000421, 0.023136, 0.002462, 14.680664, 4.080200, 61.279293
0.001745, 0.000000, 1000.000000, 0.003490, 2000.000000, 1000.000000, 10.010542, 9.989985, 10.017145, 9.982328, 0.003565, -0.000263, 0.013844, 0.003565, -0.000263, 0.013844, 0.000000, 0.000000, 0.000000, -0.000000, 0.000000, 0.000000, 0.008726, 0.000000, 0.017452, 1.350317, 2.344677, -153.770798, 0.003022, 0.000421, 0.008223, 0.002300, 14.680664, 4.000854, 60.729977
0.001745, 0.000000, 1003.000000, 0.003490, 2000.000000, 1000.000000, 10.013604, 9.981595, 10.026866, 9.977935, 0.004231, 0.002400, 0.020235, 0.004231, 0.002400, 0.020235, 0.000000, 0.000000, 0.000000, 0.000000, -0.000000, -0.000000, 0.008726, 0.000000, 0.017452, 1.385092, 2.232081, -153.768555, 0.001957, -0.003840, 0.003962, 0.001794, 14.672852, 4.199219, 63.110348
0.001745, 0.000000, 1007.000000, 0.000000, 2000.000000, 1000.000000, 10.033898, 9.969291, 10.024524, 9.972287, -0.003093, -0.001595, 0.029211, -0.003093, -0.001595, 0.029211, 0.000000, 0.000000, 0.000000, 0.000000, 0.000000, -0.000000, 0.008726, 0.000000, 0.000000, 1.385001, 2.061315, -153.782761, 0.013675, 0.002551, -0.019474, 0.002188, 14.684570, 3.839111, 57.678219
0.001745, 0.000000, 1012.000000, -0.001745, 2000.000000, 1000.000000, 10.982789, 11.016183, 10.999713, 11.001315, 0.007948, 0.000514, -0.008749, 0.006228, 0.000403, -0.007846, 0.001720, 0.000111, -0.000903, 0.000000, -0.000000, -0.000000, 0.008726, 0.000000, -0.008726, 1.380190, 1.963912, -153.809189, -0.001239, -0.000644, -0.003495, 0.002301, 14.680664, 4.199219, 63.110348
0.001745, 0.000000, 1012.000000, -0.001745, 2000.000000, 1000.000000, 10.944340, 11.047819, 10.920429, 11.087412, -0.015876, 0.003921, -0.067616, -0.012414, 0.003066, -0.060577, -0.003462, 0.000855, -0.007039, 0.000000, -0.000000, 0.000000, 0.008726, 0.000000, -0.008726, 1.332462, 1.945784, -153.807053, 0.028588, -0.004905, 0.031658, 0.002324, 14.610352, 6.161499, 92.224113
0.001745, 0.000000, 1011.000000, -0.001745, 2000.000000, 1000.000000, 11.003845, 11.011595, 10.929823, 11.054737, -0.029291, -0.007720, -0.033166, -0.023732, -0.006255, -0.030217, -0.005559, -0.001465, -0.002949, 0.000000, 0.000000, 0.000000, 0.008726, 0.000000, -0.008726, 1.289079, 1.850558, -153.833679, 0.046698, 0.010008, 0.011419, 0.001952, 14.633789, 5.560303, 83.374016
0.001745, 0.000000, 1016.000000, -0.001745, 2000.000000, 1000.000000, 10.982322, 11.048972, 10.943126, 11.025580, -0.003951, -0.015646, -0.037277, -0.003093, -0.012247, -0.033413, -0.000858, -0.003399, -0.003864, 0.000000, 0.000000, 0.000000, 0.008726, 0.000000, -0.008726, 1.234095, 1.650612, -153.820679, 0.013675, 0.019595, 0.013549, 0.002313, 14.649414, 4.879761, 73.181152
0.001745, 0.000000, 1030.000000, -0.001745, 2000.000000, 1000.000000, 12.936242, 13.064401, 12.882411, 13.116946, -0.026594, -0.000322, -0.090674, -0.021735, -0.000263, -0.082947, -0.004859, -0.000059, -0.007727, 0.000000, -0.000000, 0.000000, 0.008726, 0.000000, -0.008726, 1.154075, 1.611576, -153.837616, 0.043502, 0.000421, 0.046572, 0.001863, 14.524414, 9.439087, 140.380859
0.001745, 0.000000, 1034.000000, -0.001745, 2000.000000, 1000.000000, 13.027497, 12.919225, 12.983312, 13.069966, -0.048732, 0.026639, 0.005404, -0.039711, 0.021708, 0.004937, -0.009021, 0.004931, 0.000467, 0.000000, -0.000000, -0.000000, 0.008726, 0.000000, -0.008726, 1.051641, 1.594915, -153.879379, 0.072264, -0.034733, -0.012017, 0.001893, 14.415039, 13.681030, 202.087387
0.001745, -0.001745, 1046.000000, -0.001745, 2000.000000, 1000.000000, 14.175136, 13.831008, 13.989736, 14.004121, -0.089628, -0.003072, 0.082435, -0.069672, -0.002388, 0.073646, -0.019957, -0.000684, 0.008790, 0.000000, 0.000000, -0.000000, 0.008726, -0.008726, -0.008726, 0.724109, 1.409319, -153.953003, 0.120200, -0.004905, -0.057823, 0.002387, 14.364258, 15.399170, 226.623520
0.001745, 0.000000, 1056.000000, -0.001745, 2000.000000, 1000.000000, 15.210010, 14.563193, 14.902320, 15.324477, -0.267243, 0.113399, 0.056165, -0.217476, 0.092281, 0.051275, -0.049767, 0.021118, 0.004889, 0.000000, -0.000000, -0.000000, 0.008726, 0.000000, -0.008726, 0.032864, 1.271578, -153.992264, 0.356688, -0.147650, -0.042910, 0.001907, 14.293945, 16.839600, 246.704086
0.001745, 0.000000, 1058.000000, -0.001745, 2000.000000, 1000.000000, 15.165851, 14.091956, 15.250539, 15.491654, -0.328753, 0.371096, 0.208195, -0.263415, 0.297343, 0.188694, -0.065338, 0.073753, 0.019501, 0.000000, -0.000000, -0.000000, 0.008726, 0.000000, -0.008726, -1.328213, 1.604418, -154.285477, 0.430190, -0.475749, -0.134522, 0.002067, 14.395508, 13.281250, 199.890121
0.001745, 0.000000, 1059.000000, -0.001745, 2000.000000, 1000.000000, 15.355573, 14.059299, 14.993838, 15.591290, -0.473432, 0.292564, 0.174706, -0.371273, 0.229433, 0.156736, -0.102159, 0.063131, 0.017970, 0.000000, -0.000000, -0.000000, 0.008726, 0.000000, -0.008726, -4.245059, 2.458738, -154.790985, 0.602762, -0.367093, -0.113217, 0.002293, 14.426758, 13.079834, 193.176254
0.001745, 0.000000, 1059.000000, 0.000000, 2000.000000, 1000.000000, 15.705311, 14.533829, 14.611481, 15.149380, -0.427346, -0.119570, 0.158396, -0.345973, -0.096802, 0.144259, -0.081373, -0.022768, 0.014137, 0.000000, 0.000000, -0.000000, 0.008726, 0.000000, 0.000000, -5.871028, 1.953040, -154.940918, 0.562282, 0.154883, -0.096173, 0.001960, 14.426758, 13.040161, 191.284164
0.001745, 0.000000, 1059.000000, 0.003490, 2000.000000, 1000.000000, 15.184504, 14.897528, 15.357153, 14.560816, 0.127341, -0.041016, 0.270828, 0.102101, -0.032887, 0.245537, 0.025239, -0.008130, 0.025290, -0.000000, 0.000000, -0.000000, 0.008726, 0.000000, 0.017452, -6.170604, 1.317524, -155.303238, -0.154636, 0.052618, -0.146240, 0.002060, 14.391602, 13.641357, 201.110825
0.001745, 0.000000, 1059.000000, 0.087260, 2000.000000, 1000.000000, 14.890711, 14.139597, 16.593412, 14.376280, 0.366504, 0.484846, 0.742062, 0.289187, 0.382564, 0.667682, 0.077317, 0.102282, 0.074380, -0.000000, -0.000000, -0.000000, 0.008726, 0.000000, 0.436300, -5.060549, 3.424020, -155.641830, -0.453973, -0.612102, -0.008821, 0.002228, 14.383789, 13.800049, 203.308090
0.001745, 0.000000, 1057.000000, 0.137871, 2000.000000, 1000.000000, 15.583822, 13.367924, 16.086008, 14.962246, -0.273034, 0.524127, 0.834915, -0.212816, 0.408530, 0.746860, -0.060218, 0.115598, 0.088055, 0.000000, -0.000000, -0.000000, 0.008726, 0.000000, 0.689354, -5.669977, 5.097635, -155.368790, 0.349231, -0.653647, 0.191447, 0.002358, 14.387695, 13.760376, 202.819809
0.001745, 0.000000, 1057.000000, 0.191972, 2000.000000, 1000.000000, 16.490368, 13.167059, 15.149170, 15.193403, -0.841886, 0.171287, 0.819769, -0.669545, 0.136223, 0.740365, -0.172341, 0.035064, 0.079404, 0.000000, -0.000000, -0.000000, 0.008726, 0.000000, 0.959860, -9.509651, 5.161659, -153.464996, 1.079998, -0.217957, 0.466284, 0.002145, 14.356445, 14.480591, 212.890610
0.001745, -0.001745, 1057.000000, 0.233857, 2000.000000, 1000.000000, 16.006866, 13.656457, 15.789767, 14.546910, -0.276888, 0.168338, 0.898316, -0.219473, 0.133433, 0.810024, -0.057414, 0.034906, 0.088293, 0.000000, -0.000000, 0.000000, 0.008726, -0.008726, 1.169284, -11.672482, 4.665181, -151.805237, 0.359883, -0.222218, 0.629268, 0.002180, 14.395508, 13.400269, 197.631821
0.001745, 0.000000, 1055.000000, 0.272251, 2000.000000, 1000.000000, 15.336204, 14.167310, 16.640327, 13.856160, 0.403818, 0.248243, 0.988265, 0.315819, 0.194147, 0.885463, 0.088000, 0.054097, 0.102802, -0.000000, -0.000000, 0.000000, 0.008726, 0.000000, 1.361256, -11.820531, 5.332899, -149.850296, -0.496584, -0.310634, 0.770947, 0.002322, 14.383789, 13.519287, 199.218735
0.001745, 0.000000, 1051.000000, 0.294939, 2000.000000, 1000.000000, 14.976243, 14.626405, 16.759840, 13.637513, 0.693122, 0.198676, 0.868041, 0.568152, 0.162855, 0.795164, 0.124971, 0.035821, 0.072877, -0.000000, -0.000000, 0.000000, 0.008726, 0.000000, 1.474694, -10.269910, 7.043007, -147.587906, -0.900316, -0.260567, 0.944584, 0.001833, 14.426758, 11.959839, 176.696762
0.001745, 0.000000, 1051.000000, 0.322862, 2000.000000, 1000.000000, 15.931069, 13.579350, 15.698598, 14.790982, -0.361026, 0.244790, 0.814833, -0.283389, 0.192149, 0.731350, -0.077637, 0.052641, 0.083484, 0.000000, -0.000000, 0.000000, 0.008726, 0.000000, 1.614310, -9.979827, 8.619310, -143.298355, 0.462148, -0.307439, 1.126743, 0.002283, 14.430664, 11.880493, 175.476059
0.001745, 0.000000, 1051.000000, 0.333333, 2000.000000, 1000.000000, 16.180805, 13.387999, 15.169142, 15.262054, -0.721430, 0.215598, 0.674974, -0.571674, 0.170844, 0.608550, -0.149756, 0.044754, 0.066423, 0.000000, -0.000000, 0.000000, 0.008726, 0.000000, 1.666666, -12.155079, 7.775380, -139.736938, 0.923405, -0.273350, 1.260966, 0.002183, 14.372070, 14.199829, 208.923325
0.001745, 0.000000, 1049.000000, 0.335078, 2000.000000, 1000.000000, 14.433302, 12.951126, 14.539480, 14.076092, -0.254697, 0.307786, 0.486391, -0.207489, 0.250738, 0.444274, -0.047208, 0.057048, 0.042117, 0.000000, -0.000000, 0.000000, 0.008726, 0.000000, 1.675392, -14.129464, 7.254992, -135.798584, 0.340709, -0.401181, 1.379209, 0.001896, 14.407227, 12.438965, 183.532700
0.001745, 0.000000, 1046.000000, 0.349040, 2000.000000, 1000.000000, 13.660913, 13.866425, 15.494793, 12.977869, 0.680609, 0.236331, 0.577853, 0.534196, 0.185491, 0.518626, 0.146413, 0.050839, 0.059227, -0.000000, -0.000000, 0.000000, 0.008726, 0.000000, 1.745200, -14.134078, 9.400977, -130.064728, -0.845988, -0.296786, 1.399449, 0.002284, 14.489258, 10.198975, 151.306152
0.001745, 0.000000, 1046.000000, 0.347295, 2000.000000, 1000.000000, 14.077754, 13.975213, 14.949916, 12.997117, 0.462565, -0.026483, 0.513835, 0.365087, -0.020902, 0.462394, 0.097478, -0.005581, 0.051441, -0.000000, 0.000000, 0.000000, 0.008726, 0.000000, 1.736474, -13.129930, 11.240998, -126.471626, -0.575413, 0.033444, 1.428211, 0.002225, 14.465820, 11.001587, 163.024887
0.001745, 0.000000, 1047.000000, 0.357766, 2000.000000, 1000.000000, 15.045263, 13.620705, 14.001553, 13.332479, -0.188872, -0.332984, 0.523408, -0.154226, -0.271904, 0.478610, -0.034645, -0.061080, 0.044798, 0.000000, 0.000000, 0.000000, 0.008726, 0.000000, 1.788830, -12.274022, 11.104871, -122.707359, 0.255488, 0.435046, 1.469756, 0.001872, 14.465820, 10.641479, 157.592773
0.001745, 0.000000, 1047.000000, 0.373473, 2000.000000, 1000.000000, 15.333476, 13.064517, 13.877063, 13.724944, -0.529210, -0.198996, 0.605269, -0.423870, -0.159386, 0.548475, -0.105340, -0.039611, 0.056795, 0.000000, 0.000000, 0.000000, 0.008726, 0.000000, 1.867364, -11.909182, 7.860284, -116.652267, 0.686918, 0.255017, 1.501714, 0.002071, 14.485352, 9.799194, 145.385742
0.001745, 0.000000, 1047.000000, 0.390925, 2000.000000, 1000.000000, 14.436492, 12.940679, 14.777135, 13.845695, -0.141094, 0.311415, 0.606813, -0.110284, 0.243415, 0.543544, -0.030809, 0.068000, 0.063269, 0.000000, -0.000000, 0.000000, 0.008726, 0.000000, 1.954624, -12.696744, 6.790905, -112.393661, 0.185181, -0.389464, 1.592261, 0.002328, 14.485352, 10.040283, 148.925781
0.003490, 0.000000, 1048.000000, 0.397906, 2000.000000, 1000.000000, 13.876497, 13.056820, 15.044943, 14.021740, 0.050882, 0.533342, 0.460720, 0.041642, 0.436493, 0.421731, 0.009240, 0.096849, 0.038989, -0.000000, -0.000000, 0.000000, 0.017452, 0.000000, 1.989528, -14.342012, 7.348984, -107.677086, -0.049176, -0.698388, 1.708374, 0.001849, 14.411133, 13.558960, 200.012192
0.059337, 0.000000, 1048.000000, 0.399651, 2000.000000, 1000.000000, 15.327487, 13.150622, 14.013736, 13.508155, -0.417821, -0.239055, 0.670611, -0.325122, -0.186017, 0.599402, -0.092699, -0.053037, 0.071209, 0.000000, 0.000000, 0.000000, 0.296684, 0.000000, 1.998254, -15.630409, 6.364432, -100.722145, 0.816879, 0.297628, 1.598652, 0.002376, 14.469727, 12.399292, 183.105453
0.057592, 0.000000, 1048.000000, 0.378708, 2000.000000, 1000.000000, 15.964202, 13.217996, 12.947190, 13.870612, -0.917407, -0.591098, 0.455696, -0.713403, -0.459655, 0.407181, -0.204005, -0.131443, 0.048516, 0.000000, 0.000000, 0.000000, 0.287958, 0.000000, 1.893542, -14.468634, 2.969697, -96.455750, 1.429402, 0.735449, 1.622088, 0.002383, 14.465820, 10.839844, 160.583496
0.038394, 0.000000, 1048.000000, 0.375218, 2000.000000, 1000.000000, 15.778226, 12.874278, 13.213233, 14.134263, -0.956244, -0.326252, 0.495730, -0.779386, -0.265912, 0.452907, -0.176858, -0.060341, 0.042822, 0.000000, 0.000000, 0.000000, 0.191972, 0.000000, 1.876090, -12.981436, -1.134584, -92.017357, 1.438989, 0.425459, 1.574152, 0.001891, 14.489258, 11.880493, 175.781235
0.000000, 0.000000, 1048.000000, 0.373473, 2000.000000, 1000.000000, 14.490452, 12.872194, 14.481525, 14.155828, -0.323140, 0.318677, 0.485988, -0.252224, 0.248741, 0.435025, -0.070915, 0.069936, 0.050963, 0.000000, -0.000000, 0.000000, 0.000000, 0.000000, 1.867364, -13.145359, -5.049492, -85.598343, 0.403559, -0.397986, 1.577347, 0.002343, 14.450195, 11.761475, 174.133286
0.000000, 0.000000, 1048.000000, 0.368237, 2000.000000, 1000.000000, 14.123759, 13.650874, 14.664145, 13.561221, 0.157510, 0.112683, 0.393953, 0.120616, 0.086289, 0.349419, 0.036894, 0.026394, 0.044533, -0.000000, -0.000000, 0.000000, 0.000000, 0.000000, 1.841186, -13.952642, -5.263150, -81.367119, -0.192985, -0.138063, 1.608240, 0.002549, 14.458008, 10.479736, 155.090332
0.001745, 0.000000, 1049.000000, 0.335078, 2000.000000, 1000.000000, 14.465169, 14.031089, 13.830646, 13.673097, -0.069133, -0.248129, 0.147907, -0.057022, -0.204659, 0.135882, -0.012111, -0.043470, 0.012026, 0.000000, 0.000000, 0.000000, 0.008726, 0.000000, 1.675392, -13.712446, -4.955581, -77.040527, 0.099961, 0.327455, 1.584804, 0.001770, 14.465820, 10.519409, 155.822754
0.003490, 0.012216, 1053.000000, 0.267016, 2000.000000, 1000.000000, 16.559191, 14.084890, 13.632187, 15.723729, -1.141461, -0.322041, 0.095690, -0.889792, -0.251038, 0.085602, -0.251669, -0.071004, 0.010088, 0.000000, 0.000000, 0.000000, 0.017452, 0.061082, 1.335078, -10.679442, -7.017284, -70.719131, 1.441120, 0.462743, 1.278010, 0.002357, 14.344727, 14.599609, 214.477524
-0.001745, 0.020942, 1056.000000, 0.226876, 2000.000000, 1000.000000, 16.256214, 13.729304, 13.573314, 16.441170, -1.348691, 0.007241, -0.085236, -1.103892, 0.005927, -0.078027, -0.244799, 0.001314, -0.007210, 0.000000, 0.000000, 0.000000, -0.008726, 0.104712, 1.134380, -8.276493, -10.912969, -67.115875, 1.757501, 0.095229, 1.186398, 0.001848, 14.364258, 14.080811, 207.092270
0.000000, 0.036649, 1060.000000, 0.211169, 2000.000000, 1000.000000, 15.863102, 15.526654, 15.912642, 16.697605, -0.280353, 0.305123, -0.112129, -0.216938, 0.236105, -0.099954, -0.063415, 0.069018, -0.012174, 0.000000, -0.000000, 0.000000, 0.000000, 0.183246, 1.055846, -6.512815, -15.433130, -61.852848, 0.347100, -0.194521, 1.122482, 0.002436, 14.254883, 19.601440, 285.888672
0.000000, 0.038394, 1064.000000, 0.232112, 2000.000000, 1000.000000, 16.158730, 15.969399, 16.250721, 15.621152, 0.110060, -0.064064, 0.204725, 0.085995, -0.050056, 0.183347, 0.024065, -0.014008, 0.021378, -0.000000, 0.000000, 0.000000, 0.000000, 0.191972, 1.160558, -6.556009, -15.207661, -58.923214, -0.137592, 0.272062, 1.038327, 0.002332, 14.313477, 15.719604, 230.285629
0.001745, 0.045375, 1071.000000, 0.225131, 2000.000000, 1000.000000, 18.113699, 16.862169, 15.966235, 17.057898, -0.585798, -0.487933, 0.039966, -0.483125, -0.402413, 0.036715, -0.102674, -0.085521, 0.003251, 0.000000, 0.000000, 0.000000, 0.008726, 0.226876, 1.125654, -4.784010, -14.800961, -55.545631, 0.781725, 0.870736, 1.101177, 0.001771, 14.028320, 28.640747, 411.193817
0.000000, 0.082024, 1071.000000, 0.200698, 2000.000000, 1000.000000, 18.363367, 15.307169, 15.366011, 18.963453, -1.663410, 0.164732, -0.135311, -1.294845, 0.128232, -0.120965, -0.368565, 0.036500, -0.014346, 0.000000, 0.000000, 0.000000, 0.000000, 0.410122, 1.003490, 2.027737, -18.223518, -49.078350, 2.071753, 0.204950, 1.084133, 0.002372, 14.149414, 20.999146, 304.687500
-0.001745, 0.099476, 1071.000000, 0.191972, 2000.000000, 1000.000000, 16.899939, 15.240781, 16.944773, 18.914507, -0.907223, 0.929639, -0.077644, -0.713742, 0.731378, -0.069764, -0.193481, 0.198262, -0.007880, 0.000000, -0.000000, 0.000000, -0.008726, 0.497382, 0.959860, 4.670472, -22.241274, -45.363926, 1.133260, -0.672822, 1.006369, 0.002259, 14.149414, 21.560669, 312.622070
-0.001745, 0.099476, 1071.000000, 0.191972, 2000.000000, 1000.000000, 16.458645, 16.637981, 17.591240, 17.312134, 0.114611, 0.451687, 0.024943, 0.094523, 0.372519, 0.022914, 0.020088, 0.079168, 0.002029, -0.000000, -0.000000, 0.000000, -0.008726, 0.497382, 0.959860, 4.570265, -24.003477, -42.811142, -0.159962, -0.098648, 0.944584, 0.001771, 14.219727, 19.241333, 279.785156
-0.001745, 0.108202, 1071.000000, 0.162304, 2000.000000, 1000.000000, 18.091896, 18.300877, 15.570153, 16.037075, -0.064486, -1.196386, -0.168975, -0.050619, -0.939108, -0.151663, -0.013867, -0.257278, -0.017312, 0.000000, 0.000000, 0.000000, -0.008726, 0.541012, 0.811518, 6.824022, -19.433376, -38.208607, 0.072264, 2.043585, 0.912627, 0.002283, 14.188477, 20.520020, 298.034668
-0.001745, 0.132635, 1071.000000, 0.104712, 2000.000000, 1000.000000, 18.256182, 16.847010, 14.920099, 17.976709, -1.116446, -0.551595, -0.411860, -0.916141, -0.452631, -0.377472, -0.200305, -0.098963, -0.034388, 0.000000, 0.000000, 0.000000, -0.008726, 0.663176, 0.523560, 11.763356, -16.800879, -34.433369, 1.457099, 1.387386, 0.775208, 0.001822, 14.196289, 19.720459, 286.621094
-0.001745, 0.148342, 1057.000000, 0.033159, 2000.000000, 1000.000000, 15.257390, 13.202099, 13.735857, 17.804655, -1.531022, 0.770256, -0.503377, -1.259686, 0.633747, -0.461920, -0.271336, 0.136509, -0.041457, 0.000000, -0.000000, 0.000000, -0.008726, 0.741710, 0.165794, 17.177977, -18.556236, -31.083233, 2.006772, -0.272285, 0.473740, 0.001795, 14.352539, 13.601685, 199.829086
-0.010471, 0.144852, 1055.000000, 0.029668, 2000.000000, 1000.000000, 13.979684, 14.364600, 15.516734, 16.138981, -0.059333, 0.827858, -0.251791, -0.046595, 0.650137, -0.226044, -0.012737, 0.177721, -0.025746, 0.000000, -0.000000, 0.000000, -0.052356, 0.724258, 0.148342, 20.096642, -23.002012, -28.714426, 0.022197, -0.315961, 0.299038, 0.002278, 14.383789, 13.400269, 197.387680
-0.036649, 0.144852, 1057.000000, 0.031414, 2000.000000, 1000.000000, 14.340512, 16.475815, 15.202359, 13.981315, 0.839086, -0.408163, -0.228564, 0.690515, -0.335892, -0.209759, 0.148571, -0.072271, -0.018805, -0.000000, 0.000000, 0.000000, -0.183246, 0.724258, 0.157068, 18.641077, -20.768478, -28.453154, -1.288070, 1.261686, 0.296908, 0.001793, 14.321289, 16.241455, 238.098129
-0.038394, 0.144852, 1056.000000, 0.022688, 2000.000000, 1000.000000, 16.155939, 15.797671, 13.882457, 14.163932, -0.159936, -0.976806, 0.019198, -0.125200, -0.764659, 0.017209, -0.034736, -0.212147, 0.001989, 0.000000, 0.000000, 0.000000, -0.191972, 0.724258, 0.113438, 19.108667, -11.787693, -27.592888, 0.008348, 1.947712, 0.101965, 0.002312, 14.340820, 14.199829, 208.679184
-0.061082, 0.144852, 1056.000000, 0.006981, 2000.000000, 1000.000000, 16.012094, 14.065598, 13.850211, 16.072096, -1.042095, -0.038847, -0.068847, -0.830593, -0.030962, -0.062243, -0.211502, -0.007884, -0.006604, 0.000000, 0.000000, 0.000000, -0.305410, 0.724258, 0.034904, 22.281269, -9.107518, -26.809195, 1.023539, 0.773798, 0.076399, 0.002122, 14.356445, 13.760376, 202.331528
-0.108202, 0.123909, 1056.000000, 0.001745, 2000.000000, 1000.000000, 14.928654, 13.459423, 14.828321, 16.783604, -0.856128, 0.805962, -0.121513, -0.698880, 0.657928, -0.111097, -0.157248, 0.148034, -0.010415, 0.000000, -0.000000, 0.000000, -0.541012, 0.619546, 0.008726, 24.612926, -10.094769, -26.227728, 0.577196, -0.433139, 0.082791, 0.001875, 14.411133, 11.920166, 175.720200
-0.174520, 0.116928, 1057.000000, 0.000000, 2000.000000, 1000.000000, 14.210900, 15.324864, 15.665214, 14.799022, 0.495039, 0.232117, -0.061943, 0.386834, 0.181381, -0.055477, 0.108205, 0.050736, -0.006466, -0.000000, -0.000000, 0.000000, -0.872600, 0.584642, 0.000000, 22.091602, -10.420661, -26.365082, -1.491534, 0.294432, 0.036985, 0.002331, 14.383789, 12.719727, 196.594223
-0.197208, 0.115183, 1057.000000, -0.001745, 2000.000000, 1000.000000, 14.865374, 16.534698, 15.181549, 13.418379, 0.858124, -0.700036, 0.023461, 0.664141, -0.541790, 0.020916, 0.193982, -0.158246, 0.002545, -0.000000, 0.000000, -0.000000, -0.986038, 0.575916, -0.008726, 18.722818, -5.884470, -26.832985, -2.048664, 1.442780, -0.022670, 0.002434, 14.348633, 13.760376, 202.209457
-0.207679, 0.113438, 1065.000000, -0.001745, 2000.000000, 1000.000000, 16.920187, 16.813803, 15.534942, 14.731071, 0.174372, -0.866994, 0.227564, 0.142066, -0.706366, 0.207868, 0.032306, -0.160628, 0.019696, -0.000000, 0.000000, -0.000000, -1.038394, 0.567190, -0.008726, 16.579853, 0.317931, -27.145594, -1.265700, 1.697376, -0.147305, 0.001895, 14.188477, 19.839478, 288.085938
-0.296684, 0.075044, 1071.000000, -0.001745, 2000.000000, 1000.000000, 17.585732, 15.422697, 16.963276, 18.028294, -0.807013, 0.495785, 0.274504, -0.650062, 0.399363, 0.249413, -0.156951, 0.096422, 0.025091, 0.000000, -0.000000, -0.000000, -1.483420, 0.375218, -0.008726, 15.734756, 4.270030, -27.830389, -0.443321, -0.263763, -0.175002, 0.002012, 14.204102, 18.481445, 258.911133
-0.294939, 0.064572, 1071.000000, 0.000000, 2000.000000, 1000.000000, 16.308546, 15.864196, 18.179831, 17.647429, 0.022013, 0.913629, 0.244188, 0.017849, 0.740812, 0.222555, 0.004164, 0.172817, 0.021632, -0.000000, -0.000000, -0.000000, -1.474694, 0.322862, 0.000000, 12.731670, 3.511170, -28.058949, -1.503252, -0.862438, -0.148370, 0.001944, 14.165039, 20.480347, 296.875000
-0.209424, 0.050611, 1074.000000, 0.000000, 2000.000000, 1000.000000, 16.448547, 18.624117, 18.112093, 14.815246, 1.368104, -0.536332, 0.280319, 1.071376, -0.420007, 0.251317, 0.296728, -0.116325, 0.029002, -0.000000, 0.000000, -0.000000, -1.047120, 0.253054, 0.000000, 4.022679, 7.925446, -27.903982, -2.761322, 0.925064, -0.167545, 0.002308, 14.149414, 19.360352, 280.700684
-0.122164, 0.052356, 1074.000000, 0.000000, 2000.000000, 1000.000000, 17.787916, 18.018591, 17.038275, 15.155219, 0.528433, -0.903253, 0.413095, 0.411963, -0.704170, 0.369561, 0.116470, -0.199083, 0.043534, -0.000000, 0.000000, -0.000000, -0.610820, 0.261780, 0.000000, 0.578389, 13.671110, -27.908789, -1.269961, 1.388452, -0.246374, 0.002356, 14.145508, 20.559692, 297.790527
-0.062827, 0.038394, 1073.000000, 0.000000, 2000.000000, 1000.000000, 18.173450, 15.791133, 16.678490, 17.356926, -0.765188, 0.017708, 0.425971, -0.627656, 0.014525, 0.390333, -0.137532, 0.003183, 0.035637, 0.000000, 0.000000, -0.000000, -0.314136, 0.191972, 0.000000, 1.441758, 15.892167, -28.872852, 0.690113, 0.168732, -0.260222, 0.001826, 14.176758, 19.241333, 301.879883
0.000000, 0.003490, 1049.000000, 0.010471, 2000.000000, 1000.000000, 13.454462, 11.957623, 15.689522, 14.898394, -0.176427, 1.293958, 0.571992, -0.137709, 1.009989, 0.512010, -0.038718, 0.283969, 0.059982, 0.000000, -0.000000, -0.000000, 0.000000, 0.017452, 0.052356, 2.286185, 10.954632, -30.183689, 0.220335, -1.598531, -0.288984, 0.002343, 14.481445, 8.319092, 143.981934
0.000000, 0.001745, 1043.000000, 0.017452, 2000.000000, 1000.000000, 13.152363, 13.811197, 15.665096, 13.371344, 0.738147, 0.518220, 0.408729, 0.577345, 0.405328, 0.366228, 0.160802, 0.112892, 0.042501, -0.000000, -0.000000, -0.000000, 0.000000, 0.008726, 0.087260, -0.476240, 8.717907, -30.337181, -0.923752, -0.639799, -0.156892, 0.002321, 14.497070, 8.679199, 128.784180
0.003490, 0.003490, 1043.000000, 0.017452, 2000.000000, 1000.000000, 14.086794, 15.135204, 14.557398, 12.220604, 0.846301, -0.610999, 0.322096, 0.698107, -0.504008, 0.295921, 0.148194, -0.106991, 0.026174, -0.000000, 0.000000, -0.000000, 0.017452, 0.017452, 0.087260, -2.991959, 10.785302, -30.251978, -1.099520, 0.823865, -0.110021, 0.001769, 14.430664, 10.839844, 160.095215
0.001745, 0.003490, 1044.000000, 0.034904, 2000.000000, 1000.000000, 15.772895, 13.578303, 13.483462, 13.165339, -0.469117, -0.675599, 0.628178, -0.366612, -0.527976, 0.562632, -0.102505, -0.147622, 0.065547, 0.000000, 0.000000, -0.000000, 0.008726, 0.017452, 0.174520, -1.670071, 15.049647, -31.341919, 0.595305, 0.862214, -0.200568, 0.002330, 14.446289, 9.921265, 146.789551
0.001745, 0.003490, 1043.000000, 0.050611, 2000.000000, 1000.000000, 15.150607, 12.567662, 13.903642, 14.378089, -0.764348, 0.140866, 0.527124, -0.624937, 0.115173, 0.482295, -0.139411, 0.025693, 0.044829, 0.000000, -0.000000, -0.000000, 0.008726, 0.017452, 0.253054, 0.961824, 14.477544, -32.347809, 1.008625, -0.166825, -0.068476, 0.001859, 14.422852, 10.800171, 159.484863
0.001745, 0.005236, 1043.000000, 0.061082, 2000.000000, 1000.000000, 13.883615, 12.358231, 15.224344, 14.533810, -0.208712, 0.879077, 0.553980, -0.171537, 0.722497, 0.508098, -0.037175, 0.156580, 0.045881, 0.000000, -0.000000, -0.000000, 0.008726, 0.026178, 0.305410, 1.455921, 11.560536, -32.570820, 0.283185, -1.129818, -0.033322, 0.001806, 14.422852, 10.760498, 158.874512
0.001745, 0.019197, 1043.000000, 0.069808, 2000.000000, 1000.000000, 13.615414, 13.593815, 15.361410, 13.429361, 0.477612, 0.395386, 0.488411, 0.373742, 0.309398, 0.437723, 0.103870, 0.085988, 0.050688, -0.000000, -0.000000, -0.000000, 0.008726, 0.095986, 0.349040, -1.567445, 8.671689, -32.045643, -0.589261, -0.399051, 0.057225, 0.002316, 14.411133, 11.560059, 170.593246
0.001745, 0.033159, 1043.000000, 0.066318, 2000.000000, 1000.000000, 14.700242, 14.184785, 14.282058, 12.832915, 0.233422, -0.442513, 0.491150, 0.191317, -0.362692, 0.449894, 0.042105, -0.079821, 0.041255, -0.000000, 0.000000, -0.000000, 0.008726, 0.165794, 0.331588, -2.370343, 9.918475, -31.791725, -0.297381, 0.746101, 0.031658, 0.001834, 14.415039, 12.881470, 190.002426
0.001745, 0.050611, 1044.000000, 0.061082, 2000.000000, 1000.000000, 15.536098, 13.859333, 13.502184, 13.102385, -0.319242, -0.697716, 0.519142, -0.256757, -0.561153, 0.471347, -0.062484, -0.136562, 0.047795, 0.000000, 0.000000, -0.000000, 0.008726, 0.253054, 0.305410, -0.575023, 12.360906, -32.118645, 0.419538, 1.150899, -0.008821, 0.002028, 14.411133, 11.560059, 170.532211
0.000000, 0.041885, 1044.000000, 0.036649, 2000.000000, 1000.000000, 14.327349, 12.515291, 14.412292, 14.745068, -0.536209, 0.578680, 0.369821, -0.423331, 0.456862, 0.332842, -0.112877, 0.121818, 0.036979, 0.000000, -0.000000, -0.000000, 0.000000, 0.209424, 0.183246, 2.747254, 12.084033, -32.789551, 0.677330, -0.521555, -0.038649, 0.002222, 14.411133, 11.361694, 167.724594
0.000000, 0.013962, 1044.000000, 0.033159, 2000.000000, 1000.000000, 13.546871, 12.526295, 15.067245, 14.859589, -0.203230, 0.963418, 0.307059, -0.164341, 0.779061, 0.279500, -0.038890, 0.184357, 0.027559, 0.000000, -0.000000, -0.000000, 0.000000, 0.069808, 0.165794, 2.446838, 9.169246, -32.798027, 0.262945, -1.176689, -0.020539, 0.001972, 14.403320, 12.200928, 179.809555
0.000000, 0.001745, 1044.000000, 0.024433, 2000.000000, 1000.000000, 13.550214, 13.590859, 14.582566, 14.276361, 0.086713, 0.429463, 0.066390, 0.070682, 0.350068, 0.060658, 0.016031, 0.079395, 0.005732, -0.000000, -0.000000, 0.000000, 0.000000, 0.008726, 0.122164, 1.058469, 6.914780, -32.508957, -0.113091, -0.551383, 0.081726, 0.001890, 14.422852, 10.958862, 161.804184
0.000000, -0.001745, 1044.000000, 0.017452, 2000.000000, 1000.000000, 15.080146, 13.997361, 13.518994, 13.403499, -0.241822, -0.538754, 0.299570, -0.189640, -0.422499, 0.268757, -0.052181, -0.116255, 0.030813, 0.000000, 0.000000, -0.000000, 0.000000, -0.008726, 0.087260, 1.521125, 7.521689, -32.554531, 0.303425, 0.667272, -0.091911, 0.002293, 14.426758, 10.641479, 157.287598
0.000000, -0.001745, 1044.000000, 0.015707, 2000.000000, 1000.000000, 15.191340, 13.283908, 13.367537, 14.157214, -0.674277, -0.237624, 0.279439, -0.522534, -0.184147, 0.249277, -0.151744, -0.053476, 0.030162, 0.000000, 0.000000, -0.000000, 0.000000, -0.008726, 0.078534, 3.723145, 7.884357, -33.171413, 0.836054, 0.285910, -0.087650, 0.002420, 14.418945, 11.560059, 170.715317
0.000000, -0.001745, 1044.000000, 0.012216, 2000.000000, 1000.000000, 14.108776, 12.746193, 14.155294, 14.989737, -0.549257, 0.572515, 0.132035, -0.449297, 0.468323, 0.120834, -0.099960, 0.104192, 0.011201, 0.000000, -0.000000, -0.000000, 0.000000, -0.008726, 0.061082, 5.212594, 6.142889, -33.436829, 0.718875, -0.758043, -0.019474, 0.001854, 14.422852, 11.120605, 164.184555
0.000000, -0.001745, 1044.000000, 0.006981, 2000.000000, 1000.000000, 13.076833, 13.001702, 15.226146, 14.695319, 0.113924, 0.960732, 0.151489, 0.089324, 0.753279, 0.135895, 0.024600, 0.207453, 0.015594, -0.000000, -0.000000, -0.000000, 0.000000, -0.008726, 0.034904, 3.369443, 1.349426, -33.383057, -0.142918, -1.213973, -0.055693, 0.002295, 14.403320, 11.679077, 172.180161
0.000000, -0.001745, 1044.000000, 0.001745, 2000.000000, 1000.000000, 13.294837, 13.871465, 14.753135, 14.080564, 0.312300, 0.416849, 0.023986, 0.245118, 0.327176, 0.021527, 0.067182, 0.089672, 0.002458, -0.000000, -0.000000, -0.000000, 0.000000, -0.008726, 0.008726, 1.341784, -0.199863, -33.467213, -0.392188, -0.532208, -0.005626, 0.002284, 14.434570, 10.040283, 148.376465
0.000000, -0.001745, 1044.000000, 0.001745, 2000.000000, 1000.000000, 14.280237, 14.220251, 13.999874, 13.499638, 0.110063, -0.250244, 0.140056, 0.090655, -0.206118, 0.128586, 0.019408, -0.044126, 0.011470, -0.000000, 0.000000, -0.000000, 0.000000, -0.008726, 0.008726, 0.592432, 0.147760, -33.575027, -0.145049, 0.321063, -0.076998, 0.001784, 14.375977, 13.000488, 191.406235
0.000000, -0.001745, 1044.000000, 0.000000, 2000.000000, 1000.000000, 14.706037, 13.125257, 13.692180, 14.476527, -0.591282, 0.084353, 0.199108, -0.459284, 0.065522, 0.177814, -0.131998, 0.018831, 0.021293, 0.000000, -0.000000, -0.000000, 0.000000, -0.008726, 0.000000, 2.348561, 0.315480, -34.032722, 0.734854, -0.113562, -0.118543, 0.002395, 14.426758, 10.559082, 156.005859
0.000000, 0.001745, 1046.000000, 0.000000, 2000.000000, 1000.000000, 14.189384, 12.374075, 14.352449, 15.084091, -0.636738, 0.718270, 0.270917, -0.514544, 0.580430, 0.246523, -0.122194, 0.137840, 0.024393, 0.000000, -0.000000, -0.000000, 0.000000, 0.008726, 0.000000, 3.368875, -2.137254, -34.427052, 0.823271, -0.919962, -0.164349, 0.001979, 14.375977, 13.479614, 198.425278
0.000000, 0.050611, 1045.000000, -0.001745, 2000.000000, 1000.000000, 13.336086, 12.502924, 15.143204, 15.017786, -0.176936, 1.080495, 0.239645, -0.144367, 0.881605, 0.219054, -0.032569, 0.198890, 0.020591, 0.000000, -0.000000, -0.000000, 0.000000, 0.253054, -0.008726, 2.888835, -5.517861, -34.901127, 0.230987, -1.157514, -0.154762, 0.001880, 14.426758, 13.641357, 200.927719
0.000000, 0.094241, 1045.000000, -0.001745, 2000.000000, 1000.000000, 13.444704, 13.757067, 14.784567, 14.013662, 0.270817, 0.399114, 0.114635, 0.210497, 0.310218, 0.102408, 0.060320, 0.088896, 0.012227, -0.000000, -0.000000, -0.000000, 0.000000, 0.471204, -0.008726, 0.705348, -7.474619, -35.705811, -0.336795, -0.025145, -0.076998, 0.002388, 14.407227, 11.160278, 164.672836
0.000000, 0.095986, 1046.000000, -0.001745, 2000.000000, 1000.000000, 14.477766, 14.099510, 13.778059, 13.644665, -0.061216, -0.288639, 0.127913, -0.049825, -0.234933, 0.116789, -0.011390, -0.053706, 0.011124, 0.000000, 0.000000, -0.000000, 0.000000, 0.479930, -0.008726, 1.200267, -6.214926, -35.904415, 0.079721, 0.855823, -0.086585, 0.001905, 14.415039, 11.639404, 171.813950
0.000000, 0.109948, 1046.000000, -0.001745, 2000.000000, 1000.000000, 14.820221, 13.597383, 13.577021, 14.005375, -0.412798, -0.208802, 0.198621, -0.333450, -0.168666, 0.180704, -0.079348, -0.040136, 0.017917, 0.000000, 0.000000, -0.000000, 0.000000, 0.549738, -0.008726, 3.491678, -4.537210, -36.015465, 0.533520, 0.819604, -0.129196, 0.001983, 14.418945, 11.199951, 165.405258
-0.001745, 0.160558, 1046.000000, -0.001745, 2000.000000, 1000.000000, 13.625750, 12.528357, 14.785286, 15.060608, -0.343179, 0.922947, 0.205517, -0.267665, 0.719860, 0.183900, -0.075514, 0.203087, 0.021617, 0.000000, -0.000000, -0.000000, -0.008726, 0.802792, -0.008726, 5.786650, -5.103093, -36.386734, 0.419538, -0.348984, -0.131326, 0.002351, 14.465820, 9.680176, 143.310547
-0.001745, 0.188482, 1046.000000, -0.001745, 2000.000000, 1000.000000, 13.354472, 12.597810, 15.122605, 14.925113, -0.139793, 1.023859, 0.238538, -0.115200, 0.843738, 0.219054, -0.024593, 0.180121, 0.019485, 0.000000, -0.000000, -0.000000, -0.008726, 0.942408, -0.008726, 5.678931, -6.551807, -36.753853, 0.175594, -0.407573, -0.154762, 0.001779, 14.403320, 11.679077, 172.180161
-0.003490, 0.190227, 1045.000000, -0.001745, 2000.000000, 1000.000000, 14.094821, 13.989278, 14.170140, 13.745761, 0.079709, -0.042049, 0.132481, 0.063769, -0.033641, 0.119985, 0.015940, -0.008409, 0.012496, -0.000000, 0.000000, -0.000000, -0.017452, 0.951134, -0.008726, 6.098238, -5.506043, -37.179962, -0.119483, 1.004959, -0.088716, 0.002083, 14.422852, 10.800171, 159.484863
-0.001745, 0.181501, 1044.000000, -0.001745, 2000.000000, 1000.000000, 14.711674, 14.532635, 13.549080, 13.206612, 0.040857, -0.622154, 0.130377, 0.031939, -0.486347, 0.116789, 0.008919, -0.135807, 0.013588, -0.000000, 0.000000, -0.000000, -0.008726, 0.907504, -0.008726, 8.248816, -2.215830, -37.272831, -0.059828, 1.685658, -0.086585, 0.002327, 14.426758, 10.641479, 157.226562
-0.001745, 0.171030, 1055.000000, -0.001745, 2000.000000, 1000.000000, 15.597472, 15.181775, 14.905200, 14.315553, 0.043488, -0.389623, 0.251337, 0.034602, -0.310012, 0.227043, 0.008886, -0.079611, 0.024294, -0.000000, 0.000000, -0.000000, -0.008726, 0.855148, -0.008726, 10.672546, 1.272658, -37.583012, -0.064089, 1.351168, -0.160088, 0.002140, 14.274414, 19.119263, 279.174805
-0.001745, 0.171030, 1057.000000, -0.001745, 2000.000000, 1000.000000, 14.185658, 13.972775, 15.982692, 15.858874, -0.022266, 0.920783, 0.084175, -0.017329, 0.716630, 0.075244, -0.004937, 0.204154, 0.008931, -0.000000, -0.000000, -0.000000, -0.008726, 0.855148, -0.008726, 11.807949, 3.032693, -38.171265, 0.019001, -0.291460, -0.058888, 0.002374, 14.340820, 12.521362, 184.204086
-0.003490, 0.174520, 1058.000000, -0.001745, 2000.000000, 1000.000000, 13.836276, 13.941627, 16.174709, 16.047388, 0.058168, 1.111049, 0.005493, 0.045793, 0.874676, 0.004937, 0.012375, 0.236372, 0.000556, -0.000000, -0.000000, -0.000000, -0.017452, 0.872600, -0.008726, 10.922359, 2.020969, -38.254478, -0.090721, -0.526882, -0.012017, 0.002252, 14.368164, 12.680054, 186.523422
-0.010471, 0.174520, 1059.000000, -0.001745, 2000.000000, 1000.000000, 14.688345, 14.454815, 15.367624, 15.489216, -0.088780, 0.428420, 0.027985, -0.073227, 0.353366, 0.025709, -0.015553, 0.075055, 0.002275, 0.000000, -0.000000, -0.000000, -0.052356, 0.872600, -0.008726, 10.480008, 1.703396, -38.215656, 0.064807, 0.307215, -0.025866, 0.001770, 14.360352, 12.719727, 187.072739
-0.022688, 0.167539, 1066.000000, -0.001745, 2000.000000, 1000.000000, 16.952738, 16.411970, 15.422214, 15.213079, -0.082908, -0.682354, 0.187476, -0.064798, -0.533306, 0.167921, -0.018110, -0.149048, 0.019554, 0.000000, 0.000000, -0.000000, -0.113438, 0.837696, -0.008726, 13.891248, 5.455589, -38.707493, -0.009761, 1.690985, -0.120673, 0.002329, 14.340820, 14.001465, 205.627426
-0.026178, 0.123909, 1072.000000, -0.001745, 2000.000000, 1000.000000, 17.467878, 17.215635, 17.133554, 16.182932, 0.174594, -0.341757, 0.300717, 0.137346, -0.268846, 0.270186, 0.037248, -0.072911, 0.030531, -0.000000, 0.000000, -0.000000, -0.130890, 0.619546, -0.008726, 15.935233, 8.803921, -39.340931, -0.350643, 1.049700, -0.188850, 0.002260, 14.075195, 23.480225, 338.134735
-0.005236, 0.066318, 1088.000000, -0.001745, 2000.000000, 1000.000000, 17.066547, 17.364609, 19.399876, 18.168968, 0.382243, 0.784423, 0.233211, 0.315309, 0.647064, 0.214260, 0.066934, 0.137359, 0.018951, -0.000000, -0.000000, -0.000000, -0.026178, 0.331588, -0.008726, 15.238699, 9.908934, -39.745079, -0.530672, -0.703715, -0.151566, 0.001769, 14.137695, 20.639038, 298.583984
-0.003490, 0.020942, 1105.000000, -0.001745, 2000.000000, 1000.000000, 18.805614, 18.419941, 21.297981, 21.476463, -0.141038, 1.387222, 0.051797, -0.110667, 1.088495, 0.046482, -0.030371, 0.298727, 0.005315, 0.000000, -0.000000, -0.000000, -0.017452, 0.104712, -0.008726, 10.035345, 5.849913, -39.193115, 0.159615, -1.636880, -0.039714, 0.002287, 13.622070, 38.360596, 535.095215
0.000000, -0.001745, 1105.000000, -0.001745, 2000.000000, 1000.000000, 20.977859, 19.637505, 19.471241, 19.913395, -0.445627, -0.307682, 0.224550, -0.355421, -0.245400, 0.203075, -0.090206, -0.062282, 0.021475, 0.000000, 0.000000, -0.000000, 0.000000, -0.008726, -0.008726, 9.701749, 3.916115, -39.429905, 0.568674, 0.383914, -0.144109, 0.002115, 13.680664, 37.881470, 530.334473
0.000000, -0.001745, 1103.000000, 0.000000, 2000.000000, 1000.000000, 21.268476, 20.735514, 19.285749, 18.710260, 0.010631, -1.001995, 0.277114, 0.008764, -0.825965, 0.254513, 0.001868, -0.176030, 0.022601, -0.000000, 0.000000, -0.000000, 0.000000, -0.008726, 0.000000, 12.415884, 5.870646, -40.091301, -0.014022, 1.312818, -0.169675, 0.001776, 13.762695, 32.641602, 460.632294
0.000000, -0.001745, 1080.000000, 0.000000, 2000.000000, 1000.000000, 14.424295, 15.588505, 21.708391, 20.278807, 0.648449, 2.993600, 0.066344, 0.509435, 2.351832, 0.059571, 0.139015, 0.641768, 0.006773, -0.000000, -0.000000, -0.000000, 0.000000, -0.008726, 0.000000, 7.355463, 3.635581, -40.064175, -0.815096, -3.771657, -0.039714, 0.002274, 14.036133, 23.840332, 342.529266
0.000000, -0.001745, 1071.000000, 0.000000, 2000.000000, 1000.000000, 14.954937, 14.140995, 19.007099, 19.896969, -0.425952, 2.452034, -0.018982, -0.338111, 1.946368, -0.017128, -0.087841, 0.505666, -0.001854, 0.000000, -0.000000, 0.000000, 0.000000, -0.008726, 0.000000, 0.304658, -3.910844, -40.033550, 0.540977, -3.122915, 0.011419, 0.002165, 14.133789, 20.480347, 247.375473
0.000000, -0.001745, 1064.000000, 0.000000, 2000.000000, 1000.000000, 18.627659, 15.317440, 13.341843, 16.713058, -1.670358, -0.972550, -0.015249, -1.361424, -0.792676, -0.013932, -0.308934, -0.179874, -0.001317, 0.000000, 0.000000, 0.000000, 0.000000, -0.008726, 0.000000, 1.844243, -8.306390, -39.705696, 2.178278, 1.259555, 0.009288, 0.001891, 14.282227, 14.801025, 216.186508
0.000000, -0.001745, 1029.000000, 0.000000, 2000.000000, 1000.000000, 13.992015, 14.170733, 10.205779, 9.631473, 0.188256, -2.081374, 0.098897, 0.151908, -1.679503, 0.089931, 0.036348, -0.401871, 0.008966, -0.000000, 0.000000, -0.000000, 0.000000, -0.008726, 0.000000, 14.325208, -2.548391, -38.324974, -0.243052, 2.678479, -0.059954, 0.001994, 14.614258, 2.038574, 30.517576
0.000000, -0.001745, 1015.000000, 0.000000, 2000.000000, 1000.000000, 8.651239, 12.026754, 13.617779, 9.704227, 1.822266, 0.661003, 0.134509, 1.419564, 0.514928, 0.120290, 0.402702, 0.146075, 0.014218, -0.000000, -0.000000, -0.000000, 0.000000, -0.008726, 0.000000, 12.660501, 1.871164, -38.522392, -2.271303, -0.832611, -0.080194, 0.002364, 14.809570, 0.000000, 0.610352
0.000000, -0.001745, 1017.000000, 0.000000, 2000.000000, 1000.000000, 7.344341, 9.820330, 14.916285, 11.919044, 1.368307, 2.417665, 0.130313, 1.107977, 1.957686, 0.118693, 0.260330, 0.459978, 0.011620, -0.000000, -0.000000, -0.000000, 0.000000, -0.008726, 0.000000, 4.215531, 0.789898, -38.422947, -1.772763, -3.141024, -0.079128, 0.001958, 14.567383, 5.120850, 76.416016
0.000000, -0.001745, 1014.000000, 0.000000, 2000.000000, 1000.000000, 10.634021, 8.630803, 11.672914, 13.062263, -0.848142, 1.367588, 0.153467, -0.667009, 1.075520, 0.137867, -0.181133, 0.292068, 0.015600, 0.000000, -0.000000, -0.000000, 0.000000, -0.008726, 0.000000, -4.053135, -7.940329, -39.157372, 1.067214, -1.729558, -0.091911, 0.002263, 14.559570, 4.919434, 73.425293
0.000000, -0.001745, 1016.000000, 0.000000, 2000.000000, 1000.000000, 12.649931, 10.212748, 9.418274, 11.719048, -1.184489, -0.431340, 0.034102, -0.942644, -0.343270, 0.030809, -0.241845, -0.088069, 0.003293, 0.000000, 0.000000, -0.000000, 0.000000, -0.008726, 0.000000, -1.814775, -11.384475, -38.855362, 1.508231, 0.540506, -0.020539, 0.002138, 14.540039, 6.039429, 89.904778
0.000000, 0.000000, 1018.000000, 0.000000, 2000.000000, 1000.000000, 12.411729, 11.726102, 9.718040, 10.144130, -0.277929, -1.068915, 0.064885, -0.228922, -0.880432, 0.059571, -0.049008, -0.188483, 0.005314, 0.000000, 0.000000, -0.000000, 0.000000, 0.000000, 0.000000, 2.298210, -10.649240, -38.110573, 0.366275, 1.408692, -0.039714, 0.001784, 14.563477, 5.560303, 82.885735
-0.003490, 0.003490, 1035.000000, 0.000000, 2000.000000, 1000.000000, 12.772923, 13.977438, 13.440416, 11.809223, 0.708927, -0.375180, 0.106669, 0.583748, -0.308933, 0.097920, 0.125179, -0.066248, 0.008749, -0.000000, 0.000000, -0.000000, -0.017452, 0.017452, 0.000000, 3.225380, -7.734846, -38.099064, -0.951449, 0.511744, -0.065280, 0.001787, 14.313477, 14.840698, 217.529282
-0.034904, 0.038394, 1052.000000, 0.000000, 2000.000000, 1000.000000, 13.070783, 13.798974, 17.051514, 16.078732, 0.425243, 1.565122, 0.061148, 0.332450, 1.223593, 0.054777, 0.092793, 0.341529, 0.006371, -0.000000, -0.000000, -0.000000, -0.174520, 0.191972, 0.000000, -2.178504, -7.592463, -38.935162, -0.706439, -1.765776, -0.036518, 0.002326, 14.356445, 11.560059, 169.982895
-0.069808, 0.048866, 1056.000000, 0.000000, 2000.000000, 1000.000000, 13.896790, 13.202061, 16.264626, 16.636524, -0.266657, 1.450574, 0.080707, -0.218707, 1.189737, 0.073952, -0.047949, 0.260838, 0.006755, 0.000000, -0.000000, -0.000000, -0.349040, 0.244328, 0.000000, -5.970833, -11.041062, -39.648098, 0.000892, -1.659251, -0.049301, 0.001827, 14.184570, 19.439697, 282.287598
-0.099476, 0.050611, 1064.000000, 0.000000, 2000.000000, 1000.000000, 16.332140, 15.554997, 15.704301, 16.408560, -0.370351, 0.056430, 0.018222, -0.293445, 0.044712, 0.016428, -0.076906, 0.011718, 0.001794, 0.000000, 0.000000, -0.000000, -0.497382, 0.253054, 0.000000, -7.216688, -12.832129, -40.034546, -0.027870, 0.181515, -0.010952, 0.002184, 14.067383, 24.679565, 355.590790
-0.085515, 0.092496, 1068.000000, 0.000000, 2000.000000, 1000.000000, 16.098427, 17.057156, 16.005901, 14.838516, 0.531529, -0.577792, 0.052164, 0.416637, -0.452900, 0.046788, 0.114892, -0.124892, 0.005376, -0.000000, 0.000000, -0.000000, -0.427574, 0.462478, 0.000000, -6.141912, -8.092857, -39.816017, -1.094193, 1.187118, -0.031192, 0.002298, 14.219727, 17.761230, 258.483887
-0.089005, 0.097731, 1067.000000, 0.000000, 2000.000000, 1000.000000, 14.858575, 16.169754, 17.351860, 15.619809, 0.760808, 0.485836, 0.105218, 0.622776, 0.397691, 0.096322, 0.138032, 0.088144, 0.008895, -0.000000, -0.000000, -0.000000, -0.445026, 0.488656, 0.000000, -7.967600, -4.513324, -40.141998, -1.441467, -0.147650, -0.064215, 0.001847, 14.254883, 16.201782, 236.389145
-0.059337, 0.130890, 1067.000000, 0.000000, 2000.000000, 1000.000000, 14.630547, 14.211384, 17.654743, 17.503326, -0.066936, 1.579035, 0.142645, -0.054159, 1.277619, 0.129878, -0.012777, 0.301416, 0.012767, -0.000000, -0.000000, -0.000000, -0.296684, 0.654450, 0.000000, -13.774405, -5.537700, -40.933010, -0.210029, -1.389740, -0.086585, 0.001966, 14.231445, 17.520142, 255.004868
-0.048866, 0.144852, 1065.000000, 0.000000, 2000.000000, 1000.000000, 16.048630, 14.782314, 16.288464, 16.880592, -0.464611, 0.584528, 0.168546, -0.369643, 0.465048, 0.152248, -0.094969, 0.119480, 0.016298, 0.000000, -0.000000, -0.000000, -0.244328, 0.724258, 0.000000, -14.952375, -7.553838, -41.334614, 0.347100, -0.019819, -0.101499, 0.002141, 14.293945, 13.760376, 201.477036
-0.050611, 0.141361, 1061.000000, 0.000000, 2000.000000, 1000.000000, 17.342112, 16.424791, 14.885492, 15.347605, -0.344858, -0.883451, 0.113802, -0.273897, -0.701664, 0.102714, -0.070961, -0.181787, 0.011088, 0.000000, 0.000000, -0.000000, -0.253054, 0.706806, 0.000000, -12.476544, -5.923439, -41.218807, 0.185181, 1.829468, -0.068476, 0.002159, 14.168945, 19.281006, 279.907227
-0.038394, 0.143106, 1059.000000, 0.000000, 2000.000000, 1000.000000, 15.699406, 16.019583, 14.557325, 13.723688, 0.288453, -0.859493, 0.128365, 0.234324, -0.698208, 0.117095, 0.054129, -0.161286, 0.011270, -0.000000, 0.000000, -0.000000, -0.191972, 0.715532, 0.000000, -8.949266, -1.396250, -41.164677, -0.566891, 1.832664, -0.078063, 0.001925, 14.297852, 13.919067, 203.918442
-0.001745, 0.160558, 1028.000000, 0.000000, 2000.000000, 1000.000000, 10.275002, 11.446813, 13.943252, 12.334933, 0.695032, 1.139092, 0.109127, 0.545260, 0.893630, 0.097920, 0.149772, 0.245462, 0.011207, -0.000000, -0.000000, -0.000000, -0.008726, 0.802792, 0.000000, -10.234755, 2.741643, -41.284489, -0.881142, -0.627016, -0.065280, 0.002289, 14.461914, 0.000000, 1.281738
0.000000, 0.164049, 1023.000000, 0.000000, 2000.000000, 1000.000000, 10.834168, 10.473660, 13.545976, 13.146195, 0.009818, 1.346086, 0.190072, 0.008098, 1.110265, 0.174619, 0.001720, 0.235820, 0.015454, -0.000000, -0.000000, -0.000000, 0.000000, 0.820244, 0.000000, -12.857462, 1.650417, -41.516483, -0.012957, -0.956181, -0.116412, 0.001770, 14.594727, 5.160522, 77.026367
0.000000, 0.164049, 1024.000000, 0.000000, 2000.000000, 1000.000000, 12.453824, 10.813111, 11.905993, 12.827071, -0.640448, 0.366532, 0.179909, -0.526528, 0.301335, 0.165031, -0.113920, 0.065197, 0.014878, 0.000000, -0.000000, -0.000000, 0.000000, 0.820244, 0.000000, -12.494290, 0.019279, -41.808632, 0.842445, 0.338107, -0.110021, 0.001803, 14.543945, 6.161499, 91.796867
-0.003490, 0.164049, 1025.000000, 0.000000, 2000.000000, 1000.000000, 13.349096, 12.265612, 10.982948, 11.402344, -0.375720, -0.807354, 0.166022, -0.295090, -0.634094, 0.149052, -0.080630, -0.173260, 0.016970, 0.000000, 0.000000, -0.000000, -0.017452, 0.820244, 0.000000, -6.431349, 1.732358, -42.266842, 0.454691, 1.834795, -0.099368, 0.002277, 14.516602, 7.281494, 108.215324
-0.003490, 0.162304, 1027.000000, 0.000000, 2000.000000, 1000.000000, 12.260221, 12.478974, 12.191934, 11.068871, 0.335454, -0.369598, 0.226077, 0.273492, -0.301329, 0.206576, 0.061962, -0.068269, 0.019501, -0.000000, 0.000000, -0.000000, -0.017452, 0.811518, 0.000000, -3.520195, 5.023637, -42.743439, -0.455039, 1.293644, -0.137718, 0.001888, 14.481445, 8.520508, 126.281731
-0.003490, 0.162304, 1051.000000, 0.000000, 2000.000000, 1000.000000, 14.170294, 15.203665, 16.116402, 14.509640, 0.660033, 0.313021, 0.143348, 0.542469, 0.257266, 0.131476, 0.117564, 0.055755, 0.011872, -0.000000, -0.000000, -0.000000, -0.017452, 0.811518, 0.000000, -3.556572, 7.990337, -43.025856, -0.885403, 0.399892, -0.087650, 0.001806, 14.270508, 16.360474, 239.013657
-0.001745, 0.165794, 1074.000000, 0.000000, 2000.000000, 1000.000000, 16.471478, 16.164093, 17.401302, 17.963127, -0.217303, 0.682214, -0.063610, -0.170460, 0.535154, -0.057075, -0.046842, 0.147060, -0.006535, 0.000000, -0.000000, 0.000000, -0.008726, 0.828970, 0.000000, -4.725395, 9.259845, -43.021446, 0.264010, -0.027276, 0.038050, 0.002290, 13.942383, 27.041626, 386.535614
-0.003490, 0.167539, 1075.000000, 0.000000, 2000.000000, 1000.000000, 17.541702, 16.072727, 16.539738, 17.845833, -0.693767, 0.192786, 0.040720, -0.565399, 0.157115, 0.037200, -0.128368, 0.035671, 0.003519, 0.000000, 0.000000, -0.000000, -0.017452, 0.837696, 0.000000, -2.826327, 8.452864, -43.284550, 0.887186, 0.586313, -0.024800, 0.001892, 14.168945, 18.038940, 261.718750
-0.003490, 0.165794, 1075.000000, 0.000000, 2000.000000, 1000.000000, 17.488098, 16.973511, 16.459953, 17.078438, -0.283269, -0.230805, -0.025975, -0.226514, -0.184561, -0.023519, -0.056755, -0.046244, -0.002455, 0.000000, 0.000000, 0.000000, -0.017452, 0.828970, 0.000000, 0.459714, 8.991674, -43.799660, 0.344970, 1.124268, 0.015680, 0.002088, 14.141602, 20.199585, 292.480469
-0.003490, 0.158813, 1075.000000, 0.000000, 2000.000000, 1000.000000, 16.111473, 17.522999, 17.644146, 16.721382, 0.583573, 0.182764, -0.122191, 0.459246, 0.143827, -0.109805, 0.124327, 0.038937, -0.012386, -0.000000, 0.000000, 0.000000, -0.017452, 0.794066, 0.000000, 2.392815, 12.565867, -43.982960, -0.752246, 0.563942, 0.073203, 0.002256, 14.157227, 19.400024, 281.188965
-0.003490, 0.151832, 1075.000000, 0.000000, 2000.000000, 1000.000000, 16.166967, 16.253000, 17.543516, 18.036516, -0.101742, 0.790016, -0.144758, -0.080706, 0.626678, -0.130578, -0.021035, 0.163337, -0.014181, 0.000000, -0.000000, 0.000000, -0.017452, 0.759162, 0.000000, 1.797003, 13.693951, -43.604206, 0.111678, -0.243523, 0.087052, 0.002172, 14.086914, 22.000122, 317.504883
-0.003490, 0.137871, 1072.000000, 0.000000, 2000.000000, 1000.000000, 17.655024, 15.392635, 16.349463, 18.602880, -1.128952, 0.476171, 0.002243, -0.918265, 0.387307, 0.002047, -0.210687, 0.088864, 0.000196, 0.000000, -0.000000, 0.000000, -0.017452, 0.689354, 0.000000, 3.228954, 11.705106, -43.820229, 1.451773, 0.069663, -0.001365, 0.001912, 14.129883, 19.839478, 287.231445
-0.003490, 0.101222, 1042.000000, 0.000000, 2000.000000, 1000.000000, 15.019668, 13.451144, 13.120496, 14.408692, -0.714180, -0.235406, 0.070082, -0.558075, -0.183951, 0.062767, -0.156105, -0.051455, 0.007315, 0.000000, 0.000000, -0.000000, -0.017452, 0.506108, 0.000000, 8.903112, 9.154452, -44.773907, 0.875468, 0.800429, -0.041844, 0.002331, 14.516602, 6.478882, 96.191399
-0.001745, 0.043630, 1042.000000, 0.000000, 2000.000000, 1000.000000, 13.841602, 14.694342, 14.130899, 13.333157, 0.412621, -0.267972, -0.013749, 0.323553, -0.210128, -0.012334, 0.089068, -0.057844, -0.001415, -0.000000, 0.000000, 0.000000, -0.008726, 0.218150, 0.000000, 10.515771, 10.521433, -45.130657, -0.526411, 0.554355, 0.008223, 0.002294, 14.442383, 9.478760, 140.075684
0.000000, -0.001745, 1043.000000, 0.000000, 2000.000000, 1000.000000, 13.066951, 14.621957, 14.906178, 13.404914, 0.764067, 0.155547, -0.013435, 0.629276, 0.128106, -0.012334, 0.134791, 0.027440, -0.001101, -0.000000, -0.000000, 0.000000, 0.000000, -0.008726, 0.000000, 8.974556, 12.635090, -44.697235, -1.006842, -0.213696, 0.008223, 0.001785, 14.411133, 10.479736, 154.602051
0.000000, -0.001745, 1042.000000, 0.000000, 2000.000000, 1000.000000, 14.008787, 12.811775, 14.296728, 14.882710, -0.445749, 0.589719, 0.152758, -0.345434, 0.457005, 0.136269, -0.100314, 0.132714, 0.016489, 0.000000, -0.000000, -0.000000, 0.000000, -0.008726, 0.000000, 5.978058, 11.763795, -44.169292, 0.552695, -0.739933, -0.090846, 0.002420, 14.430664, 8.920288, 131.896973
0.000000, -0.001745, 1043.000000, 0.000000, 2000.000000, 1000.000000, 15.132833, 12.320807, 13.239457, 15.306903, -1.219868, 0.273180, 0.186145, -0.991247, 0.221982, 0.169825, -0.228621, 0.051198, 0.016320, 0.000000, -0.000000, -0.000000, 0.000000, -0.008726, 0.000000, 7.180420, 8.459277, -44.641842, 1.585995, -0.363897, -0.113217, 0.001922, 14.383789, 11.401367, 167.907700
0.000000, -0.001745, 1042.000000, 0.000000, 2000.000000, 1000.000000, 15.041750, 12.983423, 13.230608, 14.744219, -0.892984, -0.012586, 0.136179, -0.736251, -0.010377, 0.125084, -0.156733, -0.002209, 0.011095, 0.000000, 0.000000, -0.000000, 0.000000, -0.008726, 0.000000, 9.911012, 5.302090, -45.276966, 1.178001, 0.007878, -0.083389, 0.001774, 14.387695, 11.041260, 162.597641
0.000000, -0.001745, 1042.000000, 0.001745, 2000.000000, 1000.000000, 13.242105, 14.170725, 15.045103, 13.542067, 0.607914, 0.293585, 0.143605, 0.474814, 0.229306, 0.128586, 0.133100, 0.064279, 0.015019, -0.000000, -0.000000, -0.000000, 0.000000, -0.008726, 0.008726, 9.991646, 4.637655, -45.478149, -0.759702, -0.375615, -0.076998, 0.002336, 14.383789, 12.121582, 177.978500
0.000000, -0.001745, 1043.000000, 0.001745, 2000.000000, 1000.000000, 12.995451, 13.755495, 15.268246, 13.980808, 0.511871, 0.624527, 0.131848, 0.418222, 0.510267, 0.120596, 0.093648, 0.114259, 0.011252, -0.000000, -0.000000, -0.000000, 0.000000, -0.008726, 0.008726, 7.135192, 5.049469, -45.457577, -0.669155, -0.825154, -0.071672, 0.001866, 14.442383, 8.679199, 128.295898
0.000000, 0.000000, 1045.000000, 0.001745, 2000.000000, 1000.000000, 13.998878, 12.774574, 14.281078, 14.945469, -0.472173, 0.613274, 0.139979, -0.389376, 0.505734, 0.128586, -0.082797, 0.107539, 0.011393, 0.000000, -0.000000, -0.000000, 0.000000, 0.000000, 0.008726, 5.328963, 3.350924, -45.491974, 0.623002, -0.809175, -0.076998, 0.001772, 14.407227, 9.759521, 144.226074
0.000000, -0.001745, 1046.000000, 0.000000, 2000.000000, 1000.000000, 15.491382, 12.157828, 13.018048, 15.332742, -1.412061, 0.175395, 0.254715, -1.111754, 0.138093, 0.228947, -0.300307, 0.037302, 0.025768, 0.000000, -0.000000, -0.000000, 0.000000, -0.008726, 0.000000, 7.826847, -2.309973, -45.962807, 1.778807, -0.229675, -0.152631, 0.002251, 14.348633, 13.079834, 192.077621
0.000000, -0.001745, 1046.000000, 0.000000, 2000.000000, 1000.000000, 14.577849, 13.144900, 13.636178, 14.641072, -0.609461, 0.138626, 0.107014, -0.481255, 0.109464, 0.096322, -0.128206, 0.029161, 0.010692, 0.000000, -0.000000, -0.000000, 0.000000, -0.008726, 0.000000, 9.946544, -5.115507, -46.140072, 0.770008, -0.183869, -0.064215, 0.002220, 14.411133, 10.400391, 153.503418
0.000000, -0.001745, 1046.000000, 0.000000, 2000.000000, 1000.000000, 13.401472, 13.757057, 14.938702, 13.902769, 0.347880, 0.420736, 0.170087, 0.283733, 0.343155, 0.155444, 0.064146, 0.077581, 0.014643, -0.000000, -0.000000, -0.000000, 0.000000, -0.008726, 0.000000, 9.411025, -5.940061, -46.417061, -0.453973, -0.557774, -0.103629, 0.001884, 14.411133, 10.360718, 153.015137
0.000000, -0.001745, 1059.000000, 0.000000, 2000.000000, 1000.000000, 14.098783, 14.746776, 16.068302, 15.086139, 0.407539, 0.577221, 0.083543, 0.325012, 0.460334, 0.075550, 0.082527, 0.116888, 0.007993, -0.000000, -0.000000, -0.000000, 0.000000, -0.008726, 0.000000, 5.221391, -5.807923, -47.239216, -0.520019, -0.745260, -0.050366, 0.002116, 14.262695, 16.159058, 236.083969
0.000000, 0.000000, 1070.000000, 0.000000, 2000.000000, 1000.000000, 17.596224, 15.923247, 16.828962, 17.651567, -0.623895, 0.240266, 0.212592, -0.488578, 0.188154, 0.190597, -0.135317, 0.052111, 0.021995, 0.000000, -0.000000, -0.000000, 0.000000, 0.000000, 0.000000, 4.360835, -6.965028, -47.560612, 0.781725, -0.301047, -0.127065, 0.002308, 13.934570, 28.839111, 411.682098
0.000000, 0.000000, 1070.000000, 0.000000, 2000.000000, 1000.000000, 17.709572, 15.451673, 16.487419, 18.351337, -1.030454, 0.419378, 0.098495, -0.807490, 0.328635, 0.088333, -0.222964, 0.090743, 0.010163, 0.000000, -0.000000, -0.000000, 0.000000, 0.000000, 0.000000, 7.410043, -11.869315, -47.626270, 1.291984, -0.525817, -0.058888, 0.002301, 14.110352, 20.440674, 295.532227
0.000000, 0.000000, 1069.000000, 0.000000, 2000.000000, 1000.000000, 15.345786, 15.351483, 17.028122, 16.274609, 0.189802, 0.651366, 0.186954, 0.155902, 0.535029, 0.171423, 0.033899, 0.116337, 0.015531, -0.000000, -0.000000, -0.000000, 0.000000, 0.000000, 0.000000, 6.737872, -14.197496, -47.926281, -0.249444, -0.856046, -0.114282, 0.001812, 14.282227, 14.678955, 214.782700
0.000000, 0.000000, 1069.000000, -0.001745, 2000.000000, 1000.000000, 15.083280, 16.172792, 17.577295, 15.166631, 0.875045, 0.371964, 0.330288, 0.715163, 0.304001, 0.302144, 0.159882, 0.067963, 0.028145, -0.000000, -0.000000, -0.000000, 0.000000, 0.000000, -0.008726, 3.792137, -13.755829, -49.136559, -1.144261, -0.486402, -0.210155, 0.001863, 14.219727, 18.759155, 272.888184
-0.003490, 0.000000, 1067.000000, -0.001745, 2000.000000, 1000.000000, 16.684082, 15.429186, 16.208776, 15.677957, -0.181019, -0.056634, 0.446430, -0.141293, -0.044205, 0.399615, -0.039726, -0.012429, 0.046815, 0.000000, 0.000000, -0.000000, -0.017452, 0.000000, -0.008726, 1.425991, -12.130961, -50.627380, 0.208617, 0.070728, -0.275136, 0.002343, 14.247070, 14.678955, 214.416489
-0.085515, 0.000000, 1061.000000, -0.001745, 2000.000000, 1000.000000, 17.589504, 14.218399, 15.040379, 17.151718, -1.370611, 0.096049, 0.314942, -1.117334, 0.078300, 0.287763, -0.253277, 0.017749, 0.027179, 0.000000, -0.000000, -0.000000, -0.427574, 0.000000, -0.008726, 3.007594, -14.083720, -50.897636, 1.360160, -0.125280, -0.200568, 0.001889, 14.172852, 18.441772, 267.700195
-0.160558, 0.000000, 1061.000000, -0.001745, 2000.000000, 1000.000000, 17.026945, 14.161614, 15.739970, 17.071470, -1.049207, 0.405720, 0.383458, -0.829203, 0.320646, 0.345287, -0.220004, 0.085074, 0.038171, 0.000000, -0.000000, -0.000000, -0.802792, 0.000000, -0.008726, 4.297794, -17.154110, -51.132023, 0.523933, -0.513033, -0.238917, 0.002211, 14.200195, 17.321777, 252.014145
-0.171030, 0.003490, 1059.000000, -0.001745, 2000.000000, 1000.000000, 13.443851, 15.587186, 16.934906, 14.034060, 1.261045, 0.484481, 0.189378, 0.984299, 0.378158, 0.169519, 0.276746, 0.106323, 0.019859, -0.000000, -0.000000, -0.000000, -0.855148, 0.017452, -0.008726, -0.508297, -15.315441, -53.302490, -2.430027, -0.587601, -0.121739, 0.002343, 14.211914, 17.199707, 250.305161
-0.176265, 0.003490, 1057.000000, -0.003490, 2000.000000, 1000.000000, 14.208722, 15.884989, 16.340693, 13.565597, 1.112841, -0.046855, 0.274708, 0.917338, -0.038624, 0.252303, 0.195503, -0.008231, 0.022405, -0.000000, 0.000000, -0.000000, -0.881326, 0.017452, -0.017452, -5.274925, -10.020144, -54.780018, -2.349067, 0.079250, -0.185654, 0.001776, 14.352539, 12.921143, 189.819321
-0.212914, 0.003490, 1046.000000, -0.005236, 2000.000000, 1000.000000, 15.834609, 12.991380, 12.840550, 14.333461, -1.084035, -0.412994, 0.337580, -0.842348, -0.320917, 0.301532, -0.241687, -0.092077, 0.036048, 0.000000, 0.000000, -0.000000, -1.064572, 0.017452, -0.026178, -5.813470, -5.525763, -55.796078, 0.283185, 0.530919, -0.227199, 0.002391, 14.458008, 7.000732, 103.820793
-0.202443, 0.005236, 1045.000000, -0.005236, 2000.000000, 1000.000000, 15.154488, 12.433359, 13.478163, 14.933990, -1.044239, 0.206077, 0.316325, -0.810291, 0.159908, 0.282357, -0.233947, 0.046169, 0.033968, 0.000000, -0.000000, -0.000000, -1.012216, 0.026178, -0.026178, -4.709138, -6.295758, -56.296413, 0.284250, -0.229675, -0.214416, 0.002406, 14.403320, 11.080933, 163.391098
-0.178010, 0.003490, 1045.000000, 0.000000, 2000.000000, 1000.000000, 13.201559, 13.142883, 15.349163, 14.306395, 0.246023, 0.827779, 0.275361, 0.202822, 0.682423, 0.252915, 0.043201, 0.145356, 0.022446, -0.000000, -0.000000, -0.000000, -0.890052, 0.017452, 0.000000, -6.845570, -6.357249, -57.067242, -1.214568, -1.074424, -0.168610, 0.001775, 14.375977, 11.199951, 164.978012
-0.095986, 0.003490, 1045.000000, 0.000000, 2000.000000, 1000.000000, 12.271358, 14.251719, 16.415024, 13.061900, 1.333371, 0.738461, 0.343191, 1.041045, 0.576563, 0.307243, 0.292326, 0.161899, 0.035947, -0.000000, -0.000000, -0.000000, -0.479930, 0.017452, 0.000000, -15.827767, -1.788191, -58.414734, -2.145603, -0.905048, -0.204829, 0.002340, 14.379883, 11.279297, 166.076645
-0.090750, 0.003490, 1045.000000, 0.000000, 2000.000000, 1000.000000, 14.675091, 13.624241, 14.247103, 13.453566, -0.064328, -0.149666, 0.461096, -0.049796, -0.115855, 0.411106, -0.014532, -0.033811, 0.049990, -0.000000, 0.000000, -0.000000, -0.453752, 0.017452, 0.000000, -18.352974, 0.743915, -59.226898, -0.374079, 0.202820, -0.274071, 0.002432, 14.375977, 10.958862, 161.315903
-0.094241, 0.003490, 1045.000000, 0.000000, 2000.000000, 1000.000000, 15.891127, 13.364025, 12.576113, 14.168736, -1.029931, -0.627576, 0.233619, -0.848994, -0.517324, 0.214566, -0.180938, -0.110252, 0.019053, 0.000000, 0.000000, -0.000000, -0.471204, 0.017452, 0.000000, -16.144955, 0.666049, -59.854839, 0.887186, 0.845170, -0.143044, 0.001776, 14.368164, 11.880493, 174.804672
-0.090750, 0.015707, 1045.000000, 0.000000, 2000.000000, 1000.000000, 13.673391, 13.228090, 14.888378, 14.210140, 0.058234, 0.549259, 0.280885, 0.045412, 0.428319, 0.251317, 0.012823, 0.120940, 0.029567, -0.000000, -0.000000, -0.000000, -0.453752, 0.078534, 0.000000, -14.481266, -0.121444, -60.449909, -0.526411, -0.606776, -0.167545, 0.002353, 14.356445, 12.600708, 185.180649
-0.066318, 0.040140, 1061.000000, 0.000000, 2000.000000, 1000.000000, 14.186198, 15.909039, 18.409670, 15.495091, 1.159355, 0.952381, 0.297934, 0.920708, 0.756338, 0.268894, 0.238647, 0.196043, 0.029041, -0.000000, -0.000000, -0.000000, -0.331588, 0.200698, 0.000000, -18.294546, 1.725252, -60.849480, -1.804720, -1.009444, -0.179263, 0.002160, 14.211914, 17.959595, 261.291504
-0.048866, 0.054101, 1067.000000, 0.000000, 2000.000000, 1000.000000, 15.045174, 16.170273, 17.474331, 15.310225, 0.822301, 0.392276, 0.259752, 0.677639, 0.323266, 0.238534, 0.144662, 0.069011, 0.021218, -0.000000, -0.000000, -0.000000, -0.244328, 0.270506, 0.000000, -22.205250, 4.955820, -61.105297, -1.328550, -0.246719, -0.159023, 0.001779, 14.122070, 20.120239, 290.893555
-0.048866, 0.055846, 1068.000000, 0.000000, 2000.000000, 1000.000000, 17.582047, 15.557484, 15.165745, 15.694725, -0.638385, -0.569765, 0.373895, -0.507460, -0.452913, 0.337603, -0.130925, -0.116852, 0.036292, 0.000000, 0.000000, -0.000000, -0.244328, 0.279232, 0.000000, -21.567736, 6.417981, -61.753414, 0.567609, 1.003894, -0.225069, 0.002150, 14.208008, 17.279053, 251.525864
0.000000, 0.005236, 1068.000000, 0.000000, 2000.000000, 1000.000000, 17.225975, 15.270088, 15.445076, 16.058861, -0.642418, -0.248031, 0.335525, -0.503226, -0.194290, 0.300852, -0.139192, -0.053741, 0.034673, 0.000000, 0.000000, -0.000000, 0.000000, 0.026178, 0.000000, -15.992515, 4.154151, -63.042130, 0.805161, 0.337042, -0.200568, 0.002305, 14.192383, 17.880249, 259.887695
0.000000, 0.000000, 1068.000000, 0.001745, 2000.000000, 1000.000000, 14.919071, 15.572346, 17.706097, 15.802486, 0.639221, 0.754291, 0.312584, 0.519422, 0.612926, 0.285179, 0.119799, 0.141365, 0.027406, -0.000000, -0.000000, -0.000000, 0.000000, 0.000000, 0.008726, -17.074657, 3.735777, -63.565113, -0.831075, -0.980682, -0.181393, 0.001922, 14.231445, 16.601562, 241.882309
0.000000, 0.000000, 1069.000000, 0.001745, 2000.000000, 1000.000000, 14.349421, 15.925076, 17.764908, 15.960597, 0.844992, 0.862752, 0.057164, 0.679210, 0.693486, 0.051887, 0.165782, 0.169266, 0.005277, -0.000000, -0.000000, -0.000000, 0.000000, 0.000000, 0.008726, -21.635483, 5.233669, -63.471127, -1.086737, -1.109578, -0.025866, 0.002034, 14.286133, 14.318848, 209.533676
0.000000, 0.000000, 1073.000000, 0.005236, 2000.000000, 1000.000000, 18.698061, 16.444220, 15.794876, 17.062845, -0.880453, -0.571140, 0.246468, -0.684985, -0.444342, 0.220277, -0.195467, -0.126798, 0.026191, 0.000000, 0.000000, -0.000000, 0.000000, 0.000000, 0.026178, -22.391006, 4.785467, -63.619671, 1.095976, 0.710948, -0.120673, 0.002378, 14.071289, 20.480347, 295.288086
0.000000, 0.000000, 1074.000000, 0.003490, 2000.000000, 1000.000000, 18.962282, 16.167818, 15.671063, 17.198835, -1.080560, -0.565051, 0.316674, -0.856092, -0.447671, 0.285485, -0.224467, -0.117379, 0.031189, 0.000000, 0.000000, -0.000000, 0.000000, 0.000000, 0.017452, -18.630001, 2.349764, -64.267174, 1.369748, 0.716274, -0.172871, 0.002185, 14.079102, 21.560669, 310.913086
0.000000, 0.000000, 1074.000000, 0.000000, 2000.000000, 1000.000000, 16.342060, 15.925495, 19.254158, 16.478287, 0.589827, 0.866222, 0.798109, 0.469488, 0.689491, 0.721096, 0.120339, 0.176730, 0.077013, -0.000000, -0.000000, -0.000000, 0.000000, 0.000000, 0.000000, -18.782446, 1.218804, -64.994255, -0.751180, -1.103186, -0.480731, 0.002136, 14.122070, 20.159912, 294.006348
0.000000, 0.000000, 1070.000000, 0.000000, 2000.000000, 1000.000000, 15.563663, 16.605921, 18.639082, 17.191336, 0.622502, 0.915208, 0.101372, 0.494788, 0.727441, 0.091529, 0.127715, 0.187767, 0.009844, -0.000000, -0.000000, -0.000000, 0.000000, 0.000000, 0.000000, -22.933817, 2.076900, -65.456512, -0.791660, -1.163906, -0.061019, 0.002151, 14.067383, 21.960449, 316.406250
0.000000, 0.000000, 1063.000000, 0.000000, 2000.000000, 1000.000000, 16.917734, 15.352404, 15.481871, 16.247992, -0.582863, -0.135069, 0.199802, -0.457952, -0.106123, 0.179412, -0.124911, -0.028946, 0.020390, 0.000000, 0.000000, -0.000000, 0.000000, 0.000000, 0.000000, -24.199551, 1.404124, -65.598938, 0.732724, 0.169797, -0.119608, 0.002273, 14.297852, 13.919067, 203.674301
0.000000, 0.000000, 1061.000000, 0.001745, 2000.000000, 1000.000000, 18.623295, 15.108429, 14.130276, 16.138000, -1.380647, -0.865862, 0.376785, -1.125736, -0.705996, 0.344300, -0.254912, -0.159866, 0.032485, 0.000000, 0.000000, -0.000000, 0.000000, 0.000000, 0.008726, -20.567560, -1.290888, -66.095337, 1.801177, 1.129594, -0.220808, 0.001887, 14.227539, 15.719604, 229.003891
0.000000, 0.000000, 1059.000000, 0.001745, 2000.000000, 1000.000000, 15.274519, 14.460743, 15.227888, 15.036850, -0.155684, 0.132369, 0.251203, -0.121065, 0.102934, 0.224459, -0.034620, 0.029435, 0.026744, 0.000000, -0.000000, -0.000000, 0.000000, 0.000000, 0.008726, -16.389503, -4.081664, -66.667198, 0.193703, -0.164694, -0.140913, 0.002383, 14.274414, 14.361572, 210.021957
0.000000, 0.000000, 1051.000000, 0.000000, 2000.000000, 1000.000000, 13.942488, 14.357777, 16.438372, 15.261362, 0.398075, 0.849868, 0.190430, 0.327009, 0.698147, 0.174619, 0.071066, 0.151721, 0.015812, -0.000000, -0.000000, -0.000000, 0.000000, 0.000000, 0.000000, -18.502960, -4.195849, -67.150940, -0.523215, -1.117034, -0.116412, 0.001811, 14.465820, 6.240845, 92.529289
0.000000, 0.000000, 1049.000000, 0.000000, 2000.000000, 1000.000000, 13.703122, 13.343272, 14.984811, 13.968795, 0.164042, 0.476802, 0.343966, 0.134597, 0.391219, 0.315233, 0.029445, 0.085583, 0.028733, -0.000000, -0.000000, -0.000000, 0.000000, 0.000000, 0.000000, -21.423485, -3.886660, -67.830978, -0.215356, -0.625951, -0.210155, 0.001823, 14.317383, 13.720703, 201.110825
0.000000, 0.000000, 1052.000000, 0.000000, 2000.000000, 1000.000000, 17.258457, 14.684639, 13.202827, 14.854076, -1.056267, -0.971548, 0.230642, -0.825466, -0.759259, 0.206576, -0.230800, -0.212289, 0.024066, 0.000000, 0.000000, -0.000000, 0.000000, 0.000000, 0.000000, -19.000076, -5.554298, -68.450943, 1.320746, 1.214815, -0.137718, 0.002330, 14.297852, 14.041138, 205.383286
0.000000, 0.000000, 1050.000000, 0.000000, 2000.000000, 1000.000000, 16.790218, 14.606998, 13.452497, 15.150286, -0.970252, -0.698608, 0.121358, -0.788182, -0.567513, 0.110703, -0.182070, -0.131095, 0.010655, 0.000000, 0.000000, -0.000000, 0.000000, 0.000000, 0.000000, -14.537731, -8.042809, -68.200012, 1.261091, 0.908020, -0.073802, 0.001925, 14.297852, 13.241577, 193.908676
0.000000, 0.000000, 1051.000000, 0.000000, 2000.000000, 1000.000000, 15.435442, 14.309164, 14.903551, 15.351843, -0.393642, 0.127697, 0.169496, -0.323463, 0.104931, 0.155444, -0.070179, 0.022766, 0.014052, 0.000000, -0.000000, -0.000000, 0.000000, 0.000000, 0.000000, -12.581477, -10.122404, -68.118095, 0.517542, -0.167890, -0.103629, 0.001808, 14.317383, 13.040161, 191.223129
0.000000, 0.000000, 1050.000000, 0.000000, 2000.000000, 1000.000000, 14.326579, 14.566203, 16.031551, 15.075665, 0.298877, 0.553609, 0.179066, 0.233134, 0.431832, 0.160238, 0.065744, 0.121777, 0.018828, -0.000000, -0.000000, -0.000000, 0.000000, 0.000000, 0.000000, -15.255855, -10.664400, -69.096474, -0.373014, -0.690931, -0.106825, 0.002350, 14.278320, 14.401245, 210.510239
0.000000, 0.000000, 1050.000000, -0.001745, 2000.000000, 1000.000000, 15.544712, 14.965277, 14.876585, 14.613426, -0.079069, -0.254995, 0.210648, -0.061810, -0.199333, 0.188694, -0.017260, -0.055662, 0.021955, 0.000000, 0.000000, -0.000000, 0.000000, 0.000000, -0.008726, -15.919760, -10.445184, -69.503304, 0.098895, 0.318933, -0.134522, 0.002327, 14.356445, 11.560059, 169.799789
0.000000, 0.000000, 1050.000000, 0.000000, 2000.000000, 1000.000000, 16.488487, 15.289154, 13.896723, 14.325636, -0.407062, -0.888821, 0.192605, -0.332785, -0.726636, 0.176217, -0.074277, -0.162185, 0.016388, 0.000000, 0.000000, -0.000000, 0.000000, 0.000000, 0.000000, -13.342151, -10.513235, -69.384140, 0.532455, 1.162617, -0.117478, 0.001860, 14.297852, 13.879395, 203.124985
0.001745, 0.047120, 1051.000000, -0.001745, 2000.000000, 1000.000000, 15.228616, 14.398793, 15.257920, 15.114671, -0.171643, 0.186296, 0.243268, -0.133587, 0.144991, 0.217456, -0.038056, 0.041305, 0.025812, 0.000000, -0.000000, -0.000000, 0.008726, 0.235602, -0.008726, -9.531285, -11.183419, -69.401443, 0.222465, 0.003617, -0.153696, 0.002374, 14.293945, 14.080811, 206.115707
-0.001745, 0.099476, 1051.000000, -0.001745, 2000.000000, 1000.000000, 14.145470, 13.879528, 16.147747, 15.827255, 0.013637, 0.987501, 0.146608, 0.010634, 0.769993, 0.131170, 0.003004, 0.217508, 0.015439, 0.000000, -0.000000, -0.000000, -0.008726, 0.497382, -0.008726, -10.684793, -11.851221, -69.940117, -0.025740, -0.734607, -0.096173, 0.002354, 14.321289, 13.198853, 193.603500
-0.010471, 0.132635, 1052.000000, -0.001745, 2000.000000, 1000.000000, 14.635688, 13.981091, 15.598666, 15.784554, -0.210121, 0.691611, 0.117177, -0.171763, 0.565355, 0.107201, -0.038358, 0.126255, 0.009975, 0.000000, -0.000000, -0.000000, -0.052356, 0.663176, -0.008726, -12.101187, -12.720138, -70.570885, 0.222465, -0.241393, -0.080194, 0.001861, 14.356445, 11.441040, 168.212875
-0.090750, 0.167539, 1051.000000, -0.001745, 2000.000000, 1000.000000, 17.016918, 14.849645, 13.491954, 14.641484, -0.829201, -0.933281, 0.254436, -0.643011, -0.723720, 0.227043, -0.186190, -0.209560, 0.027393, 0.000000, 0.000000, -0.000000, -0.453752, 0.837696, -0.008726, -7.827661, -13.092020, -70.414124, 0.575065, 1.995648, -0.160088, 0.002413, 14.321289, 12.600708, 184.814438
-0.106457, 0.181501, 1051.000000, -0.001745, 2000.000000, 1000.000000, 16.764187, 15.452423, 13.452244, 14.331146, -0.547667, -1.108305, 0.108215, -0.434435, -0.879160, 0.097614, -0.113231, -0.229144, 0.010601, 0.000000, 0.000000, -0.000000, -0.532286, 0.907504, -0.008726, -1.278828, -12.077643, -69.329620, 0.162811, 2.314161, -0.073802, 0.002172, 14.258789, 15.319824, 223.510727
-0.099476, 0.198953, 1051.000000, -0.001745, 2000.000000, 1000.000000, 14.445061, 14.622934, 16.267981, 14.664024, 0.445457, 0.466002, 0.356520, 0.349039, 0.365137, 0.319720, 0.096418, 0.100865, 0.036800, -0.000000, -0.000000, -0.000000, -0.497382, 0.994764, -0.008726, 3.424625, -7.663826, -69.011688, -1.055844, 0.410545, -0.221873, 0.002302, 14.344727, 11.999512, 176.330551
-0.097731, 0.205934, 1051.000000, -0.001745, 2000.000000, 1000.000000, 14.251301, 14.376135, 16.275959, 15.096605, 0.326047, 0.686283, 0.263630, 0.255956, 0.538751, 0.236630, 0.070091, 0.147532, 0.027000, -0.000000, -0.000000, -0.000000, -0.488656, 1.029668, -0.008726, 2.580963, -4.662029, -69.548950, -0.898186, 0.167666, -0.166480, 0.002282, 14.270508, 14.840698, 216.918930
-0.097731, 0.209424, 1050.000000, -0.001745, 2000.000000, 1000.000000, 15.931514, 14.247025, 14.942763, 14.878697, -0.405106, -0.089269, 0.437139, -0.330601, -0.072851, 0.399615, -0.074504, -0.016418, 0.037524, 0.000000, 0.000000, -0.000000, -0.488656, 1.047120, -0.008726, 3.730194, -3.033835, -69.988335, 0.040306, 1.163682, -0.275136, 0.001878, 14.274414, 14.361572, 210.021957
-0.099476, 0.191972, 1050.000000, -0.001745, 2000.000000, 1000.000000, 17.112825, 15.094568, 13.753954, 14.038651, -0.575739, -1.103698, 0.433390, -0.450570, -0.863748, 0.388430, -0.125168, -0.239949, 0.044961, 0.000000, 0.000000, -0.000000, -0.497382, 0.959860, -0.008726, 11.940758, -1.672301, -70.935410, 0.223530, 2.341857, -0.267679, 0.002315, 14.301758, 13.198853, 193.298325
-0.102967, 0.158813, 1052.000000, -0.001745, 2000.000000, 1000.000000, 15.720925, 15.468974, 15.240064, 13.570037, 0.354519, -0.594949, 0.480494, 0.280874, -0.471359, 0.433170, 0.073645, -0.123590, 0.047324, -0.000000, 0.000000, -0.000000, -0.514834, 0.794066, -0.008726, 16.876671, 0.840040, -71.590179, -0.964232, 1.548240, -0.297506, 0.002185, 14.348633, 11.718750, 172.180161
-0.101222, 0.137871, 1050.000000, -0.001745, 2000.000000, 1000.000000, 14.590829, 14.779685, 16.867416, 13.762069, 0.823551, 0.314743, 0.729123, 0.668489, 0.255481, 0.664864, 0.155063, 0.059261, 0.064259, -0.000000, -0.000000, -0.000000, -0.506108, 0.689354, -0.008726, 18.022551, 4.973494, -72.686836, -1.575690, 0.280584, -0.451969, 0.001933, 14.333008, 12.561035, 184.326157
-0.069808, 0.132635, 1056.000000, -0.001745, 2000.000000, 1000.000000, 14.997907, 14.095628, 16.195417, 14.711047, 0.145523, 0.453233, 0.596662, 0.114186, 0.355633, 0.535435, 0.031337, 0.097600, 0.061227, -0.000000, -0.000000, -0.000000, -0.349040, 0.663176, -0.008726, 16.359093, 9.926582, -74.105286, -0.531737, 0.094163, -0.365683, 0.002287, 14.333008, 12.078857, 177.307114
-0.068063, 0.130890, 1053.000000, -0.001745, 2000.000000, 1000.000000, 16.220039, 13.936655, 15.050615, 14.792690, -0.506365, -0.078347, 0.635327, -0.400339, -0.061942, 0.572186, -0.106026, -0.016405, 0.063141, 0.000000, 0.000000, -0.000000, -0.340314, 0.654450, -0.008726, 17.531336, 10.196590, -75.371712, 0.300229, 0.753558, -0.390184, 0.002207, 14.297852, 14.801025, 216.674789
-0.082024, 0.123909, 1054.000000, -0.001745, 2000.000000, 1000.000000, 16.187794, 14.512028, 14.822054, 14.478125, -0.332959, -0.349911, 0.504923, -0.274194, -0.288154, 0.463530, -0.058765, -0.061757, 0.041393, 0.000000, 0.000000, -0.000000, -0.410122, 0.619546, -0.008726, 20.438429, 10.085196, -76.817253, 0.028588, 1.080592, -0.317746, 0.001786, 14.305664, 13.681030, 200.317368
-0.106457, 0.082024, 1054.000000, 0.000000, 2000.000000, 1000.000000, 14.430498, 14.849556, 16.552172, 14.167774, 0.700864, 0.359973, 0.491335, 0.555588, 0.285358, 0.443064, 0.145275, 0.074615, 0.048272, -0.000000, -0.000000, -0.000000, -0.532286, 0.410122, 0.000000, 22.041803, 13.448930, -78.407173, -1.421227, -0.046451, -0.295376, 0.002179, 14.301758, 13.641357, 199.829086
-0.106457, 0.061082, 1055.000000, 0.000000, 2000.000000, 1000.000000, 13.845824, 15.021219, 17.026182, 14.106776, 1.023700, 0.566479, 0.436002, 0.799266, 0.442285, 0.390333, 0.224434, 0.124194, 0.045669, -0.000000, -0.000000, -0.000000, -0.532286, 0.305410, 0.000000, 20.213442, 18.028475, -78.624825, -1.811112, -0.402247, -0.260222, 0.002340, 14.254883, 16.159058, 235.595688
-0.095986, 0.057592, 1055.000000, 0.000000, 2000.000000, 1000.000000, 15.273884, 14.360317, 15.803173, 14.562626, 0.081746, 0.182899, 0.538529, 0.066335, 0.148419, 0.491000, 0.015411, 0.034481, 0.047529, -0.000000, -0.000000, -0.000000, -0.479930, 0.287958, 0.000000, 18.897005, 21.247873, -78.978920, -0.586065, 0.050488, -0.327333, 0.001936, 14.321289, 12.561035, 184.204086
-0.080279, 0.034904, 1054.000000, 0.000000, 2000.000000, 1000.000000, 16.432493, 13.894878, 14.249279, 15.423349, -0.927921, -0.163686, 0.340886, -0.726801, -0.128208, 0.305645, -0.201120, -0.035478, 0.035241, 0.000000, 0.000000, -0.000000, -0.401396, 0.174520, 0.000000, 20.997356, 19.869034, -80.965759, 0.761486, 0.379653, -0.203764, 0.002306, 14.290039, 13.519287, 197.875961
-0.041885, 0.003490, 1053.000000, 0.000000, 2000.000000, 1000.000000, 15.170391, 14.700087, 15.398039, 14.731483, 0.049063, 0.064761, 0.284215, 0.038328, 0.050592, 0.254513, 0.010735, 0.014170, 0.029702, -0.000000, -0.000000, -0.000000, -0.209424, 0.017452, 0.000000, 21.594147, 19.144335, -81.611282, -0.270749, -0.063495, -0.169675, 0.002334, 14.286133, 14.160156, 207.275375
0.000000, -0.001745, 1054.000000, 0.001745, 2000.000000, 1000.000000, 14.096098, 14.564110, 17.984066, 13.355726, 1.274088, 0.669896, 1.040082, 1.041398, 0.547551, 0.951497, 0.232690, 0.122345, 0.088584, -0.000000, -0.000000, -0.000000, 0.000000, -0.008726, 0.008726, 19.649265, 21.941771, -81.929413, -1.666237, -0.884808, -0.625606, 0.001862, 14.290039, 14.080811, 205.993637
0.000000, -0.001745, 1054.000000, 0.001745, 2000.000000, 1000.000000, 13.150871, 15.376398, 17.057596, 14.415134, 1.216997, 0.736365, 0.104234, 0.987469, 0.597485, 0.095030, 0.229527, 0.138880, 0.009204, -0.000000, -0.000000, -0.000000, 0.000000, -0.008726, 0.008726, 15.832062, 26.596123, -81.065941, -1.579951, -0.964703, -0.054627, 0.001937, 14.286133, 14.801025, 216.430649
0.000000, -0.001745, 1055.000000, 0.001745, 2000.000000, 1000.000000, 15.971430, 13.766266, 14.619968, 15.642336, -0.806882, 0.131153, 0.295699, -0.628394, 0.102141, 0.264406, -0.178489, 0.029012, 0.031292, 0.000000, -0.000000, -0.000000, 0.000000, -0.008726, 0.008726, 13.048837, 27.271240, -80.030525, 1.005430, -0.172151, -0.167545, 0.002367, 14.274414, 14.001465, 204.711899
0.000000, -0.001745, 1055.000000, 0.001745, 2000.000000, 1000.000000, 16.265636, 13.434881, 14.277338, 16.022144, -1.143891, 0.149741, 0.271488, -0.922671, 0.120783, 0.246829, -0.221220, 0.028959, 0.024658, 0.000000, -0.000000, -0.000000, 0.000000, -0.008726, 0.008726, 13.352839, 23.467257, -80.637688, 1.476273, -0.201978, -0.155827, 0.001998, 14.301758, 13.320923, 195.129379
0.000000, -0.001745, 1053.000000, 0.001745, 2000.000000, 1000.000000, 14.740880, 13.865129, 15.606418, 15.787574, -0.264226, 0.696996, 0.173649, -0.211611, 0.558204, 0.157348, -0.052615, 0.138792, 0.016301, 0.000000, -0.000000, -0.000000, 0.000000, -0.008726, 0.008726, 12.300507, 20.667711, -80.541656, 0.338578, -0.901852, -0.096173, 0.002072, 14.321289, 13.000488, 190.490707
0.000000, -0.001745, 1057.000000, 0.001745, 2000.000000, 1000.000000, 13.560925, 14.840223, 17.020555, 14.578297, 0.930389, 0.799426, 0.290740, 0.722486, 0.620788, 0.259613, 0.207903, 0.178638, 0.031128, -0.000000, -0.000000, -0.000000, 0.000000, -0.008726, 0.008726, 7.303410, 22.338800, -79.384674, -1.155978, -1.001987, -0.164349, 0.002398, 14.340820, 12.481689, 183.288559
0.000000, -0.001745, 1058.000000, 0.001745, 2000.000000, 1000.000000, 14.946617, 14.275394, 15.493568, 15.284420, -0.115519, 0.388994, 0.220092, -0.090438, 0.304540, 0.197295, -0.025080, 0.084455, 0.022797, 0.000000, -0.000000, -0.000000, 0.000000, -0.008726, 0.008726, 4.711782, 23.509052, -78.802582, 0.144701, -0.495989, -0.122804, 0.002311, 14.297852, 13.360596, 195.678696
0.000000, -0.001745, 1056.000000, 0.001745, 2000.000000, 1000.000000, 16.767780, 13.188577, 13.792998, 16.250645, -1.509212, 0.021821, 0.280390, -1.216283, 0.017586, 0.254819, -0.292929, 0.004235, 0.025571, 0.000000, -0.000000, -0.000000, 0.000000, -0.008726, 0.008726, 4.805793, 20.282818, -79.220154, 1.946052, -0.036863, -0.161153, 0.002007, 14.231445, 16.641235, 242.492661
0.000000, -0.001745, 1056.000000, 0.000000, 2000.000000, 1000.000000, 15.921077, 13.448256, 14.604245, 16.026421, -0.973749, 0.315333, 0.262661, -0.761551, 0.246616, 0.235338, -0.212198, 0.068717, 0.027323, 0.000000, -0.000000, -0.000000, 0.000000, -0.008726, 0.000000, 5.751304, 12.209094, -80.241455, 1.218481, -0.403312, -0.156892, 0.002322, 14.290039, 13.839722, 210.693344
0.000000, -0.001745, 1055.000000, 0.000000, 2000.000000, 1000.000000, 14.703599, 14.081409, 16.573631, 14.641360, 0.327520, 0.607496, 0.638615, 0.256436, 0.475647, 0.572492, 0.071084, 0.131849, 0.066123, -0.000000, -0.000000, -0.000000, 0.000000, -0.008726, 0.000000, 4.061241, 11.185474, -81.546272, -0.410298, -0.769761, -0.381662, 0.002310, 14.305664, 13.159180, 192.810043
0.000000, -0.001745, 1056.000000, 0.000000, 2000.000000, 1000.000000, 14.101468, 15.506606, 15.452228, 14.939698, 0.479417, 0.195963, -0.223152, 0.391591, 0.160064, -0.204080, 0.087826, 0.035899, -0.019071, -0.000000, -0.000000, 0.000000, 0.000000, -0.008726, 0.000000, 2.225043, 12.756144, -81.092896, -0.626545, -0.264828, 0.136054, 0.001869, 14.290039, 14.041138, 203.613266
0.000000, -0.001745, 1055.000000, -0.001745, 2000.000000, 1000.000000, 16.501266, 13.735554, 14.067165, 15.696014, -1.098640, -0.118411, 0.284216, -0.856092, -0.092269, 0.254207, -0.242548, -0.026142, 0.030009, 0.000000, 0.000000, -0.000000, 0.000000, -0.008726, -0.008726, 2.648095, 11.492234, -81.478500, 1.369748, 0.138904, -0.178197, 0.002361, 14.223633, 16.519165, 240.722641
0.000000, 0.012216, 1044.000000, -0.001745, 2000.000000, 1000.000000, 15.786470, 11.621815, 12.803663, 15.788052, -1.787261, 0.295858, 0.295067, -1.391384, 0.230325, 0.263794, -0.395877, 0.065532, 0.031273, 0.000000, -0.000000, -0.000000, 0.000000, 0.061082, -0.008726, 3.210186, 6.204466, -82.033096, 2.226215, -0.307439, -0.184589, 0.002371, 14.477539, 5.279541, 78.186035
0.000000, 0.050611, 1045.000000, -0.001745, 2000.000000, 1000.000000, 13.997786, 12.125738, 14.233244, 15.643232, -0.820509, 0.938238, 0.115514, -0.669672, 0.765758, 0.105604, -0.150837, 0.172479, 0.009911, 0.000000, -0.000000, -0.000000, 0.000000, 0.253054, -0.008726, 1.894940, 1.350499, -82.357269, 1.071476, -0.972160, -0.079128, 0.001877, 14.434570, 8.801270, 130.126953
0.000000, 0.050611, 1045.000000, -0.001745, 2000.000000, 1000.000000, 12.931090, 14.091208, 15.382869, 13.594832, 0.737039, 0.488850, 0.156979, 0.577345, 0.382931, 0.140757, 0.159694, 0.105919, 0.016222, -0.000000, -0.000000, -0.000000, 0.000000, 0.253054, -0.008726, -1.857270, 1.581914, -82.597115, -0.923752, -0.359636, -0.102564, 0.002305, 14.418945, 9.640503, 142.272949
0.000000, 0.047120, 1045.000000, -0.001745, 2000.000000, 1000.000000, 14.540854, 14.117440, 13.765462, 13.576243, -0.058549, -0.329147, 0.153159, -0.047162, -0.265133, 0.139159, -0.011387, -0.064014, 0.013999, 0.000000, 0.000000, -0.000000, 0.000000, 0.235602, -0.008726, -1.631294, 3.092170, -82.892509, 0.075460, 0.659815, -0.101499, 0.002012, 14.379883, 10.720825, 157.897949
0.000000, 0.047120, 1045.000000, -0.001745, 2000.000000, 1000.000000, 16.098303, 12.968044, 12.150806, 14.782846, -1.440575, -0.533174, 0.124555, -1.169677, -0.432911, 0.113593, -0.270897, -0.100262, 0.010962, 0.000000, 0.000000, -0.000000, 0.000000, 0.235602, -0.008726, 1.313756, 0.530587, -83.323219, 1.871484, 0.928260, -0.084455, 0.001930, 14.379883, 10.681152, 158.020020
0.000000, 0.047120, 1046.000000, -0.001745, 2000.000000, 1000.000000, 15.159947, 11.144271, 14.044925, 15.650858, -1.405402, 0.847891, 0.602436, -1.101102, 0.664304, 0.540229, -0.304300, 0.183587, 0.062207, 0.000000, -0.000000, -0.000000, 0.000000, 0.235602, -0.008726, 3.225502, -8.441576, -83.745079, 1.761762, -0.827284, -0.368878, 0.002303, 14.301758, 13.681030, 200.317368
0.000000, 0.047120, 1046.000000, -0.001745, 2000.000000, 1000.000000, 12.652176, 12.727888, 15.633577, 14.986359, 0.180733, 1.309968, 0.142877, 0.141255, 1.023829, 0.127974, 0.039478, 0.286140, 0.014903, -0.000000, -0.000000, -0.000000, 0.000000, 0.235602, -0.008726, 0.001480, -10.608173, -85.544006, -0.226008, -1.402524, -0.094042, 0.002329, 14.375977, 11.001587, 147.399902
0.000000, 0.024433, 1057.000000, -0.001745, 2000.000000, 1000.000000, 13.587597, 15.493488, 16.254627, 14.664288, 0.874058, 0.459457, -0.078888, 0.705842, 0.371033, -0.071762, 0.168216, 0.088425, -0.007126, -0.000000, -0.000000, 0.000000, 0.000000, 0.122164, -0.008726, -2.918494, -8.419286, -85.969658, -1.129347, -0.471488, 0.039115, 0.001986, 14.188477, 18.841553, 273.681641
0.000000, -0.001745, 1071.000000, -0.001745, 2000.000000, 1000.000000, 19.074738, 16.560129, 15.339461, 17.025673, -1.050204, -0.817433, 0.207099, -0.820806, -0.638879, 0.185498, -0.229399, -0.178554, 0.021601, 0.000000, 0.000000, -0.000000, 0.000000, -0.008726, -0.008726, -0.610343, -7.533316, -85.984055, 1.313289, 1.013481, -0.132391, 0.002329, 14.000977, 24.801636, 355.834930
0.000000, 0.000000, 1072.000000, -0.001745, 2000.000000, 1000.000000, 19.122931, 14.706040, 15.338557, 18.832472, -1.977701, 0.085514, 0.230744, -1.564489, 0.067647, 0.207868, -0.413213, 0.017867, 0.022876, 0.000000, -0.000000, -0.000000, 0.000000, 0.000000, -0.008726, 1.440233, -13.125509, -86.005013, 2.503182, -0.108235, -0.147305, 0.002201, 14.047852, 21.960449, 316.101074
0.000000, -0.001745, 1071.000000, -0.001745, 2000.000000, 1000.000000, 16.316765, 14.405612, 18.201218, 19.076405, -0.696586, 1.638811, 0.258992, -0.567807, 1.335842, 0.236630, -0.128779, 0.302969, 0.022362, 0.000000, -0.000000, -0.000000, 0.000000, -0.008726, -0.008726, -1.731544, -18.279806, -87.352745, 0.908491, -2.146073, -0.166480, 0.001890, 14.094727, 20.199585, 296.325684
0.000000, -0.001745, 1071.000000, 0.000000, 2000.000000, 1000.000000, 15.226050, 16.814072, 19.589092, 16.370785, 1.201583, 0.979939, 0.407573, 0.937535, 0.764598, 0.364767, 0.264047, 0.215341, 0.042805, -0.000000, -0.000000, -0.000000, 0.000000, -0.008726, 0.000000, -11.136277, -15.786976, -91.165779, -1.500057, -1.232082, -0.243178, 0.002347, 14.122070, 20.321655, 293.701172
0.000000, -0.001745, 1071.000000, 0.000000, 2000.000000, 1000.000000, 18.021200, 17.604597, 16.959352, 15.414850, 0.281974, -0.812899, 0.490277, 0.221150, -0.637548, 0.439868, 0.060825, -0.175351, 0.050409, -0.000000, 0.000000, -0.000000, 0.000000, -0.008726, 0.000000, -11.109443, -12.871874, -91.930046, -0.353839, 1.011350, -0.293245, 0.002292, 14.098633, 20.721436, 299.133301
0.000000, -0.001745, 1071.000000, 0.000000, 2000.000000, 1000.000000, 19.728436, 16.154486, 15.172085, 16.944996, -1.336715, -0.941460, 0.450260, -1.097107, -0.772702, 0.412704, -0.239608, -0.168758, 0.037556, 0.000000, 0.000000, -0.000000, 0.000000, -0.008726, 0.000000, -7.197444, -15.283843, -91.798584, 1.755371, 1.227598, -0.275136, 0.001820, 14.098633, 20.721436, 299.011230
0.000000, 0.000000, 1064.000000, 0.000000, 2000.000000, 1000.000000, 15.965723, 12.992386, 17.039976, 18.001913, -0.983818, 1.520945, 0.502850, -0.765545, 1.183505, 0.449455, -0.218272, 0.337441, 0.053395, 0.000000, -0.000000, -0.000000, 0.000000, 0.000000, 0.000000, -9.155908, -23.116762, -93.733604, 1.224873, -1.893607, -0.299637, 0.002376, 14.266602, 14.001465, 204.528793
0.000000, 0.000000, 1065.000000, 0.000000, 2000.000000, 1000.000000, 13.661594, 14.484412, 19.135096, 16.718901, 0.809753, 1.926997, 0.398344, 0.663231, 1.578316, 0.364767, 0.146521, 0.348682, 0.033577, -0.000000, -0.000000, -0.000000, 0.000000, 0.000000, 0.000000, -16.266762, -22.367270, -97.234177, -1.061170, -2.525305, -0.243178, 0.001841, 14.239258, 15.121460, 220.520004
0.000000, 0.000000, 1060.000000, 0.000000, 2000.000000, 1000.000000, 15.153317, 16.211309, 17.884233, 14.751138, 1.047772, 0.317686, 0.518776, 0.864299, 0.262057, 0.476619, 0.183473, 0.055629, 0.042157, -0.000000, -0.000000, -0.000000, 0.000000, 0.000000, 0.000000, -20.180502, -17.751343, -99.375298, -1.382878, -0.419291, -0.317746, 0.001769, 14.176758, 18.719482, 271.728516
0.000000, 0.000000, 1058.000000, 0.000000, 2000.000000, 1000.000000, 18.503262, 14.918450, 12.831187, 13.747102, -1.125181, -1.710856, 0.667224, -0.880726, -1.339159, 0.598059, -0.244454, -0.371697, 0.069165, 0.000000, 0.000000, -0.000000, 0.000000, 0.000000, 0.000000, -14.316601, -18.459743, -99.205269, 1.409162, 2.142654, -0.398706, 0.002313, 14.293945, 13.439941, 196.716293
0.000000, 0.000000, 1057.000000, 0.000000, 2000.000000, 1000.000000, 17.190557, 13.607596, 14.030492, 15.171353, -1.180955, -0.399077, 0.610525, -0.934655, -0.315846, 0.550122, -0.246300, -0.083232, 0.060403, 0.000000, 0.000000, -0.000000, 0.000000, 0.000000, 0.000000, -10.905355, -23.466825, -99.039047, 1.495448, 0.505353, -0.366748, 0.002196, 14.340820, 11.599731, 170.288071
0.000000, 0.000000, 1057.000000, 0.000000, 2000.000000, 1000.000000, 12.495989, 13.107828, 18.816916, 15.579268, 0.962372, 2.198092, 0.656452, 0.757773, 1.730781, 0.590069, 0.204599, 0.467311, 0.066383, -0.000000, -0.000000, -0.000000, 0.000000, 0.000000, 0.000000, -17.597649, -22.707260, -103.372208, -1.212437, -2.769249, -0.393379, 0.002250, 14.243164, 15.759277, 229.797348
0.000000, 0.000000, 1056.000000, 0.000000, 2000.000000, 1000.000000, 13.069188, 14.627097, 18.283632, 14.020083, 1.455364, 1.151857, 0.676410, 1.131945, 0.895885, 0.604450, 0.323419, 0.255972, 0.071960, -0.000000, -0.000000, -0.000000, 0.000000, 0.000000, 0.000000, -22.639647, -16.486856, -106.207939, -1.811112, -1.433416, -0.402967, 0.002381, 14.262695, 14.080811, 205.627426
0.000000, 0.000000, 1057.000000, 0.000000, 2000.000000, 1000.000000, 16.549994, 15.447939, 15.021707, 12.980361, 0.234822, -0.998967, 0.785850, 0.193186, -0.821843, 0.721096, 0.041636, -0.177124, 0.064754, -0.000000, 0.000000, -0.000000, 0.000000, 0.000000, 0.000000, -21.446920, -13.376290, -107.187950, -0.309098, 1.314949, -0.480731, 0.001796, 14.243164, 14.999390, 219.116196
0.000000, 0.000000, 1056.000000, 0.000000, 2000.000000, 1000.000000, 17.612415, 13.803827, 13.346636, 15.237122, -1.424769, -0.708121, 0.479526, -1.117746, -0.555529, 0.430280, -0.307023, -0.152593, 0.049246, 0.000000, 0.000000, -0.000000, 0.000000, 0.000000, 0.000000, -15.685805, -19.895544, -107.295807, 1.788394, 0.888846, -0.286854, 0.002289, 14.219727, 13.079834, 190.978989
0.000000, 0.000000, 1057.000000, 0.000000, 2000.000000, 1000.000000, 13.856376, 13.128655, 16.975821, 16.039148, 0.052238, 1.507484, 0.416098, 0.042719, 1.232773, 0.380746, 0.009519, 0.274711, 0.035352, 0.000000, -0.000000, -0.000000, 0.000000, 0.000000, 0.000000, -18.335854, -21.899534, -108.981583, -0.068350, -1.972436, -0.253831, 0.001857, 14.235352, 15.679932, 228.332504
0.000000, 0.001745, 1056.000000, 0.000000, 2000.000000, 1000.000000, 11.627727, 13.899831, 19.323927, 15.148515, 1.611879, 2.236221, 0.475827, 1.305715, 1.811468, 0.433476, 0.306164, 0.424753, 0.042351, -0.000000, -0.000000, -0.000000, 0.000000, 0.008726, 0.000000, -24.677235, -16.022442, -111.901611, -2.089144, -2.889623, -0.288984, 0.001954, 14.247070, 16.720581, 243.408188
-0.026178, 0.050611, 1055.000000, 0.000000, 2000.000000, 1000.000000, 15.570608, 15.417686, 15.346775, 13.664930, 0.382231, -0.494147, 0.458691, 0.299132, -0.386717, 0.411106, 0.083099, -0.107430, 0.047586, -0.000000, 0.000000, -0.000000, -0.130890, 0.253054, 0.000000, -26.414722, -7.209686, -113.566292, -0.609501, 0.871802, -0.274071, 0.002315, 14.266602, 14.920044, 217.895493
-0.052356, 0.050611, 1056.000000, 0.000000, 2000.000000, 1000.000000, 18.017303, 15.128624, 12.724121, 14.129951, -1.073627, -1.572964, 0.370713, -0.877892, -1.286194, 0.339201, -0.195735, -0.286770, 0.031512, 0.000000, 0.000000, -0.000000, -0.261780, 0.253054, 0.000000, -22.236259, -10.340739, -113.635414, 1.142848, 2.310965, -0.226134, 0.001858, 14.219727, 16.201782, 236.022934
-0.059337, 0.055846, 1056.000000, 0.000000, 2000.000000, 1000.000000, 16.233963, 14.425213, 14.263271, 15.077553, -0.655758, -0.329587, 0.248617, -0.535522, -0.269156, 0.227349, -0.120235, -0.060431, 0.021268, 0.000000, 0.000000, -0.000000, -0.296684, 0.279232, 0.000000, -19.249460, -14.727500, -113.489014, 0.560152, 0.709882, -0.151566, 0.001871, 14.309570, 12.640381, 185.180649
-0.024433, 0.094241, 1055.000000, 0.001745, 2000.000000, 1000.000000, 11.005880, 14.793799, 19.259544, 14.940773, 2.026673, 2.100159, 0.132713, 1.587555, 1.645119, 0.118998, 0.439118, 0.455040, 0.013715, -0.000000, -0.000000, -0.000000, -0.122164, 0.471204, 0.008726, -21.781759, -8.423300, -114.495056, -2.662253, -2.160987, -0.070606, 0.002305, 14.243164, 14.678955, 213.989243
-0.003490, 0.118674, 1054.000000, 0.003490, 2000.000000, 1000.000000, 12.497597, 15.249462, 18.034241, 14.218700, 1.641852, 1.126471, 0.265918, 1.294142, 0.887908, 0.239146, 0.347710, 0.238563, 0.026772, -0.000000, -0.000000, -0.000000, -0.017452, 0.593368, 0.017452, -22.956785, -0.307043, -114.895729, -2.088079, -0.827284, -0.141979, 0.002239, 14.231445, 15.121460, 220.520004
-0.003490, 0.118674, 1056.000000, 0.001745, 2000.000000, 1000.000000, 16.324175, 15.074292, 14.440143, 14.161389, -0.242783, -0.699234, 0.382159, -0.195887, -0.564172, 0.347496, -0.046895, -0.135063, 0.034663, 0.000000, 0.000000, -0.000000, -0.017452, 0.593368, 0.008726, -20.863136, 1.405143, -115.501297, 0.295968, 1.496043, -0.222938, 0.001995, 14.282227, 13.760376, 201.232895
-0.003490, 0.143106, 1056.000000, 0.001745, 2000.000000, 1000.000000, 16.588619, 14.785832, 13.769233, 14.856317, -0.722468, -0.687225, 0.178926, -0.566730, -0.539085, 0.160544, -0.155737, -0.148140, 0.018382, 0.000000, 0.000000, -0.000000, -0.017452, 0.715532, 0.008726, -15.426680, -6.095836, -115.876633, 0.889316, 1.578067, -0.098303, 0.002290, 14.290039, 13.879395, 203.002914
-0.001745, 0.148342, 1056.000000, 0.006981, 2000.000000, 1000.000000, 13.197284, 14.960454, 16.760874, 15.081388, 0.860665, 0.921131, -0.020921, 0.700388, 0.749594, -0.019100, 0.160277, 0.171537, -0.001821, -0.000000, -0.000000, 0.000000, -0.008726, 0.741710, 0.034904, -14.028621, -6.397457, -115.780731, -1.129347, -0.457640, 0.047637, 0.001907, 14.243164, 15.280151, 222.900375
-0.001745, 0.144852, 1057.000000, 0.001745, 2000.000000, 1000.000000, 11.570429, 15.325083, 18.527327, 14.577162, 1.926205, 1.552245, 0.048878, 1.513979, 1.220050, 0.043898, 0.412226, 0.332195, 0.004980, -0.000000, -0.000000, -0.000000, -0.008726, 0.724258, 0.008726, -14.250752, 0.058698, -115.644127, -2.431092, -1.227821, -0.020539, 0.002269, 14.231445, 15.481567, 225.585922
0.000000, 0.148342, 1055.000000, 0.000000, 2000.000000, 1000.000000, 15.411263, 15.646847, 15.130140, 13.811750, 0.388493, -0.529054, 0.270701, 0.301710, -0.410871, 0.241730, 0.086784, -0.118183, 0.028971, -0.000000, 0.000000, -0.000000, 0.000000, 0.741710, 0.000000, -11.422997, 7.138484, -116.411232, -0.482735, 1.399104, -0.161153, 0.002397, 14.317383, 11.840820, 173.706039
0.000000, 0.146597, 1057.000000, 0.000000, 2000.000000, 1000.000000, 17.425888, 15.401230, 12.974613, 14.198269, -0.812078, -1.413559, 0.200251, -0.635051, -1.105414, 0.179412, -0.177027, -0.308145, 0.020839, 0.000000, 0.000000, -0.000000, 0.000000, 0.732984, 0.000000, -6.743418, 3.196716, -117.262749, 1.016082, 2.501646, -0.119608, 0.002323, 14.235352, 15.438843, 224.975571
0.000000, 0.158813, 1059.000000, 0.000000, 2000.000000, 1000.000000, 15.220848, 15.172495, 15.065742, 14.540915, 0.119119, -0.196672, 0.143295, 0.097979, -0.161768, 0.131476, 0.021140, -0.034903, 0.011820, -0.000000, 0.000000, -0.000000, 0.000000, 0.794066, 0.000000, -2.846426, -0.768173, -117.595711, -0.156767, 1.052895, -0.087650, 0.001798, 14.270508, 14.401245, 210.388168
0.001745, 0.150087, 1059.000000, 0.001745, 2000.000000, 1000.000000, 11.510896, 15.108208, 18.770405, 14.610494, 1.939306, 1.690449, 0.140650, 1.500918, 1.308316, 0.125390, 0.438388, 0.382133, 0.015260, -0.000000, -0.000000, -0.000000, 0.008726, 0.750436, 0.008726, -1.609558, 5.648854, -117.857430, -2.392742, -1.342869, -0.074867, 0.002434, 14.243164, 15.399170, 224.609360
0.000000, 0.150087, 1059.000000, 0.010471, 2000.000000, 1000.000000, 13.152278, 14.830400, 17.514015, 14.503308, 1.172207, 1.008661, 0.333146, 0.954846, 0.821626, 0.304285, 0.217361, 0.187035, 0.028861, -0.000000, -0.000000, -0.000000, 0.000000, 0.750436, 0.052356, -1.635793, 11.892926, -118.173325, -1.527753, -0.564166, -0.150501, 0.001897, 14.235352, 15.560913, 226.928696
-0.003490, 0.150087, 1059.000000, 0.015707, 2000.000000, 1000.000000, 16.220655, 15.033352, 14.347334, 14.398659, -0.309657, -0.627004, 0.283995, -0.254477, -0.515272, 0.260462, -0.055181, -0.111732, 0.023533, 0.000000, 0.000000, -0.000000, -0.017452, 0.750436, 0.078534, 0.342656, 12.316934, -118.949753, 0.389711, 1.574872, -0.095107, 0.001807, 14.325195, 11.441040, 168.029770
-0.071553, 0.143106, 1056.000000, 0.001745, 2000.000000, 1000.000000, 16.177727, 15.642854, 14.106320, 14.073100, -0.125413, -0.910290, 0.142023, -0.097662, -0.708860, 0.126988, -0.027752, -0.201430, 0.015035, 0.000000, 0.000000, -0.000000, -0.357766, 0.715532, 0.008726, 7.204866, 5.928802, -120.394447, -0.201507, 1.849708, -0.075933, 0.002368, 14.305664, 12.561035, 184.020981
-0.083770, 0.132635, 1054.000000, 0.000000, 2000.000000, 1000.000000, 13.309878, 15.780878, 17.046522, 13.862723, 1.413699, 0.454622, 0.178200, 1.161779, 0.373609, 0.163433, 0.251920, 0.081013, 0.014766, -0.000000, -0.000000, -0.000000, -0.418848, 0.663176, 0.000000, 11.134023, 7.753441, -120.996162, -2.277694, 0.065402, -0.108956, 0.001807, 14.270508, 14.520264, 204.223618
-0.012216, 0.136126, 1055.000000, -0.001745, 2000.000000, 1000.000000, 11.333887, 16.057417, 18.616957, 13.991739, 2.337187, 1.304348, -0.024578, 1.864083, 1.040316, -0.022227, 0.473104, 0.264032, -0.002351, -0.000000, -0.000000, 0.000000, -0.061082, 0.680628, -0.008726, 13.745547, 15.441919, -121.651657, -3.043615, -0.983877, 0.006092, 0.002115, 14.215820, 16.439819, 239.318832
0.000000, 0.139616, 1054.000000, 0.005236, 2000.000000, 1000.000000, 15.563544, 14.621669, 14.988076, 14.826711, -0.195128, -0.092607, 0.275810, -0.153022, -0.072624, 0.247441, -0.042106, -0.019983, 0.028369, 0.000000, 0.000000, -0.000000, 0.000000, 0.698080, 0.026178, 16.443899, 21.532812, -122.876251, 0.244836, 0.814278, -0.138783, 0.002293, 14.258789, 14.761353, 213.684067
0.000000, 0.120419, 1053.000000, 0.001745, 2000.000000, 1000.000000, 17.697317, 14.217363, 12.838833, 15.246488, -1.471902, -0.957340, 0.268075, -1.202967, -0.782422, 0.245232, -0.268935, -0.174918, 0.022843, 0.000000, 0.000000, -0.000000, 0.000000, 0.602094, 0.008726, 17.906292, 16.296516, -123.758003, 1.924747, 1.853969, -0.154762, 0.001863, 14.215820, 15.921021, 231.689438
0.000000, 0.125654, 1053.000000, 0.003490, 2000.000000, 1000.000000, 16.008837, 14.612413, 14.480854, 14.897896, -0.453366, -0.310625, 0.244845, -0.362079, -0.248079, 0.221569, -0.091287, -0.062546, 0.023276, 0.000000, 0.000000, -0.000000, 0.000000, 0.628272, 0.017452, 19.418741, 10.534904, -124.496391, 0.579327, 1.025199, -0.130261, 0.002101, 14.282227, 13.439941, 196.533188
-0.003490, 0.066318, 1055.000000, 0.000000, 2000.000000, 1000.000000, 12.132428, 16.084349, 17.886309, 13.896914, 1.985329, 0.891612, 0.009369, 1.569777, 0.704988, 0.008438, 0.415551, 0.186624, 0.000931, -0.000000, -0.000000, 0.000000, -0.017452, 0.331588, 0.000000, 22.341368, 15.424898, -125.177788, -2.529095, -0.796392, -0.005626, 0.002206, 14.254883, 16.439819, 239.624008
0.000000, 0.000000, 1055.000000, 0.003490, 2000.000000, 1000.000000, 13.767485, 15.562815, 16.629709, 14.039993, 1.096261, 0.334851, 0.198597, 0.862302, 0.263388, 0.178426, 0.233960, 0.071463, 0.020171, -0.000000, -0.000000, -0.000000, 0.000000, 0.000000, 0.017452, 24.326357, 21.300127, -125.986153, -1.379682, -0.421421, -0.101499, 0.002261, 14.262695, 14.279175, 208.679184
0.000000, 0.000000, 1054.000000, 0.000000, 2000.000000, 1000.000000, 16.023546, 14.340942, 14.047058, 15.588453, -0.806000, -0.182245, 0.035302, -0.663680, -0.150065, 0.032407, -0.142320, -0.032180, 0.002896, 0.000000, 0.000000, -0.000000, 0.000000, 0.000000, 0.000000, 24.344219, 21.603220, -126.139351, 1.061888, 0.240104, -0.021604, 0.001787, 14.200195, 18.280029, 265.625000
0.000000, 0.000000, 1056.000000, 0.000000, 2000.000000, 1000.000000, 16.362341, 13.555159, 13.727695, 16.354803, -1.358573, 0.041249, 0.045019, -1.065815, 0.032361, 0.040396, -0.292758, 0.008889, 0.004623, 0.000000, -0.000000, -0.000000, 0.000000, 0.000000, 0.000000, 20.270813, 14.402513, -124.988174, 1.705304, -0.051777, -0.026931, 0.002289, 14.297852, 13.241577, 193.725571
0.000000, 0.000000, 1054.000000, 0.000000, 2000.000000, 1000.000000, 14.281660, 14.155958, 16.091887, 15.470495, 0.123923, 0.781191, 0.186773, 0.099976, 0.630236, 0.169825, 0.023946, 0.150954, 0.016949, -0.000000, -0.000000, -0.000000, 0.000000, 0.000000, 0.000000, 17.480753, 13.412576, -125.011826, -0.159962, -1.008378, -0.113217, 0.001996, 14.282227, 13.760376, 201.232895
0.000000, 0.000000, 1054.000000, 0.003490, 2000.000000, 1000.000000, 13.016091, 15.111655, 17.247549, 14.624705, 1.179602, 0.936127, 0.131820, 0.969493, 0.769386, 0.120902, 0.210109, 0.166741, 0.010917, -0.000000, -0.000000, -0.000000, 0.000000, 0.000000, 0.017452, 16.468306, 17.783001, -124.916405, -1.551189, -1.231017, -0.063150, 0.001806, 14.293945, 13.720703, 200.927719
0.000000, 0.000000, 1055.000000, 0.008726, 2000.000000, 1000.000000, 15.592934, 14.621338, 14.507580, 15.278149, -0.435541, -0.107136, 0.050256, -0.342105, -0.084152, 0.045121, -0.093436, -0.022984, 0.005135, 0.000000, 0.000000, -0.000000, 0.000000, 0.000000, 0.043630, 16.458658, 21.737873, -125.018875, 0.547369, 0.134643, 0.013549, 0.002276, 14.340820, 11.441040, 168.090805
0.000000, 0.000000, 1055.000000, 0.000000, 2000.000000, 1000.000000, 17.337147, 13.395250, 12.692318, 16.575287, -1.956216, -0.366198, 0.014732, -1.537857, -0.287883, 0.013232, -0.418359, -0.078316, 0.001500, 0.000000, 0.000000, -0.000000, 0.000000, 0.000000, 0.000000, 14.745619, 17.503248, -124.414673, 2.460572, 0.460612, -0.008821, 0.002267, 14.231445, 15.319824, 223.388657
0.000000, 0.000000, 1066.000000, 0.000000, 2000.000000, 1000.000000, 17.523001, 13.820116, 15.376774, 17.280107, -1.401555, 0.328441, 0.449888, -1.152367, 0.270046, 0.412704, -0.249188, 0.058395, 0.037185, 0.000000, -0.000000, -0.000000, 0.000000, 0.000000, 0.000000, 11.281313, 11.947865, -124.486130, 1.843787, -0.432074, -0.275136, 0.001802, 14.098633, 20.199585, 291.625977
0.000000, 0.000000, 1081.000000, -0.001745, 2000.000000, 1000.000000, 15.805960, 17.649378, 20.254820, 18.289843, 0.952099, 1.272332, 0.030390, 0.749118, 1.001079, 0.027307, 0.202981, 0.271252, 0.003083, -0.000000, -0.000000, -0.000000, 0.000000, 0.000000, -0.008726, 6.433341, 14.640748, -123.729004, -1.198589, -1.601727, -0.026931, 0.002258, 13.958008, 26.119995, 373.290985
0.000000, 0.000000, 1080.000000, 0.003490, 2000.000000, 1000.000000, 17.216766, 18.108051, 18.454304, 18.220879, 0.281178, 0.337592, -0.164466, 0.220484, 0.264720, -0.147543, 0.060695, 0.072872, -0.016923, -0.000000, -0.000000, 0.000000, 0.000000, 0.000000, 0.017452, 5.493862, 18.755833, -123.822212, -0.352774, -0.423552, 0.115814, 0.002294, 13.883789, 28.121948, 399.780243
0.000000, 0.000000, 1075.000000, 0.003490, 2000.000000, 1000.000000, 19.438040, 16.033827, 14.245882, 18.282251, -1.860145, -0.735934, -0.158038, -1.515221, -0.599470, -0.144347, -0.344925, -0.136463, -0.013691, 0.000000, 0.000000, 0.000000, 0.000000, 0.000000, 0.017452, 4.832392, 15.561327, -123.227242, 2.424353, 0.959153, 0.113683, 0.001897, 14.184570, 15.521240, 225.585922
0.000000, 0.000000, 1076.000000, 0.000000, 2000.000000, 1000.000000, 18.906183, 14.976192, 14.912445, 19.205179, -2.055681, 0.058812, -0.090686, -1.666354, 0.047674, -0.082641, -0.389327, 0.011138, -0.008045, 0.000000, -0.000000, 0.000000, 0.000000, 0.000000, 0.000000, 1.871572, 7.818101, -122.491295, 2.666166, -0.076278, 0.055094, 0.001947, 14.090820, 19.400024, 280.212402
0.000000, 0.000000, 1064.000000, 0.000000, 2000.000000, 1000.000000, 12.536478, 15.078655, 19.882288, 16.502577, 1.480473, 2.192433, 0.209384, 1.155247, 1.710807, 0.187402, 0.325225, 0.481626, 0.021982, -0.000000, -0.000000, -0.000000, 0.000000, 0.000000, 0.000000, -5.324739, 10.738708, -121.539818, -1.848396, -2.737291, -0.124934, 0.002346, 14.250977, 17.239380, 250.732407
0.000000, 0.000000, 1059.000000, -0.001745, 2000.000000, 1000.000000, 13.499477, 15.086580, 17.239956, 14.173985, 1.163270, 0.706971, 0.369718, 0.954846, 0.580302, 0.338895, 0.208424, 0.126668, 0.030823, -0.000000, -0.000000, -0.000000, 0.000000, 0.000000, -0.008726, -7.162746, 18.028038, -121.658829, -1.527753, -0.928484, -0.234656, 0.001819, 14.250977, 14.041138, 204.895004
0.000000, 0.000000, 1052.000000, -0.001745, 2000.000000, 1000.000000, 17.749800, 14.812311, 12.857080, 14.580809, -1.165304, -1.281055, 0.303440, -0.922005, -1.013589, 0.273382, -0.243299, -0.267466, 0.030058, 0.000000, 0.000000, -0.000000, 0.000000, 0.000000, -0.008726, -5.786347, 17.290865, -122.680511, 1.475208, 1.621743, -0.190980, 0.002199, 14.309570, 16.119385, 235.229477
0.000000, 0.000000, 1015.000000, -0.001745, 2000.000000, 1000.000000, 13.894765, 9.230491, 8.351045, 12.523700, -2.209233, -0.562627, 0.122905, -1.736927, -0.442345, 0.110397, -0.472305, -0.120282, 0.012508, 0.000000, 0.000000, -0.000000, 0.000000, 0.000000, -0.008726, -6.082658, 4.185788, -123.273415, 2.779084, 0.707752, -0.082324, 0.002266, 14.446289, 7.040405, 104.125969
0.000000, 0.000000, 1007.000000, 0.000000, 2000.000000, 1000.000000, 9.590612, 8.423208, 10.803366, 11.182814, -0.386713, 0.993090, 0.196989, -0.386713, 0.993090, 0.196989, 0.000000, 0.000000, 0.000000, 0.000000, -0.000000, -0.000000, 0.000000, 0.000000, 0.000000, -9.982726, 0.994300, -123.560516, 0.618741, -1.588944, -0.131326, 0.001849, 16.262695, 0.000000, 0.671387
0.000000, 0.000000, 1009.000000, 0.000000, 2000.000000, 1000.000000, 8.046654, 9.634274, 12.363302, 9.955770, 0.998788, 1.159536, 0.204978, 0.998788, 1.159536, 0.204978, 0.000000, 0.000000, 0.000000, -0.000000, -0.000000, -0.000000, 0.000000, 0.000000, 0.000000, -15.302487, 9.192928, -123.871277, -1.598060, -1.855258, -0.136652, 0.002182, 14.579102, 3.399658, 50.720211
0.000000, 0.000000, 1009.000000, 0.000000, 2000.000000, 1000.000000, 9.403393, 9.938005, 11.012955, 9.645647, 0.475480, 0.329301, 0.208174, 0.475480, 0.329301, 0.208174, 0.000000, 0.000000, 0.000000, -0.000000, -0.000000, -0.000000, 0.000000, 0.000000, 0.000000, -16.101994, 13.782264, -124.131004, -0.760768, -0.526882, -0.138783, 0.002229, 14.575195, 3.118896, 46.630856
0.000000, 0.000000, 1013.000000, 0.000000, 2000.000000, 1000.000000, 12.200955, 10.791436, 10.007173, 11.000436, -0.600695, -0.496196, 0.104064, -0.468605, -0.387085, 0.093126, -0.132090, -0.109111, 0.010938, 0.000000, 0.000000, -0.000000, 0.000000, 0.000000, 0.000000, -15.847092, 13.497773, -124.476227, 0.749768, 0.619335, -0.062084, 0.002349, 14.430664, 8.639526, 127.685539
0.000000, 0.000000, 1013.000000, 0.000000, 2000.000000, 1000.000000, 12.911361, 10.317153, 8.932929, 11.838557, -1.374959, -0.614257, -0.077855, -1.131728, -0.505595, -0.071456, -0.243231, -0.108662, -0.006399, 0.000000, 0.000000, 0.000000, 0.000000, 0.000000, 0.000000, -16.154175, 9.065944, -124.337219, 1.810764, 0.808951, 0.047637, 0.001791, 14.520508, 5.358887, 79.711914
0.000000, 0.000000, 1057.000000, 0.006981, 2000.000000, 1000.000000, 15.759032, 13.492623, 14.586711, 16.161633, -0.960333, 0.374172, 0.172872, -0.752895, 0.293349, 0.155070, -0.207438, 0.080823, 0.017802, 0.000000, -0.000000, -0.000000, 0.000000, 0.000000, 0.034904, -19.202229, 2.794160, -124.317482, 1.204633, -0.469358, -0.068476, 0.002296, 13.883789, 28.359985, 403.503387
0.000000, 0.000000, 1066.000000, 0.005236, 2000.000000, 1000.000000, 15.326964, 14.823411, 16.900133, 16.949492, -0.138227, 0.924812, 0.113549, -0.112409, 0.752075, 0.103631, -0.025818, 0.172737, 0.009918, 0.000000, -0.000000, -0.000000, 0.000000, 0.000000, 0.026178, -22.287630, 2.717561, -124.325867, 0.179855, -1.203320, -0.042910, 0.001914, 14.051758, 19.720459, 284.790039
0.000000, 0.000000, 1065.000000, 0.000000, 2000.000000, 1000.000000, 15.821917, 15.250639, 17.228487, 15.698957, 0.239563, 0.463722, 0.525202, 0.193852, 0.375240, 0.478217, 0.045710, 0.088482, 0.046985, -0.000000, -0.000000, -0.000000, 0.000000, 0.000000, 0.000000, -24.273542, 4.741697, -124.581497, -0.310164, -0.600385, -0.318811, 0.001965, 14.129883, 18.640137, 269.775391
0.000000, 0.000000, 1065.000000, 0.000000, 2000.000000, 1000.000000, 17.970005, 14.905725, 14.312764, 16.811508, -1.390756, -0.437864, 0.141383, -1.087786, -0.342477, 0.126682, -0.302970, -0.095387, 0.014701, 0.000000, 0.000000, -0.000000, 0.000000, 0.000000, 0.000000, -25.664843, 2.052864, -125.180969, 1.740457, 0.547963, -0.084455, 0.002321, 14.235352, 14.761353, 215.026840
0.000000, 0.000000, 1058.000000, 0.000000, 2000.000000, 1000.000000, 17.196983, 13.175921, 13.144603, 16.482491, -1.839738, -0.186454, 0.170794, -1.487257, -0.150731, 0.155444, -0.352480, -0.035723, 0.015350, 0.000000, 0.000000, -0.000000, 0.000000, 0.000000, 0.000000, -28.277277, -3.742314, -125.897057, 2.379612, 0.241169, -0.103629, 0.001975, 14.137695, 18.640137, 269.775391
0.000000, 0.000000, 1044.000000, 0.000000, 2000.000000, 1000.000000, 14.490829, 12.791669, 13.694676, 15.022826, -0.756827, 0.358751, 0.092752, -0.623067, 0.295346, 0.085137, -0.133760, 0.063405, 0.007616, 0.000000, -0.000000, -0.000000, 0.000000, 0.000000, 0.000000, -31.475288, -7.314388, -126.361320, 0.996908, -0.472554, -0.056758, 0.001789, 14.477539, 5.319214, 78.918457
0.000000, 0.000000, 1036.000000, 0.000000, 2000.000000, 1000.000000, 12.326257, 13.057149, 14.131623, 12.484971, 0.594387, 0.308297, 0.228940, 0.464161, 0.240752, 0.204978, 0.130225, 0.067545, 0.023962, -0.000000, -0.000000, -0.000000, 0.000000, 0.000000, 0.000000, -33.049454, -5.426120, -127.044724, -0.742658, -0.385202, -0.136652, 0.002338, 14.520508, 3.601074, 53.527828
0.000000, 0.000000, 1000.000000, 0.000000, 2000.000000, 1000.000000, 10.120178, 10.249193, 10.356890, 9.273739, 0.303041, -0.184686, 0.238534, 0.303041, -0.184686, 0.238534, 0.000000, 0.000000, 0.000000, -0.000000, 0.000000, -0.000000, 0.000000, 0.000000, 0.000000, -31.867744, -3.823747, -127.296165, -0.484866, 0.295497, -0.159023, 0.002304, 17.176758, 0.079346, 1.403808
0.000000, 0.000000, 1000.000000, 0.000000, 2000.000000, 1000.000000, 10.990095, 9.741465, 9.707481, 9.560959, -0.275527, -0.365780, 0.348788, -0.275527, -0.365780, 0.348788, 0.000000, 0.000000, 0.000000, 0.000000, 0.000000, -0.000000, 0.000000, 0.000000, 0.000000, -30.841660, -4.683075, -127.837227, 0.440843, 0.585247, -0.232525, 0.001787, 14.887695, 0.000000, 0.610352
0.000000, 0.000000, 1000.000000, 0.001745, 2000.000000, 1000.000000, 10.872025, 9.554605, 9.500195, 10.073175, -0.472600, -0.213315, 0.186110, -0.472600, -0.213315, 0.186110, 0.000000, 0.000000, 0.000000, 0.000000, 0.000000, -0.000000, 0.000000, 0.000000, 0.008726, -31.116007, -8.443521, -128.633072, 0.756159, 0.341303, -0.115347, 0.002348, 14.579102, 3.079224, 46.020504
0.000000, 0.000000, 1000.000000, 0.001745, 2000.000000, 1000.000000, 10.405440, 9.619054, 9.992345, 9.983161, -0.194301, -0.012247, 0.198893, -0.194301, -0.012247, 0.198893, 0.000000, 0.000000, 0.000000, 0.000000, 0.000000, -0.000000, 0.000000, 0.000000, 0.008726, -31.710592, -9.828195, -129.013382, 0.310882, 0.019595, -0.123869, 0.002284, 14.567383, 3.839111, 57.312008
0.000000, 0.000000, 1000.000000, 0.003490, 2000.000000, 1000.000000, 10.057407, 10.008366, 10.267487, 9.666740, 0.137926, -0.032887, 0.162447, 0.137926, -0.032887, 0.162447, 0.000000, 0.000000, 0.000000, -0.000000, 0.000000, -0.000000, 0.000000, 0.000000, 0.017452, -31.721880, -9.921391, -129.359436, -0.220682, 0.052618, -0.090846, 0.001800, 14.563477, 3.878784, 57.800289
0.000000, 0.000000, 1000.000000, 0.024433, 2000.000000, 1000.000000, 9.994765, 10.116281, 10.468497, 9.420457, 0.292389, -0.055523, 0.231632, 0.292389, -0.055523, 0.231632, 0.000000, 0.000000, 0.000000, -0.000000, 0.000000, -0.000000, 0.000000, 0.000000, 0.122164, -31.319061, -9.588810, -129.370682, -0.467822, 0.088837, -0.032257, 0.002097, 14.567383, 3.878784, 57.922359
