


<<< NEW FLIGHT DATA >>>


0.000000, -0.001745, 1000.000000, -0.001745, 2000.000000, 1000.000000, 9.989608, 10.016574, 9.983512, 10.010306, 0.000043, -0.003091, -0.013441, 0.000043, -0.003091, -0.013441, 0.000000, 0.000000, 0.000000, -0.000000, 0.000000, 0.000000, 0.000000, -0.008726, -0.008726, -3.174056, 5.603028, 0.006073, -0.000123, 0.000105, 0.000234, 0.001794, 14.891602, 0.399780, 6.103515
0.000000, -0.001745, 1000.000000, -0.001745, 2000.000000, 1000.000000, 10.033976, 9.967731, 10.028625, 9.969667, -0.001821, -0.000854, 0.031300, -0.001821, -0.000854, 0.031300, 0.000000, 0.000000, 0.000000, 0.000000, -0.000000, -0.000000, 0.000000, -0.008726, -0.008726, -3.158788, 5.600422, 0.017375, 0.005204, -0.006286, -0.029593, 0.001840, 14.684570, 6.521606, 98.083488
0.000000, -0.001745, 1000.000000, -0.001745, 2000.000000, 1000.000000, 9.950406, 10.058013, 9.942819, 10.048762, 0.000416, -0.004210, -0.053388, 0.000416, -0.004210, -0.053388, 0.000000, 0.000000, 0.000000, -0.000000, 0.000000, 0.000000, 0.000000, -0.008726, -0.008726, -3.130523, 5.582836, 0.034736, -0.001188, 0.003301, 0.026866, 0.002190, 14.801758, 3.399658, 51.513668
0.000000, -0.001745, 1000.000000, -0.001745, 2000.000000, 1000.000000, 9.937942, 10.079425, 9.894563, 10.088071, -0.013007, -0.008684, -0.083748, -0.013007, -0.008684, -0.083748, 0.000000, 0.000000, 0.000000, 0.000000, 0.000000, 0.000000, 0.000000, -0.008726, -0.008726, -3.066025, 5.563483, 0.042630, 0.037161, 0.016084, 0.047106, 0.002413, 14.704102, 6.921387, 104.187004
0.000000, -0.001745, 1000.000000, -0.001745, 2000.000000, 1000.000000, 9.989608, 10.016574, 9.983512, 10.010306, 0.000043, -0.003091, -0.013441, 0.000043, -0.003091, -0.013441, 0.000000, 0.000000, 0.000000, -0.000000, 0.000000, 0.000000, 0.000000, -0.008726, -0.008726, -2.947890, 5.388345, 0.231599, -0.000123, 0.000105, 0.000234, 0.001782, 14.883789, 0.518799, 7.873535
0.000000, -0.001745, 1000.000000, -0.001745, 2000.000000, 1000.000000, 10.004841, 9.997612, 10.000237, 9.997311, -0.001076, -0.001227, 0.002538, -0.001076, -0.001227, 0.002538, 0.000000, 0.000000, 0.000000, 0.000000, -0.000000, -0.000000, 0.000000, -0.008726, -0.008726, -2.934335, 5.351071, 0.264977, 0.003073, -0.005221, -0.010418, 0.001981, 14.813477, 2.719116, 41.320797
0.000000, -0.001745, 1000.000000, -0.001745, 2000.000000, 1000.000000, 9.988169, 10.013538, 9.975363, 10.022930, -0.005550, -0.000854, -0.018234, -0.005550, -0.000854, -0.018234, 0.000000, 0.000000, 0.000000, 0.000000, 0.000000, 0.000000, 0.000000, -0.008726, -0.008726, -2.920585, 5.320062, 0.296508, 0.015856, -0.006286, 0.003430, 0.002234, 14.450195, 17.721558, 262.329102
0.001745, -0.001745, 1000.000000, -0.001745, 2000.000000, 1000.000000, 9.987566, 10.018616, 9.959988, 10.033831, -0.010698, -0.003091, -0.026224, -0.010698, -0.003091, -0.026224, 0.000000, 0.000000, 0.000000, 0.000000, 0.000000, 0.000000, 0.008726, -0.008726, -0.008726, -2.814685, 5.276296, 0.311828, 0.039292, 0.000105, 0.008756, 0.001820, 14.700195, 6.161499, 92.773430
0.000000, -0.001745, 1000.000000, -0.001745, 2000.000000, 1000.000000, 10.022738, 10.005070, 10.004709, 9.967484, 0.004890, -0.013903, 0.013724, 0.004890, -0.013903, 0.013724, 0.000000, 0.000000, 0.000000, -0.000000, 0.000000, -0.000000, 0.000000, -0.008726, -0.008726, -2.735238, 5.258351, 0.342434, -0.013971, 0.030998, -0.017875, 0.001795, 14.786133, 3.439331, 52.124020
0.001745, -0.001745, 1000.000000, -0.001745, 2000.000000, 1000.000000, 10.000880, 10.000827, 9.988217, 10.010076, -0.005478, -0.000854, -0.005451, -0.005478, -0.000854, -0.005451, 0.000000, 0.000000, 0.000000, 0.000000, -0.000000, -0.000000, 0.008726, -0.008726, -0.008726, -2.681346, 5.230705, 0.394911, 0.024378, -0.006286, -0.005092, 0.002202, 14.774414, 4.238892, 64.086914
0.000000, -0.001745, 1000.000000, -0.001745, 2000.000000, 1000.000000, 9.991364, 10.013326, 9.978559, 10.016751, -0.004058, -0.002345, -0.015038, -0.004058, -0.002345, -0.015038, 0.000000, 0.000000, 0.000000, 0.000000, 0.000000, 0.000000, 0.000000, -0.008726, -0.008726, -2.581267, 5.115564, 0.501284, 0.011595, -0.002025, 0.001300, 0.002372, 14.774414, 4.278564, 64.697266
0.001745, -0.001745, 1000.000000, -0.001745, 2000.000000, 1000.000000, 9.987406, 10.023251, 9.988909, 10.000435, 0.006080, -0.005328, -0.011843, 0.006080, -0.005328, -0.011843, 0.000000, 0.000000, 0.000000, -0.000000, 0.000000, 0.000000, 0.008726, -0.008726, -0.008726, -2.544903, 5.074276, 0.553381, -0.008645, 0.006497, -0.000831, 0.002297, 14.801758, 3.158569, 47.912594
0.000000, -0.003490, 1000.000000, -0.001745, 2000.000000, 1000.000000, 9.991544, 10.017018, 9.981576, 10.009862, -0.000703, -0.004281, -0.013441, -0.000703, -0.004281, -0.013441, 0.000000, 0.000000, 0.000000, -0.000000, -0.000000, 0.000000, 0.000000, -0.017452, -0.008726, -2.522204, 5.024820, 0.593502, 0.002008, -0.005221, 0.000234, 0.002038, 14.774414, 4.080200, 61.706539
0.000000, -0.001745, 1000.000000, -0.001745, 2000.000000, 1000.000000, 9.990886, 10.030955, 9.975842, 10.002316, 0.003398, -0.010921, -0.016636, 0.003398, -0.010921, -0.016636, 0.000000, 0.000000, 0.000000, -0.000000, 0.000000, 0.000000, 0.000000, -0.008726, -0.008726, -2.449689, 4.975589, 0.667979, -0.009710, 0.022476, 0.002365, 0.001963, 14.774414, 4.199219, 63.476559
0.000000, -0.001745, 1000.000000, -0.001745, 2000.000000, 1000.000000, 9.991472, 10.022913, 9.981647, 10.003967, 0.002280, -0.007192, -0.013441, 0.002280, -0.007192, -0.013441, 0.000000, 0.000000, 0.000000, -0.000000, 0.000000, 0.000000, 0.000000, -0.008726, -0.008726, -2.386002, 4.906347, 0.750605, -0.006514, 0.011823, 0.000234, 0.001773, 14.778320, 4.080200, 61.706539
0.001745, -0.001745, 1000.000000, -0.001745, 2000.000000, 1000.000000, 9.980536, 10.019682, 9.979801, 10.019981, -0.000259, -0.000108, -0.019832, -0.000259, -0.000108, -0.019832, 0.000000, 0.000000, 0.000000, -0.000000, -0.000000, 0.000000, 0.008726, -0.008726, -0.008726, -2.366906, 4.861355, 0.815841, 0.009465, -0.008417, 0.004495, 0.002275, 14.770508, 4.278564, 64.697266
0.001745, -0.001745, 1000.000000, -0.001745, 2000.000000, 1000.000000, 9.994862, 10.022505, 9.981453, 10.001181, 0.001978, -0.008684, -0.011843, 0.001978, -0.008684, -0.011843, 0.000000, 0.000000, 0.000000, -0.000000, 0.000000, 0.000000, 0.008726, -0.008726, -0.008726, -2.260704, 4.731555, 0.912461, 0.003073, 0.016084, -0.000831, 0.002354, 14.778320, 3.961182, 59.875484
0.001745, -0.001745, 1000.000000, -0.001745, 2000.000000, 1000.000000, 9.979257, 10.024688, 9.987472, 10.008584, 0.006080, -0.001972, -0.016636, 0.006080, -0.001972, -0.016636, 0.000000, 0.000000, 0.000000, -0.000000, -0.000000, 0.000000, 0.008726, -0.008726, -0.008726, -2.274392, 4.688439, 0.944850, -0.008645, -0.003090, 0.002365, 0.002425, 14.770508, 4.080200, 61.706539
0.001745, -0.001745, 1000.000000, 0.000000, 2000.000000, 1000.000000, 9.979243, 10.036633, 9.978509, 10.005614, 0.007571, -0.007938, -0.021124, 0.007571, -0.007938, -0.021124, 0.000000, 0.000000, 0.000000, -0.000000, 0.000000, 0.000000, 0.008726, -0.008726, 0.000000, -2.294788, 4.662022, 1.006883, -0.012906, 0.013954, 0.014083, 0.002155, 14.782227, 3.640747, 55.114742
0.001745, -0.001745, 1012.000000, 0.000000, 2000.000000, 1000.000000, 11.011724, 11.001838, 10.994481, 10.991958, -0.001841, -0.006781, 0.003102, -0.001750, -0.006447, 0.002844, -0.000091, -0.000334, 0.000258, 0.000000, 0.000000, 0.000000, 0.008726, -0.008726, 0.000000, -2.248827, 4.609966, 1.065499, 0.013726, 0.009693, -0.001896, 0.001815, 14.782227, 3.799438, 57.495113
0.000000, -0.001745, 1044.000000, 0.000000, 2000.000000, 1000.000000, 14.015100, 13.958402, 14.040116, 13.986382, -0.000741, 0.013250, 0.027607, -0.000703, 0.012568, 0.025215, -0.000038, 0.000682, 0.002393, 0.000000, -0.000000, -0.000000, 0.000000, -0.008726, 0.000000, -2.215821, 4.558075, 1.091322, 0.002008, -0.044635, -0.016810, 0.001898, 14.254883, 22.439575, 327.819794
0.000000, -0.001745, 1046.000000, 0.000000, 2000.000000, 1000.000000, 14.099741, 13.891031, 13.906513, 14.102715, -0.101228, 0.004614, 0.003127, -0.095777, 0.004366, 0.002844, -0.005451, 0.000248, 0.000283, 0.000000, 0.000000, 0.000000, 0.000000, -0.008726, 0.000000, -1.758025, 4.489572, 1.219014, 0.273649, -0.021200, -0.001896, 0.001992, 14.516602, 12.438965, 184.814438
0.000000, -0.001745, 1047.000000, 0.000000, 2000.000000, 1000.000000, 14.248049, 13.654140, 13.905161, 14.192650, -0.220349, 0.048905, 0.076605, -0.206138, 0.045751, 0.068358, -0.014212, 0.003154, 0.008247, 0.000000, -0.000000, -0.000000, 0.000000, -0.008726, 0.000000, -0.494102, 4.349019, 1.024693, 0.588965, -0.139443, -0.045572, 0.002413, 14.555664, 11.318970, 168.701157
0.000000, -0.001745, 1046.000000, 0.000000, 2000.000000, 1000.000000, 14.078845, 13.640498, 13.998565, 14.282092, -0.180468, 0.140329, 0.038705, -0.169599, 0.131877, 0.034802, -0.010869, 0.008451, 0.003903, 0.000000, -0.000000, -0.000000, 0.000000, -0.008726, 0.000000, 1.068410, 3.770785, 0.833875, 0.484570, -0.385518, -0.023201, 0.002243, 14.559570, 10.919189, 162.780746
0.000000, 0.000000, 1046.000000, 0.000000, 2000.000000, 1000.000000, 13.759855, 13.640841, 14.282143, 14.317162, -0.038509, 0.299652, 0.020999, -0.036123, 0.281085, 0.018823, -0.002386, 0.018568, 0.002176, 0.000000, -0.000000, -0.000000, 0.000000, 0.000000, 0.000000, 1.932686, 2.088404, 0.724211, 0.103207, -0.803099, -0.012549, 0.002312, 14.551758, 10.720825, 159.790039
0.000000, -0.001745, 1046.000000, 0.000000, 2000.000000, 1000.000000, 13.669379, 13.620769, 14.472589, 14.237264, 0.046678, 0.354926, 0.070984, 0.044411, 0.337685, 0.065162, 0.002267, 0.017241, 0.005822, -0.000000, -0.000000, -0.000000, 0.000000, -0.008726, 0.000000, 1.909573, -0.484234, 0.665131, -0.126888, -0.973540, -0.043441, 0.001787, 14.559570, 11.041260, 164.611801
0.000000, -0.001745, 1045.000000, 0.000000, 2000.000000, 1000.000000, 13.909746, 13.722363, 14.500185, 13.867706, 0.111273, 0.183945, 0.204965, 0.104811, 0.173262, 0.185003, 0.006462, 0.010683, 0.019962, -0.000000, -0.000000, -0.000000, 0.000000, -0.008726, 0.000000, 1.313235, -2.694650, 0.427521, -0.299460, -0.503761, -0.123336, 0.002158, 14.555664, 11.199951, 166.931137
0.000000, -0.001745, 1045.000000, -0.001745, 2000.000000, 1000.000000, 14.417895, 14.193479, 13.951253, 13.437373, 0.072366, -0.305687, 0.184574, 0.067900, -0.286822, 0.165523, 0.004466, -0.018865, 0.019052, -0.000000, 0.000000, -0.000000, 0.000000, -0.008726, -0.008726, 0.260298, -1.987137, -0.171092, -0.193999, 0.810767, -0.119074, 0.002302, 14.524414, 12.039185, 179.077133
0.001745, -0.001745, 1045.000000, -0.001745, 2000.000000, 1000.000000, 14.905835, 13.877851, 13.867074, 13.349240, -0.127537, -0.391843, 0.386455, -0.119567, -0.367356, 0.346084, -0.007970, -0.024487, 0.040371, 0.000000, 0.000000, -0.000000, 0.008726, -0.008726, -0.008726, 0.469655, 0.605519, -0.626091, 0.350347, 1.040862, -0.239449, 0.002333, 14.594727, 9.078979, 135.681152
0.001745, -0.001745, 1045.000000, -0.001745, 2000.000000, 1000.000000, 15.120649, 13.377659, 13.918022, 13.583670, -0.352159, -0.249154, 0.519336, -0.333205, -0.235743, 0.472317, -0.018955, -0.013410, 0.047019, 0.000000, 0.000000, -0.000000, 0.008726, -0.008726, -0.008726, 2.400624, 2.855991, -1.482431, 0.960740, 0.664826, -0.323604, 0.001991, 14.536133, 11.401367, 169.799789
0.000000, -0.001745, 1045.000000, -0.001745, 2000.000000, 1000.000000, 14.758037, 13.305650, 14.012853, 13.923461, -0.340748, -0.031843, 0.385444, -0.324328, -0.030308, 0.354073, -0.016420, -0.001534, 0.031371, 0.000000, 0.000000, -0.000000, 0.000000, -0.008726, -0.008726, 5.016319, 3.862781, -2.367170, 0.926652, 0.077869, -0.244775, 0.001772, 14.540039, 11.999512, 178.710922
0.000000, -0.001745, 1045.000000, -0.001745, 2000.000000, 1000.000000, 14.436296, 13.132538, 14.299507, 14.131659, -0.283977, 0.215583, 0.367902, -0.266538, 0.202344, 0.330105, -0.017439, 0.013239, 0.037797, 0.000000, -0.000000, -0.000000, 0.000000, -0.008726, -0.008726, 7.197019, 2.897051, -3.086437, 0.761537, -0.586852, -0.228796, 0.002290, 14.516602, 12.640381, 187.927231
0.000000, -0.001745, 1045.000000, -0.001745, 2000.000000, 1000.000000, 14.478582, 13.143494, 14.538445, 13.839479, -0.159031, 0.188962, 0.508513, -0.150212, 0.178482, 0.461132, -0.008820, 0.010479, 0.047381, 0.000000, -0.000000, -0.000000, 0.000000, -0.008726, -0.008726, 9.483903, -0.010984, -4.292305, 0.429176, -0.518675, -0.316147, 0.002055, 14.567383, 10.241699, 152.709961
0.001745, -0.001745, 1045.000000, -0.001745, 2000.000000, 1000.000000, 14.308311, 13.378592, 14.560571, 13.752526, -0.030418, 0.156548, 0.434441, -0.028594, 0.147164, 0.390825, -0.001824, 0.009385, 0.043616, 0.000000, -0.000000, -0.000000, 0.008726, -0.008726, -0.008726, 10.073563, -1.303230, -5.104825, 0.090424, -0.429193, -0.269276, 0.002232, 14.551758, 10.241699, 152.587891
0.000000, -0.001745, 1045.000000, -0.001745, 2000.000000, 1000.000000, 14.029983, 13.543317, 14.641986, 13.784715, 0.092651, 0.213351, 0.335985, 0.088033, 0.202717, 0.307735, 0.004618, 0.010634, 0.028250, -0.000000, -0.000000, -0.000000, 0.000000, -0.008726, -0.008726, 9.597313, -2.592763, -5.775924, -0.251523, -0.587917, -0.213882, 0.001836, 14.547852, 10.958862, 163.207993
0.000000, -0.001745, 1045.000000, -0.001745, 2000.000000, 1000.000000, 13.935862, 13.538124, 14.751007, 13.775007, 0.144565, 0.263007, 0.343434, 0.137248, 0.249695, 0.314126, 0.007317, 0.013312, 0.029308, -0.000000, -0.000000, -0.000000, 0.000000, -0.008726, -0.008726, 8.371087, -4.236348, -6.418788, -0.392137, -0.722139, -0.218143, 0.001866, 14.567383, 10.281372, 153.381348
0.000000, -0.001745, 1045.000000, -0.001745, 2000.000000, 1000.000000, 14.074945, 13.438606, 14.769384, 13.717064, 0.103996, 0.243224, 0.422165, 0.098473, 0.230307, 0.384433, 0.005523, 0.012917, 0.037732, -0.000000, -0.000000, -0.000000, 0.000000, -0.008726, -0.008726, 7.171475, -6.016342, -7.178462, -0.281351, -0.666746, -0.265015, 0.001963, 14.524414, 11.880493, 176.696762
0.000000, -0.001745, 1046.000000, -0.001745, 2000.000000, 1000.000000, 13.883883, 13.531503, 14.683722, 13.900891, 0.107613, 0.292307, 0.283803, 0.100710, 0.273556, 0.253406, 0.006903, 0.018750, 0.030396, -0.000000, -0.000000, -0.000000, 0.000000, -0.008726, -0.008726, 5.799838, -8.716496, -8.300066, -0.287742, -0.790316, -0.177664, 0.002399, 14.571289, 9.359741, 139.709473
0.000000, -0.001745, 1045.000000, -0.001745, 2000.000000, 1000.000000, 13.591160, 13.577267, 14.883347, 13.948227, 0.230306, 0.415787, 0.237253, 0.215545, 0.389137, 0.211861, 0.014762, 0.026650, 0.025392, -0.000000, -0.000000, -0.000000, 0.000000, -0.008726, -0.008726, 4.104424, -11.115904, -9.055803, -0.615841, -1.120546, -0.149967, 0.002397, 14.563477, 10.360718, 154.418945
0.000000, -0.001745, 1045.000000, -0.001745, 2000.000000, 1000.000000, 13.481424, 13.610178, 14.848200, 14.060198, 0.229189, 0.454199, 0.164812, 0.215172, 0.426421, 0.147946, 0.014017, 0.027778, 0.016866, -0.000000, -0.000000, -0.000000, 0.000000, -0.008726, -0.008726, 1.813946, -13.974870, -9.914237, -0.614776, -1.227071, -0.107357, 0.002280, 14.516602, 12.161255, 180.786118
0.001745, -0.001745, 1045.000000, -0.001745, 2000.000000, 1000.000000, 13.633359, 13.707984, 14.782699, 13.875958, 0.245341, 0.329329, 0.208029, 0.233512, 0.313450, 0.191089, 0.011829, 0.015878, 0.016940, -0.000000, -0.000000, -0.000000, 0.008726, -0.008726, -0.008726, -0.507011, -16.533075, -10.885863, -0.658452, -0.904298, -0.136119, 0.001773, 14.555664, 10.159302, 151.489258
0.000000, 0.054101, 1053.000000, -0.001745, 2000.000000, 1000.000000, 14.504917, 14.981398, 15.638433, 14.875252, 0.309916, 0.256843, 0.071675, 0.292350, 0.242285, 0.064856, 0.017566, 0.014558, 0.006820, -0.000000, -0.000000, -0.000000, 0.000000, 0.270506, -0.008726, -4.347174, -18.368752, -12.536338, -0.835285, -0.421737, -0.051963, 0.002103, 14.555664, 10.000610, 149.108887
-0.005236, 0.069808, 1064.000000, -0.001745, 2000.000000, 1000.000000, 15.611822, 16.060623, 16.489483, 15.838074, 0.275052, 0.163778, 0.050651, 0.258953, 0.154191, 0.045681, 0.016099, 0.009586, 0.004970, -0.000000, -0.000000, -0.000000, -0.026178, 0.349040, -0.008726, -6.781927, -18.571653, -13.396600, -0.766043, -0.091507, -0.039180, 0.002176, 14.176758, 25.521851, 370.605438
-0.008726, 0.076789, 1071.000000, -0.001745, 2000.000000, 1000.000000, 17.001493, 16.823614, 17.345587, 16.829306, 0.084601, 0.087445, 0.173541, 0.079474, 0.082146, 0.155935, 0.005127, 0.005300, 0.017605, -0.000000, -0.000000, -0.000000, -0.043630, 0.383944, -0.008726, -8.370268, -18.078938, -14.116672, -0.270698, 0.149242, -0.112683, 0.002258, 14.204102, 22.518921, 327.392548
-0.010471, 0.099476, 1083.000000, -0.001745, 2000.000000, 1000.000000, 18.055077, 17.800400, 17.855984, 18.288540, -0.171808, 0.072261, -0.044470, -0.162944, 0.068533, -0.040605, -0.008864, 0.003728, -0.003866, 0.000000, 0.000000, 0.000000, -0.052356, 0.497382, -0.008726, -7.999352, -17.558233, -14.161004, 0.413197, 0.301573, 0.018344, 0.001904, 13.993164, 31.680298, 454.223602
-0.008726, 0.109948, 1082.000000, -0.001745, 2000.000000, 1000.000000, 18.135578, 17.984173, 17.926163, 17.954086, -0.044833, -0.059875, 0.030871, -0.042445, -0.056686, 0.028104, -0.002388, -0.003189, 0.002767, 0.000000, 0.000000, -0.000000, -0.043630, 0.549738, -0.008726, -6.723554, -16.443590, -13.785741, 0.077641, 0.711698, -0.027462, 0.001969, 14.129883, 24.359131, 352.477997
-0.003490, 0.120419, 1082.000000, -0.001745, 2000.000000, 1000.000000, 18.138870, 18.250008, 18.166584, 17.444538, 0.208296, -0.194438, 0.152728, 0.195268, -0.182278, 0.136761, 0.013027, -0.012161, 0.015967, -0.000000, 0.000000, -0.000000, -0.017452, 0.602094, -0.008726, -7.423481, -12.200420, -14.154226, -0.575362, 1.122887, -0.099900, 0.002335, 14.102539, 25.439453, 367.675751
-0.003490, 0.104712, 1083.000000, -0.001745, 2000.000000, 1000.000000, 18.505932, 17.842529, 18.132572, 17.518967, -0.012449, -0.174231, 0.319251, -0.011658, -0.163159, 0.285364, -0.000791, -0.011072, 0.033887, 0.000000, 0.000000, -0.000000, -0.017452, 0.523560, -0.008726, -7.406669, -9.252679, -14.620368, 0.015856, 0.989730, -0.198969, 0.002375, 14.176758, 22.680664, 329.101532
0.000000, 0.061082, 1083.000000, -0.001745, 2000.000000, 1000.000000, 18.716484, 17.650654, 17.839172, 17.793690, -0.255087, -0.183569, 0.277827, -0.242676, -0.174638, 0.255004, -0.012411, -0.008931, 0.022823, 0.000000, 0.000000, -0.000000, 0.000000, 0.305410, -0.008726, -5.494045, -7.377782, -14.881570, 0.693360, 0.804375, -0.178729, 0.001790, 14.223633, 22.039795, 320.678711
0.000000, 0.000000, 1082.000000, -0.001745, 2000.000000, 1000.000000, 18.998398, 17.552231, 17.675190, 17.774181, -0.386290, -0.275313, 0.336795, -0.363103, -0.258788, 0.302941, -0.023187, -0.016525, 0.033854, 0.000000, 0.000000, -0.000000, 0.000000, 0.000000, -0.008726, -2.415462, -5.926267, -15.065767, 1.037438, 0.739394, -0.210687, 0.002235, 14.188477, 22.360229, 325.134247
0.000000, 0.000000, 1072.000000, 0.000000, 2000.000000, 1000.000000, 17.732727, 16.436024, 17.005543, 16.825706, -0.279217, -0.084375, 0.369135, -0.261691, -0.079079, 0.330411, -0.017526, -0.005296, 0.038724, 0.000000, 0.000000, -0.000000, 0.000000, 0.000000, 0.000000, 1.766642, -4.963781, -15.585536, 0.747688, 0.225940, -0.220274, 0.002344, 14.344727, 16.479492, 242.126450
0.000000, 0.000000, 1064.000000, 0.000000, 2000.000000, 1000.000000, 16.376602, 15.561646, 16.041311, 16.020439, -0.198521, 0.030875, 0.208957, -0.186750, 0.029045, 0.188199, -0.011771, 0.001831, 0.020758, 0.000000, -0.000000, -0.000000, 0.000000, 0.000000, 0.000000, 3.431127, -5.345494, -15.916155, 0.533572, -0.082985, -0.125466, 0.002206, 14.434570, 13.281250, 193.908676
0.000000, 0.000000, 1065.000000, 0.000000, 2000.000000, 1000.000000, 16.214426, 15.665792, 15.993524, 16.126257, -0.170342, 0.059891, 0.103975, -0.162143, 0.057008, 0.095522, -0.008200, 0.002883, 0.008454, 0.000000, -0.000000, -0.000000, 0.000000, 0.000000, 0.000000, 4.712265, -6.182221, -16.010075, 0.463265, -0.162879, -0.063681, 0.001770, 14.383789, 15.121460, 222.778305
0.000000, 0.000000, 1063.000000, 0.000000, 2000.000000, 1000.000000, 16.274544, 15.810963, 15.989271, 15.925223, -0.099883, -0.042753, 0.131907, -0.095031, -0.040676, 0.121088, -0.004852, -0.002077, 0.010819, 0.000000, 0.000000, -0.000000, 0.000000, 0.000000, 0.000000, 5.748088, -6.520467, -16.134178, 0.271518, 0.116219, -0.080725, 0.001787, 14.364258, 14.801025, 217.712387
0.000000, 0.000000, 1061.000000, 0.000000, 2000.000000, 1000.000000, 16.194025, 16.178923, 15.979735, 15.647317, 0.079329, -0.186474, 0.086881, 0.075357, -0.177136, 0.079543, 0.003972, -0.009338, 0.007338, -0.000000, 0.000000, -0.000000, 0.000000, 0.000000, 0.000000, 5.744277, -5.611709, -16.217831, -0.215305, 0.506103, -0.053029, 0.001845, 14.352539, 15.600586, 229.186996
0.000000, 0.000000, 1044.000000, 0.000000, 2000.000000, 1000.000000, 14.371871, 13.727626, 14.251786, 13.648717, -0.010294, -0.049748, 0.311829, -0.009651, -0.046642, 0.279279, -0.000643, -0.003106, 0.032550, 0.000000, 0.000000, -0.000000, 0.000000, 0.000000, 0.000000, 5.707574, -4.112512, -16.826187, 0.027574, 0.133263, -0.186186, 0.002331, 14.567383, 8.160400, 124.694817
0.000000, 0.000000, 1045.000000, 0.000000, 2000.000000, 1000.000000, 14.271171, 13.785325, 14.262443, 13.681062, 0.023884, -0.028248, 0.266807, 0.022413, -0.026509, 0.239331, 0.001470, -0.001739, 0.027475, -0.000000, 0.000000, -0.000000, 0.000000, 0.000000, 0.000000, 5.775850, -3.972831, -17.263430, -0.064038, 0.075739, -0.159554, 0.002296, 14.520508, 10.040283, 149.414062
0.000000, 0.000000, 1045.000000, 0.000000, 2000.000000, 1000.000000, 14.330092, 13.771981, 14.244586, 13.653340, 0.008283, -0.051037, 0.287339, 0.007873, -0.048506, 0.263300, 0.000411, -0.002531, 0.024039, -0.000000, 0.000000, -0.000000, 0.000000, 0.000000, 0.000000, 5.703800, -3.661442, -17.734800, -0.022493, 0.138589, -0.175533, 0.001826, 14.516602, 10.159302, 151.000977
0.000000, 0.000000, 1040.000000, 0.000000, 2000.000000, 1000.000000, 14.392609, 13.922461, 14.191246, 13.493685, 0.056853, -0.157535, 0.291927, 0.054105, -0.149919, 0.268093, 0.002749, -0.007616, 0.023834, -0.000000, 0.000000, -0.000000, 0.000000, 0.000000, 0.000000, 5.719660, -2.805492, -18.222773, -0.154585, 0.428339, -0.178729, 0.001778, 14.508789, 10.641479, 158.081055
0.000000, 0.000000, 1006.000000, 0.000000, 2000.000000, 1000.000000, 10.473469, 10.006823, 10.184156, 9.335552, 0.095490, -0.240146, 0.328813, 0.095490, -0.240146, 0.328813, 0.000000, 0.000000, 0.000000, -0.000000, 0.000000, -0.000000, 0.000000, 0.000000, 0.000000, 5.597270, -1.160658, -18.738859, -0.272828, 0.686131, -0.219209, 0.001787, 17.211914, 0.000000, 1.403808
-0.005236, 0.000000, 1009.000000, 0.000000, 2000.000000, 1000.000000, 10.547984, 9.854011, 10.247060, 9.350945, 0.050535, -0.200998, 0.397522, 0.050535, -0.200998, 0.397522, 0.000000, 0.000000, 0.000000, -0.000000, 0.000000, -0.000000, -0.026178, 0.000000, 0.000000, 5.716466, 1.503717, -19.851494, -0.170564, 0.574279, -0.265015, 0.002283, 14.758789, 2.120972, 31.982420
-0.033159, 0.000000, 1010.000000, 0.000000, 2000.000000, 1000.000000, 11.599718, 10.810801, 11.266735, 10.322746, 0.038768, -0.205260, 0.433226, 0.036344, -0.192422, 0.387935, 0.002425, -0.012837, 0.045291, -0.000000, 0.000000, -0.000000, -0.165794, 0.000000, 0.000000, 5.698782, 3.095587, -20.539942, -0.269633, 0.549778, -0.258623, 0.002335, 14.711914, 3.518677, 52.978512
-0.059337, 0.000000, 1010.000000, 0.000000, 2000.000000, 1000.000000, 11.609108, 10.833406, 11.276691, 10.280794, 0.055049, -0.221257, 0.442899, 0.051678, -0.207709, 0.397522, 0.003371, -0.013549, 0.045377, -0.000000, 0.000000, -0.000000, -0.296684, 0.000000, 0.000000, 5.346938, 4.869736, -21.224022, -0.444335, 0.593454, -0.265015, 0.002283, 14.637695, 6.118774, 91.674797
-0.052356, 0.000000, 1008.000000, 0.000000, 2000.000000, 1000.000000, 10.504373, 10.003510, 10.277888, 9.214229, 0.140699, -0.253941, 0.391131, 0.140699, -0.253941, 0.391131, 0.000000, 0.000000, 0.000000, -0.000000, 0.000000, -0.000000, -0.261780, 0.000000, 0.000000, 4.588834, 7.020886, -21.844637, -0.663778, 0.725546, -0.260754, 0.001816, 14.727539, 2.841187, 42.785641
-0.052356, 0.000000, 1009.000000, 0.000000, 2000.000000, 1000.000000, 10.547515, 10.058797, 10.343402, 9.050286, 0.201099, -0.303156, 0.445459, 0.201099, -0.303156, 0.445459, 0.000000, 0.000000, 0.000000, -0.000000, 0.000000, -0.000000, -0.261780, 0.000000, 0.000000, 3.490572, 9.810452, -22.415354, -0.836350, 0.866160, -0.296973, 0.001786, 14.688477, 4.440308, 66.772461
-0.040140, -0.001745, 1029.000000, 0.000000, 2000.000000, 1000.000000, 12.549043, 12.057279, 12.567431, 10.826247, 0.312355, -0.303161, 0.558237, 0.296673, -0.287941, 0.510972, 0.015681, -0.015220, 0.047265, -0.000000, 0.000000, -0.000000, -0.200698, -0.008726, 0.000000, 1.999302, 12.943949, -22.999819, -1.048336, 0.813962, -0.340648, 0.001850, 14.637695, 6.359863, 95.275871
0.000000, -0.001745, 1031.000000, -0.001745, 2000.000000, 1000.000000, 12.779356, 13.155708, 14.024517, 12.040419, 0.590113, 0.032467, 0.401936, 0.553711, 0.030465, 0.360465, 0.036403, 0.002003, 0.041471, -0.000000, -0.000000, -0.000000, 0.000000, -0.008726, -0.008726, -2.179185, 16.626667, -23.080250, -1.582030, -0.095768, -0.249036, 0.002301, 14.504883, 10.919189, 162.109360
0.000000, -0.001745, 1031.000000, -0.001745, 2000.000000, 1000.000000, 12.474030, 12.942809, 14.605821, 11.977340, 0.774315, 0.291580, 0.539926, 0.724471, 0.272811, 0.481904, 0.049844, 0.018769, 0.058021, -0.000000, -0.000000, -0.000000, 0.000000, -0.008726, -0.008726, -7.547419, 17.267441, -22.310062, -2.069918, -0.788185, -0.329996, 0.002408, 14.563477, 8.239746, 122.924797
0.000000, -0.001745, 1032.000000, 0.000000, 2000.000000, 1000.000000, 12.469467, 13.188187, 14.452654, 11.889692, 0.820421, 0.171173, 0.461061, 0.780397, 0.162823, 0.423088, 0.040023, 0.008350, 0.037972, -0.000000, -0.000000, -0.000000, 0.000000, -0.008726, 0.000000, -13.944324, 17.736803, -21.198948, -2.229707, -0.473934, -0.282059, 0.001795, 14.559570, 8.718872, 130.004883
0.000000, -0.001745, 1031.000000, 0.000000, 2000.000000, 1000.000000, 12.912481, 13.172003, 14.206104, 11.709412, 0.689054, -0.042242, 0.559293, 0.652513, -0.040002, 0.509374, 0.036541, -0.002240, 0.049919, -0.000000, 0.000000, -0.000000, 0.000000, -0.008726, 0.000000, -19.726528, 19.350744, -20.228346, -1.864323, 0.105566, -0.339583, 0.001960, 14.555664, 9.161377, 136.596680
0.000000, -0.001745, 1046.000000, 0.000000, 2000.000000, 1000.000000, 14.764317, 13.903866, 14.441717, 12.890100, 0.172792, -0.334091, 0.603017, 0.162228, -0.313667, 0.541332, 0.010563, -0.020424, 0.061685, -0.000000, 0.000000, -0.000000, 0.000000, -0.008726, 0.000000, -23.599770, 23.221958, -20.364122, -0.463510, 0.887465, -0.360888, 0.002279, 14.454102, 12.640381, 187.072739
0.000000, -0.001745, 1046.000000, 0.000000, 2000.000000, 1000.000000, 15.143081, 13.493648, 14.111213, 13.252059, -0.197570, -0.318364, 0.627147, -0.185632, -0.299126, 0.563702, -0.011939, -0.019238, 0.063445, 0.000000, 0.000000, -0.000000, 0.000000, -0.008726, 0.000000, -22.444374, 25.360952, -21.843760, 0.530376, 0.845920, -0.375802, 0.002251, 14.430664, 13.760376, 200.988754
0.000000, -0.001745, 1046.000000, 0.000000, 2000.000000, 1000.000000, 15.075306, 13.689360, 13.522699, 13.712635, -0.393970, -0.382333, 0.299002, -0.373543, -0.362509, 0.272887, -0.020427, -0.019824, 0.026115, 0.000000, 0.000000, -0.000000, 0.000000, -0.008726, 0.000000, -18.899351, 26.791422, -24.186304, 1.067266, 1.027014, -0.181925, 0.001914, 14.500977, 10.800171, 160.400391
0.000000, -0.001745, 1053.000000, 0.000000, 2000.000000, 1000.000000, 15.657523, 15.205956, 14.236716, 14.899804, -0.278664, -0.431740, -0.052880, -0.264301, -0.409487, -0.048288, -0.014363, -0.022253, -0.004592, 0.000000, 0.000000, 0.000000, 0.000000, -0.008726, 0.000000, -14.653636, 28.370029, -26.314283, 0.755145, 1.161236, 0.032192, 0.001902, 14.309570, 18.920898, 277.282715
0.000000, -0.001745, 1059.000000, 0.001745, 2000.000000, 1000.000000, 15.375950, 15.378252, 14.339001, 14.906797, -0.141374, -0.377101, -0.142525, -0.132688, -0.353934, -0.127877, -0.008685, -0.023167, -0.014648, 0.000000, 0.000000, 0.000000, 0.000000, -0.008726, 0.008726, -11.528154, 30.464745, -27.636290, 0.379109, 1.002513, 0.093977, 0.002291, 14.415039, 13.558960, 200.073227
0.000000, -0.001745, 1070.000000, 0.001745, 2000.000000, 1000.000000, 17.096350, 17.152952, 15.982160, 17.768538, -0.432443, -0.124650, -0.460746, -0.405234, -0.116807, -0.412300, -0.027209, -0.007843, -0.048445, 0.000000, 0.000000, 0.000000, 0.000000, -0.008726, 0.008726, -7.619628, 31.153168, -28.797136, 1.157812, 0.325009, 0.283593, 0.002350, 14.270508, 18.200684, 265.808105
0.000000, -0.001745, 1070.000000, 0.001745, 2000.000000, 1000.000000, 17.198843, 16.775229, 15.882136, 18.143793, -0.671318, 0.012963, -0.459510, -0.631548, 0.012195, -0.413898, -0.039770, 0.000768, -0.045612, 0.000000, -0.000000, 0.000000, 0.000000, -0.008726, 0.008726, -3.243988, 29.498941, -30.252800, 1.804424, -0.043570, 0.284658, 0.002204, 14.157227, 22.439575, 317.504883
0.000000, -0.001745, 1071.000000, 0.001745, 2000.000000, 1000.000000, 17.072447, 16.788305, 16.137522, 18.001726, -0.537086, 0.069623, -0.395016, -0.511121, 0.066257, -0.362766, -0.025965, 0.003366, -0.032250, 0.000000, -0.000000, 0.000000, 0.000000, -0.008726, 0.008726, 1.013304, 26.726059, -31.543585, 1.460346, -0.198032, 0.250570, 0.001778, 14.168945, 22.201538, 322.082489
0.000000, -0.001745, 1071.000000, 0.001745, 2000.000000, 1000.000000, 22.265522, 11.563011, 22.437862, 11.733604, 0.000437, 0.085733, 5.351692, 0.000416, 0.081544, 4.910260, 0.000021, 0.004189, 0.441432, 0.000000, -0.000000, -0.000000, 0.000000, -0.008726, 0.008726, 2.506368, 25.138575, -33.223007, -0.001188, -0.241708, -3.264781, 0.001798, 13.813477, 37.521362, 530.395508
0.000000, -0.001745, 1069.000000, 0.001745, 2000.000000, 1000.000000, 13.194461, 18.564386, 13.485728, 18.755423, 0.025057, 0.120576, -2.659905, 0.023532, 0.113235, -2.388886, 0.001526, 0.007341, -0.271019, -0.000000, -0.000000, 0.000000, 0.000000, -0.008726, 0.008726, 1.135061, 24.814486, -34.174374, -0.067234, -0.332255, 1.601317, 0.002269, 14.301758, 13.919067, 203.674301
0.000000, -0.001745, 1063.000000, 0.001745, 2000.000000, 1000.000000, 15.028877, 16.379299, 15.085957, 17.505867, -0.267372, 0.295912, -0.942583, -0.250879, 0.277658, -0.845328, -0.016493, 0.018254, -0.097255, 0.000000, -0.000000, 0.000000, 0.000000, -0.008726, 0.008726, 1.144471, 23.038986, -31.018534, 0.716796, -0.802034, 0.572278, 0.002301, 14.403320, 13.079834, 192.993149
0.000000, 0.000000, 1045.000000, 0.001745, 2000.000000, 1000.000000, 14.128210, 13.139711, 14.060652, 14.671427, -0.399819, 0.366039, 0.094431, -0.375034, 0.343349, 0.084642, -0.024784, 0.022690, 0.009789, 0.000000, -0.000000, -0.000000, 0.000000, 0.000000, 0.008726, 2.165550, 19.586763, -30.940252, 1.071527, -0.980997, -0.047702, 0.002313, 14.583008, 4.919434, 73.486328
0.000000, -0.001745, 1002.000000, 0.001745, 2000.000000, 1000.000000, 10.093549, 9.234063, 9.915948, 10.756440, -0.424995, 0.336194, 0.004748, -0.424995, 0.336194, 0.004748, 0.000000, 0.000000, 0.000000, 0.000000, -0.000000, -0.000000, 0.000000, -0.008726, 0.008726, 3.571375, 15.655061, -31.492815, 1.214271, -0.969279, 0.005561, 0.001770, 20.356445, 0.039673, 0.793457
0.000000, -0.001745, 1004.000000, 0.003490, 2000.000000, 1000.000000, 9.978221, 9.205476, 9.929622, 10.886682, -0.432452, 0.408152, -0.046078, -0.432452, 0.408152, -0.046078, 0.000000, 0.000000, 0.000000, 0.000000, -0.000000, 0.000000, 0.000000, -0.008726, 0.017452, 5.078749, 11.286386, -31.736490, 1.235576, -1.174874, 0.048171, 0.002145, 17.250977, 0.000000, 0.000000
0.000000, -0.001745, 1045.000000, 0.003490, 2000.000000, 1000.000000, 13.908244, 12.964997, 14.085216, 15.041543, -0.474894, 0.563379, -0.003270, -0.445874, 0.528952, -0.002936, -0.029020, 0.034427, -0.000334, 0.000000, -0.000000, 0.000000, 0.000000, -0.008726, 0.017452, 6.237202, 3.756149, -31.887569, 1.273926, -1.520017, 0.019409, 0.002278, 14.391602, 14.279175, 210.510239
0.000000, -0.001745, 1053.000000, 0.001745, 2000.000000, 1000.000000, 15.303860, 13.959398, 14.859472, 15.877270, -0.590564, 0.368371, 0.081666, -0.555116, 0.346260, 0.073457, -0.035448, 0.022111, 0.008209, 0.000000, -0.000000, -0.000000, 0.000000, -0.008726, 0.008726, 7.628785, -1.240493, -31.818394, 1.586046, -0.998041, -0.040245, 0.002235, 14.372070, 13.720703, 202.087387
0.000000, -0.001745, 1063.000000, 0.000000, 2000.000000, 1000.000000, 16.700451, 14.922100, 15.761608, 16.615841, -0.658146, 0.188724, 0.231029, -0.626329, 0.179601, 0.212167, -0.031817, 0.009124, 0.018862, 0.000000, -0.000000, -0.000000, 0.000000, -0.008726, 0.000000, 10.591681, -5.158364, -31.951300, 1.789510, -0.521871, -0.141445, 0.001778, 14.333008, 16.241455, 238.281235
0.000000, -0.001745, 1076.000000, 0.000000, 2000.000000, 1000.000000, 17.491949, 15.980570, 16.950693, 17.576788, -0.534368, 0.263740, 0.221322, -0.505156, 0.249322, 0.200982, -0.029212, 0.014418, 0.020339, 0.000000, -0.000000, -0.000000, 0.000000, -0.008726, 0.000000, 15.268060, -10.947061, -31.875895, 1.443302, -0.721074, -0.133988, 0.002024, 14.125977, 22.839355, 330.383270
0.000000, 0.000000, 1076.000000, 0.000000, 2000.000000, 1000.000000, 17.274214, 15.963717, 17.391481, 17.370588, -0.322402, 0.381035, 0.332847, -0.303449, 0.358635, 0.300051, -0.018953, 0.022399, 0.032796, 0.000000, -0.000000, -0.000000, 0.000000, 0.000000, 0.000000, 16.645477, -14.509171, -32.016335, 0.866997, -1.024672, -0.200034, 0.002186, 14.125977, 24.121094, 348.510712
0.000000, 0.000000, 1076.000000, -0.001745, 2000.000000, 1000.000000, 18.119349, 15.063002, 18.790197, 16.027452, -0.073401, 0.408825, 1.454773, -0.069678, 0.388090, 1.330382, -0.003723, 0.020735, 0.124391, 0.000000, -0.000000, -0.000000, 0.000000, 0.000000, -0.008726, 16.028505, -17.633842, -34.008144, 0.199081, -1.108828, -0.895647, 0.001870, 14.141602, 23.040771, 333.496063
-0.005236, 0.003490, 1066.000000, -0.001745, 2000.000000, 1000.000000, 15.488534, 15.855135, 16.402964, 16.253366, 0.129050, 0.328165, -0.054250, 0.121002, 0.307699, -0.048594, 0.008048, 0.020466, -0.005656, -0.000000, -0.000000, 0.000000, -0.026178, 0.017452, -0.008726, 13.069070, -20.575529, -35.511478, -0.371897, -0.861688, 0.023670, 0.002328, 14.344727, 14.199829, 208.618149
-0.012216, 0.033159, 1064.000000, -0.001745, 2000.000000, 1000.000000, 17.488089, 14.110685, 18.376219, 14.025007, 0.243452, 0.200612, 1.932153, 0.231450, 0.190722, 1.771399, 0.012002, 0.009890, 0.160754, -0.000000, -0.000000, -0.000000, -0.061082, 0.165794, -0.008726, 10.596174, -21.276939, -36.863190, -0.722367, -0.379126, -1.189659, 0.001815, 14.379883, 17.520142, 255.920395
-0.073298, 0.048866, 1070.000000, -0.001745, 2000.000000, 1000.000000, 16.860472, 16.730299, 17.622610, 16.786619, 0.176455, 0.204615, 0.241541, 0.166314, 0.192856, 0.218253, 0.010140, 0.011759, 0.023288, -0.000000, -0.000000, -0.000000, -0.366492, 0.244328, -0.008726, 7.980775, -20.417850, -40.234211, -0.841676, -0.306689, -0.154228, 0.002134, 14.290039, 16.201782, 237.121567
-0.115183, 0.036649, 1075.000000, -0.001745, 2000.000000, 1000.000000, 18.663876, 14.832185, 19.174557, 15.329385, 0.003370, 0.251971, 1.919215, 0.003162, 0.236351, 1.720266, 0.000209, 0.015619, 0.198949, -0.000000, -0.000000, -0.000000, -0.575916, 0.183246, -0.008726, 4.355766, -19.423002, -46.409210, -0.584949, -0.492044, -1.155570, 0.002313, 14.180664, 20.001221, 290.588379
-0.106457, 0.022688, 1076.000000, -0.001745, 2000.000000, 1000.000000, 15.631529, 17.806475, 16.005072, 18.556925, -0.094227, 0.280998, -1.181700, -0.089692, 0.267472, -1.085623, -0.004536, 0.013526, -0.096078, -0.000000, -0.000000, 0.000000, -0.532286, 0.113438, -0.008726, 2.645794, -19.816757, -46.628078, -0.276024, -0.650767, 0.715022, 0.001770, 14.176758, 20.520020, 297.729492
-0.050611, 0.010471, 1075.000000, 0.000000, 2000.000000, 1000.000000, 16.145109, 17.005728, 18.017637, 16.831526, 0.511682, 0.424582, 0.081373, 0.480801, 0.398958, 0.073151, 0.030881, 0.025624, 0.008222, -0.000000, -0.000000, -0.000000, -0.253054, 0.052356, 0.000000, -3.030439, -19.666426, -47.472515, -1.626771, -1.087523, -0.048767, 0.002248, 14.188477, 19.720459, 286.315918
0.000000, -0.001745, 1075.000000, 0.000000, 2000.000000, 1000.000000, 15.500055, 17.777945, 17.719046, 17.002954, 0.748496, 0.361000, -0.390449, 0.702474, 0.338803, -0.350289, 0.046022, 0.022196, -0.040161, -0.000000, -0.000000, 0.000000, 0.000000, -0.008726, 0.000000, -8.874399, -17.609945, -48.928852, -2.007068, -0.976736, 0.233526, 0.002293, 14.219727, 20.721436, 300.476074
0.000000, 0.000000, 1075.000000, 0.000000, 2000.000000, 1000.000000, 16.028040, 17.579084, 17.478048, 16.914827, 0.528566, 0.196437, -0.246955, 0.501513, 0.186383, -0.225654, 0.027053, 0.010054, -0.021302, -0.000000, -0.000000, 0.000000, 0.000000, 0.000000, 0.000000, -13.793584, -15.381616, -49.731548, -1.432894, -0.532523, 0.150436, 0.001888, 14.180664, 20.040894, 291.015625
-0.001745, 0.000000, 1075.000000, 0.000000, 2000.000000, 1000.000000, 16.865831, 17.422651, 17.165155, 16.546362, 0.293903, -0.144240, 0.015493, 0.277365, -0.136124, 0.014029, 0.016539, -0.008117, 0.001464, -0.000000, 0.000000, -0.000000, -0.008726, 0.000000, 0.000000, -16.016972, -13.016453, -50.134201, -0.801196, 0.388925, -0.009353, 0.002087, 14.176758, 20.440674, 296.691895
0.000000, 0.000000, 1074.000000, 0.000000, 2000.000000, 1000.000000, 17.658960, 16.971479, 16.775991, 16.593569, -0.126265, -0.315220, 0.217475, -0.118893, -0.296818, 0.196189, -0.007371, -0.018403, 0.021286, 0.000000, 0.000000, -0.000000, 0.000000, 0.000000, 0.000000, -13.918849, -10.608472, -50.045761, 0.339695, 0.848051, -0.130792, 0.002170, 14.200195, 19.320679, 280.822754
0.000000, 0.001745, 1063.000000, 0.000000, 2000.000000, 1000.000000, 20.031845, 12.095282, 19.600945, 12.271931, -0.151887, -0.063563, 3.816395, -0.144246, -0.060366, 3.492629, -0.007641, -0.003198, 0.323767, 0.000000, 0.000000, -0.000000, 0.000000, 0.008726, 0.000000, -12.025300, -10.774984, -50.703335, 0.412132, 0.181199, -2.328419, 0.001854, 14.348633, 13.400269, 196.899399
0.000000, 0.026178, 1059.000000, 0.000000, 2000.000000, 1000.000000, 15.025386, 14.798051, 15.110133, 15.066430, -0.045908, 0.088282, 0.067760, -0.043579, 0.083804, 0.061966, -0.002328, 0.004478, 0.005794, 0.000000, -0.000000, -0.000000, 0.000000, 0.130890, 0.000000, -11.425114, -11.517292, -57.424232, 0.124513, -0.108551, -0.041311, 0.001870, 14.411133, 9.680176, 142.883301
-0.001745, 0.048866, 1057.000000, 0.000000, 2000.000000, 1000.000000, 13.847490, 16.038448, 14.421679, 15.692383, 0.230064, 0.057030, -0.865416, 0.215473, 0.053414, -0.773729, 0.014591, 0.003617, -0.091687, -0.000000, -0.000000, 0.000000, -0.008726, 0.244328, 0.000000, -12.367368, -10.678572, -53.839638, -0.624364, 0.091718, 0.515819, 0.002370, 14.340820, 14.120483, 207.397446
-0.001745, 0.038394, 1057.000000, 0.000000, 2000.000000, 1000.000000, 14.921020, 15.264430, 15.466659, 14.347892, 0.365544, -0.092725, 0.193839, 0.346713, -0.087948, 0.177014, 0.018831, -0.004777, 0.016825, -0.000000, 0.000000, -0.000000, -0.008726, 0.191972, 0.000000, -13.091421, -8.416314, -53.808025, -0.999334, 0.443253, -0.118009, 0.001901, 14.352539, 14.199829, 208.618149
0.000000, -0.001745, 1058.000000, 0.000000, 2000.000000, 1000.000000, 15.149705, 15.485156, 15.117444, 14.247695, 0.301300, -0.317430, 0.133574, 0.286757, -0.302109, 0.122686, 0.014543, -0.015321, 0.010888, -0.000000, 0.000000, -0.000000, 0.000000, -0.008726, 0.000000, -12.999472, -5.237659, -54.171040, -0.819306, 0.854442, -0.081790, 0.001775, 14.317383, 14.761353, 216.430649
0.000000, -0.001745, 1056.000000, 0.000000, 2000.000000, 1000.000000, 15.654117, 14.812505, 15.659539, 13.873839, 0.236022, -0.233311, 0.656828, 0.221510, -0.218965, 0.589269, 0.014512, -0.014345, 0.067560, -0.000000, 0.000000, -0.000000, 0.000000, -0.008726, 0.000000, -11.677431, -1.007776, -55.041107, -0.632886, 0.616890, -0.392846, 0.002293, 14.356445, 13.800049, 203.002914
0.000000, -0.001745, 1043.000000, 0.000000, 2000.000000, 1000.000000, 13.881141, 14.262446, 14.389424, 13.466989, 0.325935, -0.071794, 0.135283, 0.310246, -0.068338, 0.124284, 0.015690, -0.003456, 0.010999, -0.000000, 0.000000, -0.000000, 0.000000, -0.008726, 0.000000, -11.972022, 1.242619, -55.525234, -0.886417, 0.186526, -0.082856, 0.001770, 14.454102, 7.800293, 115.722649
0.000000, -0.001745, 1045.000000, 0.000000, 2000.000000, 1000.000000, 13.932726, 14.075453, 14.629616, 13.362206, 0.352535, -0.004089, 0.281171, 0.330752, -0.003837, 0.252115, 0.021782, -0.000253, 0.029056, -0.000000, 0.000000, -0.000000, 0.000000, -0.008726, 0.000000, -14.134731, 4.812351, -55.867760, -0.945006, 0.002236, -0.168076, 0.002305, 14.442383, 10.559082, 156.127930
0.000000, -0.001745, 1046.000000, 0.000000, 2000.000000, 1000.000000, 14.122968, 13.985126, 14.455140, 13.436767, 0.220132, -0.054046, 0.289053, 0.206969, -0.050815, 0.260104, 0.013163, -0.003232, 0.028950, -0.000000, 0.000000, -0.000000, 0.000000, -0.008726, 0.000000, -15.114923, 6.566890, -56.327053, -0.591341, 0.136458, -0.173403, 0.002226, 14.434570, 10.919189, 161.315903
0.000000, -0.001745, 1046.000000, 0.000000, 2000.000000, 1000.000000, 14.147729, 14.216002, 14.001092, 13.635177, 0.108548, -0.181865, 0.074411, 0.103320, -0.173106, 0.068358, 0.005228, -0.008759, 0.006053, -0.000000, 0.000000, -0.000000, 0.000000, -0.008726, 0.000000, -14.964751, 7.982812, -56.621384, -0.295199, 0.485863, -0.045572, 0.001771, 14.411133, 11.840820, 174.682602
0.000000, 0.000000, 1046.000000, 0.000000, 2000.000000, 1000.000000, 14.476314, 14.166938, 13.825999, 13.530749, -0.003532, -0.321626, 0.151156, -0.003313, -0.301665, 0.135469, -0.000219, -0.019962, 0.015687, 0.000000, 0.000000, -0.000000, 0.000000, 0.000000, 0.000000, -12.537067, 10.074355, -57.213959, 0.009465, 0.861899, -0.090313, 0.002316, 14.434570, 10.760498, 158.996582
0.000000, 0.000000, 1048.000000, 0.000000, 2000.000000, 1000.000000, 14.505270, 13.825449, 14.196102, 13.473179, 0.010776, -0.165360, 0.350686, 0.010110, -0.155138, 0.314432, 0.000666, -0.010221, 0.036254, -0.000000, 0.000000, -0.000000, 0.000000, 0.000000, 0.000000, -10.916685, 10.908307, -57.949017, -0.028884, 0.443253, -0.209621, 0.002306, 14.422852, 11.120605, 171.325668
0.000000, 0.000000, 1054.000000, 0.000000, 2000.000000, 1000.000000, 15.167320, 14.963844, 15.365923, 14.502913, 0.164884, -0.065582, 0.266621, 0.156636, -0.062301, 0.244125, 0.008248, -0.003281, 0.022496, -0.000000, 0.000000, -0.000000, 0.000000, 0.000000, 0.000000, -10.705991, 11.794515, -58.516552, -0.447531, 0.178004, -0.162750, 0.001843, 14.313477, 15.039062, 220.214828
0.000000, 0.000000, 1054.000000, 0.000000, 2000.000000, 1000.000000, 15.279495, 15.231630, 15.412790, 14.076084, 0.322210, -0.255563, 0.346143, 0.304653, -0.241637, 0.314432, 0.017557, -0.013925, 0.031710, -0.000000, 0.000000, -0.000000, 0.000000, 0.000000, 0.000000, -10.715618, 15.189440, -59.135513, -0.870438, 0.690392, -0.209621, 0.002017, 14.329102, 14.520264, 212.890610
0.000000, 0.000000, 1054.000000, 0.000000, 2000.000000, 1000.000000, 15.582416, 14.946254, 15.554650, 13.916680, 0.250452, -0.264335, 0.568533, 0.235305, -0.248348, 0.510972, 0.015147, -0.015987, 0.057561, -0.000000, 0.000000, -0.000000, 0.000000, 0.000000, 0.000000, -10.054503, 17.860537, -60.087212, -0.672300, 0.709567, -0.340648, 0.002253, 14.391602, 11.599731, 170.898422
0.000000, 0.000000, 1054.000000, 0.000000, 2000.000000, 1000.000000, 15.662697, 14.606934, 15.641552, 14.088818, 0.124243, -0.134815, 0.652124, 0.118233, -0.128294, 0.598856, 0.006010, -0.006521, 0.053268, -0.000000, 0.000000, -0.000000, 0.000000, 0.000000, 0.000000, -9.381494, 19.578259, -61.324009, -0.337809, 0.366554, -0.399237, 0.001779, 14.360352, 13.241577, 194.702133
0.000000, 0.000000, 1055.000000, 0.000000, 2000.000000, 1000.000000, 15.949509, 14.167248, 15.934441, 13.948803, 0.050844, -0.058378, 0.941974, 0.047766, -0.054844, 0.846528, 0.003078, -0.003534, 0.095446, -0.000000, 0.000000, -0.000000, 0.000000, 0.000000, 0.000000, -8.906124, 20.902319, -63.510273, -0.136476, 0.156698, -0.564352, 0.002255, 14.383789, 12.438965, 183.288559
0.000000, 0.000000, 1056.000000, 0.001745, 2000.000000, 1000.000000, 16.003529, 14.002095, 15.959189, 14.035188, -0.019358, -0.002811, 0.981359, -0.018226, -0.002647, 0.885184, -0.001132, -0.000164, 0.096175, 0.000000, 0.000000, -0.000000, 0.000000, 0.000000, 0.008726, -8.798517, 21.091412, -65.098198, 0.052075, 0.007562, -0.581396, 0.002173, 14.309570, 17.639160, 258.178711
0.000000, 0.000000, 1055.000000, 0.001745, 2000.000000, 1000.000000, 15.881574, 13.986669, 15.887080, 14.244678, -0.063126, 0.065879, 0.884327, -0.059984, 0.062600, 0.810083, -0.003141, 0.003278, 0.074244, 0.000000, -0.000000, -0.000000, 0.000000, 0.000000, 0.008726, -8.878130, 20.591442, -66.573174, 0.171384, -0.178858, -0.531329, 0.001833, 14.391602, 12.161255, 179.077133
0.000000, 0.000000, 1058.000000, 0.001745, 2000.000000, 1000.000000, 15.910470, 14.123662, 16.023729, 13.942140, 0.073695, -0.017066, 0.967099, 0.069391, -0.016069, 0.872400, 0.004304, -0.000997, 0.094699, -0.000000, 0.000000, -0.000000, 0.000000, 0.000000, 0.008726, -9.060014, 20.598129, -68.025253, -0.198260, 0.045912, -0.572874, 0.002171, 14.313477, 14.678955, 215.332016
0.000000, 0.000000, 1056.000000, 0.000000, 2000.000000, 1000.000000, 15.713842, 14.529442, 15.465086, 14.291630, -0.002736, -0.121642, 0.589464, -0.002567, -0.114126, 0.528549, -0.000169, -0.007516, 0.060915, 0.000000, 0.000000, -0.000000, 0.000000, 0.000000, 0.000000, -8.403501, 21.229847, -70.870903, 0.007334, 0.326074, -0.352366, 0.002305, 14.391602, 11.480713, 169.311508
0.000000, 0.000000, 1061.000000, 0.000000, 2000.000000, 1000.000000, 16.732014, 15.337238, 16.408424, 15.522324, -0.127168, -0.034626, 0.570219, -0.119266, -0.032474, 0.510972, -0.007902, -0.002152, 0.059247, 0.000000, 0.000000, -0.000000, 0.000000, 0.000000, 0.000000, -7.629095, 20.799742, -72.045914, 0.340760, 0.092783, -0.340648, 0.002319, 14.360352, 13.360596, 196.533188
0.000000, 0.000000, 1065.000000, 0.000000, 2000.000000, 1000.000000, 17.339108, 14.773293, 16.721735, 15.165863, -0.252486, -0.056201, 1.030422, -0.239693, -0.053353, 0.942401, -0.012793, -0.002848, 0.088020, 0.000000, 0.000000, -0.000000, 0.000000, 0.000000, 0.000000, -6.822691, 19.419527, -73.811935, 0.684838, 0.152437, -0.628268, 0.001868, 14.211914, 18.441772, 268.127441
0.000000, 0.000000, 1066.000000, -0.001745, 2000.000000, 1000.000000, 17.311569, 14.439595, 17.038013, 15.210824, -0.261196, 0.124418, 1.174791, -0.244913, 0.116662, 1.052350, -0.016283, 0.007756, 0.122441, 0.000000, -0.000000, -0.000000, 0.000000, 0.000000, -0.008726, -6.254982, 16.333189, -75.497787, 0.699752, -0.333320, -0.710293, 0.002327, 14.223633, 17.199707, 250.610336
0.000000, 0.000000, 1066.000000, 0.000000, 2000.000000, 1000.000000, 16.279799, 15.432833, 15.973249, 16.314119, -0.296959, 0.143685, 0.126523, -0.278096, 0.134558, 0.113098, -0.018863, 0.009127, 0.013425, 0.000000, -0.000000, -0.000000, 0.000000, 0.000000, 0.000000, -6.739354, 14.243504, -76.259659, 0.794560, -0.384453, -0.075399, 0.002374, 14.223633, 18.441772, 268.676758
0.000000, 0.000000, 1064.000000, 0.000000, 2000.000000, 1000.000000, 16.398714, 15.371823, 15.899693, 16.329767, -0.364241, 0.114731, 0.149204, -0.346698, 0.109205, 0.137067, -0.017543, 0.005526, 0.012137, 0.000000, -0.000000, -0.000000, 0.000000, 0.000000, 0.000000, -7.096829, 11.640907, -76.309029, 0.990567, -0.312015, -0.091378, 0.001771, 14.274414, 16.000366, 233.825668
0.000000, 0.000000, 1064.000000, 0.000000, 2000.000000, 1000.000000, 17.179035, 14.898930, 16.063990, 15.858044, -0.518540, -0.038983, 0.621513, -0.486514, -0.036575, 0.557311, -0.032026, -0.002408, 0.064202, 0.000000, 0.000000, -0.000000, 0.000000, 0.000000, 0.000000, -6.423788, 6.595385, -77.516418, 1.390039, 0.104501, -0.371541, 0.002304, 14.239258, 17.120361, 249.877914
0.000000, 0.000000, 1064.000000, 0.000000, 2000.000000, 1000.000000, 17.778090, 14.500872, 16.187445, 15.533594, -0.655841, -0.139480, 0.982767, -0.615516, -0.130904, 0.881682, -0.040325, -0.008576, 0.101085, 0.000000, 0.000000, -0.000000, 0.000000, 0.000000, 0.000000, -4.812150, 2.395046, -79.354523, 1.758618, 0.374011, -0.587788, 0.002293, 14.258789, 16.558838, 241.699203
0.000000, 0.000000, 1065.000000, 0.000000, 2000.000000, 1000.000000, 16.745932, 15.424167, 15.159360, 16.670542, -0.708236, -0.085048, -0.047355, -0.674052, -0.080943, -0.043494, -0.034184, -0.004105, -0.003860, 0.000000, 0.000000, 0.000000, 0.000000, 0.000000, 0.000000, -3.044542, -2.267879, -79.841034, 1.925863, 0.231266, 0.028996, 0.001775, 14.266602, 15.240479, 222.595200
0.000000, 0.000000, 1064.000000, 0.000000, 2000.000000, 1000.000000, 16.916004, 15.014161, 15.318295, 16.751541, -0.833772, 0.034918, 0.117149, -0.782549, 0.032773, 0.105109, -0.051223, 0.002145, 0.012040, 0.000000, -0.000000, -0.000000, 0.000000, 0.000000, 0.000000, -1.110442, -10.584250, -79.619774, 2.235853, -0.093637, -0.070073, 0.002291, 14.270508, 16.079712, 234.802231
0.000000, 0.000000, 1064.000000, 0.000000, 2000.000000, 1000.000000, 16.976854, 15.016894, 15.453872, 16.552382, -0.764617, 0.003125, 0.215363, -0.720657, 0.002946, 0.194591, -0.043960, 0.000180, 0.020773, 0.000000, -0.000000, -0.000000, 0.000000, 0.000000, 0.000000, -0.290633, -16.382660, -79.716934, 2.059021, -0.008417, -0.129727, 0.002135, 14.293945, 14.678955, 214.782700
0.000000, 0.000000, 1064.000000, 0.000000, 2000.000000, 1000.000000, 17.048548, 15.269011, 15.538174, 16.144266, -0.596408, -0.158779, 0.293361, -0.565929, -0.150664, 0.268093, -0.030479, -0.008114, 0.025268, 0.000000, 0.000000, -0.000000, 0.000000, 0.000000, 0.000000, 1.347136, -21.200106, -79.596764, 1.616939, 0.430470, -0.178729, 0.001885, 14.227539, 17.361450, 252.929672
0.000000, 0.000000, 1065.000000, -0.001745, 2000.000000, 1000.000000, 16.666084, 15.652703, 15.788651, 15.892558, -0.279323, -0.159395, 0.227368, -0.262064, -0.149546, 0.203872, -0.017259, -0.009849, 0.023496, 0.000000, 0.000000, -0.000000, 0.000000, 0.000000, -0.008726, 4.601902, -25.084377, -78.986343, 0.748754, 0.427274, -0.144641, 0.002305, 14.297852, 14.639282, 214.294418
0.000000, 0.003490, 1065.000000, -0.001745, 2000.000000, 1000.000000, 16.372717, 15.792947, 16.184128, 15.650209, -0.011463, -0.082831, 0.278422, -0.010769, -0.077818, 0.250211, -0.000694, -0.005014, 0.028211, 0.000000, 0.000000, -0.000000, 0.000000, 0.017452, -0.008726, 5.698481, -25.881413, -78.876183, 0.030770, 0.239788, -0.175533, 0.002255, 14.239258, 16.760254, 244.323715
-0.001745, 0.005236, 1065.000000, -0.001745, 2000.000000, 1000.000000, 16.046997, 15.922078, 16.348133, 15.682793, 0.135105, 0.015462, 0.197564, 0.128601, 0.014718, 0.181502, 0.006504, 0.000744, 0.016063, -0.000000, -0.000000, -0.000000, -0.008726, 0.026178, -0.008726, 5.723183, -25.423141, -80.421646, -0.376159, -0.015873, -0.129727, 0.001770, 14.247070, 16.281128, 237.426743
-0.024433, 0.020942, 1064.000000, -0.001745, 2000.000000, 1000.000000, 15.986433, 15.833616, 16.118414, 16.061537, -0.023985, 0.089975, 0.052423, -0.022581, 0.084709, 0.047279, -0.001404, 0.005266, 0.005144, 0.000000, -0.000000, -0.000000, -0.122164, 0.104712, -0.008726, 5.024700, -24.585073, -80.473267, -0.057646, -0.137313, -0.040245, 0.002176, 14.262695, 16.918945, 246.704086
-0.040140, 0.003490, 1064.000000, -0.001745, 2000.000000, 1000.000000, 16.541048, 15.455546, 16.099106, 15.904299, -0.222673, 0.001703, 0.320078, -0.208898, 0.001597, 0.286962, -0.013775, 0.000105, 0.033115, 0.000000, -0.000000, -0.000000, -0.200698, 0.017452, -0.008726, 4.739539, -25.123705, -81.044418, 0.396153, 0.012889, -0.200034, 0.002308, 14.258789, 16.439819, 239.990219
-0.003490, -0.001745, 1064.000000, -0.001745, 2000.000000, 1000.000000, 16.617411, 15.727116, 15.708773, 15.946698, -0.282056, -0.172265, 0.163093, -0.268172, -0.163785, 0.149544, -0.013884, -0.008479, 0.013549, 0.000000, 0.000000, -0.000000, -0.017452, -0.008726, -0.008726, 5.744881, -26.598024, -80.998543, 0.748754, 0.459232, -0.108422, 0.001812, 14.293945, 14.279175, 208.984360
0.000000, -0.001745, 1064.000000, -0.001745, 2000.000000, 1000.000000, 16.860115, 15.632394, 15.855538, 15.651955, -0.256034, -0.246254, 0.357826, -0.240066, -0.230896, 0.320518, -0.015968, -0.015358, 0.037308, 0.000000, 0.000000, -0.000000, 0.000000, -0.008726, -0.008726, 9.194361, -29.274071, -80.028229, 0.685903, 0.650978, -0.222404, 0.002328, 14.282227, 15.161133, 221.679672
0.000000, -0.001745, 1064.000000, -0.001745, 2000.000000, 1000.000000, 18.323671, 13.780598, 18.270323, 13.625408, 0.025460, -0.052135, 2.296997, 0.023905, -0.048950, 2.062214, 0.001555, -0.003185, 0.234783, -0.000000, 0.000000, -0.000000, 0.000000, -0.008726, -0.008726, 10.405938, -29.635567, -82.503006, -0.068299, 0.131132, -1.383535, 0.002277, 14.145508, 19.720459, 285.705566
0.000000, -0.001745, 1063.000000, 0.000000, 2000.000000, 1000.000000, 15.665952, 16.379738, 15.793580, 16.160730, 0.086659, -0.022845, -0.270234, 0.082441, -0.021733, -0.248024, 0.004219, -0.001112, -0.022211, -0.000000, 0.000000, 0.000000, 0.000000, -0.008726, 0.000000, 10.566386, -29.263853, -83.571518, -0.235544, 0.053368, 0.165349, 0.001791, 14.231445, 16.519165, 240.600571
0.000000, -0.001745, 1053.000000, 0.000000, 2000.000000, 1000.000000, 15.455348, 14.794131, 15.440127, 14.310393, 0.117129, -0.124740, 0.447737, 0.110031, -0.117180, 0.402316, 0.007099, -0.007560, 0.045421, -0.000000, 0.000000, -0.000000, 0.000000, -0.008726, 0.000000, 11.074140, -27.983065, -83.172333, -0.314374, 0.326074, -0.268211, 0.002258, 14.372070, 11.999512, 176.574692
0.000000, -0.001745, 1051.000000, 0.000000, 2000.000000, 1000.000000, 15.707582, 14.804541, 15.527655, 13.960222, 0.166097, -0.256062, 0.617619, 0.157754, -0.243200, 0.565300, 0.008343, -0.012862, 0.052319, -0.000000, 0.000000, -0.000000, 0.000000, -0.008726, 0.000000, 12.499250, -26.816036, -83.447472, -0.450727, 0.686131, -0.376867, 0.001851, 14.368164, 11.160278, 164.306625
0.000000, 0.012216, 1052.000000, 0.000000, 2000.000000, 1000.000000, 15.861376, 14.943394, 15.471325, 13.723906, 0.207359, -0.402384, 0.666350, 0.197275, -0.382817, 0.611639, 0.010084, -0.019567, 0.054711, -0.000000, 0.000000, -0.000000, 0.000000, 0.061082, 0.000000, 15.182172, -24.990959, -83.445259, -0.563644, 1.154845, -0.407759, 0.001789, 14.360352, 12.121582, 178.222641
-0.062827, 0.092496, 1051.000000, 0.000000, 2000.000000, 1000.000000, 16.017441, 14.642055, 15.591508, 13.748998, 0.116781, -0.329747, 0.804474, 0.109325, -0.308694, 0.718697, 0.007456, -0.021053, 0.085777, -0.000000, 0.000000, -0.000000, -0.314136, 0.462478, 0.000000, 20.437035, -21.713919, -83.063805, -0.626494, 1.344461, -0.479132, 0.002387, 14.348633, 12.719727, 186.828598
-0.164049, 0.158813, 1046.000000, 0.000000, 2000.000000, 1000.000000, 15.073821, 13.219604, 14.655755, 13.050820, -0.062320, -0.146713, 0.864788, -0.058864, -0.138576, 0.784211, -0.003456, -0.008136, 0.080578, -0.000000, 0.000000, -0.000000, -0.820244, 0.794066, 0.000000, 23.901653, -19.655771, -83.236328, -0.652060, 1.189998, -0.522807, 0.002055, 14.364258, 9.039307, 133.178711
-0.251309, 0.158813, 1037.000000, -0.001745, 2000.000000, 1000.000000, 13.825008, 12.012455, 13.848539, 12.313997, -0.069503, 0.081268, 0.836774, -0.065789, 0.076925, 0.761534, -0.003714, 0.004343, 0.075240, -0.000000, 0.000000, -0.000000, -1.256544, 0.794066, -0.008726, 26.188814, -17.054905, -83.886757, -1.068576, 0.574279, -0.516416, 0.001976, 14.555664, 4.519653, 67.321777
-0.282722, 0.151832, 1037.000000, 0.000000, 2000.000000, 1000.000000, 13.354990, 12.308344, 14.291056, 12.045610, 0.299700, 0.168333, 0.823022, 0.281159, 0.157919, 0.737872, 0.018540, 0.010414, 0.085150, -0.000000, -0.000000, -0.000000, -1.413612, 0.759162, 0.000000, 27.034000, -10.083257, -85.847313, -2.216924, 0.307965, -0.491915, 0.002308, 14.442383, 9.359741, 138.427734
-0.247818, 0.127400, 1043.000000, -0.001745, 2000.000000, 1000.000000, 14.050756, 13.849580, 15.286229, 12.813436, 0.567904, 0.049832, 0.668493, 0.539101, 0.047305, 0.611333, 0.028803, 0.002527, 0.057160, -0.000000, 0.000000, -0.000000, -1.239092, 0.636998, -0.008726, 27.770082, -3.205304, -86.984795, -2.779380, 0.501842, -0.416281, 0.001870, 14.465820, 8.639526, 127.929680
-0.235602, 0.064572, 1054.000000, -0.001745, 2000.000000, 1000.000000, 14.986074, 14.876539, 16.201424, 13.935963, 0.538981, 0.068693, 0.593749, 0.506045, 0.064496, 0.533037, 0.032936, 0.004198, 0.060713, -0.000000, -0.000000, -0.000000, -1.178010, 0.322862, -0.008726, 28.984371, 8.840233, -88.463333, -2.623852, 0.138589, -0.364084, 0.002278, 14.274414, 15.161133, 221.618637
-0.169284, 0.064572, 1056.000000, 0.000000, 2000.000000, 1000.000000, 14.888204, 14.547599, 16.179951, 14.384248, 0.363774, 0.282098, 0.534077, 0.341352, 0.264711, 0.479014, 0.022422, 0.017388, 0.055063, -0.000000, -0.000000, -0.000000, -0.846422, 0.322862, 0.000000, 28.316690, 14.796394, -89.232651, -1.821713, -0.433454, -0.319343, 0.002299, 14.309570, 13.558960, 198.730453
-0.078534, 0.027923, 1055.000000, -0.001745, 2000.000000, 1000.000000, 14.737568, 14.636948, 16.072254, 14.553230, 0.354601, 0.312742, 0.404911, 0.336488, 0.296767, 0.370052, 0.018113, 0.015975, 0.034859, -0.000000, -0.000000, -0.000000, -0.392670, 0.139616, -0.008726, 26.557713, 18.900776, -89.470825, -1.354065, -0.708291, -0.255427, 0.001884, 14.309570, 13.198853, 193.420395
0.000000, -0.001745, 1075.000000, -0.001745, 2000.000000, 1000.000000, 16.733503, 16.708399, 17.980692, 16.577406, 0.344546, 0.279049, 0.357097, 0.324414, 0.262744, 0.322116, 0.020132, 0.016305, 0.034982, -0.000000, -0.000000, -0.000000, 0.000000, -0.008726, -0.008726, 24.262882, 22.064205, -89.326355, -0.926897, -0.759423, -0.223470, 0.002172, 13.950195, 26.840210, 383.727997
0.000000, -0.001745, 1072.000000, 0.000000, 2000.000000, 1000.000000, 18.478569, 14.906151, 19.216568, 15.398712, 0.061359, 0.307641, 1.847569, 0.057833, 0.289961, 1.669440, 0.003526, 0.017679, 0.178129, -0.000000, -0.000000, -0.000000, 0.000000, -0.008726, 0.000000, 20.855007, 24.112799, -90.052826, -0.165237, -0.837187, -1.112960, 0.002134, 14.020508, 24.319458, 349.304169
0.000000, -0.001745, 1071.000000, 0.000000, 2000.000000, 1000.000000, 16.867365, 16.469206, 17.565813, 17.097616, 0.017510, 0.331715, 0.216589, 0.016448, 0.311586, 0.194591, 0.001063, 0.020128, 0.021998, 0.000000, -0.000000, -0.000000, 0.000000, -0.008726, 0.000000, 18.211355, 24.164076, -90.338791, -0.046994, -0.898972, -0.129727, 0.002261, 14.157227, 19.039917, 275.878906
0.000000, -0.001745, 1070.000000, 0.001745, 2000.000000, 1000.000000, 16.992363, 16.318382, 17.643230, 17.046024, -0.019194, 0.344627, 0.317797, -0.018226, 0.327245, 0.290770, -0.000968, 0.017381, 0.027027, 0.000000, -0.000000, -0.000000, 0.000000, -0.008726, 0.008726, 15.460375, 24.248041, -90.030304, 0.052075, -0.943713, -0.185120, 0.001859, 14.122070, 21.081543, 304.931641
0.000000, 0.000000, 1071.000000, 0.019197, 2000.000000, 1000.000000, 17.292885, 16.006824, 17.931984, 16.768307, -0.030595, 0.350146, 0.612434, -0.028666, 0.328062, 0.547893, -0.001930, 0.022083, 0.064542, 0.000000, -0.000000, -0.000000, 0.000000, 0.000000, 0.095986, 11.504185, 24.197210, -89.373291, 0.081902, -0.937321, -0.269276, 0.002356, 14.137695, 19.601440, 283.813477
0.000000, 0.000000, 1071.000000, 0.001745, 2000.000000, 1000.000000, 17.071842, 15.920285, 17.867069, 17.140804, -0.106324, 0.503937, 0.469455, -0.100997, 0.478690, 0.429786, -0.005327, 0.025247, 0.039669, 0.000000, -0.000000, -0.000000, 0.000000, 0.000000, 0.008726, 8.196115, 23.811737, -88.747940, 0.288562, -1.367685, -0.277798, 0.001846, 14.075195, 21.441650, 309.082031
0.000000, -0.001745, 1067.000000, 0.000000, 2000.000000, 1000.000000, 16.192957, 14.596687, 17.066607, 16.143749, -0.168353, 0.605178, 0.629782, -0.159906, 0.574811, 0.576486, -0.008448, 0.030366, 0.053296, 0.000000, -0.000000, -0.000000, 0.000000, -0.008726, 0.000000, 3.642273, 22.562057, -87.875252, 0.456873, -1.651044, -0.384324, 0.001849, 14.247070, 13.760376, 200.805649
0.000000, 0.000000, 1052.000000, 0.000000, 2000.000000, 1000.000000, 15.761631, 13.614288, 16.013693, 14.610388, -0.186010, 0.312041, 0.887662, -0.174446, 0.292643, 0.795396, -0.011563, 0.019398, 0.092266, 0.000000, -0.000000, -0.000000, 0.000000, 0.000000, 0.000000, -2.330925, 20.343866, -87.592773, 0.498418, -0.836122, -0.530264, 0.002320, 14.387695, 9.799194, 144.409180
0.000000, 0.000000, 1044.000000, 0.000000, 2000.000000, 1000.000000, 14.687399, 13.320551, 14.185162, 13.806889, -0.247144, -0.003975, 0.436281, -0.234101, -0.003765, 0.397522, -0.013043, -0.000210, 0.038758, 0.000000, 0.000000, -0.000000, 0.000000, 0.000000, 0.000000, -3.333357, 18.708038, -88.279518, 0.668859, 0.010758, -0.265015, 0.001950, 14.465820, 7.958984, 117.797844
0.000000, 0.006981, 1006.000000, 0.000000, 2000.000000, 1000.000000, 10.979180, 9.393163, 9.847821, 9.779836, -0.379508, -0.186171, 0.413501, -0.379508, -0.186171, 0.413501, 0.000000, 0.000000, 0.000000, 0.000000, 0.000000, -0.000000, 0.000000, 0.034904, 0.000000, -2.124154, 16.083176, -89.396400, 1.084310, 0.566823, -0.275667, 0.001808, 14.766602, 0.079346, 1.220703
0.001745, 0.059337, 1000.000000, 0.000000, 2000.000000, 1000.000000, 10.899523, 9.027094, 9.997786, 10.075598, -0.487561, 0.036691, 0.448655, -0.487561, 0.036691, 0.448655, 0.000000, 0.000000, 0.000000, 0.000000, 0.000000, -0.000000, 0.008726, 0.296684, 0.000000, -0.084615, 10.451152, -91.148911, 1.401757, 0.191852, -0.299103, 0.002029, 14.684570, 0.399780, 5.981445
-0.001745, 0.075044, 1002.000000, -0.001745, 2000.000000, 1000.000000, 10.612111, 8.861339, 10.354894, 10.171657, -0.391883, 0.263275, 0.483502, -0.391883, 0.263275, 0.483502, 0.000000, 0.000000, 0.000000, 0.000000, -0.000000, -0.000000, -0.008726, 0.375218, -0.008726, -0.514498, 7.083755, -91.913498, 1.110941, -0.376996, -0.331061, 0.002372, 14.606445, 3.039551, 45.471188
-0.001745, 0.075044, 1003.000000, -0.001745, 2000.000000, 1000.000000, 10.427449, 9.026614, 10.357396, 10.188540, -0.307994, 0.272969, 0.392423, -0.307994, 0.272969, 0.392423, 0.000000, 0.000000, 0.000000, 0.000000, -0.000000, -0.000000, -0.008726, 0.375218, -0.008726, -1.810355, 4.456490, -92.607384, 0.871258, -0.404692, -0.270341, 0.001770, 14.583008, 3.640747, 54.321285
-0.001745, 0.075044, 1007.000000, -0.001745, 2000.000000, 1000.000000, 10.499780, 9.333835, 10.173213, 9.993173, -0.246476, 0.083193, 0.336497, -0.246476, 0.083193, 0.336497, 0.000000, 0.000000, 0.000000, 0.000000, -0.000000, -0.000000, -0.008726, 0.375218, -0.008726, -2.553288, 1.419074, -93.538216, 0.695491, 0.137524, -0.233057, 0.002228, 14.563477, 4.519653, 67.382812
-0.001745, 0.083770, 1014.000000, -0.001745, 2000.000000, 1000.000000, 11.594021, 10.420147, 10.920822, 11.065010, -0.329516, -0.007084, 0.257421, -0.310604, -0.006677, 0.232634, -0.018911, -0.000407, 0.024787, 0.000000, 0.000000, -0.000000, -0.008726, 0.418848, -0.008726, -1.842556, -0.693392, -94.105904, 0.878715, 0.437926, -0.163815, 0.002131, 14.504883, 8.999634, 133.483887
-0.001745, 0.102967, 1047.000000, 0.000000, 2000.000000, 1000.000000, 14.852613, 13.190430, 13.841879, 14.115078, -0.483845, -0.021522, 0.347247, -0.459368, -0.020433, 0.317628, -0.024478, -0.001089, 0.029619, 0.000000, 0.000000, -0.000000, -0.008726, 0.514834, 0.000000, -0.666469, -3.738614, -94.505646, 1.303753, 0.573214, -0.211752, 0.001865, 14.137695, 19.601440, 283.874512
-0.005236, 0.102967, 1048.000000, 0.000000, 2000.000000, 1000.000000, 15.050914, 12.916348, 13.593257, 14.439481, -0.745197, 0.016369, 0.322085, -0.699247, 0.015360, 0.288866, -0.045950, 0.001009, 0.033220, 0.000000, 0.000000, -0.000000, -0.026178, 0.514834, 0.000000, 0.912165, -10.772996, -95.351044, 1.971669, 0.470949, -0.192577, 0.002300, 14.391602, 10.598755, 156.127930
-0.005236, 0.095986, 1047.000000, 0.000000, 2000.000000, 1000.000000, 15.330752, 12.663325, 13.839454, 14.166469, -0.748610, 0.002961, 0.585103, -0.700365, 0.002770, 0.522157, -0.048245, 0.000191, 0.062946, 0.000000, 0.000000, -0.000000, -0.026178, 0.479930, 0.000000, 1.643059, -16.308214, -96.403297, 1.974865, 0.472015, -0.348105, 0.002411, 14.403320, 10.519409, 155.212402
-0.008726, 0.094241, 1046.000000, 0.000000, 2000.000000, 1000.000000, 14.647289, 13.550030, 13.155670, 14.647011, -0.647150, -0.098660, -0.098520, -0.613263, -0.093494, -0.089833, -0.033887, -0.005166, -0.008687, 0.000000, 0.000000, 0.000000, -0.043630, 0.471204, 0.000000, 2.794768, -21.667875, -96.178581, 1.708551, 0.738329, 0.059889, 0.001934, 14.379883, 10.839844, 159.606934
-0.055846, 0.099476, 1046.000000, 0.000000, 2000.000000, 1000.000000, 15.165994, 13.277539, 13.463811, 14.092656, -0.629325, -0.221767, 0.314902, -0.590583, -0.208114, 0.282474, -0.038742, -0.013652, 0.032428, 0.000000, 0.000000, -0.000000, -0.279232, 0.497382, 0.000000, 6.303043, -28.458586, -94.863533, 1.408148, 1.091995, -0.188316, 0.002296, 14.333008, 13.040161, 191.528305
-0.097731, 0.090750, 1046.000000, 0.000000, 2000.000000, 1000.000000, 15.189871, 13.272091, 13.658426, 13.879612, -0.534742, -0.230981, 0.424149, -0.507661, -0.219284, 0.387935, -0.027080, -0.011697, 0.036214, 0.000000, 0.000000, -0.000000, -0.488656, 0.453752, 0.000000, 9.448359, -31.929750, -93.931602, 0.961805, 1.080277, -0.258623, 0.001867, 14.383789, 11.120605, 163.818344
-0.137871, 0.085515, 1033.000000, 0.000000, 2000.000000, 1000.000000, 13.840084, 12.138453, 13.115694, 12.905769, -0.372926, 0.010732, 0.477889, -0.353456, 0.010172, 0.435871, -0.019470, 0.000560, 0.042018, 0.000000, 0.000000, -0.000000, -0.689354, 0.427574, 0.000000, 11.827990, -33.831177, -93.404808, 0.320520, 0.398512, -0.290581, 0.001928, 14.512695, 5.041504, 75.012207
-0.228621, 0.061082, 1007.000000, 0.000000, 2000.000000, 1000.000000, 10.465673, 8.882898, 10.569054, 10.082375, -0.274024, 0.325714, 0.517364, -0.274024, 0.325714, 0.517364, 0.000000, 0.000000, 0.000000, 0.000000, -0.000000, -0.000000, -1.143106, 0.305410, 0.000000, 10.874688, -33.274376, -95.314034, -0.360180, -0.625201, -0.344909, 0.002345, 15.379883, 0.000000, 0.000000
-0.298429, 0.045375, 1009.000000, -0.001745, 2000.000000, 1000.000000, 10.507908, 9.014948, 10.634865, 9.842279, -0.175094, 0.238572, 0.571386, -0.175094, 0.238572, 0.571386, 0.000000, 0.000000, 0.000000, -0.000000, -0.000000, -0.000000, -1.492146, 0.226876, -0.008726, 8.197317, -30.335800, -98.245377, -0.991877, -0.454760, -0.389650, 0.002055, 14.602539, 3.320312, 49.682613
-0.300174, 0.029668, 1037.000000, -0.001745, 2000.000000, 1000.000000, 13.476381, 12.337372, 13.719801, 12.466446, 0.028587, 0.093124, 0.598091, 0.026914, 0.087675, 0.539428, 0.001673, 0.005448, 0.058663, -0.000000, -0.000000, -0.000000, -1.500872, 0.148342, -0.008726, 8.034259, -26.717186, -99.356720, -1.577769, -0.102159, -0.368345, 0.002175, 14.368164, 12.121582, 178.405746
-0.298429, 0.022688, 1049.000000, -0.001745, 2000.000000, 1000.000000, 14.392941, 13.536154, 14.774292, 13.296614, 0.155223, 0.035453, 0.583616, 0.145921, 0.033328, 0.525047, 0.009301, 0.002124, 0.058569, -0.000000, -0.000000, -0.000000, -1.492146, 0.113438, -0.008726, 8.859792, -21.994589, -99.966797, -1.909064, 0.018215, -0.358757, 0.002231, 14.235352, 15.960693, 232.788071
-0.301920, 0.012216, 1068.000000, -0.001745, 2000.000000, 1000.000000, 16.324427, 15.453035, 17.210016, 15.012522, 0.331525, 0.111269, 0.767222, 0.310201, 0.104112, 0.684836, 0.021324, 0.007157, 0.082386, -0.000000, -0.000000, -0.000000, -1.509598, 0.061082, -0.008726, 10.403945, -13.193349, -101.227280, -2.395887, -0.236382, -0.465283, 0.002406, 14.071289, 21.719360, 313.110352
-0.300174, 0.003490, 1078.000000, -0.001745, 2000.000000, 1000.000000, 16.910128, 16.580027, 18.478930, 16.030916, 0.529478, 0.254923, 0.694528, 0.498930, 0.240215, 0.627312, 0.030549, 0.014708, 0.067216, -0.000000, -0.000000, -0.000000, -1.500872, 0.017452, -0.008726, 10.660792, -6.016093, -102.394684, -2.926385, -0.668876, -0.426934, 0.002143, 14.016602, 24.200439, 335.876434
-0.242583, 0.001745, 1077.000000, 0.000000, 2000.000000, 1000.000000, 16.624203, 16.592138, 18.915819, 15.867839, 0.753978, 0.391829, 0.770011, 0.716787, 0.372502, 0.705914, 0.037191, 0.019328, 0.064097, -0.000000, -0.000000, -0.000000, -1.212914, 0.008726, 0.000000, 10.309337, 2.663810, -103.536880, -3.260876, -1.055565, -0.470610, 0.001816, 14.172852, 18.121338, 263.000488
-0.184991, 0.001745, 1077.000000, 0.000000, 2000.000000, 1000.000000, 16.401470, 16.358919, 18.816118, 16.423494, 0.587518, 0.619806, 0.608793, 0.551364, 0.581665, 0.546126, 0.036154, 0.038141, 0.062668, -0.000000, -0.000000, -0.000000, -0.924956, 0.008726, 0.000000, 7.627493, 16.197418, -104.852425, -2.500282, -1.653174, -0.364084, 0.002295, 14.161133, 17.559814, 254.821762
-0.171030, 0.001745, 1076.000000, 0.000000, 2000.000000, 1000.000000, 16.474340, 16.332363, 18.517384, 16.675911, 0.424874, 0.596648, 0.495862, 0.399071, 0.560413, 0.445459, 0.025803, 0.036235, 0.050404, -0.000000, -0.000000, -0.000000, -0.855148, 0.008726, 0.000000, 4.757617, 23.042431, -104.789848, -1.995350, -1.592455, -0.296973, 0.002263, 14.172852, 18.240356, 264.587402
-0.143106, 0.001745, 1075.000000, 0.000000, 2000.000000, 1000.000000, 16.372025, 16.460651, 18.079430, 17.087894, 0.270041, 0.583662, 0.225726, 0.257042, 0.555566, 0.207374, 0.012999, 0.028096, 0.018353, -0.000000, -0.000000, -0.000000, -0.715532, 0.008726, 0.000000, 1.517502, 28.737686, -103.916328, -1.449938, -1.578606, -0.138249, 0.001770, 14.149414, 17.959595, 260.375977
-0.144852, 0.003490, 1074.000000, 0.000000, 2000.000000, 1000.000000, 16.447046, 16.351915, 17.665701, 17.535337, 0.008808, 0.600519, 0.056374, 0.008286, 0.564959, 0.050781, 0.000522, 0.035560, 0.005594, -0.000000, -0.000000, -0.000000, -0.724258, 0.017452, 0.000000, -2.611827, 32.774559, -101.930626, -0.747933, -1.596716, -0.033854, 0.002203, 14.172852, 18.600464, 269.775391
-0.109948, 0.010471, 1074.000000, 0.000000, 2000.000000, 1000.000000, 17.011600, 15.836680, 17.379681, 17.772038, -0.391820, 0.575860, 0.195641, -0.367600, 0.540264, 0.175416, -0.024220, 0.035596, 0.020225, 0.000000, -0.000000, -0.000000, -0.549738, 0.052356, 0.000000, -9.861645, 34.319557, -98.223732, 0.500549, -1.491255, -0.116944, 0.002306, 14.157227, 21.319580, 308.288574
-0.038394, 0.043630, 1075.000000, 0.000000, 2000.000000, 1000.000000, 16.854027, 16.060413, 17.148693, 17.936867, -0.395447, 0.542780, 0.001360, -0.375859, 0.515894, 0.001246, -0.019588, 0.026885, 0.000114, 0.000000, -0.000000, -0.000000, -0.191972, 0.218150, 0.000000, -14.562443, 32.626469, -95.819473, 0.881911, -1.255833, -0.000831, 0.001824, 14.176758, 17.401123, 252.624496
0.000000, 0.099476, 1095.000000, 0.000000, 2000.000000, 1000.000000, 20.790106, 16.432787, 20.794779, 17.982328, -0.386217, 0.388554, 1.792442, -0.365340, 0.367551, 1.629493, -0.020877, 0.021003, 0.162949, 0.000000, -0.000000, -0.000000, 0.000000, 0.497382, 0.000000, -19.507973, 28.900877, -93.943863, 1.043830, -0.552763, -1.086329, 0.002000, 13.567383, 42.199707, 586.425781
0.001745, 0.136126, 1100.000000, 0.000000, 2000.000000, 1000.000000, 20.191469, 18.967787, 19.899687, 20.941057, -0.566263, 0.420371, 0.045579, -0.533793, 0.396267, 0.041193, -0.032470, 0.024104, 0.004385, 0.000000, -0.000000, -0.000000, 0.008726, 0.680628, 0.000000, -21.389292, 25.598318, -94.669434, 1.533849, -0.451564, -0.027462, 0.002129, 13.500977, 41.799927, 578.491211
0.001745, 0.141361, 1109.000000, 0.000000, 2000.000000, 1000.000000, 19.944809, 19.486271, 19.418812, 21.150108, -0.547459, 0.284460, -0.318189, -0.514778, 0.267479, -0.286373, -0.032681, 0.016981, -0.031816, 0.000000, -0.000000, 0.000000, 0.008726, 0.706806, 0.000000, -22.502552, 21.300301, -93.648010, 1.479520, -0.057418, 0.190915, 0.002222, 13.743164, 33.081055, 465.393036
0.001745, 0.179756, 1109.000000, 0.000000, 2000.000000, 1000.000000, 19.874367, 19.715946, 20.409836, 19.999851, 0.062892, 0.204844, 0.142101, 0.059023, 0.192244, 0.127479, 0.003869, 0.012600, 0.014622, -0.000000, -0.000000, -0.000000, 0.008726, 0.898778, 0.000000, -21.524435, 18.719595, -94.248680, -0.159911, 0.349510, -0.084986, 0.002294, 13.868164, 26.559448, 377.014130
0.001745, 0.246073, 1077.000000, -0.001745, 2000.000000, 1000.000000, 16.840816, 16.537724, 17.391960, 17.229500, -0.035157, 0.310730, 0.116389, -0.033069, 0.292267, 0.104803, -0.002089, 0.018463, 0.011586, 0.000000, -0.000000, -0.000000, 0.008726, 1.230366, -0.008726, -20.637352, 19.108007, -94.638199, 0.103207, 0.395316, -0.078595, 0.002211, 13.754883, 32.199097, 453.735321
0.001745, 0.291448, 1066.000000, -0.001745, 2000.000000, 1000.000000, 17.043331, 14.788634, 16.168236, 15.999797, -0.521565, 0.084016, 0.605784, -0.495017, 0.079740, 0.553809, -0.026547, 0.004276, 0.051975, 0.000000, 0.000000, -0.000000, 0.008726, 1.457242, -0.008726, -18.548914, 16.799795, -95.964867, 1.423062, 1.229413, -0.377932, 0.001877, 14.395508, 7.879639, 116.088860
0.000000, 0.408377, 1068.000000, -0.001745, 2000.000000, 1000.000000, 17.302528, 14.319918, 15.517393, 16.860161, -1.081345, 0.188777, 0.409961, -1.015947, 0.177360, 0.368454, -0.065398, 0.011417, 0.041506, 0.000000, 0.000000, -0.000000, 0.000000, 2.041884, -0.008726, -13.352887, 6.488857, -98.390099, 2.902705, 1.535142, -0.254362, 0.002253, 14.239258, 14.880371, 216.918930
0.000000, 0.389180, 1068.000000, -0.001745, 2000.000000, 1000.000000, 16.721403, 14.824814, 15.553804, 16.899981, -0.810691, 0.226893, 0.137603, -0.762788, 0.213486, 0.123978, -0.047903, 0.013407, 0.013625, 0.000000, 0.000000, -0.000000, 0.000000, 1.945898, -0.008726, -10.605375, -0.866142, -98.930542, 2.179395, 1.335939, -0.091378, 0.002198, 14.262695, 13.760376, 200.988754
0.000000, 0.385689, 1071.000000, -0.001745, 2000.000000, 1000.000000, 18.457102, 15.266718, 17.872389, 16.403791, -0.430446, 0.138090, 1.164745, -0.409336, 0.131318, 1.068329, -0.021110, 0.006772, 0.096417, 0.000000, 0.000000, -0.000000, 0.000000, 1.928446, -0.008726, -7.604023, -5.900570, -101.295853, 1.169530, 1.553251, -0.720945, 0.001805, 13.840820, 22.280884, 318.908691
0.000000, 0.382199, 1071.000000, -0.001745, 2000.000000, 1000.000000, 16.410892, 17.466801, 16.247593, 17.874714, -0.142803, 0.061153, -0.670757, -0.135671, 0.058099, -0.614246, -0.007132, 0.003054, -0.056511, 0.000000, 0.000000, 0.000000, 0.000000, 1.910994, -0.008726, -3.629233, -8.756220, -100.501633, 0.387631, 1.744998, 0.400771, 0.001840, 14.055664, 21.279907, 306.213379
-0.003490, 0.373473, 1071.000000, -0.001745, 2000.000000, 1000.000000, 17.522945, 16.829872, 16.454136, 17.193047, -0.357996, -0.176409, -0.011459, -0.335283, -0.165217, -0.010245, -0.022713, -0.011192, -0.001215, 0.000000, 0.000000, -0.000000, -0.017452, 1.867364, -0.008726, 4.363838, -11.987415, -99.261589, 0.940500, 2.339411, -0.001896, 0.002371, 14.106445, 19.400024, 280.090332
-0.038394, 0.371728, 1076.000000, -0.001745, 2000.000000, 1000.000000, 18.970337, 15.435180, 17.441444, 16.153038, -0.561688, -0.202759, 1.205892, -0.534316, -0.192878, 1.106678, -0.027372, -0.009881, 0.099214, 0.000000, 0.000000, -0.000000, -0.191972, 1.858638, -0.008726, 10.136259, -16.461159, -102.132484, 1.334645, 2.409718, -0.746511, 0.001793, 13.938477, 24.960327, 356.323212
-0.062827, 0.350785, 1099.000000, -0.001745, 2000.000000, 1000.000000, 18.642183, 19.725855, 17.159010, 20.472952, -0.557568, -0.184018, -1.099404, -0.524876, -0.173229, -0.991347, -0.032692, -0.010790, -0.108057, 0.000000, 0.000000, 0.000000, -0.314136, 1.753926, -0.008726, 16.015455, -21.347076, -99.286613, 1.185509, 2.248864, 0.652172, 0.002180, 13.649414, 36.639404, 512.512207
-0.057592, 0.305410, 1100.000000, -0.001745, 2000.000000, 1000.000000, 20.661520, 19.645693, 20.338251, 19.354536, -0.008027, -0.153607, 0.499886, -0.007532, -0.144139, 0.448349, -0.000495, -0.009468, 0.051538, -0.000000, 0.000000, -0.000000, -0.287958, 1.527050, -0.008726, 25.100731, -24.132357, -95.243515, -0.266437, 1.938874, -0.307625, 0.002299, 13.950195, 19.918823, 284.790039
-0.043630, 0.293194, 1095.000000, -0.001745, 2000.000000, 1000.000000, 18.876413, 18.888437, 19.609449, 18.625700, 0.248943, 0.117575, 0.242931, 0.236876, 0.111876, 0.223047, 0.012067, 0.005699, 0.019885, -0.000000, 0.000000, -0.000000, -0.218150, 1.465968, -0.008726, 29.659742, -22.687119, -94.107849, -0.894939, 1.146323, -0.157424, 0.001783, 13.969727, 21.759033, 311.401367
-0.071553, 0.282722, 1047.000000, -0.001745, 2000.000000, 1000.000000, 14.139540, 13.320637, 14.986835, 13.552988, 0.153736, 0.269912, 0.563188, 0.144388, 0.253500, 0.505873, 0.009348, 0.016412, 0.057315, -0.000000, -0.000000, -0.000000, -0.357766, 1.413612, -0.008726, 33.591999, -19.008896, -93.626518, -0.770304, 0.689327, -0.345974, 0.002266, 14.473633, 6.439209, 95.520012
-0.148342, 0.268761, 1046.000000, -0.001745, 2000.000000, 1000.000000, 14.720672, 13.046054, 14.447194, 13.786080, -0.253376, 0.116637, 0.583933, -0.236812, 0.109012, 0.520254, -0.016563, 0.007625, 0.063679, 0.000000, 0.000000, -0.000000, -0.741710, 1.343804, -0.008726, 36.235844, -18.150860, -94.079369, -0.065103, 1.032340, -0.355562, 0.002448, 14.415039, 7.839966, 115.600578
-0.207679, 0.232112, 1042.000000, 0.000000, 2000.000000, 1000.000000, 15.170513, 12.988722, 13.961685, 13.879080, -0.524796, -0.079618, 0.566099, -0.497990, -0.075551, 0.517364, -0.026806, -0.004067, 0.048736, 0.000000, 0.000000, -0.000000, -1.038394, 1.160558, 0.000000, 39.647736, -18.918846, -93.902397, 0.384436, 1.376418, -0.344909, 0.001884, 14.336914, 10.879517, 159.606934
-0.174520, 0.198953, 1041.000000, 0.000000, 2000.000000, 1000.000000, 14.940016, 13.262928, 14.018368, 13.778688, -0.359353, -0.101472, 0.479192, -0.337059, -0.095177, 0.429480, -0.022294, -0.006295, 0.049712, 0.000000, 0.000000, -0.000000, -0.872600, 0.994764, 0.000000, 45.905819, -20.813402, -93.037369, 0.090424, 1.266697, -0.286320, 0.002315, 14.344727, 10.400391, 152.832031
-0.169284, 0.183246, 1041.000000, 0.000000, 2000.000000, 1000.000000, 14.634259, 13.232812, 14.362510, 13.770419, -0.202340, 0.066464, 0.498384, -0.190691, 0.062638, 0.450252, -0.011648, 0.003826, 0.048132, 0.000000, 0.000000, -0.000000, -0.846422, 0.916230, 0.000000, 48.732113, -20.653254, -92.829994, -0.301590, 0.737264, -0.300168, 0.002138, 14.336914, 10.641479, 156.188965
-0.171030, 0.146597, 1036.000000, 0.006981, 2000.000000, 1000.000000, 13.559880, 12.294879, 13.465140, 12.680100, -0.119991, 0.072620, 0.512511, -0.113957, 0.068969, 0.469053, -0.006033, 0.003651, 0.043458, -0.000000, 0.000000, -0.000000, -0.855148, 0.732984, 0.034904, 50.536640, -19.514727, -92.970818, -0.529556, 0.535930, -0.277798, 0.001853, 14.333008, 10.641479, 156.311035
-0.171030, 0.099476, 1019.000000, 0.043630, 2000.000000, 1000.000000, 11.987807, 10.136582, 11.579036, 10.296575, -0.142191, -0.062195, 0.783422, -0.134836, -0.058978, 0.715160, -0.007354, -0.003217, 0.068262, -0.000000, 0.000000, -0.000000, -0.855148, 0.497382, 0.218150, 52.273479, -18.204220, -93.158684, -0.469901, 0.665892, -0.258623, 0.001909, 15.411133, 0.000000, 0.610352
-0.172775, 0.005236, 1025.000000, 0.082024, 2000.000000, 1000.000000, 13.419812, 11.153451, 12.371694, 11.055043, -0.237428, -0.286632, 0.895753, -0.222525, -0.268641, 0.801784, -0.014903, -0.017991, 0.093969, 0.000000, 0.000000, -0.000000, -0.863874, 0.026178, 0.410122, 55.771030, -17.158497, -92.924194, -0.228088, 0.793722, -0.124401, 0.002344, 14.434570, 7.238770, 106.994621
-0.186736, -0.001745, 1025.000000, 0.095986, 2000.000000, 1000.000000, 13.150076, 11.104246, 12.373943, 11.371735, -0.260906, -0.127161, 0.762010, -0.248077, -0.120909, 0.698771, -0.012829, -0.006253, 0.063239, 0.000000, 0.000000, -0.000000, -0.933682, -0.008726, 0.479930, 57.450993, -16.619844, -92.585236, -0.224892, 0.336727, 0.014083, 0.001810, 14.430664, 7.360840, 108.825676
-0.195462, -0.017452, 1025.000000, 0.123909, 2000.000000, 1000.000000, 12.845474, 10.787233, 12.719881, 11.647411, -0.246443, 0.183647, 0.782678, -0.233147, 0.173739, 0.711655, -0.013296, 0.009908, 0.071023, 0.000000, -0.000000, -0.000000, -0.977312, -0.087260, 0.619546, 56.722172, -15.603353, -92.448418, -0.311178, -0.583656, 0.145109, 0.001996, 14.473633, 6.039429, 89.599602
-0.198953, -0.040140, 1024.000000, 0.139616, 2000.000000, 1000.000000, 12.709374, 10.868367, 12.737012, 11.685246, -0.197310, 0.211129, 0.723193, -0.185193, 0.198164, 0.648895, -0.012117, 0.012966, 0.074298, 0.000000, -0.000000, -0.000000, -0.994764, -0.200698, 0.698080, 54.759563, -14.504586, -92.415413, -0.465640, -0.766880, 0.265484, 0.002290, 14.469727, 6.280518, 93.078606
-0.204188, -0.071553, 1025.000000, 0.141361, 2000.000000, 1000.000000, 12.521257, 11.188824, 12.467800, 11.822119, -0.171688, 0.144959, 0.494528, -0.163410, 0.137970, 0.454258, -0.008278, 0.006989, 0.040270, -0.000000, -0.000000, 0.000000, -1.020942, -0.357766, 0.706806, 52.705711, -13.035017, -91.989449, -0.554057, -0.751966, 0.403967, 0.001773, 14.446289, 7.360840, 108.886711
-0.251309, -0.176265, 1084.000000, 0.137871, 2000.000000, 1000.000000, 18.413010, 17.430641, 18.246861, 17.909489, -0.161250, 0.078175, 0.329935, -0.151169, 0.073287, 0.295456, -0.010081, 0.004887, 0.034480, -0.000000, -0.000000, 0.000000, -1.256544, -0.881326, 0.689354, 49.123665, -10.200305, -90.805740, -0.824632, -1.090718, 0.492383, 0.002334, 13.750977, 32.681274, 460.388153
-0.277487, -0.244328, 1109.000000, 0.118674, 2000.000000, 1000.000000, 20.158453, 19.442099, 20.445692, 19.953756, -0.056104, 0.199725, 0.302072, -0.052692, 0.187575, 0.271318, -0.003413, 0.012150, 0.030754, -0.000000, -0.000000, 0.000000, -1.387434, -1.221640, 0.593368, 45.273182, -7.467331, -90.335373, -1.236887, -1.757570, 0.412489, 0.002267, 13.383789, 44.760132, 613.891602
-0.275742, -0.242583, 1112.000000, 0.118674, 2000.000000, 1000.000000, 20.419424, 20.772520, 21.572916, 21.235140, 0.172718, 0.404028, -0.003831, 0.164373, 0.384506, -0.003518, 0.008345, 0.019522, -0.000313, -0.000000, -0.000000, 0.000000, -1.378708, -1.212914, 0.593368, 39.660378, -3.417834, -89.348511, -1.848345, -2.311504, 0.595713, 0.001777, 13.352539, 47.360229, 647.521912
-0.300174, -0.246073, 1111.000000, 0.111693, 2000.000000, 1000.000000, 19.760277, 20.798367, 22.218422, 21.222935, 0.508393, 0.720679, -0.010650, 0.476559, 0.675552, -0.009535, 0.031834, 0.045127, -0.001115, -0.000000, -0.000000, 0.000000, -1.500872, -1.230366, 0.558464, 27.518976, 6.214499, -89.407127, -2.862470, -3.160514, 0.564821, 0.002338, 13.485352, 42.599487, 587.219238
-0.296684, -0.237347, 1110.000000, 0.101222, 2000.000000, 1000.000000, 19.157457, 21.219030, 22.121084, 21.502428, 0.670058, 0.811755, -0.360729, 0.629939, 0.763153, -0.324557, 0.040118, 0.048602, -0.036172, -0.000000, -0.000000, 0.000000, -1.483420, -1.186736, 0.506108, 18.275560, 14.217106, -85.697845, -3.283247, -3.367174, 0.722479, 0.002229, 13.497070, 40.759277, 563.537598
-0.298429, -0.204188, 1110.000000, 0.092496, 2000.000000, 1000.000000, 19.470768, 20.783943, 22.487221, 21.258068, 0.635581, 0.872644, -0.021005, 0.604888, 0.830502, -0.019292, 0.030694, 0.042142, -0.001713, -0.000000, -0.000000, 0.000000, -1.492146, -1.020942, 0.462478, 7.764501, 21.907730, -80.895409, -3.220397, -3.393806, 0.475339, 0.001776, 13.571289, 38.000488, 527.893066
-0.207679, -0.068063, 1078.000000, 0.073298, 2000.000000, 1000.000000, 15.248663, 17.215014, 18.210100, 17.326223, 0.712556, 0.768162, -0.270619, 0.669372, 0.721608, -0.243165, 0.043184, 0.046554, -0.027453, -0.000000, -0.000000, 0.000000, -1.038394, -0.340314, 0.366492, -9.338856, 31.367783, -71.147652, -2.950886, -2.402051, 0.528602, 0.002258, 14.153320, 15.161133, 224.731430
-0.167539, -0.003490, 1062.000000, 0.062827, 2000.000000, 1000.000000, 14.437989, 16.433640, 16.945648, 16.182722, 0.689645, 0.564185, -0.308181, 0.650135, 0.531863, -0.278556, 0.039510, 0.032322, -0.029624, -0.000000, -0.000000, 0.000000, -0.837696, -0.017452, 0.314136, -18.407160, 36.373932, -64.626556, -2.695225, -1.537061, 0.499840, 0.002127, 14.329102, 5.441284, 80.017090
-0.167539, 0.000000, 1045.000000, 0.048866, 2000.000000, 1000.000000, 12.925427, 14.188247, 14.998134, 13.888192, 0.593190, 0.443163, -0.038219, 0.562890, 0.420527, -0.034929, 0.030300, 0.022636, -0.003290, -0.000000, -0.000000, 0.000000, -0.837696, 0.000000, 0.244328, -26.526514, 40.731819, -58.466957, -2.445954, -1.201505, 0.267614, 0.001884, 14.532227, 2.758789, 41.015621
-0.108202, 0.003490, 1034.000000, 0.027923, 2000.000000, 1000.000000, 11.930663, 13.126346, 14.026120, 12.916871, 0.576232, 0.471496, -0.021609, 0.541456, 0.443040, -0.019425, 0.034777, 0.028456, -0.002183, -0.000000, -0.000000, 0.000000, -0.541012, 0.017452, 0.139616, -34.876026, 44.088669, -52.367275, -2.088028, -1.248376, 0.152566, 0.002248, 14.469727, 4.479980, 66.406250
-0.003490, 0.071553, 1045.000000, 0.003490, 2000.000000, 1000.000000, 13.013131, 13.603374, 14.930318, 14.453177, 0.266845, 0.691747, -0.028276, 0.250076, 0.648276, -0.025306, 0.016769, 0.043472, -0.002970, -0.000000, -0.000000, 0.000000, -0.017452, 0.357766, 0.017452, -46.454090, 44.450111, -43.986534, -0.731955, -1.494451, 0.034323, 0.002347, 14.434570, 6.399536, 95.703117
0.000000, 0.127400, 1068.000000, 0.000000, 2000.000000, 1000.000000, 15.325355, 15.146614, 16.701841, 16.826189, -0.075772, 0.764016, 0.013598, -0.071915, 0.725128, 0.012432, -0.003857, 0.038888, 0.001167, 0.000000, -0.000000, -0.000000, 0.000000, 0.636998, 0.000000, -50.696621, 41.934952, -41.071747, 0.205472, -1.434797, -0.008288, 0.001877, 13.934570, 25.280762, 360.900848
0.000000, 0.139616, 1069.000000, -0.001745, 2000.000000, 1000.000000, 15.554631, 14.830348, 16.422596, 17.192425, -0.373527, 0.807511, -0.011386, -0.351173, 0.759183, -0.010245, -0.022355, 0.048327, -0.001141, 0.000000, -0.000000, -0.000000, 0.000000, 0.698080, -0.008726, -52.376469, 37.775177, -39.998913, 1.003350, -1.471015, -0.001896, 0.002228, 14.149414, 16.558838, 239.929184
0.001745, 0.169284, 1093.000000, -0.001745, 2000.000000, 1000.000000, 19.127604, 17.563604, 19.092405, 20.216387, -0.671995, 0.654397, 0.110004, -0.629613, 0.613125, 0.098411, -0.042382, 0.041272, 0.011593, 0.000000, -0.000000, -0.000000, 0.008726, 0.846422, -0.008726, -50.906368, 29.933643, -40.976826, 1.807620, -0.905364, -0.074334, 0.002356, 13.766602, 30.001831, 423.278778
0.071553, 0.223386, 1116.000000, -0.005236, 2000.000000, 1000.000000, 21.116585, 20.041557, 20.992176, 21.849682, -0.483134, 0.420928, 0.054381, -0.459352, 0.400209, 0.049863, -0.023781, 0.020719, 0.004518, 0.000000, -0.000000, -0.000000, 0.357766, 1.116928, -0.026178, -47.819103, 25.967833, -42.598194, 1.670202, -0.026526, -0.059420, 0.001812, 13.231445, 53.320312, 722.412048
0.052356, 0.226876, 1114.000000, -0.005236, 2000.000000, 1000.000000, 21.300501, 20.458834, 20.813032, 21.427633, -0.364067, 0.120332, 0.056767, -0.343811, 0.113638, 0.051461, -0.020255, 0.006695, 0.005306, 0.000000, 0.000000, -0.000000, 0.261780, 1.134380, -0.026178, -41.478016, 24.017012, -45.277935, 1.244098, 0.809701, -0.060485, 0.002062, 13.450195, 40.960693, 564.392090
0.050611, 0.228621, 1112.000000, -0.006981, 2000.000000, 1000.000000, 21.415991, 19.750128, 21.307905, 21.525976, -0.470984, 0.416942, 0.361948, -0.443058, 0.392221, 0.325992, -0.027925, 0.024721, 0.035957, 0.000000, -0.000000, -0.000000, 0.253054, 1.143106, -0.034904, -37.752213, 22.201176, -47.230778, 1.518935, 0.022476, -0.252232, 0.002206, 13.524414, 38.720703, 535.583496
0.092496, 0.253054, 1089.000000, -0.027923, 2000.000000, 1000.000000, 17.629702, 17.078653, 18.096693, 19.194952, -0.412327, 0.645823, -0.136802, -0.388402, 0.608349, -0.123490, -0.023926, 0.037474, -0.013312, 0.000000, -0.000000, -0.000000, 0.462478, 1.265270, -0.139616, -35.496689, 18.391045, -48.464062, 1.572198, -0.472869, -0.057290, 0.002156, 13.961914, 17.880249, 255.920395
0.047120, 0.251309, 1079.000000, -0.029668, 2000.000000, 1000.000000, 17.705845, 15.899674, 17.040588, 17.353893, -0.529869, 0.197241, 0.373216, -0.497263, 0.185104, 0.334798, -0.032606, 0.012138, 0.038418, 0.000000, 0.000000, -0.000000, 0.235602, 1.256544, -0.148342, -30.725512, 13.521543, -50.344643, 1.656353, 0.727676, -0.371541, 0.002295, 14.145508, 16.119385, 233.581528
0.020942, 0.244328, 1078.000000, -0.012216, 2000.000000, 1000.000000, 18.247032, 15.877450, 16.780697, 17.094822, -0.670927, -0.062241, 0.513864, -0.632183, -0.058647, 0.464090, -0.038744, -0.003594, 0.049774, 0.000000, 0.000000, -0.000000, 0.104712, 1.221640, -0.061082, -25.395599, 11.850603, -52.516922, 1.910950, 1.389202, -0.370475, 0.002145, 14.071289, 18.920898, 272.705078
0.003490, 0.244328, 1065.000000, -0.027923, 2000.000000, 1000.000000, 17.034733, 15.226631, 15.243042, 16.495594, -0.765163, -0.130682, 0.138887, -0.727598, -0.124266, 0.127379, -0.037565, -0.006416, 0.011509, 0.000000, 0.000000, -0.000000, 0.017452, 1.221640, -0.139616, -18.551807, 9.788300, -54.610970, 2.096305, 1.576687, -0.224535, 0.001807, 14.071289, 18.920898, 262.390137
0.003490, 0.261780, 1038.000000, -0.040140, 2000.000000, 1000.000000, 13.588769, 12.157229, 12.376939, 13.877063, -0.732916, 0.127001, -0.017146, -0.687705, 0.119166, -0.015377, -0.045212, 0.007834, -0.001769, 0.000000, 0.000000, -0.000000, 0.017452, 1.308900, -0.200698, -9.188607, 5.614749, -57.617188, 1.982322, 0.968425, -0.190447, 0.002301, 14.364258, 8.401489, 123.474113
0.033159, 0.280977, 1040.000000, -0.013962, 2000.000000, 1000.000000, 14.694029, 12.691351, 13.893135, 14.721485, -0.707757, 0.307310, 0.293582, -0.665239, 0.288848, 0.264048, -0.042518, 0.018462, 0.029534, 0.000000, -0.000000, -0.000000, 0.165794, 1.404886, -0.069808, -4.474257, 2.103791, -58.525841, 2.066477, 0.579606, -0.245840, 0.002237, 14.442383, 4.919434, 72.692871
0.031414, 0.284468, 1049.000000, -0.005236, 2000.000000, 1000.000000, 14.646483, 12.513547, 13.938745, 14.901225, -0.773854, 0.419985, 0.292614, -0.736523, 0.399724, 0.268774, -0.037331, 0.020260, 0.023840, 0.000000, -0.000000, -0.000000, 0.157068, 1.422338, -0.026178, -0.500409, -2.383881, -59.150948, 2.261420, 0.280268, -0.205360, 0.001774, 14.305664, 10.559082, 154.602051
0.001745, 0.256544, 1056.000000, -0.005236, 2000.000000, 1000.000000, 15.638619, 13.633964, 14.678847, 16.048569, -0.843594, 0.363708, 0.158733, -0.792171, 0.341538, 0.142540, -0.051423, 0.022171, 0.016193, 0.000000, -0.000000, -0.000000, 0.008726, 1.282722, -0.026178, 5.296597, -9.743115, -59.200397, 2.272072, 0.306900, -0.121205, 0.002272, 14.149414, 16.720581, 230.102524
0.000000, 0.237347, 1059.000000, -0.005236, 2000.000000, 1000.000000, 15.905989, 13.597891, 14.542952, 15.953169, -0.929579, 0.248060, 0.224470, -0.873149, 0.233002, 0.201662, -0.056430, 0.015059, 0.022808, 0.000000, -0.000000, -0.000000, 0.000000, 1.186736, -0.026178, 9.623785, -14.590548, -58.677116, 2.494711, 0.521016, -0.160620, 0.002262, 14.243164, 12.399292, 180.786118
0.000000, 0.225131, 1061.000000, -0.005236, 2000.000000, 1000.000000, 17.097034, 14.643104, 15.049870, 17.209991, -1.153513, 0.129931, 0.073452, -1.097599, 0.123633, 0.067440, -0.055915, 0.006298, 0.006012, 0.000000, 0.000000, -0.000000, 0.000000, 1.125654, -0.026178, 15.481702, -19.847944, -57.264164, 3.135996, 0.772417, -0.071138, 0.001783, 14.032227, 20.681763, 297.180176
0.000000, 0.219895, 1064.000000, -0.005236, 2000.000000, 1000.000000, 17.622475, 13.986744, 14.709332, 17.681450, -1.651963, 0.195391, 0.165903, -1.550972, 0.183446, 0.148932, -0.100990, 0.011945, 0.016971, 0.000000, 0.000000, -0.000000, 0.000000, 1.099476, -0.026178, 28.148045, -31.273098, -52.044945, 4.431349, 0.575345, -0.125466, 0.002279, 14.118164, 17.160034, 248.229965
0.000000, 0.226876, 1050.000000, -0.005236, 2000.000000, 1000.000000, 16.714851, 12.939930, 13.700577, 16.644642, -1.679747, 0.172609, 0.207714, -1.581172, 0.162480, 0.187281, -0.098575, 0.010129, 0.020432, 0.000000, 0.000000, -0.000000, 0.000000, 1.134380, -0.026178, 39.441723, -39.352604, -45.822231, 4.517635, 0.670153, -0.151032, 0.002182, 14.172852, 7.879639, 115.173332
-0.001745, 0.232112, 1045.000000, -0.003490, 2000.000000, 1000.000000, 16.587906, 11.295411, 14.120227, 13.996455, -1.292181, 0.058341, 1.354067, -1.225181, 0.055316, 1.235801, -0.067000, 0.003025, 0.118266, 0.000000, 0.000000, -0.000000, -0.008726, 1.160558, -0.017452, 52.126350, -45.195126, -41.438408, 3.491792, 1.002513, -0.841319, 0.001914, 14.364258, 7.919312, 116.394035
-0.059337, 0.216405, 1045.000000, -0.003490, 2000.000000, 1000.000000, 14.203507, 13.892035, 12.538629, 15.365829, -0.784668, -0.047771, -0.628932, -0.743217, -0.045248, -0.573007, -0.041450, -0.002524, -0.055925, 0.000000, 0.000000, 0.000000, -0.296684, 1.082024, -0.017452, 68.990471, -47.503376, -27.738174, 1.826794, 1.211303, 0.364553, 0.001952, 14.290039, 10.559082, 154.479980
-0.207679, 0.158813, 1057.000000, 0.000000, 2000.000000, 1000.000000, 16.431847, 14.014801, 14.408155, 15.145197, -0.788522, -0.223324, 0.420001, -0.738099, -0.209043, 0.375152, -0.050423, -0.014281, 0.044849, 0.000000, 0.000000, -0.000000, -1.038394, 0.794066, 0.000000, 76.382637, -45.928890, -22.411451, 1.070461, 1.391332, -0.250101, 0.002391, 14.254883, 12.078857, 176.330551
-0.331588, 0.109948, 1112.000000, 0.003490, 2000.000000, 1000.000000, 22.346191, 20.149227, 20.421021, 21.083561, -0.714877, -0.247709, 0.383606, -0.677920, -0.234904, 0.350197, -0.036956, -0.012806, 0.033409, 0.000000, 0.000000, -0.000000, -1.657940, 0.549738, 0.017452, 80.769279, -43.220413, -20.048679, 0.278975, 1.220891, -0.216013, 0.001908, 13.016602, 65.921021, 879.089294
-0.352530, 0.106457, 1131.000000, -0.001745, 2000.000000, 1000.000000, 22.965763, 22.576164, 23.944565, 22.513508, 0.260365, 0.229037, 0.455163, 0.244376, 0.214972, 0.408401, 0.015989, 0.014065, 0.046762, -0.000000, -0.000000, -0.000000, -1.762652, 0.532286, -0.008726, 76.408958, -38.886314, -23.721237, -2.460868, -0.081919, -0.280994, 0.002290, 13.094727, 57.162476, 765.991150
-0.312391, 0.111693, 1131.000000, -0.001745, 2000.000000, 1000.000000, 22.252380, 22.502113, 24.730400, 22.515106, 0.616257, 0.622754, 0.491391, 0.576726, 0.582806, 0.438761, 0.039530, 0.039947, 0.052629, -0.000000, -0.000000, -0.000000, -1.561954, 0.558464, -0.008726, 66.400703, -36.785839, -30.569397, -3.209744, -1.106697, -0.301234, 0.002399, 13.122070, 53.601074, 721.313416
-0.303665, 0.115183, 1130.000000, -0.001745, 2000.000000, 1000.000000, 22.292332, 22.326019, 24.871727, 22.509922, 0.598874, 0.690825, 0.582030, 0.569999, 0.657517, 0.534635, 0.028875, 0.033308, 0.047395, -0.000000, -0.000000, -0.000000, -1.518324, 0.575916, -0.008726, 55.132332, -34.750160, -38.041508, -3.146894, -1.302705, -0.365149, 0.001773, 13.196289, 51.321411, 693.237244
-0.308900, 0.078534, 1114.000000, 0.001745, 2000.000000, 1000.000000, 20.850451, 20.006750, 22.980692, 20.162107, 0.493720, 0.571399, 0.915571, 0.462780, 0.535591, 0.819670, 0.030940, 0.035808, 0.095901, -0.000000, -0.000000, -0.000000, -1.544502, 0.392670, 0.008726, 40.139797, -29.890411, -47.930153, -2.866731, -1.137590, -0.537721, 0.002340, 13.559570, 31.161499, 433.593719
-0.287958, 0.064572, 1116.000000, 0.003490, 2000.000000, 1000.000000, 20.948692, 20.144684, 22.758396, 20.148228, 0.451540, 0.453311, 0.853544, 0.423743, 0.425405, 0.765648, 0.027798, 0.027907, 0.087896, -0.000000, -0.000000, -0.000000, -1.439790, 0.322862, 0.017452, 32.261692, -26.113745, -53.072350, -2.650484, -0.892581, -0.492980, 0.002296, 13.497070, 39.520264, 546.325684
-0.221640, 0.075044, 1110.000000, 0.003490, 2000.000000, 1000.000000, 20.885536, 20.789234, 22.520512, 19.804718, 0.654872, 0.162615, 0.703025, 0.623315, 0.154778, 0.645806, 0.031558, 0.007836, 0.057218, -0.000000, -0.000000, -0.000000, -1.108202, 0.375218, 0.017452, 26.526709, -20.778103, -56.575237, -2.889102, -0.067006, -0.413086, 0.001772, 13.540039, 34.799194, 483.337372
-0.171030, 0.087260, 1082.000000, 0.024433, 2000.000000, 1000.000000, 18.015572, 17.984848, 19.354614, 16.644966, 0.669732, -0.000209, 0.685094, 0.628368, -0.000196, 0.614324, 0.041365, -0.000013, 0.070770, -0.000000, 0.000000, -0.000000, -0.855148, 0.436300, 0.122164, 21.340715, -9.969039, -59.337154, -2.650484, 0.436861, -0.287385, 0.002304, 14.055664, 17.279053, 248.779282
-0.172775, 0.087260, 1074.000000, 0.003490, 2000.000000, 1000.000000, 16.805620, 17.001585, 18.122969, 16.069826, 0.562277, 0.096397, 0.464295, 0.529494, 0.090777, 0.418907, 0.032783, 0.005620, 0.045389, -0.000000, -0.000000, -0.000000, -0.863874, 0.436300, 0.017452, 18.866590, -3.820676, -60.667511, -2.376713, 0.176938, -0.261819, 0.002167, 14.090820, 15.200806, 219.177231
-0.218150, 0.076789, 1059.000000, 0.001745, 2000.000000, 1000.000000, 14.378328, 15.146091, 15.992285, 14.483295, 0.569188, 0.237790, 0.185306, 0.533976, 0.223079, 0.166135, 0.035212, 0.014710, 0.019172, -0.000000, -0.000000, -0.000000, -1.090750, 0.383944, 0.008726, 13.601211, 5.040519, -60.926445, -2.616395, -0.253426, -0.102030, 0.002308, 14.301758, 9.399414, 137.695312
-0.195462, 0.078534, 1071.000000, 0.010471, 2000.000000, 1000.000000, 16.217398, 17.061766, 18.497583, 16.223253, 0.779674, 0.360418, 0.357490, 0.734373, 0.339477, 0.322659, 0.045300, 0.020941, 0.034831, -0.000000, -0.000000, -0.000000, -0.977312, 0.392670, 0.052356, 8.817605, 11.213233, -60.631092, -3.075521, -0.577264, -0.162750, 0.002159, 13.872070, 25.640869, 364.196747
-0.176265, 0.087260, 1075.000000, 0.010471, 2000.000000, 1000.000000, 15.646955, 17.435349, 18.606720, 16.310974, 1.021035, 0.458848, 0.126839, 0.971912, 0.436772, 0.116532, 0.049123, 0.022076, 0.010307, -0.000000, -0.000000, -0.000000, -0.881326, 0.436300, 0.052356, 2.326792, 18.101637, -59.174179, -3.658217, -0.811621, -0.025332, 0.001769, 14.016602, 18.240356, 261.596680
-0.132635, 0.094241, 1079.000000, 0.006981, 2000.000000, 1000.000000, 15.210429, 17.717409, 18.917387, 16.154776, 1.317398, 0.536081, 0.063909, 1.249971, 0.508643, 0.058396, 0.067427, 0.027438, 0.005513, -0.000000, -0.000000, -0.000000, -0.663176, 0.471204, 0.034904, -6.264885, 26.070505, -55.897171, -4.234522, -0.982062, -0.004027, 0.001888, 14.020508, 19.479370, 279.602051
-0.118674, 0.099476, 1083.000000, 0.001745, 2000.000000, 1000.000000, 15.901055, 19.369556, 19.942051, 16.787338, 1.655803, 0.364695, -0.078447, 1.553661, 0.342198, -0.070353, 0.102142, 0.022497, -0.008094, -0.000000, -0.000000, 0.000000, -0.593368, 0.497382, 0.008726, -23.732416, 40.061886, -46.023724, -5.032400, -0.480326, 0.055628, 0.002301, 13.950195, 21.600342, 308.532715
-0.076789, 0.099476, 1074.000000, 0.001745, 2000.000000, 1000.000000, 15.294807, 17.940550, 19.145872, 15.618771, 1.543211, 0.382321, 0.220340, 1.464028, 0.362704, 0.201288, 0.079183, 0.019617, 0.019052, -0.000000, -0.000000, -0.000000, -0.383944, 0.497382, 0.008726, -38.610477, 48.131195, -36.105427, -4.566882, -0.538915, -0.125466, 0.001893, 13.852539, 24.081421, 342.895477
-0.001745, 0.106457, 1044.000000, 0.003490, 2000.000000, 1000.000000, 12.435179, 14.622246, 15.565399, 13.377176, 1.093823, 0.471287, 0.000289, 1.029383, 0.443523, 0.000260, 0.064439, 0.027765, 0.000029, -0.000000, -0.000000, 0.000000, -0.008726, 0.532286, 0.017452, -60.960670, 53.328529, -18.431013, -2.949821, -0.734922, 0.017278, 0.002191, 14.375977, 6.561279, 96.496574
0.001745, 0.102967, 1043.000000, 0.003490, 2000.000000, 1000.000000, 12.793825, 14.066813, 15.510180, 13.629183, 0.788496, 0.569681, 0.152002, 0.739083, 0.533980, 0.136081, 0.049413, 0.035700, 0.015921, -0.000000, -0.000000, -0.000000, 0.008726, 0.514834, 0.017452, -72.695679, 52.575718, -9.244937, -2.102941, -1.010824, -0.073268, 0.002340, 14.293945, 9.039307, 132.324219
0.001745, 0.092496, 1041.000000, 0.003490, 2000.000000, 1000.000000, 13.161895, 13.725560, 15.166097, 13.946448, 0.445829, 0.556273, 0.163996, 0.424034, 0.529078, 0.150462, 0.021795, 0.027195, 0.013534, -0.000000, -0.000000, -0.000000, 0.008726, 0.462478, 0.017452, -80.980774, 49.636242, -3.631173, -1.202798, -1.049173, -0.082856, 0.001799, 14.270508, 10.281372, 150.207520
0.001745, 0.085515, 1005.000000, 0.000000, 2000.000000, 1000.000000, 9.757509, 9.520462, 10.433535, 10.288494, -0.023002, 0.361014, 0.095522, -0.023002, 0.361014, 0.095522, 0.000000, 0.000000, 0.000000, 0.000000, -0.000000, -0.000000, 0.008726, 0.427574, 0.000000, -84.105995, 46.267960, -1.447732, 0.074446, -0.603896, -0.063681, 0.002382, 15.551758, 0.000000, 1.281738
0.001745, 0.097731, 1008.000000, 0.000000, 2000.000000, 1000.000000, 10.225669, 9.342118, 10.278560, 10.153653, -0.189661, 0.216106, 0.252115, -0.189661, 0.216106, 0.252115, 0.000000, 0.000000, 0.000000, 0.000000, -0.000000, -0.000000, 0.008726, 0.488656, 0.000000, -82.825996, 45.251854, -2.685277, 0.550616, -0.128791, -0.168076, 0.001835, 14.567383, 0.320435, 4.821777
0.003490, 0.111693, 1045.000000, 0.000000, 2000.000000, 1000.000000, 14.460354, 13.431404, 13.994682, 14.113560, -0.286957, 0.054121, 0.227518, -0.273106, 0.051509, 0.208972, -0.013850, 0.002612, 0.018546, 0.000000, 0.000000, -0.000000, 0.017452, 0.558464, 0.000000, -80.017891, 45.593594, -5.135605, 0.797755, 0.411295, -0.139314, 0.001775, 13.891602, 26.159668, 372.436493
0.052356, 0.157068, 1107.000000, -0.001745, 2000.000000, 1000.000000, 20.285875, 19.493498, 20.041460, 20.179167, -0.232520, 0.110313, 0.163668, -0.217791, 0.103326, 0.146348, -0.014729, 0.006988, 0.017320, 0.000000, 0.000000, -0.000000, 0.261780, 0.785340, -0.008726, -74.399612, 47.409908, -9.637338, 0.884041, 0.490124, -0.106291, 0.002367, 13.344727, 47.680664, 651.916443
0.148342, 0.184991, 1115.000000, -0.001745, 2000.000000, 1000.000000, 20.779413, 20.554220, 21.340353, 21.326014, -0.052713, 0.333183, 0.059883, -0.049443, 0.312512, 0.053671, -0.003270, 0.020670, 0.006212, 0.000000, -0.000000, -0.000000, 0.741710, 0.924956, -0.008726, -70.904152, 47.704899, -12.471566, 0.882976, 0.032063, -0.044506, 0.002315, 13.075195, 55.999756, 707.214294
0.242583, 0.211169, 1114.000000, -0.001745, 2000.000000, 1000.000000, 20.824183, 20.150953, 21.567556, 21.457308, -0.140745, 0.512433, 0.195870, -0.133952, 0.487699, 0.179904, -0.006793, 0.024733, 0.015966, 0.000000, -0.000000, -0.000000, 1.212914, 1.055846, -0.008726, -66.999146, 46.495659, -15.492381, 1.595633, -0.337581, -0.128662, 0.001775, 13.360352, 43.960571, 601.013184
0.190227, 0.212914, 1113.000000, -0.003490, 2000.000000, 1000.000000, 21.424910, 19.902514, 20.117662, 22.554914, -0.989913, 0.336289, -0.228714, -0.929870, 0.315892, -0.205493, -0.060043, 0.020398, -0.023221, 0.000000, -0.000000, 0.000000, 0.951134, 1.064572, -0.017452, -53.554249, 41.603554, -27.165522, 3.607905, 0.162025, 0.119543, 0.002260, 13.469727, 39.401245, 542.602539
0.160558, 0.205934, 1113.000000, -0.005236, 2000.000000, 1000.000000, 21.945364, 20.083685, 19.773264, 22.197687, -1.071525, -0.014525, -0.140686, -1.004160, -0.013612, -0.125904, -0.067365, -0.000913, -0.014781, 0.000000, 0.000000, 0.000000, 0.802792, 1.029668, -0.026178, -40.991314, 37.947876, -34.627956, 3.671821, 1.068559, 0.057758, 0.002348, 13.461914, 39.199829, 540.222168
0.134380, 0.193717, 1116.000000, -0.005236, 2000.000000, 1000.000000, 22.352406, 19.698429, 20.651299, 21.297867, -0.825135, -0.025418, 0.501852, -0.784882, -0.024178, 0.460520, -0.040253, -0.001240, 0.041332, 0.000000, 0.000000, -0.000000, 0.671902, 0.968586, -0.026178, -29.879858, 34.802307, -41.755505, 2.914423, 1.037667, -0.333191, 0.001795, 13.446289, 38.360596, 529.113770
0.118674, 0.184991, 1065.000000, 0.000000, 2000.000000, 1000.000000, 16.503119, 15.312342, 15.859617, 16.324923, -0.414021, 0.092270, 0.181368, -0.388450, 0.086571, 0.162633, -0.025571, 0.005699, 0.018735, 0.000000, 0.000000, -0.000000, 0.593368, 0.924956, 0.000000, -19.407053, 30.450804, -48.010963, 1.703224, 0.677609, -0.108422, 0.002304, 14.524414, 0.320435, 4.821777
0.111693, 0.172775, 1063.000000, 0.000000, 2000.000000, 1000.000000, 16.836399, 15.010504, 16.105438, 16.047661, -0.442029, 0.076549, 0.470918, -0.415207, 0.071904, 0.423088, -0.026822, 0.004645, 0.047830, 0.000000, 0.000000, -0.000000, 0.558464, 0.863874, 0.000000, -14.486095, 28.222759, -50.971455, 1.744770, 0.658435, -0.282059, 0.002261, 14.176758, 13.119507, 190.429672
0.083770, 0.150087, 1059.000000, 0.000000, 2000.000000, 1000.000000, 16.291225, 13.699841, 14.617550, 15.391384, -0.841305, 0.004467, 0.454388, -0.798137, 0.004237, 0.415099, -0.043168, 0.000229, 0.039289, 0.000000, 0.000000, -0.000000, 0.418848, 0.750436, 0.000000, -8.795433, 24.562670, -54.306759, 2.699240, 0.738329, -0.276733, 0.001893, 14.258789, 9.680176, 137.207031
0.001745, -0.001745, 1005.000000, 0.001745, 2000.000000, 1000.000000, 12.623944, 7.878861, 9.868667, 9.628528, -1.126236, -0.251403, 1.246306, -1.126236, -0.251403, 1.246306, 0.000000, 0.000000, 0.000000, 0.000000, 0.000000, -0.000000, 0.008726, -0.008726, 0.008726, 1.285074, 15.832154, -59.746204, 3.226543, 0.709567, -0.822145, 0.002297, 14.223633, 11.718750, 209.533676
0.001745, -0.001745, 1000.000000, 0.000000, 2000.000000, 1000.000000, 10.476505, 9.693726, 8.202938, 11.626831, -1.051668, -0.085116, -0.660279, -1.051668, -0.085116, -0.660279, 0.000000, 0.000000, 0.000000, 0.000000, 0.000000, 0.000000, 0.008726, -0.008726, 0.000000, 6.794867, 9.032766, -61.063381, 3.013491, 0.234462, 0.440186, 0.002402, 16.872070, 0.000000, 0.000000
0.001745, -0.001745, 1001.000000, 0.000000, 2000.000000, 1000.000000, 10.472990, 9.417612, 8.615511, 11.493887, -0.983438, 0.054699, -0.455749, -0.983438, 0.054699, -0.455749, 0.000000, 0.000000, 0.000000, 0.000000, -0.000000, 0.000000, 0.008726, -0.008726, 0.000000, 10.577859, 2.286017, -60.319328, 2.818549, -0.165009, 0.303833, 0.001787, 14.532227, 0.561523, 8.422852
0.001745, -0.001745, 1001.000000, 0.000000, 2000.000000, 1000.000000, 11.182239, 8.800828, 8.871387, 11.145547, -1.163893, 0.008467, 0.026813, -1.163893, 0.008467, 0.026813, 0.000000, 0.000000, 0.000000, 0.000000, -0.000000, -0.000000, 0.008726, -0.008726, 0.000000, 16.270706, -9.012206, -59.488693, 3.334134, -0.032918, -0.017875, 0.002315, 14.442383, 3.759766, 55.603024
0.001745, -0.001745, 1006.000000, 0.000000, 2000.000000, 1000.000000, 11.293824, 9.100858, 8.539292, 11.066026, -1.179925, -0.197341, -0.083442, -1.179925, -0.197341, -0.083442, 0.000000, 0.000000, 0.000000, 0.000000, 0.000000, 0.000000, 0.008726, -0.008726, 0.000000, 21.704939, -16.411613, -58.224903, 3.379940, 0.555105, 0.055628, 0.002419, 14.422852, 4.400635, 65.002441
0.000000, -0.031414, 1070.000000, 0.000000, 2000.000000, 1000.000000, 18.347149, 16.536116, 15.101874, 18.014858, -1.181005, -0.441633, -0.275488, -1.119223, -0.418530, -0.251220, -0.061781, -0.023103, -0.024268, 0.000000, 0.000000, 0.000000, 0.000000, -0.157068, 0.000000, 28.827232, -22.493870, -55.514900, 3.197781, 1.038732, 0.167480, 0.001932, 13.817383, 28.079224, 397.582977
0.000000, -0.001745, 1001.000000, 0.000000, 2000.000000, 1000.000000, 11.017408, 9.595758, 8.294798, 11.092035, -1.054722, -0.306583, -0.343897, -1.054722, -0.306583, -0.343897, 0.000000, 0.000000, 0.000000, 0.000000, 0.000000, 0.000000, 0.000000, -0.008726, 0.000000, 41.746746, -29.986485, -49.005672, 3.013491, 0.867225, 0.229265, 0.002363, 14.375977, 3.201294, 47.119137
0.000000, -0.001745, 1000.000000, 0.000000, 2000.000000, 1000.000000, 10.964731, 9.019081, 9.037762, 10.978426, -0.971579, 0.008094, 0.001246, -0.971579, 0.008094, 0.001246, 0.000000, 0.000000, 0.000000, 0.000000, -0.000000, 0.000000, 0.000000, -0.008726, 0.000000, 48.974449, -35.163261, -44.743729, 2.775939, -0.031852, -0.000831, 0.002115, 18.801758, 0.000000, 0.000000
0.000000, -0.001745, 1000.000000, -0.003490, 2000.000000, 1000.000000, 10.830749, 9.186618, 9.554013, 10.428620, -0.629684, -0.008684, 0.192381, -0.629684, -0.008684, 0.192381, 0.000000, 0.000000, 0.000000, 0.000000, 0.000000, -0.000000, 0.000000, -0.008726, -0.017452, 54.494148, -39.496342, -41.772770, 1.799098, 0.016084, -0.145706, 0.001771, 16.434570, 0.000000, 1.281738
0.000000, -0.001745, 1000.000000, 0.001745, 2000.000000, 1000.000000, 10.346707, 9.879451, 9.864121, 9.909720, -0.128214, -0.113079, 0.105415, -0.128214, -0.113079, 0.105415, 0.000000, 0.000000, 0.000000, 0.000000, 0.000000, -0.000000, 0.000000, -0.008726, 0.008726, 57.631832, -40.904911, -39.982628, 0.366326, 0.314357, -0.061551, 0.001777, 14.528320, 1.361084, 20.202635
